index,positionName,companyShortName,city,companySize,education,financeStage,industryField,salary,workYear,hitags,companyLabelList,job_detail,Python,SQL,Tableau,Excel,SPSS/SAS
0,高级数据分析师,拉勾网,北京,500-2000人,本科,D轮及以上,企业服务,30.0,5-10年,"[""免费下午茶"",""ipo倒计时"",""bat背景"",""地铁周边"",""每天管两餐"",""定期团建"",""团队年轻有活力"",""6险1金""]","[""五险一金"",""弹性工作"",""带薪年假"",""免费两餐""]","
1.搭建数据指标框架，完整并准确反映业务趋势和变化，及时发现和定位问题
2.独立完成数据分析项目，包括但不限于产品功能复盘，运营策略效果分析
3.开发自动化报表和邮件，提升数据产品化水平
4.将数据需求转化为埋点方案，协助研发采集数据，确保数据上报准确和完整
5.完成临时性数据查询的需求

岗位要求：
1. 3年以上互联网数据分析经验
2.面向消费者、面向用户的分析经验；内容、社区领域的分析经验更优
3.大数据平台上分析经验，熟悉数据库及sql、python
4.熟悉系统性的分析方法论
5.具备一定的抗压能力、沟通能力
",1,1,0,0,0
1,数据分析师,OK Group,北京,500-2000人,大专,B轮,金融,35.0,5-10年,,"[""节日礼物"",""年度旅游"",""扁平管理"",""领导好""]","
工作职责：
1. 负责建立交易平台日常分析体系，包括核心指标体系、报表体系，专题活动分析等
2. 与产品、技术的同事沟通协作，负责数据需求落地，推动评估模型在具体业务层面和风控系统中的落地使用
3. 能够独立撰写分析报告，支撑业务部分做进一步决策
4. 通过探索性的数据分析，从数据中挖掘出用户的搜索行为习惯，为提升用户搜索体验提供建议和指导
任职资格：
1.数据挖掘、统计学、信息与计算科学、数学等相关专业本科以上学历，有互联网/金融相关的数据分析工作经验优先
2.精通sql，具备基本的编程能力
3.具有一定的数据挖掘、数据建模能力，能够熟练使用统计工具软件者优先
4.具有从海量数据中，提取有效信息，进行聚合，分析道可视化的整套实践经历
5.具有较强的学习能力，良好的逻辑分析能力与沟通能力
",0,1,0,0,0
2,高级数据分析师,金山办公软件,北京,2000人以上,本科,上市公司,移动互联网,20.0,3-5年,,"[""年底双薪"",""节日礼物"",""技能培训"",""绩效奖金""]","
职位描述：1.对亿计的办公用户数据进行深度挖掘，引导产品、运营，并能实际应用到业务中带来实际商业价值;2.提供完整数据分析解决方案，以数据引导产品运营策略，以数据驱动增长。3.建立和完善产品增长相关的数据探索工具，提升业务效率。任职资格：1. 熟练掌握hive/sql,精通excle,熟练python/r等 善于将统计学及数学方法应用于业务2.逻辑能力出众，分析解决问题的专家，有建立互联网商业数据模型的能力及丰富经验。3.具有良好的商业敏感度和优秀的数据分析技能，能独立完成从数据提取到模型构建，部门沟通到输出商业分析报告，解决复杂的商业问题。4.产品运营知识丰富，有参与深度商业产品分析并有效指导产品运营的具体案例5.敏锐且追求**，与专业前沿同步。
",1,1,0,0,0
3,数据分析师,金山办公软件,北京,2000人以上,本科,上市公司,移动互联网,20.0,1-3年,,"[""年底双薪"",""节日礼物"",""技能培训"",""绩效奖金""]","
工作职责：-负责日常运营、业务数据等分析-针对产品需求做深入的数据分析报告，分析用户行为特征，为产品优化提供策略建议-通过对数据的深度分析，规划、开发运营分析指标体系，为运营决策等方面提供数据支持和参考 职位要求：-两年以上相关行业工作经验 -统计学、数学、计算机等相关专业本科以上学历 -具有优秀的数据分析能力，能快速理解业务，并设计相应的数据模型 -熟练使用office办公软件，至少熟悉一种数据分析软件（sas、r、clementine），独立完成数据分析报告 - 有用户行为分析、用户运营、产品分析等分析经验的优先 -熟练掌握sql，熟悉常用数据统计和分析方法 -有数据挖掘和建模经验的优先 
",0,1,0,0,1
4,数据分析师,京东集团,北京,2000人以上,本科,上市公司,电商,22.5,3-5年,"[""免费班车"",""免费体检"",""地铁周边""]","[""五险一金"",""带薪年假"",""免费班车"",""定期体检""]","
【数据分析师岗】
岗位要求：
1、构建及维护客户体验相关数据报表平台；
2、与大数据部门对接优化底层数据架构和提数模型；
3、日常业务运营月报、周报、日报、各类运营报表及定期经分报告输出及分析；
4、根据业务数据分析，提供数据分析结果及业务运营部门改进建议；
5、依据大数据挖掘客户行为及需求为流程优化及业务决策提供数据支持；              
 
任职资格：
1、2年以上相关工作经验，本科及以上学历；
2、有较强的数据整理分析能力，报表展示能力；逻辑性强，沟通能力强；
3、学习能力强，能够主动了解外部的建议和意见，并善于分析；
4、有负责业务相关大数据管理能力，精通使用excel、access、sql、spss、tableau等数据分析工具；
5、抗压力强，对工作热情，责任心强，有上进心，工作效率高，具有团队合作精神；                                                        
 
 
",0,1,1,1,1
5,数据分析师,鲸鱼外教培优,北京,500-2000人,本科,B轮,教育,22.5,3-5年,,"[""交通补助"",""绩效奖金"",""带薪年假"",""节日礼物""]","
        1.负责业务数据分析工作，基于业务场景，建立核心业务数据模型及预警体系；
2.深度理解业务，持续跟踪业务数据，监测业务发展态势，分析挖掘数据价值，从数据结论中找到业务痛点，提出解决方案，驱动业务优化提升；
3.参与数据体系建设工作，包含但不限于数据埋点流程设计、数据产品内容建设等；
职位要求：
1.本科及以上学历，有3年及以上互联网数据工作经验，在线教育行业经验优先；
2.对数据敏感，有自主挖掘及系统思考能力，逻辑严谨，自驱力强；
3.具备良好的跨团队协作能力，团队意识强，有责任感，抗压能力强。
        ",0,0,0,0,0
6,数据分析,北银消费,北京,150-500人,本科,不需要融资,金融,17.5,1-3年,,"[""节日礼物"",""技能培训"",""绩效奖金"",""岗位晋升""]","
        职责描述：
1、对公司业务数据进行分析，提出有效合理的风控建议；
2、按渠道、产品定期测算风险成本；
3、提供月度例会、全面风险评价报告等部门内部报告数据；出具公司经营管理相关数据或报告；
4、多维度对公司内部业务vintage表现进行分析，并形成分析报告，对公司风险管理提出相应的建议；
5、监控业务风险指标变化，包括逾期率、不良率、vintage表现等，通过监控对风险问题及时预警并形成分析报告；
6、报表的系统开发与测试工作；
7、数据平台搭建工作；
8、部门的其他工作。
任职要求：
1、统招本科以上学历，统计学、数学、金融工程相关专业；
2、从事金融工作1年以上，或从事相关经济工作1年以上；
3、要求具备一定的金融、经济专业基础知识；掌握统计及分析技巧，熟悉信贷等各类金融业务操作；
4、掌握poewrpoint、熟练运用word和excel等办公软件进行公文处理操作；熟练应用sas、r等统计软件；具有良好的数据统计、分析能力；
5、无违法违规行为及犯罪记录，道德品质良好。
        ",0,0,0,1,1
7,数据分析师,时趣social-touch,北京,500-2000人,本科,D轮及以上,移动互联网,17.5,3-5年,,"[""弹性工作"",""年终奖金"",""个性福利"",""带薪年假""]","
        岗位描述：
品牌舆情，社交分析，服务过品牌客户，发布周期性评估报告（美妆，个护，母婴，汽车，食品，保健品等大牌）
1.能够基于业务需求进行数据分析，形成业务数据洞察报告，从消费者行为与态度、产品及运营决策、精准营销等角度提供商业分析咨询报告。
2.利用数据分析手段，在海量数据中挖掘有价值的业务特征，在日常数据支持过程中结合业务需求对大数据系统进行优化，并给出有效的优化改进建议；
3.深入研究客户需求，结合标准化产品业务，进行相关行业的数据监测及分析；
4.深入洞察各行业发展态势，搭建行业分析模型，为业务部门提供数据策略支持。
任职要求：
1.统计学、数学、社会学、心理学、新闻学等相关专业本科或以上学历；
2.3年以上咨询、行业研究、数据分析等相关经验或从业背景；
3.对数据与业务有足够敏感性，逻辑思维缜密，撰写数据报告能力强；
4.具有良好的团队协调能力和团队合作精神，有一定抗压能力；
5.具备数据深层次挖掘的能力，善于发现数据的变化规律；
6.熟悉sql/excel等数据分析和统计分析工具；
7.具有市场研究或一线互联网企业、咨询公司、市场研究公司数据分析或行业研究经验优先。
        ",0,1,0,1,0
8,数据分析师,e城e家,北京,2000人以上,本科,不需要融资,消费生活,20.0,3-5年,,"[""年底双薪"",""绩效奖金"",""带薪年假"",""午餐补助""]","
        技能要求：
数据分析，sql，数据挖掘，需求分析，商业数据分析，spss
职位职责：
1、作为业务线bp提供日常数据分析，包含用户需求挖掘、运营路径拆解、异常归因迭代等专题分析；
2、推动业务团队合理设置周期业绩指标，对业绩执行情况监控； 
3、搭建数据分析体系，重点指标观测体系，设计相应业务分析框架； 
4、根据业务需求分析挖掘数据，应用数据分析方法输出策略和数据解决方案。 
职位要求： 
1、统计、数学、经济学、管理学、计算机等专业本科及以上学历，有互联网相关数据分析工作经历； 
2、熟练掌握sql，excel，熟悉常用数据统计和分析方法； 
3、熟练使用spss，r，python中的任一数据分析工具； 
4、结构化思维，对数据敏感，自我驱动强，能通过数据主动发现问题并解决问题。
        ",1,1,0,1,1
9,数据分析专员,钛氪新媒体科技,北京,50-150人,本科,未融资,移动互联网,12.0,1-3年,,[],"
        职位职责：
1、负责inews新闻大数据产品数据分析，提出数据问题、分析数据内容、得到问题结论和解决途径。
2、配合数据采集团队进行网站、app、微信、微博等渠道的数据采集、入库、质量跟踪、检测确认工作。
3、协助完成产品、运营、研发的数据需求，负责数据源后台管理系统的日常管理工作。
4、对inews产品的数据结果负责。

任职要求：
1、2年及以上数据分析工作经验。
2、本科及以上学历。
3、熟练掌握常用bi软件、excel等数据分析工具。
4、能较为熟练使用sql查询语句，有一定python或r语言应用经验。
5、有一定的数据挖掘算法使用经验者优先。
6、乐观积极心态，有很好的团队融入和主动配合能力，能承受较大量细微数据处理工作压力。
7、具有良好的沟通表达能力，逻辑思维能力。
8、数学与计算机相关专业优先。
        ",1,1,0,1,0
10,数据分析专家,伊澳科技,北京,2000人以上,本科,上市公司,电商,45.0,5-10年,,"[""专项奖金"",""股票期权"",""绩效奖金"",""年终分红""]","
        职位描述
1.基于对业务深入理解的基础上，搭建业务分析模型，为业务提供数据决策和数据支持
2.负责业务数据系统规划建设，构建业务数据模型
3.深入了解业务发展需求，统筹规划业务团队的日常数据监控及分析，灵活支持产品以及业务模块的数据分析命题
4.针对异常数据进行预警、解读和挖掘，并提出解决方案

任职资格
1.大学本科学历，具有数据分析和建模相关理论知识
2.6年以上数据分析工作经验，具有数据提取，经营分析，数据体系构建，策略方面的成功实践和经验
3.能够有效沟通，与业务和产品团队有效配合，推动相关工作落地，有管理经验优先
4.能够主动学习，分析业界最新动态和技术，并应用到数据分析工作中
        ",0,0,0,0,0
11,数据分析师,数数科技,北京,15-50人,本科,A轮,游戏,15.0,1-3年,,"[""节日礼物"",""股票期权"",""带薪年假"",""年终分红""]","
        职位描述：

1. 负责数据后台的实施落地，引导客户了解产品使用方法，传递数据驱动价值；

2. 深入理解客户产品的业务场景，发掘客户的数据远景，以此为目标制定客户的长期使用方案；

3. 对客户的使用数据进行分析，获知客户使用状态及生命周期，对不同状态的客户提供相应的支持；

4. 收集客户的成功案例以及产品最佳实践，协助构建产品使用知识库；

5. 完成日常维护工作，包括后台使用咨询、问题解答、培训提升等支持类服务；

6. 收集客户反馈，协助推进产品优化迭代。

岗位要求：

1. 具备良好的沟通能力、抗压能力以及文档编写能力；

2. 拥有数据收集、数据分析经验以及良好的数据分析意识；

3. 具备企业级数据服务经验者优先、有大数据相关技术基础者优先；

4. 有一年（含）以上相关经验，数学、计算机或相关专业本科学历。
        ",0,0,0,0,0
12,数据分析师,省钱快报,北京,150-500人,本科,C轮,电商,30.0,3-5年,,"[""技能培训"",""带薪年假"",""绩效奖金"",""股票期权""]","
        职位描述：
1、负责搜索和推荐业务的数据分析工作；
2、基于内外部的数据剖析问题、发现机会，并提出有落地可能性的商业策略建议或解决方案；
3、负责业务相关各类a/b实验设计与分析，产品优化效果评估，核心指标异动分析，客户端版本评估等工作；
4、与数据工程、产品技术团队配合、孵化算法、产品类项目，并参与项目的共同推进；

岗位要求：
1、统计、数学、计算机相关专业，本科及以上学历，至少2年数据分析工作经验；
2、熟悉数据库基本原理和结构，能熟练运用 sql和python，独立且高效地完成数据的提取及分析； 
3、有丰富的数据清洗、分析、挖掘的经验，并熟悉常用的数据挖掘方法论； 
4、良好的数据敏感度，能从海量数据提炼核心结果，并用简洁而清晰的方式呈现数据分析背后的商业逻辑和相关洞建；有出色的结构化思维能力；
5、较强的抗压能力，能在迅速变化的商业环境和动态的业务需求中，抓住重点并交出有质量的产出。
        ",1,1,0,0,0
13,数据分析,省钱快报,北京,150-500人,本科,C轮,电商,30.0,3-5年,,"[""技能培训"",""带薪年假"",""绩效奖金"",""股票期权""]","
        职位描述： 
1、负责搜索和推荐业务的数据分析工作 
2、基于内外部的数据剖析问题、发现机会，并提出有落地可能性的商业策略建议或解决方案； 
3、负责业务相关各类a/b实验设计与分析，产品优化效果评估，核心指标异动分析，客户端版本评估等工作； 
4、与数据工程、产品技术团队配合、孵化算法、产品类项目，并参与项目的共同推进。 

岗位要求： 
1、统计、数学、计算机相关专业，本科及以上学历，至少2年数据分析工作经验； 
2、熟悉数据库基本原理和结构，能熟练运用 sql和python，独立且高效地完成数据的提取及分析； 
3、有丰富的数据清洗、分析、挖掘的经验，并熟悉常用的数据挖掘方法论； 
4、良好的数据敏感度，能从海量数据提炼核心结果，并用简洁而清晰的方式呈现数据分析背后的商业逻辑和相关洞建；有出色的结构化思维能力； 
5、较强的抗压能力，能在迅速变化的商业环境和动态的业务需求中，抓住重点并交出有质量的产出；

",1,1,0,0,0
14,数据分析师,蛋壳公寓,北京,2000人以上,本科,上市公司,消费生活,22.5,3-5年,"[""试用期上公积金"",""地铁周边"",""6险1金""]","[""技能培训"",""带薪年假"",""岗位晋升"",""年度旅游""]","
岗位职责：
1、深入洞察行业、用户、业务背景，分析核心数据，制定科学目标；
2、建立系统的增长模型，驱动增长的持续化和规模化；
3、自上而下拆解目标并分析实现路径，通过深度数据分析发掘业务问题，实现对运营整体策略的制定和优化，制定核心指标抓手，高效推进目标达成；
4、监控数据异常，深入挖掘定位原因，制定优化对策，确保目标达成。

任职要求：
1、统招本科及以上学历，统计、运筹学、经济学、数学等相关专业，985/211学校优先；
2、熟练使用sql、excel等工具，了解python，精通回归分析、数据建模优先；
3、至少三年以上数据分析、运营分析或数据产品相关经验 ，有o2o、租房、平台相关经验优先；
4、具有结构化思维，对数据敏感，自驱型人格。
",1,1,0,1,0
16,数据分析专员,钛氪新媒体科技,北京,50-150人,本科,未融资,移动互联网,12.0,1-3年,,[],"



职位职责：

1、负责inews新闻大数据产品的数据分析、挖掘、监控、整理工作

2、配合数据采集团队进行网站、app、微信、微博等常规渠道的采集工作

3、协助完成产品、运营、研发的数据需求

4、对inews产品的数据结果负责



任职要求：

1、2年及以上数据分析工作经验

2、本科及以上学历

3、熟练掌握excel的使用，例如透视表、vlookup等常用函数

4、加分项，熟悉sql、python、r等语言或其他数据分析软件

5、具有良好的沟通表达能力，逻辑思维能力

6、数学专业优先

",1,1,0,1,0
17,数据分析师,小帮规划,北京,500-2000人,本科,B轮,金融,35.0,3-5年,,"[""五险一金"",""午餐补助"",""交通补助"",""带薪年假""]","
        这个职位需要做什么？
1. 业务数据分析体系优化：包含但不限于业务数据报表体系、薪酬绩效指标体系、活动&资源利用分析体系、激励分析体系等
2. 业务数据指标日常监测&分析：包含但不限于业务过程和项目运营指标（日、周、月报分析维度与框架）、业务结果指标（团队总业绩&分团队业绩达成、增速、环比等）
3. 业务项目专项分析：包含但不限于所在业务部门内部及协同部门业务专项

我们有什么要求？（资深、专家角色都有空缺）
1. 统招本科以上学历，3年以上工作经验，互联网、o2o行业优先
2. 有丰富的大数据处理&分析、市场调研、报告撰写的工作经验，熟练使用相关分析工具，熟悉常见的数据、产品、用户、运营分析方法论
3. 有极强的自我驱动力、较强的提炼能力/组织能力/沟通能力与情绪管理能力，乐于分享、合作

加分项：过往对销售团队，协助制定过业务策略，有项目管理经验
        ",0,0,0,0,0
18,数据分析师,美图公司,北京,2000人以上,本科,上市公司,硬件,35.0,3-5年,,"[""节日礼物"",""与大牛共事"",""福利健全"",""五险一金""]","
        岗位职责： 

1、关注市场动态，做行业深度分析，定期产出行业以及竞争对手动态；

2、业务数据的收集、整理、提取，根据相关数据进行分析，得出结论，为决策和管理做数据支持；

3、分析和跟踪业务实施过程，并且提出改进建议，帮助相关业务线制定策略，确保战略规划的贯彻执行； 

4、与业务部门沟通合作，将分析结果应用于实际业务场景，包括用户增长、留存转化路径优化、供给策略、商业收入等重点指标的拆解分析工作。 

任职要求： 

1、3年以上互联网商业分析、策略运营相关工作经验； 

2、具有良好的商业敏感度和数据分析技能，能够通过有效的分析方法解决复杂的商业问题； 

3、对数据敏感，逻辑严谨，具备出色的沟通协作和项目管理能力，具备解决复杂问题的能力； 

4、有医疗、医美背景者加分；
        ",0,0,0,0,0
21,数据分析师,魔力耳朵,北京,500-2000人,本科,B轮,教育,11.5,1-3年,,"[""带薪年假"",""弹性工作"",""节日礼物"",""领导好""]","
        【岗位职责】
1.基于对教学服务深入理解的基础上，搭建业务分析模型，统筹规划数据运营团队日常数据监控及分析；
2.向教学服务团队提供相关运营服务反馈数据及相应的数据分析处理，根据数据分析结果，优化业务发展流程；
3.根据业务需求形成固化的报表，负责业务核心指标的监控和跟踪分析，并对异常波动情况进行分析和问题定位；.
4.深入了解业务发展需求，灵活支持团队发展，并提供发展所需数据流程。
【任职要求】
1.统计学等相关专业本科及以上学历，2-3年数据分析相关工作经验，有教育类数据分析经验者优先；
2.对数字敏感，具有优秀的数据处理能力，具备良好的逻辑分析能力、严谨的推理能力和团队合作精神；
3.精通至少一种数据分析/挖掘软件操作，如sas，spss等，熟悉应用常用统计分析方法，统计检验方法。
        ",0,0,0,0,1
22,高级数据分析师,用友,北京,500-2000人,本科,上市公司,数据服务,24.0,3-5年,,[],"
数据分析师 岗位职责:1、 负责政府数据产品和项目中的数据治理、数据分析、数据展示工作；2、 对行业业务进行需求分析，进行专项数据分析，并形成有效的分析报告；3、能够基于数据分析得到成果，为政府管理业务等提供数据支持和辅助决策。 任职资格:1、 统计学、数学、计算机相关专业，本科及以上学历；2、 对数据敏感，有较强逻辑思维能力，善于发现并解决问题；3、 熟练使用word、powerpoint、excel等办公软件；4、 持有工信部颁发数据分析师证书(cpda)，熟悉常用数据分析和挖掘工具者优先；5、 熟悉python语言、机器学习算法；6、 强烈的责任心及抗压能力，工作细致有条理，善于学习，具有良好的团队合作精神。
",1,0,0,1,0
23,数据分析师,跟谁学,北京,2000人以上,本科,上市公司,教育,20.0,3-5年,,"[""节日礼物"",""技能培训"",""股票期权"",""精英团队""]","
        岗位职责：
1、 深度了解公司业务，通过业务数据表现发掘用户、运营、人效等问题并提供解决方案，并推动落地执行；
2、 高效拆解业务部门提出的问题、痛点及改善诉求，通过调研、分析、试验等方法满足业务部门需求，提升业务表现；
3、 定期关注、分析、学习竞品业务表现及运营策略，为业务部门提供有效支持；

任职资格：
1、本科以上学历，优先，数理统计类专业， excel、sql等熟练使用；
2、2年相关经验，逻辑思维能力强，业务敏感度高，有良好的沟通表达能力和协调能力；
3、对于项目管理有自己的方法论，有完整的推动项目落地经验，可快速定位业务出现相关问题的本质原因是什么，直击重点；
4、抗压能力强，面对业务方或领导质疑不玻璃心，拥抱变化，不对自己设限。
        ",0,1,0,1,0
24,数据分析,最右,北京,500-2000人,本科,D轮及以上,文娱丨内容,22.5,1-3年,,"[""技能培训"",""连续创业团队"",""年度旅游"",""扁平管理""]","
职责:
1.对最右产品运营数据进行分析、监测、统计，并形成指标体系；
2.制定业务核心指标，并进行分析维度拆解，通过对多维数据的深入分析，发现数据异常并定位原因，提出解决方案；
3.搭建业务转化漏斗，通过对用户行为深入分析，发现用户增长关键因素，联合产品、研发、运营等团队寻找提升用户成长方案，推动落地并评估效果；
4.对主要竞品的产品改进、数据波动保持密切关注，并进行细致对比分析，挖掘可借鉴方向。

要求:
1.统计学、数学、计算机等相关专业本科及以上学历；
2.较强的统计学基础，优秀的数据处理能力，敏锐的数据洞察力，良好的业务理解力；
3.熟练掌握hive/sql精通excel，掌握python//r 尤佳，了解基本的数据分析方法与模型；
4.能独立完成从数据提取到模型构建，部门沟通到输出分析报告，提出并解决具体的业务问题。

加分：
1.有参与深度数据分析并有效指导产品运营的具体案例。
",1,1,0,1,0
25,数据分析实习生,琥珀创想,北京,50-150人,本科,A轮,移动互联网,4.5,应届毕业生,,"[""绩效奖金"",""提供工作餐"",""定期团建"",""交通补助""]","
工作内容： 
1、负责竞品相关数据监控，定期更新数据，形成相关报表；
2、负责对异常数据进行分析并产出相关报告；
3、协助分析师完成分析报告；
4、领导交代的其他事宜。

工作要求：
学历：2021届本科以上； 
专业：计算机、数学、统计学等相关专业； 
加分技能：掌握sql语言、阅读英文文档、熟练使⽤numers(excel),熟 练掌握python； 
能力：沟通理解能力、积极主动有责任感、积极面对挑战；
要求：每周坐班至少4天，能够实习6个月以上
                                   
",1,1,0,1,0
26,数据分析师（教育产品）,跟谁学,北京,2000人以上,本科,上市公司,教育,22.5,3-5年,,"[""节日礼物"",""技能培训"",""股票期权"",""精英团队""]","
        岗位职责：
1、 深度了解公司业务，通过业务数据表现发掘用户、运营、人效等问题并提供解决方案，并推动落地执行；
2、 高效拆解业务部门提出的问题、痛点及改善诉求，通过调研、分析、试验等方法满足业务部门需求，提升业务表现；
3、 定期关注、分析、学习竞品业务表现及运营策略，为业务部门提供有效支持.


任职资格：
1、本科以上学历，优先，数理统计类专业， excel、sql等熟练使用；
2、2年相关经验，逻辑思维能力强，业务敏感度高，有良好的沟通表达能力和协调能力；
3、对于项目管理有自己的方法论，有完整的推动项目落地经验，可快速定位业务出现相关问题的本质原因是什么，直击重点；
4、抗压能力强，面对业务方或领导质疑不玻璃心，拥抱变化，不对自己设限。
        ",0,1,0,1,0
27,数据分析师,ZMT众盟数据,北京,500-2000人,大专,C轮,数据服务,13.5,1-3年,,"[""股票期权"",""专项奖金"",""绩效奖金"",""五险一金""]","
        岗位职责：
 1、负责每日部门日常数据报表与分析指标；
  2、负责每月代理商返点核算及问题排查；
  3、负责月度财务数据汇总及相关指标分析；
  4、负责体系相关的临时数据需求，月度数据分析报告产出；
  5、负责监测和分析策略执行情况和效果，持续提出优化和完善风险管理的建议；
  6、其他数据检测及验证工作。
任职要求：
  1、大专以上学历，具备数据库系统基本理论知识，熟练excel、sql等工具；
  2、2年以上数据分析相关工作经验；
  3、思路清晰，逻辑分析及沟通能力强，工作效率高；
  4、数据工作严谨，有互联网工作经验优先。

",0,1,0,1,0
29,高级数据分析师,探探,北京,150-500人,本科,D轮及以上,社交,35.0,3-5年,,"[""股票期权"",""带薪年假"",""岗位晋升"",""扁平管理""]","
职位职责：
1、整体负责探探下产品业务线的各项数据分析相关工作
2、协助构建新的数据分析团队及公司的数据驱动文化
3、对互联网某几项领域有深入的了解，能从行业趋势和产品形态等角度，给商业预测模型
4、全面分析各项影响产品提升与增长的因素，通过假设及检验指导用户增长和产品决策
5、与产品，运营，研发等配合。推进优化方案落地执行，带来业务的实际提升增长

职位要求：
1、计算机、数学、统计相关专业，本科及以上学历；
2、熟练掌握mysql、hdfs/hive/数据库使用，较强的数据库及sql能力，熟悉中间表的开发。掌握tableau可视化工具优先，熟悉常用的统计模型；
3、热爱数据分析，有严谨的逻辑思维能力及较强数据敏感性；
4、执行力强，有较强的自驱及驱动他人的能力，工作认真、负责，有良好的团队合作精神；党员优先。
",0,1,1,0,0
30,数据分析师,海捷科技,北京,50-150人,不限,不需要融资,数据服务,15.0,不限,,"[""定期体检"",""带薪年假"",""年度旅游"",""节日礼物""]","
        岗位职责：
1、根据业务需求，充分利用现有数据资源，进行数据提取、整理和挖掘；
2、建立合适的分析模型，对业务进行深入分析；
3、形成数据分析报告（ppt或word形式）；
4、熟练使用tableau分析工具。

任职要求：
1、1年以上数据分析相关工作经验；
2、能够独立进行数据分析并行程报告，擅于发现不同的分析场景。
        ",0,0,1,0,0
31,数据分析师,盛业恒泰投资,北京,50-150人,不限,未融资,金融,11.5,不限,,[],"
        一 、岗位职责
1，搜集行业相关信息，为相关需求者提供更准确的数据信息；
 2，丰富市场分析能力，做出每日分析计划，熟练掌握各种分析技术；
 3，对市场、行业、公司运营等提供数据分析计划，为战略决策提供支持；
 4，发表研究成果或分析评论，配合公司的推广及培训等工作。
 5，协助部门经理完善部门管理制度；
 6、结合多种数据源进行深度分析和挖掘年龄：
二、岗位要求、
1’20-45岁，五官端正，性格开朗，善于沟通； 
2、敢于迎接挑战、不怕辛苦、积极完成公司交赋的工作任务； 
3、对金融行业有浓厚的兴趣及意愿，有兴趣在金融行业有所作为。
4、为人诚实，具有责任心、上进心，较强的执行力。 
5、接受大学生在校实习、退伍军人与应届毕业生优先录取
        ",0,0,0,0,0
32,数据分析师,易观,北京,150-500人,本科,B轮,数据服务,37.5,3-5年,"[""早十晚七"",""生日聚会""]","[""专项奖金"",""午餐补助"",""技能培训"",""扁平管理""]","
岗位职责：
1.深入了解互联网业务，建立基于业务场景的数据分析需求，解决各类数据分析问题；
2.基于客户各业务部门的分析监控需求，搭建指标体系，并设计数据采集的埋点方案，实现数据可视化；
3.熟悉用户增长的框架和分析方法，针对拉新、留存、转化优化等进行深入的专题分析；
4. 充分利用各种易观方舟产品/服务， 与客户合作制定出最佳的数据分析策略；
5. 产出行业分析案例和埋点方案模版，并与团队成员共同制作数据分析培训内容，建立数据分析的流程、规范和方法；
6.基于数据分析，与销售、服务、产品、工程团队以及其他主要相关方开展跨职能协作，助力相关产品/服务取得成功。

任职要求
1.本科以上学历，经济学、统计学、计算机等和数据处理高度相关专业，3年及以上互联网公司数据分析工作经验；
2.具备杰出的定量分析能力，在推动业务/产品运营优化方面拥有丰富的经验；
3.具有优秀的商业敏感度和突出的分析能力，能够灵活利用数据，设计分析方案解决复杂的商业问题；
4.擅长与内部及外部合作团队交流沟通，具有优秀的报告讲解及沟通能力，能够独立的分析和解决问题；
5.有数据建模实践经验（2年以上相关工作经验）者优先，熟悉hive，熟练使用sql等数据库查询语言；
6.具有较强结构化思维、逻辑思维能力，对数据敏感，具备优秀的信息整合和分析能力，能够形成清晰的业务观点和前瞻判断；
7.熟悉易观方舟或其他数据分析产品者优先。
",0,1,0,0,0
33,高级数据分析师,易观,北京,150-500人,本科,B轮,数据服务,37.5,5-10年,"[""早十晚七"",""生日聚会""]","[""专项奖金"",""午餐补助"",""技能培训"",""扁平管理""]","
岗位职责：
1.深入了解互联网业务，建立基于业务场景的数据分析需求，解决各类数据分析问题；
2.基于客户各业务部门的分析监控需求，搭建指标体系，并设计数据采集的埋点方案，实现数据可视化；
3.熟悉用户增长的框架和分析方法，针对拉新、留存、转化优化等进行深入的专题分析；
4. 充分利用各种易观方舟产品/服务， 与客户合作制定出最佳的数据分析策略；
5. 产出行业分析案例和埋点方案模版，并与团队成员共同制作数据分析培训内容，建立数据分析的流程、规范和方法；
6.基于数据分析，与销售、服务、产品、工程团队以及其他主要相关方开展跨职能协作，助力相关产品/服务取得成功。

任职要求
1.本科以上学历，经济学、统计学、计算机等和数据处理高度相关专业，3年及以上互联网公司数据分析工作经验；
2.具备杰出的定量分析能力，在推动业务/产品运营优化方面拥有丰富的经验；
3.具有优秀的商业敏感度和突出的分析能力，能够灵活利用数据，设计分析方案解决复杂的商业问题；
4.擅长与内部及外部合作团队交流沟通，具有优秀的报告讲解及沟通能力，能够独立的分析和解决问题；
5.有数据建模实践经验（2年以上相关工作经验）者优先，熟悉hive，熟练使用sql等数据库查询语言；
6.具有较强结构化思维、逻辑思维能力，对数据敏感，具备优秀的信息整合和分析能力，能够形成清晰的业务观点和前瞻判断；
7.熟悉易观方舟或其他数据分析产品者优先。
",0,1,0,0,0
34,数据分析师,转转,北京,500-2000人,本科,B轮,消费生活,22.5,1-3年,,"[""带薪年假"",""定期体检"",""交通补助"",""年底双薪""]","
        岗位职责：
1、基于运营数据、客户反馈和海量业务数据等进行分析和挖掘，指定精益化的客户运营策略，业务策略等关键环节的提升。推动业务发展，与各部门协调，提升产品整体运营效率；
2、通过多维度的数据深入分析，发现数据异常并定位原因，提出解决方案。及时监控营销活动效果与运营效率并提出建议；
3、满足运营同事对数据的需求，并提出数据应用上的效果支持业务发展。
任职要求：
1、具备良好的沟通协作能力，良好的逻辑思考能力，问题分析解决能力、组织协调能力、执行力强；
2、本科及以上学历，具有2年以上电商、零售行业数据分析相关岗位工作经验优先；
3、熟练使用excel、tableau、sql、python、spss等数据分析&展现工具。
        ",1,1,1,1,1
35,数据分析师,优信集团,北京,2000人以上,本科,D轮及以上,汽车丨出行,21.5,3-5年,,"[""绩效奖金"",""通讯津贴"",""带薪年假"",""交通补助""]","
        工作职责：
1.基于对业务的理解，搭建可准确反映业务运作状况的数据指标体系和数据产品，快速响应业务部门的数据需求
2.围绕核心指标变动、重点项目、业务场景等展开专项分析，建立良好的数据监控和汇报机制，为业务部门提供决策支持
3.不断整合与挖掘已有决策的问题点，优化、调整策略方案，完善产品策略
4.深入行业应用场景，梳理业务方用户分析需求，抽象用户标签和画像

岗位要求：
1.统招本科及以上学历，数学、统计及计算机相关专业优先，3-5年工作经验
2.思维严谨，善于信息整合和观点提炼，敏锐的市场嗅觉和行业洞察力
3.熟练的sql能力，有用户标签建设及用户画像产品设计经验，对市面上的分析工具有较深了解；
4.目标导向，有较强的沟通能力和协作能力，能够与其他部门有效协同，并主动推动执行；
5.做过实时/离线数据计算，熟悉常规的计算中间件，熟悉线上数据采集/计算/应用流程的实现方案
        ",0,1,0,0,0
36,数据分析师,G7,北京,500-2000人,本科,D轮及以上,物联网,20.0,3-5年,,"[""节日礼物"",""技能培训"",""专项奖金"",""绩效奖金""]","
        工作职责：
1.对日常经营和平台数据进行采集和加工，通过数据洞察业务经营状况和产品使用情况；
2.结合业务模式，产出分析报告，并利用数据帮助业务优化经营；
3.分析新的业务模式、行业趋势等，发现新的机会点并能够进行闭环设计；
任职资格：
1.对数据非常敏感，能够对业务数据进行分析并产出报告；
2.熟练掌握excel/ppt/tableau/hive/r等工具，统计/计算机/商业分析背景优先；
3.有过相关分析经验者优先；
4.学习能力强，沟通能力强。



",0,1,1,1,0
37,数据分析师,作业帮,北京,2000人以上,本科,D轮及以上,工具,22.5,3-5年,"[""一年调薪2次"",""免费体检"",""7险1金""]","[""免费三餐"",""技术氛围浓厚"",""定期体检"",""新鲜水果""]","
        岗位职责：

1. 负责销售转化团队多业务运营目标拆解，梳理各业务目标实现方案，监控执行进度、风险，并推动解决，确保团队整体运营目标按时达成；

2. 通过业务数据分析，提供业务目标达成度、业务健康度解读报告，并提出运营策略优化建议；

3. 完成日、周、月、售卖季数据分析报告撰写；

4. 对行业、竞对等进行监控和研究分析，提供外部对标及观点。



任职要求：

1. 全日制统招本科以上学历，计算机、统计学相关专业背景；

2. 3年以上互联网运营工作经验，2年以上数据运营经验，有商业数据分析、咨询分析工作经验者优先；

3. 思维缜密，独立思考，具有优秀的数据分析解读和运营策略思考能力；

4. 具备优秀的文案撰写、ppt制作、项目管理、资源协调能力；

5. 熟练使用sql、excel、tableau等数据分析工具。
        ",0,1,1,1,0
38,数据分析师,站酷ZCOOL,北京,50-150人,本科,B轮,社交,17.5,3-5年,,"[""股票期权"",""年底双薪"",""五险一金"",""带薪年假""]","
        工作职责：
1、针对现有业务，搭建业务关键指标体系，制定数据定义及统计规则，定期输出业务报告。
2、配合用户调研，深入挖掘业务中可优化细节，并推动对应项目落地，以达成用户体验及满意度的提升，促成gmv的增长。
3、常规数据需求对接、处理与跟进；日常数据监控、数据分析以及数据报告的输出。
4、根据业务的规划与需求，独立开展竞品调研、数据分析、及用户调研，为内部业务决策提供可落地的研究支持。

任职要求:
1、统招本科及以上学历，市场营销、心理学、统计学或相关专业。
2、3年以上数据分析工作经验，熟练独立编写商业数据分析报告，及时发现和分析问题。
3、强烈的自我驱动力和责任心，优秀的项目推动能力、沟通协作能力、逻辑分析及总结能力。
4、有在线教育行业工作经历者优先。
        ",0,0,0,0,0
39,数据分析师,智运通,北京,15-50人,本科,A轮,物流丨运输,22.5,3-5年,,[],"
        职位描述：
职责描述：
1.、负责业务线的数据分析及运营支持工作，整理数据报表，熟悉excel；
2、 根据业务构建关键数据指标，创造实用的数据分析报表，通过数据发现问题，用数据驱动增长；
3、 参与数据体系建设，构建高质量的数据资产；
4、 营建数据报表。


任职要求：
1.重点统招本科及以上学历，计算机、统计或数学专业，35岁以下；
2.2年以上互联网数据分析工作经验，有电商、物流等行业经验优先；
3.对数据敏感，掌握常见的数据分析工具和技巧，具有较强的数据分析能力；
4.逻辑清晰，具有很强的学习能力，独立思考能力强。能快速理解业务和数据，具备优秀的团队协作能力、沟通能力。
5精通hive\sql\excel；熟悉r、python；了解spss；掌握常见的数据分析方法和模型
        ",1,1,0,1,1
40,数据分析师,映客,北京,500-2000人,本科,上市公司,文娱丨内容,22.5,1-3年,"[""购买社保"",""试用期上社保"",""免费下午茶"",""ipo倒计时"",""创新人才支持"",""免费体检"",""每天管两餐"",""定期团建"",""生日聚会"",""试用期上公积金"",""免费健身房"",""公司氛围好"",""打车报销"",""交通补助"",""话费补助"",""地铁周边"",""每月餐补"",""工作居住证"",""6险1金""]","[""年底双薪"",""专项奖金"",""股票期权"",""带薪年假""]","
        职位描述：

1、参与创新产品增长相关的产品、运营或流量等业务数据体系搭建与开发

2.、针对不同业务场景，发掘业务核心路径与关键指标，建立业务的健康度分析，助推业务增长

3、协同产品经理，参与优化项目并评估效果，基于数据为产品优化输入洞察和判断

4、协助运营方向开展策略研究（人群分析、效果监控、召回机制、用户行为分析等），及时发现问题，优化运营数据流程，体系化运营数据框架



任职要求：

1、本科及以上学历，应用数学、统计学等相关专业优先

2、1-3 年互联网产品、运营或增长业务数据分析、洞察工作经验，钻研精神及良好的沟通表达能力

3、精通 sql、hive，熟练使用excel、tableau，熟练使用python/r/spss等进行数据分析

4、能快速理解业务，优秀的建模及数据化分析意识，具备将复杂业务逻辑数据化表达的能力

5、对聚类、相关、因果等有较深理解和应用优先
        ",1,1,1,1,1
41,数据分析师,欢网科技,北京,150-500人,本科,D轮及以上,硬件,12.5,3-5年,,"[""绩效奖金"",""五险一金"",""带薪年假"",""节日礼物""]","
1. 负责数据采集、清理、分析、建模、解释、总结、结果展示；2. 负责基于收视行为的用户行为分析；3. 通过分析市场各类产品，结合公司运营的效率；4. 为公司各业务部门提供数据支撑，形成数据模型以及报表。任职要求：1. 本科以上学历，应用数学、统计学或者传媒学专业优先；2. 熟练使用数据库语言；3. 具备敏锐的业务洞察力和数据分析技能；4. 熟悉收视率分析相关工作经验者优先；5. 熟练或者精通数据挖掘工具者优先考虑；6. 具有良好的沟通、表达能力，能够快速、准确地理解需求；7. 有责任心，工作独立性强，良好的团队合作精神，积极上进，具备良好的学习能力。
",0,0,0,0,0
42,数据分析师,欢网科技,北京,150-500人,本科,D轮及以上,硬件,17.5,5-10年,,"[""绩效奖金"",""五险一金"",""带薪年假"",""节日礼物""]","
        1. 负责数据采集、清理、分析、建模、解释、总结、结果展示；2. 负责基于收视行为的用户行为分析；3. 通过分析市场各类产品，结合公司运营的效率；4. 为公司各业务部门提供数据支撑，形成数据模型以及报表。任职要求：1. 本科以上学历，应用数学、统计学或者传媒学专业优先；2. 熟练使用数据库语言；3. 具备敏锐的业务洞察力和数据分析技能；4. 熟悉收视率分析相关工作经验者优先；5. 熟练或者精通数据挖掘工具者优先考虑；6. 具有良好的沟通、表达能力，能够快速、准确地理解需求；7. 有责任心，工作独立性强，良好的团队合作精神，积极上进，具备良好的学习能力。

",0,0,0,0,0
43,数据分析专家,安利,北京,2000人以上,本科,不需要融资,其他,40.0,3-5年,,"[""年底双薪"",""带薪年假"",""绩效奖金"",""岗位晋升""]","
        工作职责： 
1. 使用特定的分析方法和工具如adobe analytics和heap，对营销伙伴和顾客的线上行为进行分析，对购买行为进行漏斗分析，并根据分析结果提出意见与建议 
2. 与业务部门如digital marketing和it紧密合作，为线上的数字化业务和市场营销活动订立业务指标 
3. 与安利总部紧密合作，共同推进总部数据项目的落地和执行 

职位需求： 
1. 本科以上学历，计算机科学、数据科学、信息技术、统计学、数学、市场营销学等相关专业； 
2. 有社交电商行业或数字化媒体行业工作经验优先； 
3. 有过微信小程序埋点及数据处理实操经验；
4. 有使用sql、adobe analytics、tableau、heap及数据标签经验优先 
5. 流利的英语听说读写能力 

",0,1,1,0,0
44,数据分析师,豌豆思维,北京,2000人以上,本科,A轮,教育,25.0,3-5年,,[],"
        岗位职责：
1、作为业务“大脑”角色，产出对业务有直接推动作用的模型、策略，推动业务高效开展；
2、以项目制方式深入参与运营，有效支持各类策略测算、方案选择、试点及整体效果评估提供理论、数据支持，并形成系统性评估报告；
3、监测成熟期策略的数据表现，从中发现问题或新机会，进行一些实质性建议、创新性迭代策略。
任职资格：
1、具有业务规划与建模能力，有一定的方法论沉淀；
2、结构化思维，极强的数据/业务敏感性、逻辑能力，出色的学习能力；热爱思考，自驱力强
3、良好的跨团队沟通能力、合作精神，推动结论并推进决策落地；
4、有相应基础数据能力。
        ",0,0,0,0,0
46,高级数据分析师,快手,北京,2000人以上,本科,D轮及以上,文娱丨内容,37.5,3-5年,,"[""股票期权"",""弹性工作"",""定期体检"",""岗位晋升""]","
        1、对海量业务数据进行处理和分析，发现和跟踪其中的问题。能够从业务和产品的角度出发，利用数据发现产品、系统或是业务的瓶颈，并提出优化的方案；
2、分析海量用户行为数据，优化用户生命周期流程，提升用户体验；
3、利用爬虫技术，数据挖掘，机器学习等技术解决实际问题，比如实现模块或流程自动化，业务报表系统的建设，离线数据流程的建设，数据可视化等；
4、建立各种业务逻辑模型和数学模型，帮助公司改善运营管理，节省成本。
任职要求：
1、 统招本科及以上学历，计算机、数学、统计相关专业优先；
2、 至少2年互联网公司数据分析经验；
3、 熟练掌握：mysql、hdfs/hive/数据库使用，较强的数据库及sql能力，数据仓库的etl开发；
4、 具备数据敏感性和探知欲、分析、解决问题的能力，能够承受工作中的压力，专注数据的价值发现和变现转化；
5、 工作认真、负责、仔细，有良好的团队合作精神，良好的分析问题能力、沟通技巧及数据呈现能力。
优先考虑：
1、有团队管理经验优先；
2、有数据爬取、数据挖掘、机器学习等研究背景优先；
3、有海量数据挖掘项目经验优先。
        ",0,1,0,0,0
47,数据分析实习生,快手,北京,2000人以上,本科,D轮及以上,文娱丨内容,5.5,不限,,"[""股票期权"",""弹性工作"",""定期体检"",""岗位晋升""]","
        数据驱动产品：通过分析、挖掘海量行为数据，理解用户及其心智，为各种创新项目的发展提供产品、策略、商业化等方面上的优化建议，提升相关核心指标。

1、跟踪公司各项业务的发展动态，在现有指标的基础上分析梳理，融入对业务的理解，更新和迭代周报；
2、参与业务的专项分析，从数据角度为业务的发展提供分析和优化建议，与项目组成员一起支持公司业务战略制定与迭代；
3、完成领导交代的其他工作。
任职要求：
1、熟悉hive或sql；有r/python经验者优先
2、概率统计基础扎实，熟悉常用的统计假设检验；
3、逻辑思维、快速学习能力强；
4、有一定的产品或商业sense
5、能保证实习时间（一周到岗至少4天，可连续实习3个月以上）；
6、自驱、目标导向；沟通能力强；
7、对互联网、内容行业及未来科技有强烈兴趣。
你将获得：
1、**项目经历加持：足够宽的业务跨度，研究涉及短视频领域的方方面面（公司/业务战略、产品、运营、增长……）； 
2、自身综合能力的高速提升：可以直接与咨询行业、互联网行业经验丰富的前辈大牛们肩并肩共事，成长曲线陡峭，目标为遴选和培养团队正式员工，表现优秀有各种转正机会；
3、良好的团队氛围：与来自麦肯锡、bcg、清北复交、columbia、chicago等名校的小伙伴共同学习成长；
4、福利：免费三餐、下午茶、健身房、雪糕、聚餐等。
        ",1,1,0,0,0
48,高级数据分析师,哗啦啦,北京,500-2000人,本科,不需要融资,消费生活,35.0,3-5年,"[""早九晚六"",""地铁周边"",""5险1金""]","[""技能培训"",""岗位晋升"",""领导好"",""带薪年假""]","
岗位职责：
1. 对行业进行各维度的经营分析，并与公司数据产品进行融合
    * 对平台数据进行挖掘，进行各维度分析，形成经营分析模型；
    * 在经营分析模型的基础上，结合数据中台和bi产品，沉淀成产品特性，最终指导商户经营。
2. 对公司内部进行数据运营支撑
    * 深入了解业务和产品逻辑，针对业务特点和规律，针对性建立适合的分析体系和核心指标框架，产品化相关指标报表
    * 对接业务部门，负责业务临时数据分析需求的调研、分析及实现
    * 在深入理解商户行为、产品特点的基础上，自主发掘课题，提出建议，数据驱动产品、运营与战略决策
岗位要求：
1. 本科及以上学历，3年互联网数据分析相关经验；
2. 有业务敏感性，有客户服务意识，有一定的自主规划能力及推动能力；
3. 优秀的逻辑分析能力，对运营数据及用户有较强的敏感度 ，热衷于用户行为及需求研究；
4. 有过成功业务优化经验者优先；
5. 具备团队管理经验优先；
6. 有数据中台（包含但不限于datapin、数栖、网易数据中台、神策）的相关经验优先；
7. 有跨多部门的复杂协作经验者优先。

【我们的成就】
1.超过40万餐饮商户
2.连锁客户占比78%
3.年交易量占全国餐饮流水占比10%
4.覆盖c端用户超1亿人
【我们能提供】
1.定期晋升调薪机会
2.团队年轻有活力，学习氛围浓厚，定期分享培训、丰富多彩的团建活动
3.可以与来自bat、用友、金蝶等公司的技术大咖碰撞，擦出新火花！
4.交通便利，汇集多条地铁及公交线路
欢迎餐饮领域志同道合的伙伴加入！

 
",0,0,0,0,0
49,数据分析师,易点租,北京,500-2000人,本科,D轮及以上,电商,20.0,1-3年,"[""地铁周边"",""每月餐补"",""5险1金""]","[""绩效奖金"",""岗位晋升"",""五险一金"",""午餐补助""]","
        职位：数据分析师
工作职责：
1、梳理并建设各业务线数据监控体系
2、对接各业务线，响应各业务线数据需求，并建设相应数据仓库
岗位要求：
1、能够熟练书写sql（必须满足）
2、1年以上工作经验
3、有大型复杂项目经历优先
4，统招本科及其以上学历
        ",0,1,0,0,0
50,数据分析师,哗啦啦,北京,500-2000人,本科,不需要融资,消费生活,16.5,1-3年,"[""早九晚六"",""地铁周边"",""5险1金""]","[""技能培训"",""岗位晋升"",""领导好"",""带薪年假""]","
        1、负责对平台运营指标监控并撰写分析报告，如周报、月报等；
2、通过数据分析识别问题、挖掘规律，寻找问题根源，提出改善建议，推动业务优化；
3、对接业务线数据产品规划和设计，推动数据驱动业务，规划业务数据模型；
4、参与业务线临时数据分析需求的调研、分析及实现。
任职资格：
1、全日制本科以上学历，对数据敏感度高，数据分析1年以上工作经验；
2、熟练掌握excel、ppt，熟练使用sql优先；
3、有较强逻辑思维能力与独立思考能力，对业务有深入了解和洞察；
4、沟通协调能力强，擅长跨部门高效沟通。

【我们的成就】
1.超过40万餐饮商户
2.连锁客户占比78%
3.年交易量占全国餐饮流水占比10%
4.覆盖c端用户超1亿人
【我们能提供】
1.定期晋升调薪机会
2.团队年轻有活力，学习氛围浓厚，定期分享培训、丰富多彩的团建活动
3.可以与来自bat、用友、金蝶等公司的技术大咖碰撞，擦出新火花！
4.交通便利，汇集多条地铁及公交线路

欢迎餐饮领域志同道合的伙伴加入！
        ",0,1,0,1,0
51,数据分析师,泰康在线,北京,500-2000人,本科,不需要融资,金融,22.5,5-10年,,"[""绩效奖金"",""带薪年假"",""交通补助"",""通讯津贴""]","
岗位职责：1、搭建数据运营分析体系，为产品与业务提供数据支持，输出分析报告与优化建议；2、通过海量数据分析与挖掘，根据需求搭建用户数据模型，以数据产品的形式对外输出；3、根据项目要求，确认客户需求，转化为可实施的数据化运营解决方案，并推动项目执行；4、通过用户行为分析、广告营销效果分析，为广告营销、产品迭代、运营策略优化提供有效建议；岗位要求：1、全日制统招本科及以上学历，数学、统计、计算机等相关专业；2、五年或以上数据分析工作经验，有互联网/电商数据分析/广告公司/咨询公司工作经验者优先；3、优秀的沟通协调能力、数据分析与建模能力、文字与报告撰写能力；4、熟悉互联网广告营销模式、熟悉app日志采集原理、熟悉用户行为分析的思路与方法；5、熟练使用r/python/sas的一种或多种开发语言，精通sql，hive等相关数据提取工具；；6、了解机器学习算法，丰富底层数据清洗经验优先。
",1,1,0,0,1
52,数据分析师,小米,北京,2000人以上,本科,D轮及以上,硬件,45.0,5-10年,,"[""快速成长"",""免费班车"",""扁平管理"",""技能培训""]","
职责描述：
应用数据统计，数据挖掘的专业知识和技能，获取数据并对数据做出可以影响实际决策的解读，通过数据理解用户在用户产品和商业产品中的行为。 同产品和工程团队一起去解决实际的问题，获取并了解产品的发展趋势和改进方向。 支持，影响和参与到产品的决策和产品的迭代当中。
1.基于大量的用户行为数据进行分析和挖掘，包括用户兴趣，行为特征，活跃度等，理解用户的需求和痛点，为产品优化或用户运营提供推动型数据支持和建议
2.参与增长工作，帮助设计并评估增长实验，为产品迭代优化提供支持，根据现象建立模型进行假设检验、因果推断等；
3.关注业务问题，沟通建设业务数据报表，及时发现异常并快速定位问题，为产品的正常运行提供支持
4.深入理解业务和行业动态，能够主动探索，产品策略相关的数据挖掘和建模，完成专题数据分析报告并提供切实可行的建议，推动产品优化和增长
任职要求：
1、对数据敏感，有好奇心，能从大量的数据中发现数据价值，为产品优化，用户运营提供支持
2、有丰富的数据分析或者数据建模经验，有互联网产品分析或者建模经验者优先，growth hacking相关经验者优先
3、能够从海量数据提炼核心结果，熟练使用python/r/hivesql等优先
4、追求卓越，自驱更新，积极进取

",1,1,0,0,0
53,资深数据分析师,乐元素游戏,北京,500-2000人,硕士,不需要融资,游戏,38.0,5-10年,,"[""技能培训"",""领导好"",""节日礼物""]","
岗位职责：1、精准提炼数据和分析指标，指定分析方案，形成结论，制作数据分析报告，并为业务增长优化进行分析挖掘，提出策略建议。2、进行游戏内容,功能的统计分析,优化运营活动以及游戏产品,并形成方案落地，同时进行效果追踪、功能的优化迭代，用数据分析为业务增长提供策略；3、监控游戏日常指标,定位游戏问题,及时反馈；完善产品数据的异常预警。4、达成数据分析产品化的目标，配合数仓，数据产品团队进行数据资产沉淀。任职要求：1、统招本科及以上学历，统计学、经济学、数学相关学科的教育背景，5年以上数据分析经验；2、能快速了解业务, 精通数据分析逻辑；搭建指标体系，有自己的分析方法论，并能进行数据产品化的搭建；3、熟练使用python，熟练使用excel、sql语句且工作曾使用过hadoop \ hive \ presto \ sql server\ mysql等中的至少一种。有hadoop、bash使用经验优先；

4、有丰富的增长、roi优化、变现、优化用户ltv等方面策略分析经验者优先。
",1,1,0,1,0
54,高级数据分析师,雪球,北京,150-500人,本科,D轮及以上,金融,30.0,5-10年,,"[""股票期权"",""带薪年假"",""年度旅游"",""定期体检""]","
        职位描述

1.负责对港美股业务关键指标（如新增、留存、转化等）进行数据分析，配合产品完成从数据埋点、数据接入、数据分析、数据可视化，日、周、月、季、年专项数据分析报告输出等数据分析工作；
2.对业务数据监控加以简洁清晰的可视化展示，为市场推广、渠道运营、产品优化提供数据支持；
3.基于业务或专项数据分析结果推动问题解决或指标优化；
4.能对多种数据源的进行深度诊断性组合分析、挖掘、深度分析和建模；



任职要求

1. 计算机相关、数学/统计学、相关的专业本科及以上学历，证券相关数据分析经验的优先考虑；
2.熟练掌握sql、excel、ppt;
3.能构建并优化复杂的sql查询，精通数据分析工具者优先；
4.具有良好的团队协作能力、语言表达能力；
5.优秀的ppt成果展示能力；



",0,1,0,1,0
55,数据分析师,玩吧,北京,500-2000人,本科,B轮,社交,14.0,3-5年,"[""管饭"",""免费健身房"",""公司氛围好"",""打车报销"",""弹性工作"",""免费体检"",""地铁周边"",""7险1金"",""试用享转正工资"",""生日聚会""]","[""去他的考勤"",""高手云集"",""股票期权"",""年底N薪""]","
        岗位职责：
1. 负责运营相关的数据分析，以及运营数据需求的沟通协调工作
2. 协助运营人员共同制定数据分析策略，并完成数据分析过程，输出有效结果
3.组织数据相关的培训、分享，提升运营团队数据能力

岗位要求：
1. 认真、抗压、正能量，心系用户；对移动互联网的社交、娱乐产品有热情
2. 良好的语言表达能力和沟通协调能力
3. 扎实的数学基础，熟练使用excel和sql
加分项：有运营工作经验者加分，熟练使用ga、友盟、神策等数据分析平台加分
        ",0,1,0,1,0
56,高级数据分析师,K2DATA,北京,150-500人,本科,B轮,数据服务,22.5,3-5年,,"[""风口行业"",""顶尖团队"",""扁平管理"",""学习型组织""]","
岗位说明：
1. 针对重点工业行业（能源，石化，汽车，钢铁、轮胎等）的智能制造与工业互联网的需求，深入了解业务需求，运用数据分析/数据挖掘技术解决客户的实际问题。
2. 基于数据平台产品，建立数据标准、进行数据清洗、建立数据分析、预测或优化模型、并负责与团队一起负责数据分析应用的开发和落地实施。
3. 对具有共性的数据分析模型和行业应用进行抽象与研究，支撑数据分析产品的开发和在数据平台的应用。
 
岗位要求：
1. 独立定义和解决工业行业相关的数据分析/数据挖掘问题的能力，具有清晰的系统思维逻辑和共性抽象能力
2. 精通数据清洗、统计分析和常用数据挖掘/机器学习算法，有丰富的工业数据分析相关的实际项目经验
3. 至少精通一种数据分析语言（如python, r, matlab等），及其相应的算法包（如python的numpy, pandas, sklearn, tsfresh, matplotlib, seaborn, pyecharts等）
4. 有良好的客户沟通、业务咨询、团队合作与项目管理能力
5. 有一定程序开发经验（如python, web, java等），熟悉面向对象的设计
6. 熟悉常用数据库、大数据、并行化计算等相关技术和工具，如spark, hadoop等
7. 熟悉信号处理、优化算法、时序数据分析、深度学习等算法
8. 3年以上工作经验

优先条件：
1. 工业专业教育背景或者工作经历（如自动化、机械、电气、石化、能动、电子等）
2. 熟悉工业流程、工业通信协议，scada/mes/plm等工业软件
3. 了解精益生产、六西格玛等概念及相应数据分析工具
",1,0,0,0,0
57,高级数据分析师,贝壳,北京,2000人以上,本科,上市公司,房产家居,32.5,5-10年,"[""免费班车"",""免费健身房"",""免费下午茶"",""一年调薪1次"",""一年调薪2次"",""15薪"",""弹性工作"",""地铁周边"",""定期团建"",""工作居住证"",""超长年假"",""6险2金""]","[""股票期权"",""带薪年假"",""绩效奖金"",""扁平管理""]","
        工作职责：
1、负责中心重点项目tableau报表或奥丁报表体系搭建，输出智能分析报表；
2、负责搭建项目分析指标体系，搭建各类分层模型；通过分析挖掘数据，访谈经纪人，调研用户等方式，剖析问题原因寻找业务增长驱动力；
3、对业务项目进行目标测算和阶段性评估，提出策略优化和调整建议和可执行的解决方案。

工作要求：
1、本科及以上学历，数学、统计学、计算机、金融、经济等相关专业优先，2年以上数据分析相关工作经验；
2、专业技能：精通excel/ppt，精通sql；统计基础知识扎实，精通tableau；
3、拥有敏锐的洞察、分析能力，严谨客观的分析态度；
4、良好的沟通表达能力和团队协作能力。
        ",0,1,1,1,0
58,数据分析,盛业恒泰投资,北京,50-150人,本科,未融资,金融,13.5,不限,,[],"
        1、搜集行业相关信息，为相关需求者提供更准确的数据信息； 2、丰富市场分析能力，做出每日分析计划，熟练掌握各种分析技术； 3、对市场、行业、公司运营等提供数据分析计划，为战略决策提供支持； 4、发表研究成果或分析评论，配合公司的推广及培训等工作。 5、协助部门经理完善部门管理制度； 6、结合多种数据源进行深度分析和挖掘
        ",0,0,0,0,0
59,数据分析师,新浪网,北京,2000人以上,本科,上市公司,文娱丨内容,19.0,3-5年,,"[""免费班车"",""岗位晋升"",""五险一金"",""定期体检""]","
职位职责：
1、负责数据分析体系构建，产品数据埋点设计，业务数据监测及异常波动分析，并根据分析结果提出业务策略建议。
2、能够深入了解业务，挖掘痛点和问题，制定相应解决方案， 独立完成数据模型搭建及专项分析报告。
3、独立完成分析项目需求管理、方案设计、实施管理和项目成果质量的把控。
 
任职要求：
1、统计学，应用数学，计算机信息管理相关专业本科及以上学历；2年以上媒体网站、电商网站、移动互联网数据分析岗位相关工作经历，有完整互联网数据建模分析项目的经验者优先。
2、熟练掌握及使用sql；熟悉hadoop集群，熟练使用hive、shell等，具备大数据使用经验；熟练掌握excel及ppt的应用；熟悉sas/r/python等分析工具。
3、 对基本的统计理论和常用的统计模型有深入的了解，对数据敏感，逻辑严谨，能快速理解业务，发掘业务细节和数据之间的联系。
4、具备与业务人员和技术人员沟通数据需求的能力，具备良好的分析和解决问题的能力，具备良好的项目推动能力和执行力。
",1,1,0,1,1
60,数据分析师,土豆雅思,北京,150-500人,本科,A轮,教育,16.0,1-3年,,"[""午餐补助"",""带薪年假"",""绩效奖金"",""节日礼物""]","
工作职责：
1、根据具体业务和产品对数据模型进行统一分析和规划；
2、深入理解产品业务的方向和战略，通过数据分析、挖掘，为产品和运营提供决策支持；
3、参与用户调研，收集用户痛点并从用户体验视角分析用户心理与用户需求，建立用户画像；
4、优化产品中的数据分析和数据挖掘模型，改进现有业务数据模型。加强数据可视化的方式形成数据产品，从而支持业务的需要。

职位要求：
1. 统招本科以上学历，数学、计算机、统计学、经济学等相关专业；
2. 熟悉数据分析流程，能够将业务逻辑转化为数据模型；
3. 有较好的学习驱动力及有效的学习方法，具备良好的沟通影响力，包括聆听分析他人真实观点能力，及简单、准确表述自身观点的能力；
4. 具有商业敏感度；深入理解数据处理过程和业务场景。
",0,0,0,0,0
61,数据分析师,联通大数据,北京,150-500人,不限,不需要融资,数据服务,17.5,3-5年,,[],"

职位描述：
1、审核文旅、交航数据平台项目总体技术方案，对各项目进行质量评估；
2、参与数据分析系统的系统分析、设计以及实施工作负责分析数据采集需求，全局设计数据处理的技术流程和规范；
3、负责设计改良数据质量根据实际情况解决核心数据质量问题；
4、研究与跟踪大数据新技术发展方向，主持制定大数据平台技术发展战略规划；
5、文旅数据中台整体的底层数据建设、数据结构分析、抽出文旅行业的数据模型和计算方法
6、拥有5年以上hadoop开发设计和实施经验，有分布式系统架构设计的经验，有hadoop系统架构设计经验，至少5个以上大型成熟项目的经验；对hadoop相关的技术和组件hdfs，mr，hase，hive，spark，storm等有全面深入了解，能够熟练安装、配置、部署和优化大型hadoop
",0,1,0,0,0
62,数据分析师,字节跳动,北京,2000人以上,本科,C轮,文娱丨内容,20.0,1-3年,,"[""扁平管理"",""弹性工作"",""大厨定制三餐"",""就近租房补贴""]","
        职位描述
1、部门数据管理。负责本部门数据收集与相关基础数据分析；
2、数据看板日常运维。负责本部门相关数据看板的日常运维，例如：看板日常使用、相关优化建议收集，推动看板持续优化等；
3、业务工作支持。完成业务部门安排的工作，例如：撰写月报/周报、完成管理流程梳理专项、完成业务流程梳理专项等；
4、经分工作支持。支持经分相关专项工作，例如：部门经营指标制定与跟进，看清业务与组织专项支持（涉及本部相关部分即可）等。
职位要求
1、本科及以上学历，经济学、数学、统计学等理工科专业优先；
2、1-3年数据分析同岗位工作经历；
3、工作细致且有责任心，具备较好的沟通能力，具备优秀的数据敏感度；
4、精通excel，可熟练使用sql、python进行数据统计分析
        ",1,1,0,1,0
63,数据分析师,明日虫洞,北京,50-150人,本科,C轮,数据服务,30.0,3-5年,,"[""年底双薪"",""股票期权"",""扁平管理"",""领导好""]","
        职位描述：
1.基于海外直播的主播/用户数据，挖掘用户特征偏好，行为轨迹，输出有价值结论，产出分析报告；
2.负责提供数据分析支持，包含但不限于产品分析、用户分析、运营分析等，并根据分析结果提出可落地的策略建议；
3.通过数据分析和挖掘，发现机会和问题，解答业务疑问，补全盲点，前瞻性地引导业务发展；
4.研究行业趋势，分析竞争格局，探索前沿商业机会与创新业务模式。
岗位要求：
1.至少2年及以上互联网行业数据分析、数据挖掘的工作经验，对数据敏感，能从数据中发现问题，解决问题；
2.精通excel、ppt办公工具，以及熟练使用sql，python，掌握r、sas、spss等软件使用优先；
3.熟悉定性和定量研究方法，熟悉各类研究模型，如回归、聚类、因子分析等；
4.强有力的执行力、沟通力，以及敏锐的数据洞察力、严谨的逻辑思维能力和系统的分析总结能力；
5.大学本科或以上学历，统计学、数学等相关专业。
        ",1,1,0,1,1
64,高级数据分析师,小米,北京,2000人以上,本科,D轮及以上,硬件,32.5,不限,,"[""快速成长"",""免费班车"",""扁平管理"",""技能培训""]","
【岗位职责】
1.负责小米网零售业务数据的梳理分析，输出分析报告，为管理层提供决策支持；
2.深入业务，理解业务运作逻辑，利用数据分析手段，发现业务增长点并提出行动建议；
3.对业务运作进行数据监测、分析、统计，持续改进产品与运营策略；
4.应用先进的统计建模、数据挖掘、机器学习等方法建立数据模型进行销量预测，优化供应链运作模型；
5.与团队内其他成员共同设计数据分析平台，建立数据分析的流程，规范和方法。
【任职要求】
1.本科以上学历，经济学、统计学、计算机等和数据处理高度相关专业，3年及以上数据分析工作经验；
2.具有优秀的商业敏感度和突出的分析能力，能够灵活利用数据，设计分析方案解决复杂的商业问题；
3.具有较强结构化思维、逻辑思维能力，对数据敏感，具备优秀的信息整合和分析能力，能够形成清晰的业务观点和前瞻判断；
4.有数据建模实践经验（2年以上相关工作经验）者优先，熟练使用至少一种数据分析工具（r、excel、spss、sas等）；
5.熟练使用sql等数据库查询语言优先；有咨询背景优先；
6.工作细致、专业、严谨，追求工作结果的准确及过程的高效。
",0,1,0,1,1
65,数据分析师,世纪佳缘,北京,2000人以上,本科,上市公司,移动互联网,17.5,1-3年,,"[""节日礼物"",""技能培训"",""绩效奖金"",""岗位晋升""]","
职位描述：
1、对接业务部门，根据实际业务情况设计埋点体系，保障埋点质量；
2、负责佳缘&百合的基础数据指标体系搭建，为上层洞察分析提供高质量的数据弹药；
3、监测业务的日常数据，发现数据工作中的痛点和需求，推进公司层面的数据工具的建设；
4、配合公司的数据战略发展，协同管理数据资产与成本优化相关资源； 
5、建设业务数据能力，定期输出主题性分析报告，为策略产品、运营、商务提供决策。

任职要求：
1、本科以上学历，2年以上数据分析、产品运营、业务支持经验；
2、具有良好的数据分析能力、逻辑思维能力，sql使用熟练； 
3、抗压能力强，自驱力强，有优秀的组织协调能力和出色的表达沟通能力，善于跨部门协调沟通;
4、熟悉社交/婚恋产品的优先考虑。
",0,1,0,0,0
66,数据分析,世纪佳缘,北京,2000人以上,本科,上市公司,移动互联网,14.0,3-5年,,"[""节日礼物"",""技能培训"",""绩效奖金"",""岗位晋升""]","
        岗位职责：
1.负责日常运营数据整理统计，做好日报，周报及月报和敏捷口头汇报；
2. 紧跟业务发展，跟踪数据指标变化，有效分析评估业务操作，获取有价值结论并报告，为线上运营决策提供有效的决策依据，对业绩指标负责；
3. 对数据的准确性和完整性负责；
4. 完成必要数据接入和数据可视化呈现。
岗位要求：
1. 大学本科及以上学历，2年以上相关工作经验，统计学、数学、计算机等相关专业优先；
2. 良好的逻辑思维能力，善于挖掘洞察分析，善于高效的从数据分析中发现定位业务问题，有自己独到的见解和思路；（有专门的技术人员支持你做好所需基础数据的记录、挖掘和统计）
3.有较好口头表达论述、汇报能力，有较好的抗压、团队协作能力；
4. 精通excel高级功能（如数据透视表，函数等），熟练掌握ppt,word等办公软件，有bi使用配置经验优先；
6.了解sql/mysql等主流数据库、对大数据相关有所了解者优先。

",0,1,0,1,0
67,数据分析师,百观Lab,北京,15-50人,本科,A轮,数据服务,20.0,1-3年,,"[""硅谷风格"",""带薪年假"",""国际化"",""零食管够""]","
职位描述：
数据分析师是百观数据产品开发的中坚力量，未来有机会成长为公司的数据科学家。我们会一起挑战数据分析相关的各种有趣问题。在自由开放的氛围下，将前沿的数据分析技术转化成业界****，极具价值的产品。

职责：
与产品经理一起分析需求，设计数据产品的计算方案并不断调优，保证精准的推导计算和优质的结果呈现；
搭建、执行和维护数据产品生产线， 包括但不限于：源数据采集、清洗、产出中间表和结果表、数据质检和自动化分析、成品数据输出及可视化等；
保持对数据负责的态度。对数据出现的问题及时发现并排查，按期按质保证数据生产运行；
承担临时分配的数据处理任务。


要求：
本科以上学历，统计、计算机、计量经济或者其他定量分析相关专业；
具备数理统计基础知识，有 1 年以上数据分析工作或实习经验；
能够熟练使用 sql、excel、python 或 r 等数据分析工具；
有带领团队或独立完成数据分析项目经验者优先；
具备良好的沟通和团队协作能力，能同时处理多个项目并安排好工作优先级，适应高强度挑战。

# 关于我们
百观科技（bigone lab） 是一家国际化的金融数据技术公司，致力于为全球投资机构挖掘、分析互联网时代所产生的大数据，提供可视化投资决策数据产品。百观正在打造新一代的投资研究产品，目前我们已经为二级市场机构投资者开发出监测多家上市公司运营和财务指标的数据产品，促成了大数据在金融领域的领先应用。百观于2016年获得了真格基金百万美元天使轮融资，2017年获得了华创资本数百万美元pre a轮融资，2019年获得标普全球（s&p global）在中国的**笔战略投资。
 
我们位于北京，是一个快速成长的国际化创业团队，成员来自jp.morgan，amazon, bloomberg, ibm, mufg, yipit data, iresearch等国际一流技术、数据、与金融公司，团队有1/3成员拥有海外学习与工作经历。团队成员毕业于清华大学、北京大学、香港大学，新加坡国立大学，哥伦比亚大学，华盛顿大学、约翰.霍普金斯大学，达特茅斯学院等海内外知名院校。
",1,1,0,1,0
68,数据分析师,安居客,北京,2000人以上,大专,不需要融资,企业服务,10.0,1-3年,,[],"
        岗位描述：
1、全面辅助大区负责人监控区域内运营相关数据指标；
2、基于对数据化运营深入理解的基础上，独立承担数据运营分析工作，为业务和产品提供数据决策和策略支持，分析方向包括但不限于行业分析、竞对动态、用户运营分析、活动运营分析、网站运营效果、资源/容量分析、经营分析、收益管理等；
3、负责对于重点数据的深入挖掘分析，能够从分析中发现问题并为业务提供方向建议，发掘可能存在的业绩增长点；
4、提供数据产出或查询工具（sql或报表），提高运营效率；
5、完成大区负责人交代的工作事宜；
职位要求：
1、专科及以上学历，统计学、数学、计算机、信息管理相关专业优先；
2.熟练使用ai、sql和excel及其他分析工具；
3.2年以上互联网行业数据运营、数据分析经验；
3、对数据敏感，对于精细化运营实践有自己的理解，掌握数据可视化和基本统计方法；
4、具备良好的逻辑思考、业务理解和沟通表达能力
        ",0,1,0,1,0
69,数据分析师,一起考教师,北京,150-500人,本科,B轮,教育,11.5,1-3年,,"[""股票期权"",""岗位晋升"",""弹性工作"",""年底双薪""]","
        岗位职责
1、负责日常业务数据统计与分析，产出常规业务数据报表（日报、周报、月报）；
2、对数据进行多维度的分析，协助进行业务诊断，形成专项分析报告；
3、建立业务数据跟踪监控体系，实时进行跟踪监控，及时发现业务数据变化趋势，协助业务进行问题分析与跟进；
4、完善数据分析工具，协助常规报表的自动化、可视化，提升团队的工作效率；

能力要求
1.有好奇心，对互联网、教育行业有强烈兴趣；
2.熟练使用sql、excel，至少一门脚本语言；有bi软件使用经验者优先；
3.具备较强的数据处理、分析能力与模型搭建能力，逻辑思维强，能够独立完成数据分析报告；
4.本科及以上学历，统计/数学/计算机相关专业学历背景优先，优秀者可适当放宽。


",0,1,0,1,0
70,数据分析师,通铭教育,北京,150-500人,本科,上市公司,企业服务,16.5,1-3年,,"[""年底双薪"",""带薪年假"",""绩效奖金"",""岗位晋升""]","
        技能要求：
etl，数据处理，hbase，数据分析
◆岗位职责：

1、深刻理解数据本质，挖掘不同业务场景下的数据表象，通过对数据的挖掘和分析，形成报表或者报告，充分满足客户的需求；

2、根据数据分析结论，形成有指导意义的方案，并推进方案应用落地；

3、提升产品数据化能力，推动数据分析产品落地；

4、能从海量数据中提炼核心结果并能对客户起到指导性作用，参加过完整的数据分析项目并有成功案例者优先。



◆技能要求：

1、熟练使用python，基本功扎实，标准库熟练；

2、熟练使用mysql数据库；

3、熟悉hadoop生态圈，对hbase、hive、spark、kafka、redis等主流分布式开发套件有一定认识；

4、熟悉python科学计算类工具库，如numpy、pandas；

5、拥有敏锐分析能力，严谨客观的分析态度，优秀的学习能力和沟通表达能力，能够快速熟悉业务，并对客户的需求有敏锐的洞察力；

6、有丰富的数据分析或数据建模经验，有互联网产品分析、烟草行业咨询服务经验或建模经验者优先；

7、本科以上学历，有3年以上数据分析相关工作经验，数学、统计学、计算机等相关专业优先；

8、能够熟练运用sql进行数据查询与处理，有python、spark、scala、tableau等使用经验者优先；

9、精通office软件，具备扎实的统计与数学知识，掌握量化分析方法；10、具备良好的沟通能力，能够有效与客户沟通，洞察客户需求，建立良好的客户关系；

10、具备良好的团队协作能力，与其他团队有效配合，推动相关工作落地；

11、具备较强的学习能力，能承担一定的工作压力。
        ",1,1,1,0,0
71,高级数据分析师,唯医骨科,北京,150-500人,本科,B轮,医疗健康,30.0,5-10年,,"[""带薪年假"",""垂直社区"",""绩效奖金"",""扁平管理""]","
岗位职责： 

1、深入各个项目，根据不同的需求提供定制化的数据分析服务，并做出逻辑清晰的分析报告，为项目的市场定位、核心人群定位、后续优化等决策提供支持；

2、通过分析用户在平台的各类数据，对数据趋势进行归纳总结，并能根据数据研究结果得到相应结论，对运营提供支持；

3、基于项目的需求，参与数据模型搭建，并根据业务的进展定期优化模型；

4、参与数据产品或项目开发，构建产品逻辑，探索数据产品化的机会。

任职要求：

1、至少5年以上数据分析工作经验，且要求有互联网公司、或咨询公司的工作经验，医疗相关工作经验优先

2、熟练操作sql，掌握至少一种数据分析工具（spss、sas、python、r等），有一定的编程功底；

3、统招本科及以上学历，统计学、应用数学、计算机、信息管理等相关专业，硕士学历优先；

4、敏锐的数据洞察能力，善于从数据中发现、归纳数据规律；

5、善于沟通，工作积极主动，具有较强的抗压能力，能够承受较大强度的工作。
",1,1,0,0,1
72,数据分析实习生,华壹信融,北京,150-500人,大专,未融资,金融,7.0,应届毕业生,"[""不加班"",""地铁周边"",""5险1金""]",[],"
职位要求：
1、大专及以上学历，有志于金融行业长远发展；
2、良好的沟通能力，很好的亲和力和较强的人际交往能力；
3、精力充沛，喜爱竞争挑战和有强烈成功欲望；
4、遵守纪侓和行业规范，能接受严格专业培训，具有敬业精神及团队合作意识；
5、正直诚信，忠于企业，传承企业文化，愿意与企业一起发展成长；
6、具有一定的金融行业知识，具有股票、期货、贵金属投资等相关业务从业经历者优先。
任职要求：
1、对企业相关部门岗位轮岗轮训，熟悉操作流程，累积实习经验；
2、学习掌握基础分析知识，定期对金融市场定向研究，撰写市场分析报告；
3、协助分析师完成对公司客户及会员进行技术分析维护，控制风险；
4、完成各部门各岗位实习考核任务，实习期具有一定淘汰率；
5、实习考核通过转正后获得高额薪水、固定期限劳动合同，开启璀璨人生之路。
",0,0,0,0,0
73,高级数据分析师,字节跳动,北京,2000人以上,本科,C轮,文娱丨内容,12.0,1-3年,,"[""扁平管理"",""弹性工作"",""大厨定制三餐"",""就近租房补贴""]","
职位描述1、负责培训部数据分析工作；2、梳理业务逻辑，搭建指标体系、建设并迭代报表体系，监控服务过程中业务指标达成情况，深度挖据服务指标异常原因，提出改善和优化方案并实施； 3、独立完成专项分析，从数据处理分析、数据指标设计到方案评估的工作闭环；4、搭建数据趋势模型，预测数据趋势及可能存在的问题，辅助培训工作做好规划和管理。
职位要求1、统招本科及以上学历，数学、统计学、计算机相关专业，对数据分析有强烈兴趣者优先；2、有it大数据分析经验、有大型互联网公司数据分析经验、互联网数据建模分析经验者优先；3、精通 sql，熟练使用 r/python 进行数据清洗、分析；4、具备结构化思维，较强学习能力和创造力，能够快速理解业务，有用户同理心以及数据敏感度；5、具备良好的沟通能力、协调能力、表达能力和报告撰写能力。
",1,1,0,0,0
74,数据分析专员,中信出版集团,北京,150-500人,本科,不需要融资,文娱丨内容,9.0,1-3年,,"[""六险两金"",""员工食堂"",""补充医疗"",""物业采暖补助""]","
        职位描述：1、配合业务需求部门，进行基础数据处理和分析，维护日常业务报表；2、参与业务数据分析，识别并解决业务问题；3、与各业务部门沟通协调，接入相关数据。任职要求：1、统招本科及以上学历，统计、信息管理等专业优先；2、具备大数据处理能力，掌握sql，熟练操作excel和数据库，熟练使用数据透视表；3、踏实，严谨，具有一定的数据敏感性。

",0,1,0,1,0
75,高级数据分析师,Bigo,北京,2000人以上,硕士,上市公司,社交,37.5,3-5年,,"[""年底双薪"",""五险一金"",""年终奖"",""员工旅游""]","
岗位职责：
1、负责分析海外直播、短视频、日活过亿即时通讯产品等bigo公司旗下核心业务数据分析工作；
2、梳理业务核心逻辑，构建能够刻画业务当前状态的数据体系；
3、对互联网某几项领域有深入的了解，能从行业趋势和产品形态等角度，给业务方方向与业务模式的建议；
4、全面分析各项影响产品提升与增长的因素，各项业务细节，结合业务方向，给出可落地的整体的产品优化方案；
5、能够针对一个业务方向，找出其中问题，产出策略，推动落地执行。

岗位要求：
1、统招本科及以上学历，计算机，统计学，软件工程相关专业优先；985、211优先；
2、3年以上工作经验，对sql，python及hadoop，spark能熟练使用；
3、具备结构化思维，较强学习能力和创造力，有用户同理心以及数据敏感度；
4、有通过数据驱动业务改进和增长的成功案例着优先；
5、对统计学有较深的理解，有 growth hacking、ab 实验、数据建模经验者优先。
福利：年底双薪，年中奖、年终奖、六险一金、弹性工作制、出国游等；
",1,1,0,0,0
76,数据分析实习生,转转,北京,500-2000人,本科,B轮,消费生活,2.5,应届毕业生,,"[""带薪年假"",""定期体检"",""交通补助"",""年底双薪""]","
        工作职责
1.对业务进行数据需求支持，开展数据分析工作； 
2.参与搭建和优化数据分析体系，包括商户、用户、平台报表体系； 
3.参与专项分析项目，输出业务预警，预测模型，用于指导业务策略。 
职位要求 
1.全日制本科及以上学历，统计、数学等相关专业优先，理工科优先，每周出勤最少4天，实习至少3个月以上； 
2.熟练使用excel、sql等数据分析工具； 
3.工作态度认真负责，学习能力强，抗压能力强； 
4.对数据敏感，可以从数据中发现问题，提出优化建议。
        ",0,1,0,1,0
77,数据分析师,幸福消费金融,北京,150-500人,本科,不需要融资,金融,29.0,5-10年,,"[""交通补助"",""通讯津贴"",""午餐补助"",""绩效奖金""]","
职责描述：
1、负责线上获客运营策略，从数据分析角度提高获客增长，提升运营效率，对各类活动中发现的问题进行跟踪，定位并提出优化建议；
2、负责日常监控体系建设，对核心数据/关键指标监控，对于每日/每周/每月的波动能快速定位到原因；
3、负责活动复盘，深入挖掘运营活动的效果，对客户数量/质量/画像/匹配进行分析；
4、负责建立数据洞察体系，定期对行业、商户进行针对性的数据研究并形成分析报告，实现数据商业化；
 
任职要求（可接受短期出差）：
1、本科以上学历，两年及以上大数据相关工作经验，有完整的大数据分析项目经验；
2、熟练使用sql，hive等技术，了解hadoop工作原理；
3、熟练使用linux操作系统，精通shell/python编程；
4、熟练掌握数据分析工具（r、python、excel等），掌握常见的聚类、分类、神经网络等数据分析算法，能够独立产出数据报告，熟悉数据采集到报表展示的全流程；
5、有一定的业务数据敏感度，较强的数据分析能力、逻辑思维能力，以及分析问题、解决问题的能力；
6、强的沟通能力和团队合作能力，勇于承担工作压力
7、有金融行业尤其银行业工作经验者优先
",1,1,0,1,0
78,数据分析师,北京瑞天欣实数据科技有限公司,北京,50-150人,本科,A轮,数据服务,11.0,1-3年,,[],"
职责描述：
1. 为金融和政府行业客户开发数据分析解决方案，包括针对客户获取，信审决策，账户管理，拖欠催收等的评分系统和商业智能解决方案。
2. 对于海量数据进行数据清理，分析和评估。
3. 能够为客户开发数据分析方案，包括统计模型的建立，商业智能方案的开发，包括从设计，开发到实施的过程。
4. 能够将分析结果用书面文字和口头的方法进行技术性和非技术性的人员进行顺畅的交流。
5. 能够用有效的方法对于统计模型方案的实施进行核实和验证。
6. 能够为销售和市场营销人员提供数据分析来帮助售前。
7. 能对现有产品提供改进方案，并协助数据类和分析类新产品的开发。
任职要求：
1. 至少一年的数据清理，评估，统计模型和分析经验，sas、python和unix系统操作经验。
2. 学士以上学位，硕士以上更佳，统计，数学相关学科。
3. 能够有效地执行分析类项目。
4. 突出的口头交流和文字表达能力，能够将分析方法论和结果进行有效交流。
5. 要有高度责任心，团队精神，和讲演能力。
",1,0,0,0,1
79,数据分析经理,拉勾网,北京,500-2000人,本科,D轮及以上,企业服务,31.0,5-10年,"[""免费下午茶"",""ipo倒计时"",""bat背景"",""地铁周边"",""每天管两餐"",""定期团建"",""团队年轻有活力"",""6险1金""]","[""五险一金"",""弹性工作"",""带薪年假"",""免费两餐""]","
负责数据分析团队管理，带领数据分析团队来支撑业务发展。
",0,0,0,0,0
80,数据分析师,龙盾数据,北京,50-150人,硕士,未融资,数据服务,20.0,5-10年,,[],"
        岗位职责：

1、 根据业务需求搜集信息，利用公司数据资源进行数据需求支持，开展数据分析工作；

2、 有效利用网络资源甄别、收集、整理、处理信息，并能通过团队合作开展具体研究工作；

3、 数据分析、模型开发任务包括但不限于业务目标理解、数据理解、数据抽取合并转换、数据清洗、算法选择、代码编写、算法执行、结果验证等过程；

4、 编写数据分析报告、数据挖掘报告、模型设计文档，模型对外宣传文档，并负责这些文档资料的解释工作。

岗位要求

1、 五年以上工作经验，统计学、经济学、金融学或者数学等专业【统招】本科及以上学历，硕士优先；

2、 计量经济学、统计学、数学专业硕士以上学历，精通sas spass r 等统计软件，熟悉主流的分类、聚类等数据挖掘算法；

3、 熟悉关系型数据库操作，熟悉sql查询语句经验；

4、 了解我国宏、微观经济情况，掌握经济学研究领域基本动态，知识面宽，思维敏捷，对于经济发展有一定的独立思考；

5、 具有较强的文字表达能力、口头语言表达和沟通能力强、思维敏捷；
6、有运营商数据分析经验优先。
        ",0,1,0,0,1
81,数据分析实习生,天天乐学,北京,150-500人,本科,A轮,教育,6.5,应届毕业生,,"[""年轻团队"",""股票期权"",""带薪年假"",""绩效奖金""]","
        天天乐学致力于通过科技改变语言学习过程。为国内语言教育机构提供在线学习平台。通过补充在线口语练习，提高教学质量。现已覆盖全国上万家少儿语言教学机构，百万付费用户。同时公司获得过多次投资，处于快速发展阶段。公司创始人来自北大法律系与计算机系，产品技术团队核心来自于北大、清华、华科、北邮等优秀院校，有多年互联网研发经验大牛带队。

职位描述：
1、梳理业务逻辑，完善数据指标体系，制定数据命名、口径、采集等规范；
2、协助分析师完成月报等周期性报表的产出；
3、基于业务理解及数据，利用excel等工具进行可视化分析，定期输出报告；
4、根据业务需求，提供数据支持。

任职要求：
1、本科及以上学历在校生，985、211院校优先；统计学、应用数学、计算机等相关专业优先；
2、熟练使用excel办公软件、sql语言，了解python语言优先；
3、对数据敏感，良好的逻辑思维能力，善于从数据中发现问题和价值点，能根据数据推进决策落地；
4、良好的业务理解能力、独立思考能力和团队沟通能力，工作积极主动，责任心强；
5、对教育行业有一定了解，有教育行业实习经验优先。
        ",1,1,0,1,0
82,数据分析实习生,新浪网,北京,2000人以上,本科,上市公司,文娱丨内容,3.5,应届毕业生,,"[""免费班车"",""岗位晋升"",""五险一金"",""定期体检""]","
        职位描述：
1、参与埋点设计，数据分析体系构建，平台展示设计，业务数据监测及异常波动分析等。
2、参与数据部门相关业务，协助完成数据处理、数据分析及报告产出等。
3、支持其他各类相关数据业务。
任职资格：
1、本科及以上学历，计算机、信管、统计学、数学等相关专业背景优先。
2、熟练使用sql，熟悉hadoop集群，熟练使用hive、shell等；熟练使用axure等产品设计工具。
3、做事严谨细心，具备较强的逻辑性思维和较好的探索学习能力、沟通能力，对数据敏感。
4、有布码埋点或技术研发经验者加分。

",0,1,0,0,0
83,（高级）数据分析师,58到家,北京,2000人以上,本科,D轮及以上,消费生活,22.5,5-10年,"[""试用期上社保"",""试用期上公积金"",""免费健身房"",""免费下午茶"",""公司氛围好"",""15薪"",""免费体检"",""地铁周边"",""5险1金"",""6险1金""]","[""节日礼物"",""技能培训"",""股票期权"",""免费班车""]","
        1，负责家政业务的数据整合，数据指标体系，数据标签体系，数据平台建设
2，深入业务，洞察数据应用场景，通过但不限于分析报告，可视化，用户画像，客情洞察，自助分析，接口服务等满足业务需求，发挥数据价值
3，与需求方，研发，设计，测试等紧密合作，挖掘数据的商业价值，参与数据产品的研发，丰富数据产品形态
4，负责业务建设和分析，包括用户生命周期、用户行为分析、活动转化漏斗、埋点日志数据维护等。

岗位要求:
1, 3年及以上的数据相关工作经验，有搭建指标体系，标签体系，bi系统经验尤佳，生活服务行业加分
2, 本科及以上学历，要求统计学功底，有数据建模经验加分，有hadoop,hive应用经验，hql精通,熟练使用python，r等分析工具，掌握主要原型设计工具
3, 有一定的数据体系建设方法论及分析框架沉淀，较强的商业sense，能够条理说明清晰业务关键点，各业务流程节点的问题，管控指标及方法
4，静得心，坐得住，耐得烦，我们希望是一个自驱力强的，学者型的，跨部门协作的问题解决者
5，有从需求调研，方案设计，原型设计，研发测试，上线运营完整的数据产品设计经验优先发现业务问题，并提出优化方向和目标，驱动问题解决，驱动业务增长

",1,1,0,0,0
84,数据分析岗,北京中关村银行,北京,150-500人,本科,不需要融资,金融,30.0,3-5年,,[],"
职责描述：1、根据业务需求，规划、推进报表建设，指导报表开发、维护；2、负责外部数据源测试，并撰写测试报告；3、配合策略人员进行日常数据分析，提出针对化建议；4、负责风险指标的监控和跟踪分析，对异常波动情况进行问题定位、查找原因并提出解决方案。任职要求：1、计算机、数学、统计、金融等相关专业本科及以上学历，3年及以上相关工作经历；2、熟练掌握sas、python、r、excel等数据分析工具，熟悉使用sql语言；3、具备较强的业务理解能力，具有金融行业从业经验者优先；4、具备较强的沟通能力、逻辑思维能，数据敏感度，工作认真负责，积极向上，能承担一定的工作压力；
",1,1,0,1,1
86,数据分析师(J17096),安居客,北京,500-2000人,本科,上市公司,移动互联网,12.5,3-5年,,"[""年底双薪"",""绩效奖金"",""带薪年假"",""五险一金""]","
        工作职责:
1、负责定期汇总收集、整理汇总业务数据，完成工单绩效及第三方服务费金额核算； 
2、负责业务层面数据分析工作，建立业务部门数据监控体系；
3、定期提供以日、周、月、季度维度数据报表，给业务部门提供清晰的数据决策支持； 
4、根据业务需求，梳理数据逻辑，完成化报表设计。
5、完成临时性数据需求及其他工作。
任职资格:
1、统招本科以上学历，3年以上工作经验；
2、熟练使用sql、excel，可独立完成业务数据分析报表；
3、有银行、汽车金融公司相关工作经验者佳；
        ",0,1,0,1,0
87,课程顾问（数据分析业务线）,小象学院,北京,150-500人,本科,A轮,数据服务,20.0,1-3年,,"[""股票期权"",""五险一金"",""免费自助餐"",""下午茶歇""]","
工作职责：
1、负责数据分析方向课程的运营转化工作；
2、熟悉公司课程内容、转化流程及相关话术，熟悉就业行情及数据分析领域的常规职业规划，为学员制定合理学习计划；
3、基于微信生态内已有的客户资源，分析和把握潜在客户的需求，通过微信、电话与准意向客户联系，有针对性的介绍产品，促成学员购买；
4、可以衡量并选择最有效的沟通方法，对微信用户进行标签定位，完善客户画像，为精准营销做准备；
5、解答客户的疑问及咨询，持续跟踪客户的需求变化，和客户建立良好的伙伴关系。

岗位要求：
1、大专及以上学历，计算机相关专业背景最佳，懂数据分析是加分项；
2.热爱销售，善于微信沟通，有较强的学习能力，熟悉微信生态，有电销能力更佳；
3.热爱生活，有团队合作意识，适应活跃的团队气氛；
4.有it培训教育行业工作经验者优先。

其他：
课程顾问的平均薪水在20k以上，无责底薪+高提成。
",0,0,0,0,0
88,数据分析师,北京盛业联众资产管理集团有限公司,北京,50-150人,不限,未融资,金融,9.5,不限,,[],"
岗位职责：1、搜集行业相关信息，为相关需求者提供更准确的数据信息；2、丰富市场分析能力，做出每日分析计划，熟练掌握各种分析技术；3、对市场、行业、公司运营等提供数据分析计划，为战略决策提供支持；4、发表研究成果或分析评论，配合公司的推广及培训等工作。5、协助部门经理完善部门管理制度；6、结合多种数据源进行深度分析和挖掘；
",0,0,0,0,0
89,数据分析师（内容生态）,微博,北京,2000人以上,本科,上市公司,文娱丨内容,24.0,3-5年,"[""免费班车"",""免费健身房"",""弹性工作""]","[""年底双薪"",""专项奖金"",""股票期权"",""五险一金""]","
        职位描述

• 根据业务逻辑进行核心指标体系的梳理，支撑核心指标中长期变化的归因，帮助定位业务增长的关键驱动因素；

• 通过对内容运营需求的理解，运用统计建模、数据挖掘的方法高效解决实际业务问题；

• 规划重要运营业务指标看板，梳理数据监控目标和统计口径，推动运营数据报表化；

• 负责定向的数据分析项目，输出站外创作者监控和引入策略、创作者账号体系、内容推荐策略等优化建议&方案；

• 负责定期输出平台创作者业务和平台内容消费业务数据双周报和月报；

职位要求

• 统计、经济学、社会学或相关专业毕业，具备2年以上数据分析领域的经验；

• 具有良好的业务理解能力和逻辑拆解能力，对解决有挑战性的问题充满热情；

• 沟通能力强，能够和业务团队（包括产品、运营、推荐等）保持高效沟通；

• 熟练掌握sql，了解python/r等建模语言，具有应用分布式计算平台如hive和spark处理大规模数据的能力；

• 熟悉常见机器学习算法，具有应用模型算法进行典型数据挖掘课题（预测、回归、聚类等）研究的相关经验；

工作地点：北京和沙特利雅得
        ",1,1,0,0,0
90,数据分析（商业化方向）,琥珀创想,北京,50-150人,本科,A轮,移动互联网,19.5,3-5年,,"[""绩效奖金"",""提供工作餐"",""定期团建"",""交通补助""]","
工作职责：
1. 商业产品变现：对接公司不同产品的商业变现需求，持续迭代和优化产品形态及变现策略，提升变现效率；2.通过a/b测试，统计和分析产品（本品及竞品）的各项核心变现数据指标，对变现策略改进提供数据支持，并针对性的提出策略优化上的建议；3.负责广告sdk的需求收集、整理和迭代，推动设计、技术、测试等相关团队及合作部门按时完成广告sdk的优化；4.制定创新性的、可规模化的商业变现方案（包括广告展现策略、内购订阅优化等），并推动开发、测试等相关团队及合作部门按时完成新的变现方案的优化迭代，完成产品变现目标。
任职要求：
1.本科及以上学历，至少拥有2 年产品经验；2.具有dsp/ssp广告后台、投放后台等相关经验，熟悉facebook、admob等海外广告平台使用经验者优先；3. 能独立完成需求调研、数据分析、产品设计工作；4.数据敏感，有很强的数据分析能力和严密的逻辑，能够根据业务数据提出策略优化的方向和思路；5.善于沟通，逻辑清晰，具备良好的计划、组织、沟通和执行能力以及优秀的全局观和整体规划能力；6.具备极高的工作热情，有较强的自我驱动能力、承压能力和学习能力，喜欢独立思考，对事物有自己的见解，能主动发现问题、解决问题、目标导向。
",0,0,0,0,0
91,商业搜索研发部_PMO&amp;数据分析,百度,北京,2000人以上,本科,不需要融资,工具,22.5,不限,"[""免费班车"",""试用期上社保"",""免费下午茶"",""一年调薪4次"",""话费补助"",""5险1金"",""定期团建"",""6险1金""]","[""股票期权"",""弹性工作"",""五险一金"",""免费班车""]","
        工作职责：
-目标管控：深入理解业务、协助战略路径及重点业务的规划制定、目标设定，依托okr管理机制、推动各业务方向目标达成
-业务分析：多维度业务数据分析，可独立针对专题需求开展数据采集、分析执行、规律洞察、结论提炼等工作，给出完整分析报告、推动业务改进
-外部研究：例行跟踪行业/竞品产品技术动态，辅助策略制定

任职要求：
-2年以上知名互联网/咨询公司从业经验，熟悉互联网商业模式
-熟练掌握sql、tableau等常用数据获取&分析工具
-主动学习、自驱力强，工作细致认真、责任心强；适应跨团队沟通，有良好的协调组织能力
        ",0,1,1,0,0
92,数据分析师(智能出行）,嘀嗒出行,北京,150-500人,不限,D轮及以上,汽车丨出行,22.5,1-3年,,"[""绩效奖金"",""年底双薪"",""交通补助"",""管理规范""]","
岗位职责：
 •  对出行运营的关键数据进行监控和分析
 •  基于数据提出运营策略，为产品和运营提供决策支持
 •  对不同策略做灰度测试，并监控和分析对比数据，针对数据分析结论提出有指导意义的分析建议
 •  系统化监控指标，配合技术与产品经理完善数据产品

职位要求：

 •  对数据敏感，较强的逻辑分析能力和文字表达能力；
 •  可运用图表有效表达数据分析报告，使分析结果一目了然
 •  掌握r、spss、sas、python的优先；
 •  熟悉数据挖掘的思路与常用数据挖掘算法
 •  善于沟通，有责任心，学习能力强，能够承担一定的工作压力；
 •  数学、统计学、计算机相关专业或工作背景优先（985/211）
 •  热爱出行行业，相信通过技术可以提升城市交通效率
",1,0,0,0,1
96,风控数据分析师,优得网络,北京,50-150人,本科,未融资,数据服务,22.5,3-5年,,"[""带薪年假"",""年底双薪"",""弹性工作"",""节日礼物""]","
        岗位职责：
1. 负责根据业务需求，对业务专题进行多维度统计分析；
2. 理解业务数据，参与设计风控指标体系；
3. 负责参与数据处理、特征挖掘、特征分析；
4. 根据挖掘风控指标进行风控策略探索；
任职要求：
1. 数学、统计、计算机、金融等相关专业背景，本科以上学历；
2. 熟悉常用的数据挖掘和机器学习算法，如分类、回归、聚类等；
3. 良好的逻辑思维能力，对数据敏感，能够使用数据解决实际的业务问题；
4. 良好的沟通表达、自我学习能力；
5. 有金融领域风控算法设计经验者优先。

",0,0,0,0,0
98,数据分析师（风控/反作弊）(J8KN1),乐我无限,北京,500-2000人,本科,B轮,社交,30.0,3-5年,,"[""带薪年假"",""午餐补助"",""专项奖金"",""绩效奖金""]","
        职位描述
1. 基于每日海量用户行为，分析和挖掘数据，发现用户行为模式与规律，提高风控业务效果。
2. 建立完善的异常指标监控体系，快速发现及定位作弊行为。
3. 建设风控数据分析平台。

 职位要求
1. 有三年以上数据分析经验。
2. 掌握 python 语言，掌握常见的数据分析工具和可视化分析方法（numpy / scipy / pandas / matplotlib / seaborn 等）。
3. 有良好的沟通能力和业务理解能力，可以主动推进项目持续发展。
4. 有直播行业工作经验、风控或者反作弊工作经验者优先。

",1,0,0,0,0
99,智能设备-数据分析专员(J11223),明略科技集团,北京,2000人以上,不限,D轮及以上,数据服务,9.0,不限,,"[""六险一金"",""年底双薪"",""绩效奖金"",""完成E轮融资""]","
        工作职责:
1、整理收集基础经营数据，与财务、销售等业务部进行周期数据对接，进行数据统计分析；
2、计算并管理日常运营指标，及时反馈各项指标运行情况，配合各业务部门输出相关数据，为经营分析提供数据支持（数据相关管理分析准确率应达到100%）
3、进行经营相关合同拟定、初审和管理。
4、对数据有一定敏感性，能通过数据挖掘问题并提出合理化建议；
5、其他日常运营支持管理相关工作及上级交办的临时事项；
任职资格:
1、重点院校本科及以上学历，具有数据分析经验优先；
2、1年以上数据分析或商业分析经验； 
3、良好的沟通能力，强烈的责任心和使命感，执行力强，富有团队合作精神
        ",0,0,0,0,0
100,游戏数据分析师,奇客创想,北京,150-500人,本科,不需要融资,游戏,14.0,1-3年,,"[""五险一金"",""带薪年假"",""年底双薪"",""绩效奖金""]","
        工作职责：
1、定期推送运营报表，及时监控运营情况；
2、通过数据分析，挖掘业务问题，提出优化建议；
3、日常业务数据的提供，维护业务部门的业务数据库；
4、对售后源数据进行收集、整理、存档，完善部门数据支撑平台；
5、统计渠道投放数据，提供分析报告，从数据角度为投放工作提供客观依据。

任职要求：
1、本科以上学历，熟悉excel的使用，熟练使用图表及函数功能；
2、有丰富的游戏经验，并对游戏活动有一定的见解，对目标产品类型有深刻的理解；
3、具有良好的分析能力和逻辑思维能力，创新的思想，愿意接受新的挑战；
4、要求有一定的文字组织能力，语言表达和沟通能力。
        ",0,0,0,1,0
101,商业数据分析师,滴滴,北京,2000人以上,本科,不需要融资,汽车丨出行,30.0,3-5年,,"[""弹性工作"",""节日礼物"",""岗位晋升"",""技能培训""]","
        职位描述：
1. 建立数据分析框架体系，为产品和研发提供有质量的策略分析数据支持； 
2. 通过数据监控能快速精准的发现问题，并通过深入分析与业务部门沟通解决； 
3. 针对商业场景，建立数据体系规划、完成评估职能，并不断修正逻辑； 
4. 根据业务形态和分析，逐渐积累可供业务产品使用的数据模型逻辑，组织跨部门协调沟通，推进产品及运营实施，确保产品及运营不断优化业务实践； 
5. 处理业务相关的临时需求，并对于常用重要需求转化成数据产品；
任职要求
1. 数学、统计、计算机软件、管理信息系统、运筹学等相关专业本科或以上学历，大型互联网3年左右数据分析工作经验；
2. 具有良好的商业敏感度和数据分析技能，能够运用创新且实际的分析方法以解决复杂的商业问题 
3. 熟悉 sql/tableau/python，熟悉数据挖掘的常用算法； 
4. 具有较强的逻辑性，良好的沟通表达和组织协调能力； 
5. 优秀的团队合作精神、诚实、勤奋、严谨；
        ",1,1,1,0,0
102,行业数据分析（报告方向）,ZingFront智线,北京,50-150人,本科,A轮,数据服务,15.0,1-3年,,"[""绩效奖金"",""股票期权"",""领导好"",""扁平管理""]","
        岗位职责： 
1、收集、整理、分析移动互联网行业及公司产品数据； 
2、善用数据分析工具，输出行业研究报告、白皮书等； 
3、根据销售、市场、运营、产品等部门需求，进行专题内容的数据报告调研和输出。

任职要求： 
1、数学、统计、金融、计算机等相关专业全日制本科及以上学历； 
2、有一定的文案撰写能力； 
3、优秀的逻辑思维能力、数据分析能力，有较强的沟通能力； 
4、英文阅读能力佳，能够跟进海外行业信息者优先。
        ",0,0,0,0,0
103,高级数据分析专家,视野金融,北京,50-150人,本科,A轮,金融,40.0,5-10年,,"[""股票期权"",""绩效奖金"",""岗位晋升"",""扁平管理""]","
        岗位要求：
1、深入了解行业状况及客户需求，通过数据、产品、策略的综合运用，准确、及时的帮助客户解决风险问题；
2、熟悉行业数据情况，挖掘数据源及其应用价值；
3、规划并设计数据服务的商业模式，通过分析进而对系统、产品及算法提出优化需求，帮助产品不断迭代
任职资格：
1、本科以上，计算机、数学、统计相关专业；
2、5年以上数据模型及数据挖掘分析项目工作经验；
3、熟练构建各类数据挖掘分析模型
4、咨询公司优先~
        ",0,0,0,0,0
104,商业化数据分析专家,360,北京,2000人以上,本科,上市公司,信息安全,35.0,5-10年,"[""免费班车"",""试用期上社保"",""试用期上公积金"",""地铁周边"",""试用享转正工资""]","[""专项奖金"",""年底双薪""]","
        职位描述:
 1、基于对业务深入理解的基础上，搭建业务分析模型，为业务提供数据决策和数据支持；
2、负责业务数据系统规划建设，构建业务数据模型；
3、深入了解业务发展需求，统筹规划业务团队的日常数据监控及分析，灵活支持产品以及业务模块的数据分析命题；
4、针对异常数据进行预警、解读和挖掘，并提出解决方案。
 任职要求:
 1、大学本科学历，具有数据分析和建模相关理论知识；
2、6年以上数据分析工作经验，具有数据提取，经营分析，数据体系构建，策略方面的成功实践和经验；
3、能够有效沟通，与业务和产品团队有效配合，推动相关工作落地，有管理经验优先；
4、能够主动学习，分析业界最新动态和技术，并应用到数据分析工作中。
        ",0,0,0,0,0
105,校招-数据分析师,时趣social-touch,北京,500-2000人,本科,D轮及以上,移动互联网,9.5,应届毕业生,,"[""弹性工作"",""年终奖金"",""个性福利"",""带薪年假""]","
        岗位描述：

1. 参与业务部门数据分析需求分析及实现，根据业务部门需求完成电商、社交平台数据清洗与数据分析工作；

2. 根据电商、社交等平台舆论数据深入分析行业数据、用户行为画像与商业数据的价值；

3. 基于业务部门数据需求规划分析思路，进行深入数据分析，形成数据分析报告，为业务部门提供科学决策支持；

4. 深入理解业务基础上，结合业务目标，构建行业分析模型。

任职要求：

1. 统计学、数学等相关专业硕士科及以上学历；

2. 对数据有足够敏感性，逻辑思维缜密，具有一定撰写数据报告能力；

3. 具有良好的团队协调能力和团队合作精神，有一定抗压能力；

4. 具有一定编程基础，熟悉sql/r /python/spss（一种或多种）等数据分析和统计分析工具;

5. 数据分析或用户研究等相关实习经验背景优先。

",1,1,0,0,1
106,数据分析产品经理,知网,北京,2000人以上,硕士,上市公司,电商,11.0,1-3年,,"[""美女多多"",""带薪年假"",""绩效奖金"",""岗位晋升""]","
        一、岗位职责
1、构建一套支撑产品设计、市场经营决策的数据指标体系和数据分析模型，设计数据分析系统；
2、实时校验数据埋点的准确性和精准性，把握用户需求和动向，挖掘用户关注点，探寻产品的优化和增长点；
3、对个人/群体的学习数据进行分析与预测；
4、数据收集清洗校验、数据可视化和数据服务产品化研究等。

二、任职要求
1、一年以上数据产品相关经验，有教育行业经历优先；
2、硕士及以上学历，数学、统计、计算机及相关专业优先；
3、良好的数据洞察、逻辑思维能力，能将各维度数据转化为产品价值；
4、熟练使用mysql进行大数据处理与分析工作；
5、熟练使用excel、ppt进行数据分析、报表及数据报告制作；
6、具有优秀的沟通能力及合作精神，责任心、自驱力、抗压力强。
        ",0,1,0,1,0
107,大数据分析师,马上金融,北京,2000人以上,本科,不需要融资,金融,27.5,5-10年,,"[""股票期权"",""年终分红"",""绩效奖金"",""带薪年假""]","
        岗位职责：
1. 对接营销业务部门、产品部的数据分析需求，以数据结果为业务赋能。输出形式包含但不局限于bi报表，数据分析报告。
2. 营销场景数据挖掘与分析。基于公司业务数据，结合其他公开数据分析，为营销效果提升提供决策支撑。
3. 负责业务需求整理与分析工作的数据模型开发，etl调度任务维护。
4. 开发基于分析结果的数据应用，提升数据结果在公司内部的影响。

应聘资格要求：
1、精通sql， 熟练使用python；
2、两年以上分布式大数据处理经验；
3、逻辑性强、善于创造及改进分析方法；
4、有客户画像、dmp数据处理经验优先。
        ",1,1,0,0,0
109,高级数据分析工程师(J12771),新东方,北京,2000人以上,本科,上市公司,教育,27.5,5-10年,,[],"
        工作职责:
1、基于对业务的理解，配合数据产品经理的工作，搭建出可以准确反映业务运作的数据指标体系，响应业务部门的数据需求。
2、围绕核心指标的变动、公司重点项目等展开专项课题分析，建立良好的数据监控和汇报机制，为业务部门提供决策支持。
3、不断整合与挖掘已有的策略问题，优化、调整策略方案，完善产品策略。
4、研究互联网教育的特点，寻找业务潜在增长点，推荐用户增长。

任职资格:
1、本科以上学历，数学、统计学级计算机专业优先，3年以上工作经验，有在线教育背景经验优先。
2、熟练掌握sql，熟悉python/r等任意一种数据处理的编程经验。
3、逻辑清晰，主动进取，较强的沟通能力，善于团队合作，主动思考及推荐工作。
4、具备良好的分析和解决问题的能力，具备良好的项目推动能力和执行力。
5、有较强的沟通能力、抗压能力、主动性及团队合作精神。
6、有灵敏的市场嗅觉和行业洞察力，具备优秀的信息整合、逻辑组织和观点提炼能力，并愿意长期从事数据分析相关工作。
        ",1,1,0,0,0
110,高级数据分析师(J12284),安居客,北京,500-2000人,本科,上市公司,移动互联网,25.0,3-5年,,"[""年底双薪"",""绩效奖金"",""带薪年假"",""五险一金""]","
工作职责:1.建立事业群数据体系，为管理层及各业务部门提供决策支持；2.负责收集整理各业务数据，对多种数据源的进行深度诊断性组合分析、挖掘、深度分析和建模，对相关数据进行深度挖掘分析；3.对公司业务的运营进行评估和建议，从数据的角度推动公司运营决策、产品方向和运营；4. 深入理解业务，发现业务特征潜在机会，并给出有效的行动建议。任职资格:1. 本科及以上学历，统计学、应用数学、经济学相关专业优化2.深入理解统计假设检验原理，熟悉a/b test流程和原理；3.5年以上数据分析经验，有过海量数据分析经验优先4.具备良好的沟通能力和表达能力，有独立开展业务调研、数据分析、报告编写的经验；5. 对数据驱动业务有深入理解，对数据与业务方面有足够敏感性，有较强的逻辑分析能力，有较强的独立思考能力；6.至少精通excel, sql, python, r一种工具
",1,1,0,1,0
112,数据分析工程师,宏图世展,北京,50-150人,本科,不需要融资,移动互联网,12.5,不限,,"[""五险一金"",""通讯津贴"",""带薪年假"",""年度旅游""]","
        岗位职责：
1.根据业务需求进行数据分析及指标整理；
2.提炼关键业务诉求，并推进数据应用产品化或线上化工作；
3.监测分析产品运营状况，解释异常波动；
4.通过对业务要求的理解，制定各类分析报表模板并进行跟进和维护;

任职要求：
1.本科及以上学历，数学、统计及计算机专业背景为佳；
2.1-2年左右互联网数据分析相关经验；
3.熟悉oracle/mysql等主流数据库，熟练运用sql；
4.有业务运营分析经验者优先；
5.熟练使用r/python等任一统计分析工具；
6.熟练使用office工具，特别是excel；
7.有较强沟通能力、理解能力和自学能力。

",1,1,0,1,0
113,数据分析师,达达集团,北京,2000人以上,本科,上市公司,消费生活,30.0,不限,"[""免费班车"",""新婚红包"",""定期调薪"",""电脑补贴"",""生子红包"",""地铁周边"",""超长年假"",""定期团建"",""6险1金""]","[""弹性工作"",""股票期权"",""扁平管理"",""技术氛围浓厚""]","
        1 、负责o2o电商日常运营数据的统计, 监控, 梳理指标体系；
2、基于海量用户行为数据, 挖掘不同业务场景下的数据洞察, 发现运营中潜在的问题与机会, 协助推进解决方案的落地和应用；
3、深刻理解数据和业务的关系, 进行各因素影响的量化分析, 通过分析报告和数据结论驱动产品和运营的核心策略的制定和优化。

要求
1、本科以上学历, 数学, 统计学, 计算机等相关专业；
2、精通sql, excel, r或python等工具和语言；
3、具备很好的逻辑思维和数据思维能力, 对数据和业务有足够的敏感性；
4、良好的理解, 沟通, 表达, 团队协作, 跨部门协作能力；
5、有互联网或电商行业经验优先
        ",1,1,0,1,0
114,数据分析,达达集团,北京,2000人以上,本科,上市公司,消费生活,30.0,3-5年,"[""免费班车"",""新婚红包"",""定期调薪"",""电脑补贴"",""生子红包"",""地铁周边"",""超长年假"",""定期团建"",""6险1金""]","[""弹性工作"",""股票期权"",""扁平管理"",""技术氛围浓厚""]","
1 、负责o2o电商日常运营数据的统计, 监控, 梳理指标体系；
2、基于海量用户行为数据, 挖掘不同业务场景下的数据洞察, 发现运营中潜在的问题与机会, 协助推进解决方案的落地和应用；
3、深刻理解数据和业务的关系, 进行各因素影响的量化分析, 通过分析报告和数据结论驱动产品和运营的核心策略的制定和优化。
要求：
1、本科以上学历, 数学, 统计学, 计算机等相关专业；
2、精通sql, excel, r或python等工具和语言；
3、具备很好的逻辑思维和数据思维能力, 对数据和业务有足够的敏感性；
4、良好的理解, 沟通, 表达, 团队协作, 跨部门协作能力；
5、有互联网或电商行业经验优先。
",1,1,0,1,0
115,高级数据分析工程师,中邮信息科技（北京）有限公司,北京,500-2000人,本科,不需要融资,其他,35.0,5-10年,,"[""技能培训"",""六险二金"",""多样技术环境"",""平台稳定""]","
        岗位职责：
1. 负责对邮政各板块业务的数据支持工作，对业务数据进行深度分析和挖掘，创建大数据分析流程，进行数据探索分析，构建分析模型，输出数据分析报告；
2. 对公司专题分析与数据产品需求进行开发及部署维护，包括但不限于：数据处理、特征提取、模型部署、线上监控、评估调优等工作。

岗位要求：
1. 统计学、计算机、数学等相关专业本科及以上学历，具有较强的数据建模及数据挖掘能力；
2. 具有3年以上相关行业数据分析经验，能主导并擅长用多种分析手段和建模方法解决实际业务问题；
3. 对数据驱动业务有深入理解，对数据与业务方面有足够敏感性，具有较强结构化思维、逻辑分析能力、独立思考能力和沟通执行力；
4. 精通python、c++、java等至少一种编程语言，精通数据库语言，如sql、hive等；
5. 熟悉机器学习、深度学习等主流模型算法；
6. 具有快递、电商、金融行业业务经验者优先；
有从0到1的完整数据产品开发经验者优先。
        ",1,1,0,0,0
116,大数据工程师（数据分析平台）,明略科技集团,北京,2000人以上,本科,D轮及以上,数据服务,22.5,1-3年,,"[""六险一金"",""年底双薪"",""绩效奖金"",""完成E轮融资""]","
        工作内容:
- 负责数据分析平台的架构设计和实现.
- 数据平台性能调优, 系统优化和改进, 保证系统性能与稳定.
- 负责一些数据挖掘和机器学习项目.
- 研究业界最新的大数据技术, 对于新的业务需求提供大数据系统解决方案.
- 参与团队技术建设.

职位要求:
1. 本科及以上，计算机、数学等相关专业, 英语6级
2. 3年及以上工作经验, 有数据平台, 数据分析，机器学习相关项目优先
3. 熟练掌握java/scala/python等至少一门开发语言, 熟悉linux环境
4. 熟悉hadoop生态相关组件，如spark/hbase/hive等, 了解其运行原理, 有实际项目经验和调优经验
5. 了解一些基本的机器学习算法，有机器学习相关项目优先
        ",1,1,0,0,0
117,数据分析,贝壳,北京,2000人以上,本科,上市公司,房产家居,30.0,3-5年,"[""免费班车"",""免费健身房"",""免费下午茶"",""一年调薪1次"",""一年调薪2次"",""15薪"",""弹性工作"",""地铁周边"",""定期团建"",""工作居住证"",""超长年假"",""6险2金""]","[""股票期权"",""带薪年假"",""绩效奖金"",""扁平管理""]","

工作职责：1、负责b端业务为主的业务数据分析2、产出对业务有推动作用的模型策略和方法论支持，深度参与重点项目运营中 3、根据业务发展需要，对业务数据进行开发和系统性管理，包括数据入库对接和数据口径标准化4、建设常规业务、策略分析报表、报表权限管理任职资格: 1、统招本科及以上学历，三年以上相关工作经验2、有数据分析经验，数据敏感性强3、良好的跨团队沟通能力、合作精神4、熟练使用sql、excel、ppt
",0,1,0,1,0
118,数据分析师,数美,北京,150-500人,本科,C轮,企业服务,15.0,1-3年,,"[""年底双薪"",""大数据"",""带薪年假"",""通讯津贴""]","
        【岗位职责】

1、负责产品的策略、效果的分析，给出策略持续优化的意见
2、深入理解业务，发现业务特征，进行衍生数据价值挖掘



【任职条件】
1、数学、统计学、经济学、计算机等相关专业者优先；本科及以上学历
2、熟练掌握多种统计和分析方法，精通sql、excel等
3、思路开阔且灵活，对数字敏感，善于从数据中发现问题并抓住重点；
4，具备良好的数据敏感度、良好的逻辑思维，能及时发现和分析数据中隐含的变化和问题；
5、良好的逻辑思维能力，能够从海量数据中发现有价值的规律



【关于数美】www.ishumei.com

数美科技成立于2015年6月，致力于为全球客户提供专业的ai业务风控服务，由国内知名vc机构腾讯、襄禾资本、顺为资本、清流资本、bv百度风投联合投资，为互联网、互联网+、以及产业互联网客户提供全栈式、可信赖的业务风控解决方案。

团队核心成员均来自百度、阿里、腾讯、360、小米等知名互联网企业，拥有10余年搜索、安全、语音等互联网在线产品研发经验。

4年探索深耕，数美科技基于先进的人工智能技术，构建了全场景、全流程、全维度业务风控产品矩阵与秒级迭代全球saas ai风控服务网络，承载海量风险识别请求，以业务、模型、数据驱动的产品实现快速进化。

数美科技结合多年黑产对抗经验打造全栈式实时智能风控引擎-天网，旨在为客户解决营销欺诈、支付风控、数据盗爬、欺诈广告等风险问题；同时，结合人工智能技术打造全栈式智能内容识别引擎-天净，为客户提供一站式的智能内容安全解决方案，帮助客户识别文本、图片、音频、视频、网页中出现的涉黄、涉政、低俗、色情、导流广告等问题，规避业务风险，提升运营效率。

数美科技的业务风控服务已成功覆盖游戏、直播、新零售、地产、电商、视频、金融、媒体、旅游、出行、教育等行业。

截至目前，数美科技已服务华润置地、苏宁、云闪付、酷狗、爱奇艺、映客、探探、vipkid、b站、汽车之家、游族、小红书、keep等上千家知名企业。

…………………………………………………………………………

了解更多：www.ishumei.com
        ",0,1,0,1,0
119,HR数据分析师,作业帮,北京,2000人以上,本科,D轮及以上,工具,20.0,3-5年,"[""一年调薪2次"",""免费体检"",""7险1金""]","[""免费三餐"",""技术氛围浓厚"",""定期体检"",""新鲜水果""]","
1、负责人力基础数据的统计、分析、提报，定期输出数据报告；
2、向各需求部门提供各类数据、分析报表，为业务决策提供数据支撑；
3、负责ehr系统维护及管理，出具各类人事统计报表及主数据维护；
4、负责人员异动的调整，组织架构的调整和更新。


任职资格:

1、统招本科及以上学历，人力资源、计算机相关专业优先；
2、3年以上相关工作经验，具有丰富的数据分析、数据处理等工作经验优先，熟练使用excel等办公软件；
3、具备较强的逻辑思维能力、数据分析能力、解决问题的能力； 
4、良好抗压能力，理解力、沟通协调能力、服务意识好，有较强的责任心。
        ",0,0,0,1,0
120,数据分析经理,作业帮,北京,2000人以上,本科,D轮及以上,工具,25.0,5-10年,"[""一年调薪2次"",""免费体检"",""7险1金""]","[""免费三餐"",""技术氛围浓厚"",""定期体检"",""新鲜水果""]","
工作职责：1.业务数据指标体系搭建，包括对业务目标进行设定和拆分，对业务过程和业绩目标达成进行复盘，支持薪酬与绩效考核体系的数据需求；2.对核心业务数据指标进行日常监测分析，包含但不限于业务过程和项目运营指标（日、周、月报分析维度与框架）、业务结果指标（团队总业绩分团队业绩达成、增速、环比等）；3、支持业务部门内或者跨业务部门的定期和不定期专项分析，产出专项分析报告。任职要求：1.统招本科以上学历，3年以上工作经验，有互联网或在线教育行业工作经验优先；2.丰富的大数据处理分析经验，能够熟练进行市场调研和报告撰写；3.熟练掌握相关分析工具，熟悉常见的数据、产品、用户、运营分析方法论；4.有极强的自我驱动力,善于沟通合作。
",0,0,0,0,0
122,数据分析师,nice,北京,150-500人,本科,C轮,社交,15.0,1-3年,,"[""股票期权"",""年底双薪"",""绩效奖金"",""五险一金""]","
工作职责：
1、分析交易数据，产出数据分析报告，为业务提供数据决策和策略支持；
2、分析交易风险,与合规部门合作控制交易风险；建立数据模型,预测未来数据变化；
3、通过数据监控快速精准发现问题，与各团队进行沟通，落实改进措施；
4、分析相关的行业趋势，为业务提供有价值的行业趋势分析和方向建议。
任职要求：
1、统计学、数学等相关专业本科以上学历，3年以上互联网数据分析经验；
2、掌握一定的数据分析策略和方法，对数据有很高的敏感性，能不断进行数据分析和挖掘，给予运营有效建议和指导；
3、具有良好沟通协调能力、良好的抗压性、高度的责任心和团队协作精神，
4、时尚潮流、球鞋、美妆兴趣爱好者加分。
",0,0,0,0,0
123,商业运营平台部_CRM产品经理(数据分析方向),百度,北京,2000人以上,本科,不需要融资,工具,27.0,3-5年,"[""免费班车"",""试用期上社保"",""免费下午茶"",""一年调薪4次"",""话费补助"",""5险1金"",""定期团建"",""6险1金""]","[""股票期权"",""弹性工作"",""五险一金"",""免费班车""]","
        工作职责
-负责百度销售体系的分析型crm数据平台产品规划、设计与项目落地实施
-调研、收集、整理业务部门需求，并形成分析调研报告，为产品迭代提供有价值的功能规划建议
-编写产品规划方案、并组织开展方案讨论、评审工作，为最终的需求文档负责
-基于业务需求设计产品原型，负责与技术研发团队紧密配合，推进产品研发，达成产品目标
-负责产品落地推广与运营管理工作，保证产品用户体验和客户满意度
任职要求
-本科及以上学历优先
-具备3年以上企业信息化建设经验，熟悉bi/dw等领域的相关技术，具有实际项目经验
-数据敏感性强，具有敏锐的数据洞察能力，善于从数据变化中发现问题
-具有极强的责任心，工作认真细致，逻辑思维清晰
-熟悉互联网行业特性，具有一定程度业务洞察力，了解商业产品知识，能清晰的理解商业推广等流程
-具备良好的沟通及组织协调能力 和自我驱动能力，能够在复杂业务环境下，站在多赢的角度寻求最优的解决方案，并驱动相关人员达成项目目标
-具有良好的项目管理方法和技巧
-具有产品规划与设计能力，熟练使用axure等产品设计工具

",0,0,0,0,0
124,商业广告数据分析,网易,北京,2000人以上,本科,上市公司,电商,22.5,3-5年,,"[""节日礼物"",""技能培训"",""免费班车"",""带薪年假""]","
        【职位描述】
1：收入分析，数据引导：对平台现有广告收入数据进行分析，按照广告主行业，ka客户，平台各产品收入，软硬广收入，各广告位收入，采买方式等维度进行排序分析，为后续的广告产品优化及前端销售策略提供引导建议。
2：汇总分析用户产品数据：与商业化产品经理协同，日常关注并分析平台产品app日活，月活、核心页面流量变化趋势，投放数据情况，从数据中分析问题，与商业化产品经理讨论解决方案。
3：硬广及非标资源素材规范制作，刊例定价：与商业化产品经理及广告产品同事协同，针对新资源及优化资源，通过产品给出的uv pv等数据进行分析，预估可用库存量，制定售卖逻辑，素材尺寸，规范及定价。
4：库存管理，风险预判：对广告系统的库存情况进行实时监控和管理，根据库存售卖情况，给出健康度评估报告，给销售端提出建议。
5：外部市场信息收集：收集市场的行业资讯，对广告主投放进行扫描，分析在线学习市场的数据报告，不同类型目标受众的分析报告等，分类汇总，定期输出给销售端，产品端及市场部。


【职位要求】
1: 3年以上商业数据分析相关工作经验。
2：独立完成过媒体资源的定价，素材规范设定等工作。
3：独立完成过媒体广告收入分析及库存管理相关工作。
4：对数据有非常高的敏锐度，能通过数据分析发现问题并判断趋势变化。
5：做事有耐心，够细心，有恒心。

",0,0,0,0,0
125,数据挖掘/数据分析专家,360,北京,2000人以上,本科,上市公司,信息安全,32.5,3-5年,"[""免费班车"",""试用期上社保"",""试用期上公积金"",""地铁周边"",""试用享转正工资""]","[""专项奖金"",""年底双薪""]","
        岗位职责:
1.理解安全数据分析业务需求，运用统计建模，数据挖掘，机器学习方法从360海量存储中挖掘0day/nday攻击事件/apt攻击事件或者新的恶意**/木马；
2.利用360海量数据进行事件挖掘，通过用户标签体系构建及模型构建，面向攻击事件挖掘/漏洞攻击挖掘/攻击团队画像/新攻击样本发现等应用提供模型及算法支撑
3.进行数据挖掘模型以及相关系统的开发，评估，部署，监控优化工作；
4.深入安全业务，利用对数据的理解和数据挖掘结果，与其他小组或团队协同完成整个攻击链事件和溯源过程的完善和还原
任职要求:
1.具有统计学，计算机，数学相关专业背景，掌握扎实的统计学，数据挖掘，机器学习理论基础； 3年以上工作经验
2.具备工程开发能力，熟练掌握python r编程语言
3.具有数据挖掘，机器学习相关项目经验
4.自我驱动能力，对新技术有强烈求知欲和学习能力
5.良好的英语听说读写能力，良好的团队沟通合作能力
具备以下条件优先
1.参加过kaggle或类似比赛并获得不错名次
2.在有影响力的会议或期刊发表过数据挖掘，机器学习相关论文
3.有大数据挖掘，自动化风控，征信，互联网金融，攻击溯源等相关经验
4.参与过商业化的模型（分类器，推荐系统，nlp模型等）落地项目
        ",1,0,0,0,0
126,数据分析工程师,什么值得买,北京,500-2000人,本科,上市公司,电子商务,17.5,3-5年,,"[""技能培训"",""带薪年假"",""各种主题趴"",""海量产品体验""]","
        工作职责:
1、对接业务部门，根据实际业务情况设计埋点体系，保障埋点质量，有神策数据、友盟、growing io等使用经验者优先；
2、分析流量、内容、订单等核心数据，形成可视化报表；
3、分析用户行为、特性等，产出可行性的产品改进方案；
4、负责数据指标体系的搭建、优化和管理；
5、沉淀各业务方的数据分析思路与需求，与相关团队协作并推动数据产品或者报表的落地，实现数据产品化、自动化、智能化。
任职资格:
1、数学、统计、计算机、经济等相关专业本科或以上学历，2年以上数据分析经验，拥有电商相关行业分析经验优先；
2、掌握sql、python等数据处理和数据分析能力，能熟练使用常规bi工具如tableau、永洪、powerbi等，熟练使用finereport优先考虑；
3、有很强的数据调研分析能力，能清晰的给出产品定位，能深刻理解用户需求，从而提炼出产品的关键要素和核心功能；
4、协同能力强，有较好的数据推动落地能力，良好的承压能力。
        ",1,1,1,0,0
127,商业化产品数据分析,美图公司,北京,2000人以上,本科,上市公司,硬件,22.5,3-5年,,"[""节日礼物"",""与大牛共事"",""福利健全"",""五险一金""]","
        工作职责：
1、监控各类数据，分析比对数据变动；
2、定期分析各维度数据，提炼核心要点并制定建议；
3、了解各位广告产品特点及对应售卖情况，建议较优产品组合；
4、定期输出优秀案例及行业投放通案，指导广告主/代理商更好投放广告；
5、充分利用多维数据（销售、客户、变现、流量等），高效完成专题研究报告；
6、拆解、判断客户需求，并提出数据支撑之解决方案，并提供预估成效；
7、结构化与非结构化资料之萃取、清理、探勘与分析，洞察客户行为/属性，描绘客户画像与客群标签建立；
8、建置机器学习预测模型，预测趋势或客户行为，协助达成商业决策或风险识别。

任职要求：
1、本科及以上学历，3年以上数据分析经验，5年为佳，互联网广告相关行业者优先；
2、熟悉互联网广告业务流程，具备一定数据挖掘能力，能熟练使用excel、sql，至少熟悉r、sas、matlab、python中的一种，熟悉常用的数据统计和分析方法；
3、具备优秀数据分析能力，能够在多维度数据中提取核心有价值的结论；有优秀分析案例者优先；
4、学习能力强，具有较强的独立思考能力和自我驱动力；
5、逻辑清晰，具有良好的团队意识和责任心，上进心强，能承受一定的工作压力。
        ",1,1,0,1,1
128,数据分析经理,果壳,北京,150-500人,本科,C轮,社交,25.0,3-5年,,"[""技能培训"",""年度旅游"",""岗位晋升"",""家庭式三餐""]","
【岗位职责】
1、理解业务，构建业务指标体系，建立和完善日常业务报告体系；
2、及时、准确、完整地汇总业务线和项目的运作情况，提供数据分析报告；
3、对公司各项业务问题进行深入分析，输出专项分析报告，为业务决策提供数据支持；
4、参与数据仓库相关指标梳理，为数据仓库的构建提供支持。

【任职要求】
1、统招全日制重点本科及以上学历，数学、计算机相关专业，有海外留学经验优先。1年以上数据分析工作经验；
2、熟悉数据库原理，具备数据的处理能力，掌握hive、sql等相关数据提取工具、熟练操作excel、ppt等工具，熟练r，spss，sas等分析工具中的一种者优先；
3、良好的数据敏感度、逻辑思维能力和分析能力，能从海量数据提炼核心结果，有数据分析、挖掘、清洗和建模的经验优先；
4、独立编写商业数据分析报告，具备良好的商业敏感度和创新意识，快速识别商业问题和机会；
5、具备良好的沟通能力和团队精神，较强的学习能力，能承担一定的工作压力。
",0,1,0,1,1
129,数据分析工程师,什么值得买,北京,500-2000人,本科,上市公司,电子商务,22.5,1-3年,,"[""技能培训"",""带薪年假"",""各种主题趴"",""海量产品体验""]","
        工作职责:
1、对接业务部门，根据实际业务情况设计埋点体系，保障埋点质量，有神策数据、友盟、growing io等使用经验者优先；
2、分析流量、内容、订单等核心数据，形成可视化报表；
3、分析用户行为、特性等，产出可行性的产品改进方案；
4、负责数据指标体系的搭建、优化和管理；
5、沉淀各业务方的数据分析思路与需求，与相关团队协作并推动数据产品或者报表的落地，实现数据产品化、自动化、智能化。

任职资格:
1、数学、统计、计算机、经济等相关专业本科或以上学历，2年以上数据分析经验，拥有电商相关行业分析经验优先；
2、掌握sql、python等数据处理和数据分析能力，能熟练使用常规bi工具如tableau、永洪、powerbi等，熟练使用finereport优先考虑；
3、有很强的数据调研分析能力，能清晰的给出产品定位，能深刻理解用户需求，从而提炼出产品的关键要素和核心功能；
4、协同能力强，有较好的数据推动落地能力，良好的承压能力。
        ",1,1,1,0,0
130,数据分析师,京东集团,北京,2000人以上,本科,上市公司,电商,20.0,3-5年,"[""免费班车"",""免费体检"",""地铁周边""]","[""五险一金"",""带薪年假"",""免费班车"",""定期体检""]","
        主要职责：
1，参与编制事业部整体/各子业务单元年度、月度预算并观测实际达成情况；
2，每周及每月独立对事业部的整体和相关业务维度的各类运营表现情况进行分析并出具报告，具体包含：
-收集各类相关数据并基于分析需要进行数据处理
-根据业务逻辑选取/设定观测指标、建立分析模型和模板，并随着内外部管理环境的变化及时更新/优化
-对于异常数据表现，与相关负责人沟通了解原因，必要时进行数据层面的佐证/核实
-基于管理需要，将各类数据表现汇编成报告并向管理层呈现/汇报
3，评估现有数据源的适当性，必要时梳理分析工作所需要的底层数据，并与数据支持人员沟通明确落地方案
4，对于一次性/非常规的分析主题，基于对业务的理解设计适当的关注指标并相应输出结果，为报告使用人提供客观、准确的业务洞察或决策支持
5，主动深入业务，不断优化完善数据指标和维度，从而反向驱动业务
6，与人资部门对接，对各业务单元核心业绩考核指标的实际达成情况提供客观、中立的数据支持
7，上级委派的其他工作
任职资格：
1，全日制大学本科毕业，统计学、经济学、管理学或财务相关专业
2，3-8年在数据分析、经营分析、财务分析与预测或财务报告领域相关的工作经验；若该经验为在互联网行业或四大会计师事务所取得的更佳
3，具备企业管理和财务基本知识，mba更佳
其他要求：
1，诚实守信，秉持高标准的职业操守
2，学习和思考能力强，较好的沟通能力、文字功底和团队协作能力
3，优秀的数据处理、分析和文字表达技能，资深excel和ppt使用者，若熟悉数据/统计处理工具（例如tableau, qlik, power bi, r, sql等）的使用更佳

",0,1,1,1,0
131,数据分析-带团队,核桃编程,北京,500-2000人,本科,B轮,教育,37.5,5-10年,,"[""五险一金"",""弹性工作"",""年底双薪"",""午餐补助""]","
        全额六险一金
弹性办公扁平管理
免费的午餐&晚餐
团建小金库
生日福利
租房福利
与行业top人才共事
跨越式发展平台快速成长

工作职责:
1.基于对销售业务深入理解的基础上，搭建业务分析模型，为团队提供数据决策和策略支持；
2.向团队提供各类运营数据，及对相应的数据进行分析处理，以及提出对应的解决办法；
3.负责与bi团队合作，规划和建设运营数据系统；
4.深入了解业务发展需求，统筹规划数据运营团队的日常数据监控及分析，灵活支持产品以及业务模块的数据分析命题；
5.针对异常数据进行预警、解读和挖掘，并提出解决方案。

任职资格:
1．一类本科及以上学历，2年以上团队管理经验，具有数据分析相关理论知识；
2．对教育行业有兴趣和热情；
3．有5年以上互联网数据分析方面的经验，有成功通过数据分析和运营，改善经营结果的成功项目实践；
4．具有数据提取，数据分析，数据体系构建，流程优化，项目管理方面的成功实践和经验；
5．能够有效沟通，与研发和产品团队有效配合，推动相关工作落地；
6．具有创业精神，能承受一定工作压力，接受加班。
        ",0,0,0,0,0
132,资深数据分析工程师,诺悦智能,北京,50-150人,本科,未融资,数据服务,22.5,3-5年,,"[""年底双薪"",""股票期权"",""年终分红"",""专项奖金""]","
        岗位职责：
1. 与银行业务人员对接项目需求，能够将业务人员的业务术语转化成能够落地的计划方案，并结合技术及资源现状给出合理建议
2. 负责项目前期的需求撰写，后期的需求优化
3. 负责牵头主持会议协调开发人员对需求进行开发落地

基本要求：
1. 1年以上银行领域数据分析相关经验，3-5年以上数据分析经验
2. 熟悉银行风险业务场景，了解风控模型
3. 熟练使用sql，掌握脚本语言python
4. 有反欺诈、盗刷、反洗钱相关数据产品、建模经验
5. 熟悉大数据处理平台和工具，如spark、hadoop、hive、mllib

",1,1,0,0,0
133,数据分析工程师,诺悦智能,北京,50-150人,大专,未融资,数据服务,12.0,1-3年,,"[""年底双薪"",""股票期权"",""年终分红"",""专项奖金""]","
        岗位职责：
1. 对风险案例进行专题分析，排查原因优化系统
2. 独立进行数据清洗、特征加工、特征衍生
3. 搭建风控模型，并在后期进行迭代优化

基本要求：
1. 熟练使用python、sql进行数据处理与模型搭建
2. 掌握基本算法包括kmeans、决策树、逻辑回归、xgboost
3. 沟通理解能力较强
4. 学习能力强，且愿意学习新技术
        ",1,1,0,0,0
134,遥感算法数据分析师,泽泰征信,北京,15-50人,硕士,A轮,企业服务,22.5,3-5年,,"[""带薪年假"",""专项奖金"",""交通补助"",""技能培训""]","
岗位职责： 1、对卫星遥感影像数据进行分析处理；
2、参与相关遥感应用性项目，进行数据分析支持、进行报告编写； 3、负责遥感应用产品的需求调研、分析，形成需求文档； 4、研发卫星遥感影像处理相关算法（校正、配准、拼接等）；
5、研发图像处理和机器学习（深度学习）前沿算法，实现卫星遥感影像上的目标识别与提取。
技能需求： 1、遥感、测绘等相关专业；掌握遥感基本原理与地理信息系统基本原理，有良好的理论基础；
2、具有良好的信号处理、遥感图像处理基础和扎实的数学功底，有一定的模式识别、图像处理和机器学习等相关知识基础；
3、熟练使用arcgis、envi、erdas、pci、erdas 等软件； 4、熟悉opencv、gdal等开源库，具备较好的编程能力，熟练掌握idl++或python编程语言，能独立设计、编写遥感图像处理算法；
5、熟练掌握各种机器学习算法（决策树、支持向量机等）和深度学习算法（cnn、rnn等），并具备使用torch、caffe、tensorflow等主流的深度学习框架进行算法开发者优先；
6、熟悉sift等图像配准算法优先；
7、有较强的逻辑思维和理解能力以及独立分析问题和解决问题能力； 8、具备项目执行、项目风险防控能力；
9、优秀的协调能力、责任心、具备团队协作精神；
本职位为兄弟公司招聘，工作地点为北京望京soho。
",1,0,0,0,0
135,数据分析师（市场投放侧）,点众科技,北京,150-500人,本科,不需要融资,文娱丨内容,21.0,3-5年,,"[""年底双薪"",""股票期权"",""专项奖金"",""绩效奖金""]","
        岗位职责：
1、有投放基于各市场投放渠道分析与评估，并制定相应优化策略，辅助投放指标提升；
2、建立基于投放回收等roi预警监控，制定标准；
3、常规数据提取以及日常周报、月报。

岗位要求：
1、理工科相关专业，本科及以上学历，工作4年及以上；
2、熟练使用hive sql、掌握 tableau 等 bi 工具优先考虑；
3、具备数据敏感性和探知欲、分析、解决问题的能力，了解ab分析的基本知识，能够承受工作中的压力，专注数据的价值发现和变现转化；
4、工作认真、负责、仔细，有良好的团队合作精神，良好的分析问题能力、沟通技巧及数据呈现能力；
5、有市场投放分析经验优先。
        ",0,1,1,0,0
136,数据分析师（产品运营）,点众科技,北京,150-500人,本科,不需要融资,文娱丨内容,21.0,3-5年,,"[""年底双薪"",""股票期权"",""专项奖金"",""绩效奖金""]","
        岗位职责：
1、负责产品运营业务的数据管理、业务分析工作，对各类分析任务中发现的问题，进行跟踪、定位、分析工作；
2、基于对用户、产品、运营理解，辅助产品提升用户转化效率。

岗位要求：
1、理工科相关专业，本科及以上学历，工作4年及以上；
2、熟练使用hive sql、掌握 tableau 等 bi 工具优先考虑；
3、具备数据敏感性和探知欲、分析、解决问题的能力，了解ab分析的基本知识，能够承受工作中的压力，专注数据的价值发现和变现转化；
4、工作认真、负责、仔细，有良好的团队合作精神，良好的分析问题能力、沟通技巧及数据呈现能力；
5、有c端产品数据分析经验，了解熟悉神策优先、热爱阅读优先。
        ",0,1,1,0,0
137,行业大数据分析科学家,K2DATA,北京,150-500人,本科,B轮,数据服务,22.5,5-10年,,"[""风口行业"",""顶尖团队"",""扁平管理"",""学习型组织""]","
岗位说明：

针对重点工业行业（能源，石化，汽车，半导体，oem等）的智能制造与工业互联网的需求，深入现场了解业务需求，运用数据分析算法解决客户实际问题。
 利用先进的数据分析技术，去解决典型的行业挑战；从行业的大数据分析需求，抽象提升新型数据分析问题和算法；基于大数据基础平台（如spark/hadoop)或并行计算环境，实现高效的数据挖掘算法。

岗位要求
1. 具有清晰的系统思维逻辑，对解决行业实际问题具有浓厚兴趣
2. 独立定义和解决数据分析/数据挖掘问题的能力
3. 精通数据清洗和常用数据挖掘/机器学习算法，有丰富的实际项目经验
4. 至少精通一种数据分析软件工具（如r, python, matlab等）
5. 有良好的客户沟通，业务咨询、团队合作与项目管理能力
6. 有程序开发经验（如java, c++, web等），熟悉面向对象的设计
7. 熟悉常用数据库、大数据平台、并行化计算等技术
8. 熟悉信号处理、优化算法、深度学习等算法
9. 3年以上工作经验

优先条件：
1. 工业专业教育背景或者工作经历（如自动化、机械、电气、石化、半导体等）优先
2. 熟悉工业流程、工业通信协议，scada/mes/plm等工业软件
",1,0,0,0,0
138,数据分析师-用户运营方向,悟空租车,北京,150-500人,本科,B轮,消费生活,17.5,3-5年,,"[""专项奖金"",""股票期权"",""带薪年假"",""早晚餐""]","
        岗位职责：
1、负责三方对外合作渠道推广，维护渠道关系，解决渠道推广中的各种突发问题
2、有支付宝小程序运营和推广经验为加分项
3、负责监测、搜集、整理和分析渠道运营数据和信息，及时优化渠道效果，为渠道推广结果和质量负责。
4、优化app及小程序用户从激活到下单的各环节漏斗，能够有效对用户做分层并做针对性营销触达，提升各环节转化率
5、有极强的数据分析能力，能够通过分析业务数据寻找增长点，合理的优化运营数据模型。
任职要求：
1. 3年以上用户运营，用户增长或数据分析工作经验
2.具备很强的数据分析和定义问题的能力，能够发现问题解决问题；
3.具备出色的服务意识和沟通协调能力，能够组建并管理团队、协助他人成功；
4.能够承担较大的工作压力和责任。
        ",0,0,0,0,0
140,数据分析工程师（高级）,联通支付有限公司,北京,150-500人,本科,不需要融资,金融,30.0,5-10年,,"[""带薪年假"",""交通补助"",""通讯津贴"",""午餐补助""]","
        岗位职责:

1、使用各种无监督和有监督方法对用户行为分析建模；
2、能使用各种高效的算法处理百亿用户数据，开展线上算法实验；
3、负责研发机器学习、nlp相关算法，负责完成智能解析、辅助决策、智能预测等各种场景；
4、完成上级领导临时交办的其他工作任务。


任职资格:

1、硕士以上学历，数学、统计学或计算机等相关专业；
2、有良好的数学基础，4年以上数据挖掘、机器学习经验，熟悉lgbt、xgboost,svm,回归,聚类等常用算法，有深度学习方向经验，熟练使用tensorflow、keras之一；
3、精通python、java、scala至少一种语言；
4、有信用评级、社区发现、风控建模、知识图谱、强化学习、迁移学习经验者优先考虑；
5、较强的学习能力，思维敏捷，勤于思考，较好的英文读写能力，很高的成就感追求。

",1,0,0,0,0
141,校招-数据分析挖掘工程师(J12225),东方国信,北京,2000人以上,本科,上市公司,数据服务,4.0,应届毕业生,"[""早九晚六"",""免费下午茶"",""免费体检"",""地铁周边"",""晋升机制""]","[""大数据软件"",""技能培训"",""节日礼物"",""年底双薪""]","
        工作职责:
1、进行需求分析、模型设计等工作；
2、基于大数据（或数据仓库）构建数据挖掘模型； 
任职资格:
1、熟练使用建模工具，如spss\clementine\r等； 
2、至少熟悉一种数据库的操作oracle/mysql，具有良好的sql编写与优化能力；
3、思维清晰、有逻辑，学习能力强，具备一定的分析能力； 
4、具有全日制普通高等院校本科(含)及以上学历，计算机、软件、数学、统计、通信、自动化、网络工程、信息安全、地理、等相关专业；
        ",0,1,0,0,1
142,高级数据分析师,北京中经惠众科技有限公司,北京,50-150人,本科,不需要融资,金融,20.0,5-10年,,[],"
        职责描述：
1、数据模型开发和分析；
2、负责解决数据平台应用所需数据质量，进行问题筛选识别、任务分解、整改跟进；
3、总结数据质量问题，分析数据质量趋势；
4、参与设计数据治理规范和标准；
5、参与建立数据质量评价体系；
6、完成领导临时交办的其他任务。
任职要求：
1、本科以上学历，财务、金融、统计、经济类，计算机相关专业毕业；
2、5年以上相关银行工作经历，熟悉银行业务架构和数据架构；
3、具备数据仓库项目实际经验，或监管报送集市项目经验，或客户风险领域项目经验；
4、熟悉sql，hive，spark技术；
5、有数据质量管理·经验者优先；有银行业数据治理项目经验者优先；
6、具备良好的分析问题和解决问题的能力；
7、具备良好的计算机使用能力，熟练使用办公软件；
8、具备良好的沟通能力。
        ",0,1,0,0,0
143,数据分析师（BLI）,极光,北京,500-2000人,本科,上市公司,企业服务,21.5,3-5年,,"[""五险一金"",""文体活动"",""团建旅游"",""美味晚餐""]","
        【工作职责】:
1、 研究数据挖掘或统计学习领域的前沿技术，针对海量用户行为和内容信息，构建和优化用户画像以及用户属性；
2、 完成数据整理、分析与建模工作，及时提供业务方支持；
3、 根据公司需要寻找和采集相关数据，对原始数据进行清理、甄别、归类和整合，并实现流程自动化。



【岗位要求】:
1、 本科及以上学历，计算机、数学、统计学等相关专业，过硬的大数据技术栈和扎实的计算机软硬件基础。
2、 3年以上海量数据下数据分析、数据挖掘、算法实施相关工作经验。
3、 熟悉运用python或者spark进行数据建模，熟悉hive、hadoop大数据处理技术的优先考虑
5、 熟悉geohash、有地产行业、移动互联网等领域经验的优先考虑。
        ",1,1,0,0,0
144,高级数据分析师,好未来,北京,2000人以上,本科,上市公司,教育,27.5,5-10年,,"[""上市公司"",""领军企业"",""五险一金"",""住福计划""]","
        工作职责:
1、独立负责公司核心业务的数据分析工作，并且对分析结果有深刻见解，利用数据分析结论推动业务的优化；
2、与业务部门和产品部门进行有效沟通，准确理解和把握数据需求，并对数据需求进行拆解和梳理，为其提供持续的数据支持；
3、与产品及数据团队有效配合，推动各项业务的基础数据建设，包括各类数据埋点、数据指标体系搭建和分析体系搭建；
4、对各项业务运营数据进行挖掘分析，对于已经成熟和固化的数据需求，推动自动化报表落地。 
5、输出数据价值及助力增长方向的数据产品规划及推进。

任职资格:
1、本科以上学历，5年以上数据分析经验，有教育行业背景经验优先；
2、良好的数据敏感度，熟悉常用的数据分析方法，如时间序列分析，逻辑回归，聚类和分类，有收入预测模型或用户增长经验优先；
3、熟练使用sql，至少会一种python，r，spss统计学工具，有算法经验优先；
4、具有良好的沟通能力、协调能力、复杂业务的结构化整理能力，拥有强烈的责任心和团队合作精神。
        ",1,1,0,0,1
145,销售数据分析师,土豆雅思,北京,150-500人,本科,A轮,教育,20.0,1-3年,,"[""午餐补助"",""带薪年假"",""绩效奖金"",""节日礼物""]","
工作职责：
1、根据销售业务和产品对数据模型进行统一分析和规划；
2、深入理解产品业务的方向和战略，通过数据分析、挖掘，为产品和运营提供决策支持；
3、参与用户调研，收集用户痛点并从用户体验视角分析用户心理与用户需求，建立用户画像；
4、优化产品中的数据分析和数据挖掘模型，改进现有业务数据模型。加强数据可视化的方式形成数据产品，从而支持业务的需要。

职位要求：
1. 统招本科以上学历，数学、计算机、统计学、经济学等相关专业，至少做过2年销售数据分析经验；
2. 熟悉数据分析流程，能够将业务逻辑转化为数据模型；
3. 有较好的学习驱动力及有效的学习方法，具备良好的沟通影响力，包括聆听分析他人真实观点能力，及简单、准确表述自身观点的能力；
4. 具有商业敏感度；深入理解数据处理过程和业务场景。
",0,0,0,0,0
146,业务数据分析师,车好多集团,北京,2000人以上,本科,D轮及以上,消费生活,25.0,3-5年,"[""一年调薪2次"",""15薪"",""mac办公"",""定期团建""]","[""带薪年假"",""弹性工作"",""免费班车"",""五险一金""]","
        岗位描述：
1.   对接业务线需求，对需求进行梳理，对业务问题进行深度诊断性组合分析、挖掘、深度分析，并给出建议；
2.   沉淀分析思路与框架，提炼数据产品需求，与相关团队（如技术开发团队） 协作并推动数据产品的落地 ；
3.   与相关团队协作进行数据建模工作，推动业务部门的数据化运营 。
岗位要求：
1. 统计学、数学、计算机相关专业的本科及以上学历，3年以上相关工作经验；
2. 有数据分析，数据运营、或者商业分析经验，互联网工作背景优先；
3. 对数据敏感，能够快速发现数据变化和隐藏问题；
4. 熟练sql，熟练使用excel处理、分析数据，能够独立撰写分析报告。
        ",0,1,0,1,0
147,商业数据分析师,DataStory,北京,150-500人,本科,B轮,数据服务,19.5,3-5年,,"[""颜值高"",""双休日"",""高大上团建"",""带薪假""]","
        岗位职责：
1、与客户沟通，理解、细化客户的数据分析需求，了解客户对数据需求背后的目的，更好地为客户提供解决方案。需求范围包括：企业网络舆情、品牌网络口碑、消费者洞察、社会化运营数据、产品体验和创新等；
2、根据商业背景和相关行业背景，搭建清晰的研究框架，设计研究方案，将客户需求落地；
3、基于多维大数据以及不同数据特点，使用公司自有大数据分析工具，洞悉数据背后的信息，满足客户的分析需求；结合自身和团队的研究经验，基于数据洞察结果提出合理的解决方案和意见，提升数据价值；
4、承担分析报告撰写的主笔工作。

任职资格：
1、本科以上学历；
2、有3年以上的咨询公司、广告/公关公司或大型企业市场研究或用户研究部门工作背景；
3、对制造、快消、互联网、零售等行业及商业模式有一定的了解，对数据有较高的敏锐性；
4、具备数据操作能力，熟练使用excel，熟练使用spss等至少一种统计软件；
5、具备独立完成ppt制作，报告撰写能力；
6、良好的英文写作能力，能撰写英文分析报告；
7、良好的沟通与表达能力，能与客户对接需求。
        ",0,0,0,1,1
149,商业数据分析师-BJ,深演智能,北京,150-500人,本科,D轮及以上,广告营销,20.0,3-5年,,"[""股票期权"",""年度旅游"",""美女多"",""弹性工作""]","
        工作职责:
1、负责公司数据产品的日常运营及数据应用，进行数据关系梳理，多维的数据收集、分析及可视化输出； 
2、通过数据分析、趋势分析、报表呈现、营销洞察等，为客户markting相关事宜提供专业解读、改进策略、实施建议等；
3、协助公司数据产品团队团队，提供相应数据分析、监测、评估、优化及迭代等建议，协助优化智能营销平台产品。

任职资格:
1、本科及以上学历，数学、统计学、市场营销、广告学、社会学等专业更优；
2、3年以上工作经验，有营销数据分析经验者优先，有调研咨询工作经验者优先；
3、熟练使用sql、excel，powerbi等进行数据可视化，熟悉r语言/python者优先；
4、有较强的逻辑思维能力、数据洞察力、总结提炼、沟通协调、团队合作能力。

2008年，我们由三位北大青年，前宝洁、麦肯锡、google高管联合创立而成，目前是一家分布于北京、上海、广州、西雅图、伦敦、新加坡、香港7个地区的国际性创新型人工智能公司，我们将致力于通过人、信息和决策场景的智慧连接，让人工智能真正赋能决策者，助力企业与社会数字化、智能化，加入我们你将获得：

无限广阔的行业前景： 让人工智能技术真实地应用和落地，横跨数据智能、智能营销多个万亿级别市场
**领先的行业地位：营销决策智能化行业****，占有59.8%的中国程序化广告市场份额
简单公平的职场环境：简单的人际关系、公平的晋升机制，我们相信每个人的努力都应该被看到
牛人聚集的精英团队：来自麦肯锡、宝洁、google、微软的核心团队，来自哈佛、哥伦比亚、清华、北大的骨干精英，与牛人同行，让自己变得更加优秀
充满挑战的工作内容：拒绝面试造火箭、入职拧螺丝，在深演新人也能承担千万级别的项目
全面健全的福利体系：六险一金、企业年金、员工宿舍、购房无息贷款、各种节日福利、再学习成长基金、国际交流学习机会
        ",1,1,0,1,0
154,资深数据分析-BJ,深演智能,北京,150-500人,本科,D轮及以上,广告营销,22.5,3-5年,,"[""股票期权"",""年度旅游"",""美女多"",""弹性工作""]","
        工作职责:
1、构建全面的、准确的、能反映服务业务特征的整体指标体系,并基于业务监控指标体系，及时发现与定位业务问题；
2、通过专题分析，对业务问题进行深入分析，为客户运营决策、产品方向、销售策略提供数据支持；
3、沉淀分析思路与框架，提炼数据分析路径和方法论，实线数据自动化和可视化需求 ；
4、与相关团队（如产品研发团队） 协作并推动数据产品的落地，同时为业务提供数据挖掘、模型及算法等相关服务，推动业务部门的数据化运营。

任职资格:
1、学历背景：
- 统计学、数学、计算机相关专业，全日制硕士及以上学历；

2、经验背景：
- 至少3-5年数据分析工作经验；
- 有管理咨询、商业分析经验者优先；
- 对汽车、快消或零售行业有实践经验者优先；

3、岗位能力：
- 熟悉数据库基本原理和结构，能熟练运用sql（懂python等语言的更佳），独立且高效地完成数据的提取及分析；
- 有丰富的数据清洗、分析、挖掘的经验，有数仓搭建或互联网数据产品经验的优先；并熟悉常用的数据挖掘方法论； 
- 较强的抗压能力，能在迅速变化的商业环境和动态的业务需求中，抓住重点并交出有质量的产出。；

4、软性能力：
- 良好的沟通、组织协调、推动能力；
- 责任心强，做事积极主动、执行力强。
        ",1,1,0,0,0
155,高级数据分析师,好未来,北京,2000人以上,硕士,上市公司,教育,22.5,3-5年,,"[""上市公司"",""领军企业"",""五险一金"",""住福计划""]","
        【岗位职责】
1.负责学而思培优用户增长方向的数据建设与分析。
2.协同产品和业务建立增长指标体系，对全流程数据进行监控与跟踪，指导业务快速迭代。
3.通过数据分析发现增长模式，支持业务决策。
【岗位要求】
1. 3年以上互联网数据工作经验，有用户增长相关经验者优先；
2. 数学，统计，计算机等相关专业研究生及以上学历；
3. 具备良好的数据敏感度，较强的业务理解与分析能力；
4. 具有较强的团队协作意识和良好的沟通能力，能适应压力下工作。
        ",0,0,0,0,0
156,数据分析师（输出行业报告）,热云数据,北京,150-500人,本科,B轮,数据服务,20.0,3-5年,,"[""六险一金"",""工作居住证"",""年度旅游"",""定期体检""]","
        岗位职责

1、针对移动互联网行业，进行搜集、整理、分析行业及产品数据；

2、围绕上述数据，输出行业研究报告、白皮书并保证输出频率；

3、协助搭建公司各产品维度指标数据分析体系；

4、及时响应市场、产品、运营、商务的数据统计或者分析需求；

任职要求

1、3年以上移动互联网从业经验或5年咨询/乙方agency工作经验优先；本科以上学历，统计、市场营销、管理类专业优先；

2、具备丰富行业数据挖掘分析的实战经验以及优秀的业务感觉；

3、具备优秀的沟通意识，良好的现场表达能力，能够独立负责和撰写报告；

4、工作积极主动，快速学习能力，强自驱力。

",0,0,0,0,0
157,数据分析师 (MJ001000),Keep,北京,500-2000人,本科,D轮及以上,社交,22.5,3-5年,,"[""定期体检"",""股票期权"",""年底多薪"",""岗位晋升""]","
        岗位职责：
1.配合业务部门（会员、电商、直播），通过数据挖掘和量化分析为运营和产品提供深度见解；
2.深入了解业务，结合分析结果设计业务指标体系和分析框架；
3.负责bi报表的日常维护，问题修复，数据处理和文档维护等；
4.根据业务发展形态，逐渐积累可供业务方使用的数据模型。

任职要求：
1.本科及以上学历，至少2年以上互联网数据分析经验；
2.熟练使用sql，tableau，r或python；
3.有会员、直播、电商供应链相关业务分析经验者优先；
4.具有较强的沟通能力及团队合作精神。
        ",1,1,1,0,0
160,营销数据分析师,安居客,北京,2000人以上,本科,不需要融资,企业服务,16.0,3-5年,,[],"
岗位职责：
1、负责部门数据报表（月度、季度）并提出数据分析及运营策略建议
2、能够市场营销需求发展独立规划、制定数据迭代指标、数据报表体系
3、能够根据活动营销方案制定数据监测指标，跟进活动监测及复盘，并能够基于最终数据呈现给予运营营销策略性建议；
4、能够营销项目进展阶段编撰营销价值分析报告，以数据分析的角度为产品、服务、运营、营销渠道给予策略方向建议
5、负责内部数据分析模型搭建；优化数据处理效率
6、有较强的数据分析能力，能独立完成报表制作、基础数据分析及报告撰写
任职要求：
1、本科及以上学历，市场营销、经济、管理等相关专业
2、逻辑严谨，思维缜密，善于从数据中分析总结问题
3、有良好的人际沟通及项目管理、善于协调资源、项目推动的能力
4、具备3-5年以相关行业市场营销工作经验；市场营销管理、互联网营销相关部门工作经验者优先；
",0,0,0,0,0
161,资深数据分析负责人,唯医骨科,北京,150-500人,硕士,B轮,医疗健康,45.0,10年以上,,"[""带薪年假"",""垂直社区"",""绩效奖金"",""扁平管理""]","
        岗位职责： 

1、深入各个项目，根据不同的需求提供定制化的数据分析服务，并做出逻辑清晰的分析报告，为项目的市场定位、核心人群定位、后续优化等决策提供支持；

2、通过分析用户在平台的各类数据，对数据趋势进行归纳总结，并能根据数据研究结果得到相应结论，对运营提供支持；

3、基于项目的需求，参与数据模型搭建，并根据业务的进展定期优化模型；

4、参与数据产品或项目开发，构建产品逻辑，探索数据产品化的机会。

任职要求：

1、至少8年以上数据分析工作经验，且要求有互联网公司、或咨询公司的工作经验，医疗相关工作经验优先

2、熟练操作sql，掌握至少一种数据分析工具（spss、sas、python、r等），有一定的编程功底；

3、统招本科及以上学历，统计学、应用数学、计算机、信息管理等相关专业，硕士学历优先；

4、敏锐的数据洞察能力，善于从数据中发现、归纳数据规律；

5、有带领5人以上团队经验，善于沟通，工作积极主动。
        ",1,1,0,0,1
162,数据分析,易点租,北京,500-2000人,本科,D轮及以上,电商,20.0,5-10年,"[""地铁周边"",""每月餐补"",""5险1金""]","[""绩效奖金"",""岗位晋升"",""五险一金"",""午餐补助""]","
        岗位目的：
通过数据定量分析市场行为，并驱动业务不断优化。

岗位职责：
1、负责核心指标的监控和跟踪分析，并对异常情况，及持续运营进行深入分析与定位；
2、负责数据中台的系统架构，实时跟进研发进程；
3、负责用户行为数据的分析挖掘，提取用户特征、行为轨迹及变化趋势；
4、负责销量、流量、转化率、活跃度、流失率等专题分析；
5、为日常数据统计提供协助，响应其他数据分析需求，协调相关部门推动分析工作的高效完成；
撰写分析报告，配合产品市场运营工作，提供决策建议，有效推动团队进行深入讨论并协作解决。

任职资格：
1、计算机、统计学、数学相关专业本科以上学历；
2、熟悉常用数据分析工具，掌握sql语言、powerbi工具和python分析；
3、较强的组织、协调、沟通、人际交往能力以及敏锐的洞察力；
4、责任心强，能承受较强的工作压力，具有很强的判断与决策能力，计划和执行能力及解决复杂问题的能力，能独立或支持团队完成数据分析工作；
5、为人正直，踏实稳重，思维严谨，有良好的服务意识。
        ",1,1,0,0,0
163,高级数据分析师,天弘基金,北京,500-2000人,本科,不需要融资,金融,25.0,3-5年,,"[""互联网金融"",""带薪年假"",""岗位晋升"",""扁平管理""]","
        高级数据分析师（大数据中心，北京）
岗位职责：
1、负责互联网金融条线的相关数据分析工作，深入了解业务并结合业务目标和项目需求，完成业务总结复盘与目标策略的制定、用户研究与数据化运营、数据化产品的迭代与开发；
2、基于海量用户行为数据，建立、评估、持续优化数据模型，构建和优化用户画像，产出用户标签，用于提升营销效果；
3、负责日常运营数据的监控与分析，监控核心数据的异常变化并进行归因；基于对业务数据的洞察，给出对于业务的独特见解，辅助业务决策。
任职要求：
1、本科及以上学历，数学、统计、计算机等相关专业优先，3年以上相关工作经验；
2、熟练的sql数据处理能力；熟练使用专业分析工具（至少掌握python和r中的一种），有r语言及python等相关建模经验优先；
3、优秀的信息搜集、数据分析、撰写报告及结构化的分析思考能力，能够输出清晰的业务观点和前瞻判断；
4、具备较强的逻辑思维能力、业务敏锐度；具备较强的学习能力、创新能力及沟通协调能力。
        ",1,1,0,0,0
164,数据分析实习生,数美,北京,150-500人,本科,C轮,企业服务,4.0,应届毕业生,,"[""年底双薪"",""大数据"",""带薪年假"",""通讯津贴""]","
        【岗位职责】

1、负责产品的策略、效果的分析，给出策略持续优化的意见
2、深入理解业务，发现业务特征，进行衍生数据价值挖掘



【任职条件】
1、数学、统计学、经济学、计算机等相关专业者优先；本科及以上学历
2、熟练掌握多种统计和分析方法，精通sql、excel等
3、思路开阔且灵活，对数字敏感，善于从数据中发现问题并抓住重点；
4，具备良好的数据敏感度、良好的逻辑思维，能及时发现和分析数据中隐含的变化和问题；
5、良好的逻辑思维能力，能够从海量数据中发现有价值的规律



【关于数美】www.ishumei.com

数美科技成立于2015年6月，致力于为全球客户提供专业的ai业务风控服务，由国内知名vc机构腾讯、襄禾资本、顺为资本、清流资本、bv百度风投联合投资，为互联网、互联网+、以及产业互联网客户提供全栈式、可信赖的业务风控解决方案。

团队核心成员均来自百度、阿里、腾讯、360、小米等知名互联网企业，拥有10余年搜索、安全、语音等互联网在线产品研发经验。

4年探索深耕，数美科技基于先进的人工智能技术，构建了全场景、全流程、全维度业务风控产品矩阵与秒级迭代全球saas ai风控服务网络，承载海量风险识别请求，以业务、模型、数据驱动的产品实现快速进化。

数美科技结合多年黑产对抗经验打造全栈式实时智能风控引擎-天网，旨在为客户解决营销欺诈、支付风控、数据盗爬、欺诈广告等风险问题；同时，结合人工智能技术打造全栈式智能内容识别引擎-天净，为客户提供一站式的智能内容安全解决方案，帮助客户识别文本、图片、音频、视频、网页中出现的涉黄、涉政、低俗、色情、导流广告等问题，规避业务风险，提升运营效率。

数美科技的业务风控服务已成功覆盖游戏、直播、新零售、地产、电商、视频、金融、媒体、旅游、出行、教育等行业。

截至目前，数美科技已服务华润置地、苏宁、云闪付、酷狗、爱奇艺、映客、探探、vipkid、b站、汽车之家、游族、小红书、keep等上千家知名企业。

…………………………………………………………………………

了解更多：www.ishumei.com
        ",0,1,0,1,0
165,数据分析专家,掌阅,北京,500-2000人,不限,上市公司,文娱丨内容,30.0,3-5年,,"[""专项奖金"",""带薪年假"",""年度旅游"",""扁平管理""]","
职位描述:1.统筹数据分析项目，设计数据项目推进流程，能够跨部门协作沟通，提出分析观点并推动落地2.深入业务，理解业务运作逻辑，利用数据分析手段，发现业务增长点并提出行动建议；3.全面分析各项影响产品提升与增长的因素，各项业务细节，结合业务方向，给出可落地的整体的产品优化方案；4.结合行业数据、业界观点和市场趋势，为长期业务发展方向提供战略层面的意见和建议。职位要求:1.3-5年数据分析经验，互联网背景；2. 具有较强结构化思维、逻辑思维能力，对数据敏感，具备优秀的信息整合和分析能力，能够形成清晰的业务观点和前瞻判断；3. 创新能力强，面对业务上各种新问题，能创造性的发明新的分析优化方案者优先；4.有用户或内容类分析项目参与经验者优先。
",0,0,0,0,0
166,数据分析专家,掌阅,北京,500-2000人,本科,上市公司,文娱丨内容,45.0,5-10年,,"[""专项奖金"",""带薪年假"",""年度旅游"",""扁平管理""]","
        岗位职责：
1.统筹数据分析项目，设计数据项目推进流程，能够跨部门协作沟通，提出分析观点并推动落地
2.深入业务，理解业务运作逻辑，利用数据分析手段，发现业务增长点并提出行动建议；
3.全面分析各项影响产品提升与增长的因素，各项业务细节，结合业务方向，给出可落地的整体的产品优化方案；
4.结合行业数据、业界观点和市场趋势，为长期业务发展方向提供战略层面的意见和建议。
职位要求:
1. 5年以上数据分析经验，互联网背景；
2. 具有较强结构化思维、逻辑思维能力，对数据敏感，具备优秀的信息整合和分析能力，能够形成清晰的业务观点和前瞻判断；
3. 创新能力强，面对业务上各种新问题，能创造性的发明新的分析优化方案者优先；
4.有用户或内容类分析项目参与经验者优先。
        ",0,0,0,0,0
167,财务数据分析,网易,北京,2000人以上,本科,上市公司,电商,21.0,5-10年,,"[""节日礼物"",""技能培训"",""免费班车"",""带薪年假""]","
        【职位描述】
1、 帮助公司搭建财务分析体系，了解公司产品和运营模式，搭建数据分析模型，以达到为公司运营管理提升效率的目的；
2、 负责财务分析体系实际落地和执行；
3、 负责组织年度和季度预算编制工作，并细化至单个产品的运营目标；
4、 销售额目标拆解和管理，协助产品负责人达成目标；
5、 协助管理层对运营成本的管控，对提高各类资源使用率提供有效建议，实际降低产品成本和费用率；
6、 整理公司管理报表package及分析报告。

【职位要求】
1、 会计基础扎实，熟悉企业会计准则，具有初级会计证及以上专业等级考试证书；
2、 8年以上工作经验，3年以上跨国企业或集团公司的fp&a工作经验，有四大工作经验可优先；
3、 对企业核算有一定了解，熟练oralce企业核算软件为佳；
4、 工作细致，责任感强，善于沟通协调，对了解和熟悉业务有热情，具有较强的分析和判断能力，沟通协调能力强，能够承受一定的工作压力。
        ",0,0,0,0,0
168,数据分析师 (MJ000624),OK Group,北京,500-2000人,本科,B轮,金融,16.0,应届毕业生,,"[""节日礼物"",""年度旅游"",""扁平管理"",""领导好""]","
        岗位介绍：
1.参与分析用户行为，针对用户交易欺诈行为进行分析，制定合理的风控策略、模型进行欺诈行为的识别；
2.对风险案件进行深度挖掘、还原用户作案路径，抽取风险用户行为特征。

任职资格：
1.计算机、统计、数学、信息技术等专业本科及以上学历；
2.具备扎实的计算机基础知识, 良好的数据分析和文件分析能力。有数据分析、数据整理和数据校对经验者优先；
3.对数据分析、挖掘用浓厚兴趣，面对高难度目标勇于挑战，并能够长期坚持下去；
4.熟练掌握python、r至少一种代码；
5.熟练使用sql，了解hadoop、hive工作原理等。
        ",1,1,0,0,0
169,数据分析师 (MJ000622),OK Group,北京,500-2000人,本科,B轮,金融,16.0,应届毕业生,,"[""节日礼物"",""年度旅游"",""扁平管理"",""领导好""]","
        岗位介绍：
1. 对接产品、运营、商务等部门，从海量数据中提取业务分析数据，实现和解决提出的数据需求和业务问题；
2. 参与数据平台建设，比如指标体系建设、数仓及集市建设、bi可视化分析等等；
3. 参与用户行为分析相关项目，比如用户画像、埋点流量、渠道质量等等；
4. 参与用户增长、衍生品、国际化相关商业分析，如业务数据异常波动、渠道质量、竞品分析、国外用户分析等，带动业务增长。


任职资格：
1. 统招本科或研究生学历，2021年应届；
2. 优秀的数据分析能力和逻辑思维能力，突出的沟通协调能力、团队协作能力，能适应压力；
3. 了解数仓设计和建设方面知识；
4. 具备至少对统计学、数学或数据挖掘方面知识；
5. 了解数据库知识（如mysql、oracle、hive、等）；
6. 熟练使用sql，至少熟悉一种分析工具(如excel、r＆python、bi)。


加分项：
1. 可用英语与美国、欧洲、香港同事沟通；
2. python、算法。
        ",1,1,0,1,0
170,数据分析师,掌众科技,北京,500-2000人,本科,C轮,金融,15.5,1-3年,,"[""技能培训"",""节日礼物"",""绩效奖金"",""年度旅游""]","
        岗位职责：
1、充分利用现有的数据库资源，组织进行数据的提取、挖掘、整理；
2、有相关催收或金融行业经验，包括但不限于账龄分析、催收率分析，跟踪核心业务的指标变化，通过数据分析定位问题，并根据问题提出优化建议；
3、熟悉各项业务指标，负责相关国内外数据、自动化报表的维护开发；
4、负责国内负载测算，绩效制定；
5、会使用数据工具，完成相关的数据需求；
6、与其他部门同事沟通，高效完成相关工作。

任职要求：
1、本科及以上学历，数学、统计学、计算机相关专业优先；
2、有2年以上相关行业数据分析经验优先，熟练使用mysql,hive-sql ；
3、精通excel，函数公式、数据透视图、会使用python优先。
        ",1,1,0,1,0
171,数据分析师,火花思维,北京,2000人以上,本科,D轮及以上,教育,20.0,3-5年,,"[""在线教育"",""数学思维"",""带薪年假"",""定期体检""]","
【岗位职责】1. 熟练掌握行业和公司业务模型，了解业务数据结构；2. 搭建业务/产品关键指标体系，制定数据定义及统计规则，输出数据产品需求；3. 分析业务运营数据，响应业务部门的日常数据需求；4. 围绕核心指标的变动、公司重点项目等展开专项挖掘分析，为业务部门提供决策支持；5. 结合行业数据、业界观点和市场趋势，为业务发展方向提供战略层面的意见和建议。
【任职条件】
1. 咨询公司或大型互联网公司3年以上工作经验，有在线教育行业经验者优先；2. 本科学历以上，良好的数据敏感度，有丰富的数据挖掘，信息采集整理，分析能力；3. 熟练独立编写商业数据分析报告，及时发现和分析其中隐含的变化和问题；4. 精通sql和掌握至少一种数据分析工具（r/python优先）；5. 有数据分析团队管理经验者优先，对数据挖掘结果有独立分析经验者优先。
",1,1,0,0,0
172,高级数据分析师,汽车之家,北京,2000人以上,本科,上市公司,汽车丨出行,30.0,5-10年,"[""6险1金""]","[""技能培训"",""节日礼物"",""带薪年假"",""绩效奖金""]","
        职位描述：
1、基于对各产品线业务的理解，搭建业务分析模型，为管理层决策和业务策略提供有质量的数据支持；
2、通过数据监控快速精准发现问题，与各团队进行沟通，落实改进措施；
3、分析相关的行业趋势，为业务提供有价值的行业趋势分析和方向建议；
4、密切与各团队配合，完成各团队提出的临时数据分析需求。
任职要求：
1、统计学、数学、计算机等相关专业，5年或以上互联网数据分析经验；
2、具备较强数据的处理能力，熟练使用sql等数据查询工具；
3、有较强的数据洞察能力及独立思考问题的能力；
4、具有良好沟通协调能力、良好的抗压性、高度的责任心和团队协作精神。
        ",0,1,0,0,0
173,数据分析师（2021届）,云畅游戏,北京,150-500人,本科,上市公司,游戏,16.5,应届毕业生,,"[""年底双薪"",""带薪年假"",""项目奖金"",""就近租房补贴""]","
        职位描述：

1、 搭建常用数据框架模板并进行数据的维护和提取；

2、 进行数据深入研究，对课题性问题进行数据的支持挖掘及分析；

3、 手游产品的运营推广效果分析，以及效果优化改进方案提出；

4、 数据报告的汇报（日报、月报、年报）以及针对性报告的数据分析产出



任职资格：

1、数学、统计学专业的研究生及以上学历

2、 熟悉sql语言以及数据程序交互语言，并具有搭建数据模型能力；

3、 有游戏行业数据分析项目经验，了解手游相关数据结构的同学优先；

4、 负责并参与游戏产品上线、推广、资料片的全程数据分析者优先。
        ",0,1,0,0,0
174,助理数据分析师,龙盾数据,北京,50-150人,本科,未融资,数据服务,5.5,应届毕业生,,[],"
        岗位职责：

1.负责部门日常业务数据处理、分析以及汇总等工作；

2.负责部门所需数据图表设计、展现设计等；

3.负责数据资料收集并按格式准确无误的录入相关数据；

4.负责中心数据资源的校核和问题数据追溯、整理工作；

5.负责领导交办的其他工作。

任职要求：

1.统计学或数学等相关专业本科/硕士在校学生或应届毕业生；

2.有良好的逻辑分析能力、语言沟通能力和文字表达能力；

3.熟练使用word、excel、ppt等办公常用软件；

4.对数据具有较强的敏锐度，能根据实际需求对数据进行系统分析，热爱数据分析工作；

5.具有简单的方案撰写、报告撰写能力；

6.强烈责任心，工作细致耐心，擅于协作和学习，具有良好的团队合作精神；

专业技能要求：

1、掌握常用的excel函数使用技能；

2、了解至少一种常用的统计学软件，如sas、spss、clemtine、r等；

3、具备规范撰写数据分析报告能力；

4、了解oracle、sql、db2等至少一种数据库基础知识。
        ",0,1,0,1,1
175,商业数据分析师/用户增长数据分析师,联通大数据,北京,150-500人,本科,不需要融资,数据服务,25.0,5-10年,,[],"
        1. 根据行业特点及客户业务场景，帮助客户梳理业务需求，结合多方数据，为客户搭建业务指标及用户标签体系，实现数据监控及分析；
2. 围绕不同行业的用户行为及生命周期分析，为客户设计增长模型，并在ubd平台上实现增长场景，为客户提供闭环增长服务；
3. 以解决客户业务问题为目标，结合行业经验与方法论，提供咨询服务和专题分析报告；
4. 梳理客户成功案例，形成行业解决方案，沉淀各业务领域的知识库；
5、跟踪业界和学术界最新进展，并且能够快速应用到业务中；
任职要求：
1. 研究生以上学历，数学、统计学、情报学、经济学等相关专业；
2. 在用户增长产品优化商业分析上有3年及以上相关经验；有新零售、在线教育、在线旅游、汽车等其中一个或多个行业客户服务经验者优先考虑；
3. 对用户增长有系统性的理解认知，具有良好的业务场景理解和分析能力，具有良好的数据和商业敏感性；
4. 有扎实的统计学、数学知识基础，熟练使用 sql、excel、spss，具有独立建模能力，掌握 r/python等其中一种开发语言
5. 逻辑思维能力强，能从繁杂的事务中快速找到关键环节；
6. 有ownership，能高效推动事情的进展；

",1,1,0,1,1
176,高级数据分析师,居理新房,北京,2000人以上,本科,C轮,移动互联网,35.0,5-10年,,"[""绩效奖金"",""交通补助"",""带薪年假"",""通讯津贴""]","
        岗位职责：
1、对与新房交易相关的c端、b端、业务侧关键业务数据实现分析、监控、建模等，寻找问题根源，并推动产品、业务等相关人员
2、业务的核心数据指标体系建立和维护、报表及数据自动化
3、输出分析报告，洞察业务问题，进行数据归因，为决策层提供数据支撑
4、结合业务需求及底层数据协助数仓同事进行宽表设计
5、沉淀各业务方的数据分析思路与需求，与相关团队（如技术开发等团队）协作并推动数据产品或者报表的落地，实现数据产品化、自动化、智能化

任职要求：
1、统招本科以上学历，数学、应用数学与计算机、统计学、经济学等相关专业本科以上学历，至少5年以上经验，有大型互联网公司工作经验者优先
2、熟练掌握sql、hivesql、sparksql数据处理和数据分析能力，对大数据生态有较强的认知，能灵活使用python处理数据， 基础报表工具如excel、tableau、powerbi、bdp等有多样精通
3、会用常见的统计方法和分析方法（线性回归、逻辑回归、聚类、等），有算法基础者优先；对常见的归因模型有较为深入的研究和落地
4、协同能力强，有较好的数据推动落地能力
5、沟通能力强，业务敏感度高，能够将业务思维和数据思维进行结合
        ",1,1,1,1,0
177,金融数据分析师,云玺明铖,北京,50-150人,本科,未融资,金融,11.5,应届毕业生,,[],"
岗位职责：1.分析金融宏观数据及市场趋势，做出每日分析计划2.对市场、公司运营等提供数据分析计划，为战略决策提供支持3.结合多种数据源进行深度分析和挖掘；4.对货币市场数据进行量化分析，并对金融进行深入分析跟研究。5.把所分析出来的结论交给研发部门的同事 为ea量化分析系统的研究提供技术和数据支持。 薪资待遇：1、底薪6k-15k＋岗位分红+高温补助+五险一金2、完整晋升空间。每三月有一次晋升机会3、上班时间9:00-12:00,13:30-17:30，正常双休
",0,0,0,0,0
178,销售数据分析专员,西藏阳光壹佰营销管理有限公司,北京,2000人以上,本科,上市公司,房产家居,8.0,应届毕业生,,[],"
岗位职责：1、完成各项销售数据类的统计、分析、报告工作；2、负责公司各项运营指标的设计、监控、预测工作；3、运用数据分析成果为公司决策提供相关建议和指导；任职要求：1、1—3年岗位经验，本科及以上学历，数学、统计等相关专业优先，有房地产工作经验优先；2、对数据敏感，具有缜密的逻辑思维能力及推理能力，善于发现问题；3、独立熟练的编写数据分析报告，具有较强的书面总结及表达能力；4、熟练运用office办公软件，有较好的文字、数据、图表的呈现能力
",0,0,0,0,0
179,数据分析师,LEOS',北京,15-50人,本科,不需要融资,广告营销,18.0,1-3年,,"[""五险一金"",""带薪年假"",""绩效奖金"",""午餐补助""]","
        【待遇包】
1.薪酬范围：税前12000-25000
2.福利：五险一金+补充商业险+餐补+交通补贴+通讯补贴
3.奖金：以季度为统计单元，以全年（1月1日-12月31日）个人【数据贡献度】（含项目支持数据和客户直接采买的数据报告）和【项目组沟通成本】（如：返工率/客户一次性通过率等）两个关键指标为核算基础
4.海外培训：公司实现年度目标且员工在公司贡献达到12个月后，可免费参加公司组织的海外年会，公司包机票和酒店（以往海外年会参考：2016塞班/2017西班牙/2018年中泰国普吉岛+年底日本）

【岗位要求】
【专业能力】从可独立作业的经理级别开始选拔，熟练使用各种数据统计工具、技术和编程语言等，在公司指定时间周期内独立完成以下数据工作：
1.1-3天内，完成公司方案制作的前置数据研究报告，工作内容包括但不限于：
1)设计数据研究计划和交付数据成果框架；
2)项目相关全面数据全面扫描；
3)数据归纳、清洗、结构化分析；
4)由数据分析导出营销方案的策略、创意、媒介渠道的客观指导意见（ddp=data driving plan）。
2.0.5-1天内，完成项目执行过程中数据化执行报告，工作内容包括但不限于：
1)项目执行期全渠道监测及数据报告；
2)项目执行期用户实时反馈内容的监测、分析及数据报告；
3)按客户要求推出不同频率完整的数据监测报告，目前人工最高频率2小时/报告。
3.1-3天内，完成项目复盘报告，具体如下：
1)用于结算汇报的《项目总结报告》；
2)用于与客户共成长的《客户项目复盘报告》（聚焦客户关心的问题，更多考虑客户实际情况可以做的项目优化和积累的项目经验）；
3)用于公司内部持续迭代的《全面项目复盘报告》（分析所有的项目问题，更多考虑普适性项目经验和优化意见）。
4.协助公司运营中心、各部门总监和总经理共同完成经营管理优化的基础数据分析工作
5.ppt制作简约实用，阅读效率高，数据表达方式和由数据产生的结论文案特别有效者，定薪加分；
6.对数据法律安全有清晰认识、实操经验者优先。

【沟通能力】
1.数据经理需具有很好的开放度和专业判断力，加速组内讨论确定有效的数据研究计划；
2.直接负责客户提案中数据报告、核心数据结论、数据逻辑、数据来源和数据采集工具等现场沟通和答疑；
3.各类数据分析会议的主持人、核心答疑者和优化数据研究报告的核心推动者；
4.客户直接采购数据报告时，配合项目经理直接参与客户沟通，并且达成客户对数据报告内容的共识，组织相关数据人员按时保质交付数据报告；
5.数据报告的内部返工率和外部返工率不能高于公司平均水平，具体返工率指标根据数据报告难易程度、时间和人手配置由数据总监和项目经理联合作出判断，并在项目结项报告中统计。
        ",0,0,0,0,0
182,（用户增长）数据分析师,Bigo,北京,2000人以上,本科,上市公司,社交,37.5,3-5年,,"[""年底双薪"",""五险一金"",""年终奖"",""员工旅游""]","
职位职责：
1、负责出海短视频likee、直播bigo live、社交产品imo业务数据分析和业务增长策略；深入理解业务逻辑，基于充分的数据结论，推动产品和策略迭代，为业务带来实际增长；
2、基于用户增长与渠道推广，为团队提供反映产品和运营状况的分析模型；
3、持续跟踪业务数据，为业务指标异常提供预警、监测和解读； 

职位要求：
1、计算机/统计学/数学等相关专业统招本科及以上学历，在用户增长/产品优化/商业分析方向上具有2年以上相关经验者优先；
2、严谨的数理逻辑思维，优秀的优先级把控能力和全局观，工作自驱，擅长沟通；
3、有互联网从业经验，对互联网产品兴趣浓厚，深入理解业务逻辑；
4、熟练使用r语言/sql/excel/python/tableau等数据分析和统计分析工具。
工作地点可选：广州/北京
福利：年底双薪，年中奖、年终奖、六险一金、弹性工作制、出国游等；
",1,1,1,1,0
183,数据分析师,中企动力,北京,2000人以上,本科,上市公司,电商,25.0,3-5年,"[""试用期上社保"",""学习机会"",""地铁周边"",""试用享转正工资"",""定期团建"",""晋升机制""]","[""节日礼物"",""带薪年假"",""绩效奖金"",""岗位晋升""]","
        岗位职责：
1. 建立数据监控机制，及工作流程；
2. 配合运营产出相关数据反馈；
3. 日常数据驱动，异常现象及时反馈；
4. 内外部数据挖掘，及有效信息输出；
5. 市场勘测，及竞品分析；
6. 为运营决策提供依据，为运营策略供给弹药。
岗位要求：
1. 有完整数据项目相关经验；
2. 熟练使用sql/python/r；
3. 极强的数据敏感度及逻辑思维；
4. 有运营思路及相关业务基础；
5. 211/985优先。
加分项：
·bi体系搭建；
·熟练使用tableau
        ",1,1,1,0,0
184,数据分析师,一人一亩田,北京,500-2000人,本科,C轮,电商,27.5,3-5年,,"[""年底双薪"",""股票期权"",""定期体检"",""丰厚年终获奖""]","
        工作职责:
1、负责电商平台业务策略支持，用户运营及产品优化相关决策支持工作；
2、负责优化业务数据链路和指标框架、发展期的业务数据分析等；
3、搭建完善业务分析模型，反映商业产品效果，指导增长策略，为公司收入优化决策提供数据支持; 
4、对日常运营数据监控和分析，数据清洗与处理，数据报表体系的维护和搭建。 
岗位要求:
1、本科以上学历，计算机、统计、数学相关专业，有过互联网电商类业务相关经验者优先；
2、熟练使用mysql/hive/excel等工具；
3、相关工作经验5年以上, 熟悉互联网业务，包括不限于数据，产品，运营，策略等；
4、有较好的团队精神、沟通能力，适应能力，工作细致认真。
        ",0,1,0,1,0
185,高级数据分析师,微聚未来,北京,500-2000人,本科,不需要融资,金融,30.0,3-5年,,"[""定期体检"",""弹性工作"",""免费班车"",""七险一金""]","
职位描述：
职责描述：1、持续跟踪业务数据，监测业务发展态势，为业务指标异常提供预警、监测和解读； 2、密切关注风控指标，基于业务数据，参与制定风控策略，提出改进方案，评价策略及模型效果，出具分析报告； 3、基于业务逻辑，建立业务数据模型，为团队提供反映风控数据报表； 4、跟踪和分析风控数据，构建用户信用和行为模型，发现潜在风险； 5、支持数据提取及分析需求，评价数据质量，开发数据特征。 任职要求：1、统招本科及以上学历，统计、计量、数学等相关专业，3年以上互联网金融风险管理工作经验； 2、熟练使用sql、excel等工具，掌握python或r、sas； 3、有评分卡，信用模型，策略分析经验优先；4、对数据敏感，有风险意识，团队合作意识，较强的逻辑分析能力；较强的沟通能力。 
",1,1,0,1,1
186,数据分析师,36氪,北京,500-2000人,本科,上市公司,电商,20.0,3-5年,,"[""帅哥多"",""美女多"",""岗位晋升"",""五险一金""]","
        岗位描述：
1.负责数据基础建设优化，包括数据埋点、指标体系、视图看板等建设优化；
2.负责日常业务数据分析，主动发掘业务运营问题及潜在机会，提供数据分析解
决方案并推动实施落地；
3.跟踪并监控重点项目及核心业务数据变化，及时发现定位问题，做好数据预警
及分析反馈；
4.通过数据层面的不断驱动，不断优化产品、内容提升和用户流量增长等；


任职资格：
1.统招本科及以上学历，数学、统计、计算机类专业优先
2.至少3年以上数据分析工作经验；
3.熟悉sql、python等统计分析工具，会使用tableau软件更佳；
4.具备独立搭建分析模型及独立完成业务模块分析的能力；
5.能快速理解业务，能敏锐捕捉数据价值和机会；
        ",1,1,1,0,0
187,高级数据分析师,微博,北京,2000人以上,本科,上市公司,文娱丨内容,35.0,3-5年,"[""免费班车"",""免费健身房"",""弹性工作""]","[""年底双薪"",""专项奖金"",""股票期权"",""五险一金""]","
高级数据分析师职位职责： 1、负责信息流推荐、广告相关的数据挖掘与分析;2、负责信息流推荐、广告相关的方案、产品的数据策略制定； 3、负责以数据驱动改进信息流推荐、广告相关产品的各项功能；职位要求： 1、本科及以上学历，计算机、数据科学、统计学专业优先，工作3年以上，有2年以上数据分析/数据挖掘相关工作经验； 2、精通sql，r，python、tableau、excel等数据分析处理语言及工具； 3、熟悉hive，spark等主流大数据开发平台和工具； 4、精通数理统计，数据逻辑清晰，沟通能力强，业务理解能力强，较强的执行力，能够将分析结果转化成产品或者策略实施； 5、有互联网行业、广告行业数据挖掘分析经验者优先； 6、有增长黑客精神，有相关成功案例者优先。
",1,1,1,1,0
188,数据分析师,G7,北京,500-2000人,本科,D轮及以上,物联网,20.0,3-5年,,"[""节日礼物"",""技能培训"",""专项奖金"",""绩效奖金""]","
        工作职责
1. 用户运营与分析：与业务、财务团队协作，运用机器学习、数据挖掘、编程语言等相关技术，对海量数据进行处理和分析，挖掘客户相关信息，建立模型（运营指标、利润分成、销售定价等）
2. 通过数据分析和数据挖掘客户行为，提供给业务方有价值的运营结论及业务洞见，给出最优决策。

任职资格
1、本科及以上学历，3年相关工作经验，统计/数学/财务/计算机/机器学习/运筹优化/相关领专业；
2、在分析、预测、优化方向有实际应用经历。 对数据敏感，喜欢并善于从数据中发现规律；
3、熟悉统计语言，如r, 或s.，熟悉数据库及sql. 掌握常用算法编程语言，如r,python, c#等；
4、工作认真负责，善于沟通和推进。
        ",1,1,0,0,0
189,数据分析师,无极慧通,北京,50-150人,本科,A轮,医疗丨健康,12.5,3-5年,,"[""技能培训"",""年底双薪"",""岗位晋升"",""领导好""]","
岗位职责：1 、负责业务需求分析，能独立进行需求调研和分析，主动与产品层、技术层进行沟通确认； 2 、深入理解业务，根据客户和产品需求提供相应数据支撑，包括：提取和统计业务数据、设计数据挖掘模型、撰写数据分析报告等。岗位要求：
1 、本科以上学历，具有较扎实的统计学、数学理论基础、 熟练掌握sql、mysql数据库基本语言、熟悉主流分析软件：sas、spss 、python、r；
2、具有良好的数学、统计、数据挖掘理论知识，熟悉主流的统计分析、机器学习技术；3、1年以上的数据分析等相关工作经验；4、对医疗软件行业的有一定的了解，有医疗数据分析、医疗软件分析工作经验者优先；5 、具有良好的沟通能力和独立的分析文档编写能力；
6、对移动医疗、互联网大数据感兴趣，有快速的学习能力和理解能力，有较强的好奇心；7、工作认真、细致、责任心强、能承受一定的工作压力；8、具备独立分析和解决问题的能力，执行力强，对工作指令能理解执行到位。
",1,1,0,0,1
190,高级数据分析师,无极慧通,北京,50-150人,本科,A轮,医疗丨健康,22.5,1-3年,,"[""技能培训"",""年底双薪"",""岗位晋升"",""领导好""]","
        岗位职责：
1 、负责业务需求分析，能独立进行需求调研和分析，主动与产品层、技术层进行沟通确认； 
2 、深入理解业务，根据客户和产品需求提供相应数据支撑，包括：提取和统计业务数据、设计数据挖掘模型、撰写数据分析报告等。
岗位要求：
1 、本科以上学历，具有较扎实的统计学、数学理论基础、 熟练掌握sql、mysql数据库基本语言、熟悉主流分析软件：sas、spss 、python、r；
2、具有良好的数学、统计、数据挖掘理论知识，熟悉主流的统计分析、机器学习技术；
3、1年以上的数据分析等相关工作经验；
4、对医疗软件行业的有一定的了解，有医疗数据分析、医疗软件分析工作经验者优先；
5 、具有良好的沟通能力和独立的分析文档编写能力；
6、对移动医疗、互联网大数据感兴趣，有快速的学习能力和理解能力，有较强的好奇心；
7、工作认真、细致、责任心强、能承受一定的工作压力；
8、具备独立分析和解决问题的能力，执行力强，对工作指令能理解执行到位。
        ",1,1,0,0,1
191,高级数据分析师,萌宝教育,北京,150-500人,硕士,不需要融资,教育,20.0,3-5年,,"[""年底双薪"",""带薪年假"",""定期体检"",""专项奖金""]","
        职位描述：

1. 根据业务发展情况，搭建并完善数据指标体系，提取核心指标，制定及完善数据报表；
2. 负责关键性指标的制定和监控，结合数据和业务定位关键问题，产出日常报表；
3. 通过数据建模分析出业务存在问题，提出可行性建议；
4. 针对不同运营业务的需求，输出数据报告；
5. 日常数据提取和分析，满足其他业务方数据分析需求。


职位要求：

1. 应用数学、统计、计算机、理工科等相关专业本科以上学历；
2. 熟悉运用sql、excel、r/python等工具进行数据处理和分析；
3. 有一定的数据建模能力，善于从数据中挖掘出问题，做过定量、定性分析，a/b test；
4. 熟悉分类、回归、聚类等数据统计模型，具有一定的建模经验；
5. 严谨的逻辑思维、数理逻辑分析能力强，对数据敏感；
6. 有互联网公司分析师岗位经验的优先。

语言工具类：熟练掌握java、c++、python、r语言其中一门或者多门语言；
算法类：熟悉常用机器学习/深度学习模型，有分类、聚类、关联分析、决策树、随机森林等常见算法等实际操作经历；
统计类：熟悉线性回归、多元回归、概率分布、logistics、假设检验等统计理论知识；
        ",1,1,0,1,0
192,数据分析专员,北京搜房科技发展有限公司,北京,2000人以上,本科,未融资,金融,8.0,1年以下,,"[""岗位晋升"",""扁平管理"",""管理规范"",""领导好""]","
        一、 岗位职责
1、 负责房源数据库整理及更新；
2、 负责房源数据获取、处理及应用。
二、 职位要求
1、 2020届毕业生，统招本科及以上学历；
2、 认同房天下企业文化、对互联网和房地产行业具有浓厚的兴趣。
三、 简历投递方式
1、 登录房天下官网或各招聘网站直接投递；
2、 简历发送招聘专用邮箱：************

",0,0,0,0,0
193,数据分析师,DataHunter,北京,50-150人,本科,A轮,数据服务,20.0,1-3年,"[""免费下午茶"",""领导nice""]","[""年底双薪"",""交通补助"",""带薪年假"",""帅哥多""]","
        一、岗位职责：
1、协助销售人员对接客户分析需求，并结合公司产品，给出专业性业务分析建议；
2、从客户业务分析需求场景出发，指导协助客户完成多维度指标体系的梳理和建设；
3、配合销售人员，撰写客户业务分析平台建设方案，并对客户进行宣讲；
4、针对客户需求，利用公司产品，进行客户分析体系的搭建；
5、梳理客户成功案例，形成行业解决方案，沉淀领域知识，形成知识库；
6、以提升客户满意度为基本要求，配合项目经理，完成客户培训，帮助客户实现数据驱动业务的落地与迭代。

二、任职要求：
1、具备优秀的沟通意识，良好的现场表达能力，能够独立负责和跟进项目；
2、具备极强的学习能力和自我驱动意识，能够发现问题并解决问题；
3、具备优秀的数据分析能力、以及业务感觉，有丰富的数据驱动业务的实战经验；
4、熟练使用office办公软件和sql等工具，熟悉r语言或python等数据挖掘工具，熟悉tableau/powerbi等分析工具；
5、熟悉包括零售业、生产制造行业、政务数据分析等1-2个领域的业务数据分析。
        ",1,1,1,0,0
194,093131-数据分析师,平安健康保险,北京,500-2000人,本科,未融资,金融,20.0,3-5年,,[],"
        工作职责
1、梳理业务部门的分析需求，规划报表需求，推动团队实现日常数据可视化；
2、基于业务特征优化并完善业务指标体系,包括kpi指标体系、用户画像标签体系等；
3、负责对海量数据进行分析和挖掘，提炼出用户特征、行为路径，搭建相关数据模型
4、跨部门沟通，负责所需数据的提取、查询、分析等工作，以满足业务需求；
5、理解产品和业务方向及策略，持续监控运营和产品改进效果，为业务部门提供业务优化建议；
6、为业务决策提供数据解决方案，并在数据营销方面提出策略建议
任职要求
1、重点本科及以上学历，计算机、统计、金融，数据等相关专业；
2、4年以上互联网或保险数据分析、挖掘工作经验；
3、熟练使用excel/spss/sas/r/hive/sql等工具，具备良好的逻辑思维和分析能力；
4、熟悉数据收集，数据分析，数据建模和数据挖掘方法；
5、能快速理解定位业务痛点，提出综合性解决方案；
6、熟悉互联网行业，保险行业的优先。
        ",0,1,0,1,1
195,数据分析师,北京望石智慧科技有限公司,北京,15-50人,硕士,A轮,医疗丨健康,10.0,应届毕业生,,"[""股票期权"",""弹性工作"",""扁平管理"",""国际视野""]","
工作内容：
1.负责知识图谱数据统计与分析，数据挖掘等工作；
2.负责数据标注团队的管理工作，不断优化数据标注工作的流程和效率。

要求：
1.化学、药学等相关专业硕士以上学历（有机化学好的优秀本科生也可以）；
2.化学基础知识扎实，逻辑能力强，对数据敏感；
3.工作严谨、责任心强、有耐心，关注细节；
4.有数据统计和分析经验优先。
",0,0,0,0,0
196,高级数据分析师,铁甲网,北京,500-2000人,本科,C轮,电商,24.0,5-10年,,"[""绩效奖金"",""补充医疗保险"",""年度旅游"",""午餐补助""]","
        岗位职责：
1、负责用户特征提取，实现用户画像，为产品运营战略、各类营销提供切实可用的数据产出。
2、对接业务部门的数据需求，根据对业务的理解完成数据提供及数据分析。
3、负责算法研究，支持业务模型的实现。
4、深入理解业务的基础上，挖掘数据，建立适当的模型，并完成可视化展现。
5、主导或配合完成公司级别的专题研究模型。

任职资格：
1、大学本科及以上学历，统计学、计算机相关、数据挖掘、人工智能等专业方向。
2、四年及以上互联网或移动互联网数据分析工作经验。
3、对机器学习、数据挖掘算法及其在互联网上的应用有比较深入的理解。熟悉聚类、分群、预测等相关原理。有完整的数据挖掘项目经验优先。
4、熟练使用sql、excel进行数据整理与展现，至少掌握一门分析软件，熟练r或者python优先。

",1,1,0,1,0
197,资深数据分析师（业务运营）,美团点评,北京,2000人以上,本科,上市公司,消费生活,27.5,1-3年,"[""早九晚六"",""学习机会"",""免费体检"",""bat背景"",""定期团建"",""生日聚会"",""免费休闲游"",""带薪病假"",""交通补助"",""生子红包"",""弹性工作"",""地铁周边"",""5险1金"",""晋升机制"",""6险1金""]","[""技能培训"",""绩效奖金"",""岗位晋升"",""领导好""]","
        岗位职责：
1.数据提取：为业务端和其他运营团队开展的项目提供数据支持；
2.数据产品：构建业务指标体系，推动搭建和完善报表等数据产品，维护业务正常运作；
3.数据分析：分析业务发展现状，为业务策略、运营模式等提供决策支持；业绩过程监控，判断业绩指标达成的合理性；建立评估体系，发掘业务问题并输出解决方案。
任职要求：
1.本科及以上学历，数学/统计学/计算机等相关专业优先，从事过互联网公司商业分析、数据分析岗位的优先；
2.较强的业务敏锐度和系统性的数据分析能力，熟练运用各种数据工具，有独立解决问题的能力；
3.工作严谨、责任心强、有团队合作精神，且抗压能力较强。
        ",0,0,0,0,0
198,数据分析师,竞技世界,北京,500-2000人,本科,不需要融资,游戏,16.0,应届毕业生,,"[""节日礼物"",""技能培训"",""年底双薪"",""年度旅游""]","
职位描述： 
1、支持多个合作方平台的赛事直播运营、影响及活动的数据分析类工作； 
2、直播赛事相关数据入库、维护、清理等工作；
3、构建赛事及相关数据指标体系，用于监控整体赛事、进行效果评估，为运营和营销策略提供数据支撑；
4、研究各算法平台推荐策略，提升赛事直播观看流量。

任职要求： 
1、计算机/数学/统计学等相关专业本科及以上学历，硕士优先；
2、有机器学习/模式识别/数据挖掘的理论基础，接触过推荐/广告/搜索系统、算法和项目的优先； 
3、掌握算法推荐系统的基本原理，了解**算法平台的推荐策略，对算法平台产品的架构、流量入口布局有一定的知识积累； 
4、优秀的逻辑思维能力、数据分析能力，有较强的沟通能力。
",0,0,0,0,0
199,数据分析实习生,币世界,北京,150-500人,本科,A轮,金融,4.5,应届毕业生,,"[""岗位晋升"",""五险一金"",""节日礼物""]","
        职责：
1 负责数据埋点可用性及埋点方案归档
2 协助支持产品、运营所需数据,以bi工具进行数据的可视化
3 协助进行专项分析，产出数据分析报告，为决策提供数据支撑

要求：
1 逻辑能力强，对数据敏感
2 熟悉数据库语言sql
3 对数据分析有很大兴趣
4 善于学习、表达能力强、具有较强的沟通能力
        ",0,1,0,0,0
200,数据分析师,本木医疗,北京,50-150人,本科,不需要融资,消费生活,22.5,5-10年,,"[""股票期权"",""专项奖金"",""绩效奖金"",""午餐补助""]","
岗位职责
1. 负责京医通平台整体运营情况分析报告输出
2. 负责京医通用户画像建设
3. 为公司和客户提供有洞察力的数据分析报告
4. 为运营团队、产品团队提供数据分析支持，输出专项分析报告
任职要求
1. 统计学、数学、计算机、相关专业本科及以上学历，5～8年数据分析经验，互联网医疗行业经验优先
2. 优秀的学习能力、沟通能力、数据分析能力；逻辑清晰、思维敏捷、细心认真、责任心强
3. 熟练使用sql进行数据分析工作，熟练使用过其中一种数据库：hive、mysql、oracle、sqlserver等
4. 熟悉 tableau 分析软件的优先，掌握python、r语言优先，了解机器学习优先
5. 熟练使用excel、ppt、word等办公软件
",1,1,1,1,0
201,数据分析师,51Talk 无忧英语,北京,2000人以上,本科,上市公司,教育,14.0,应届毕业生,,"[""带薪年假"",""股票期权"",""绩效奖金"",""定期体检""]","
工作职责：为管理层提供用户、教学、老师、销售等主题的数据分析支持；为教师运营、用户运营等提供有价值的决策支持；负责公司各业务部门的日报、周报等；任职资格:认可“通过数据改变世界”的理念；对 r 熟练，如 magrittr、data.table、shiny 等扩展包；统计学、应用数学专业优先考虑；优秀的学习能力、沟通能力、协作能力、强烈的责任心；英语口语流利者优先。
",0,0,0,0,0
202,风险数据分析师,融360,北京,500-2000人,本科,上市公司,金融,16.0,1-3年,"[""免费体检"",""地铁周边"",""6险1金""]","[""股票期权"",""专项奖金"",""通讯津贴"",""带薪年假""]","
        岗位职责：
1. 负责与业务方沟通了解需求，对产品优化和业务决策提供支持；
2. 负责进行多维度的内外数据分析，挖掘数据价值，优化风险与业务指标；
3. 负责风险管理和营销模型的研究、开发和维护；
4. 负责数据分析报告和建模过程报告等相关文档的撰写。

任职要求：
1. 统计，数学/应用数学，金融工程，信息管理，计算机，物理等相关专业本科及以上学历；
2. 精通数据分析、数据挖掘、特征工程；精通逻辑回归、gbdt、xgboost等常用机器学习算法的原理；精通sql和python；
3. 熟悉金融行业，熟悉个人金融或小微信贷的业务运行机制，frm、cfa持证人或候选人优先；
4. 拥有出色的学习能力，沟通能力和逻辑分析能力；强烈的责任心和团队合作意识。
        ",1,1,0,0,0
203,大数据分析师,码上赢,北京,50-150人,本科,A轮,企业服务,17.5,3-5年,,"[""弹性工作"",""五险一金"",""阿里系"",""牛人多""]","
码上赢成立于2016年，是国内领先的快消行业大数据公司，由阿里巴巴集团资深的产品和技术专家联合创立，已经获得创新工场、挑战者资本、猎豹移动等知名机构的a轮投资，早期曾获得多位阿里巴巴副总裁的天使投资。 码上赢致力于打造覆盖门店最多的快消行业大数据中台，为零售商提供老板助手和生意参谋等实时bi服务，为快消品牌厂商提供竞品监控、新品上市情报、城市热卖、购物篮分析等数据雷达服务。 本岗位的主要工作职责为从事retail measurement service（rms）方面的工作。 岗位职责: 1、针对快消品牌商的需求，运用数据挖掘与机器学习等技术进行探索性分析，为客户的业务决策提供数据分析服务; 2、协同产品经理共同构建数据产品线，主要包括（但不限于）数据清洗整合、数据质量核验、数据仓库构建、数据可视化展现等； 岗位要求: 1、信息技术、数据挖掘、统计、数学等相关专业本科及以上学历(硕士优先)； 2、具备良好的数据敏感度、需求分析能力和业务理解能力，能从海量数据中挖掘有价值的信息，并能够独立编写商业数据分析报告，以及给出业务建议； 3、掌握数据库和数据仓库基本原理，熟练运用sql； 4、掌握数据分析与挖掘的基本原理，熟练使用excel / python/ r等常用工具; 5、熟练使用knime / power bi / r / sas / spss任意一种分析工具。 6、具备快销行业（fmcg）或者零售数据分析经验者优先，熟悉尼尔森数据分析体系者优先，有带领团队或独立完成数据分析项目经验者优先； 7、具备优秀的沟通协调能力和团队精神，较强的学习能力，能够承担一定的工作压力.
",1,1,0,1,1
204,数据分析工程师（零售类）,码上赢,北京,50-150人,本科,A轮,企业服务,15.0,1-3年,,"[""弹性工作"",""五险一金"",""阿里系"",""牛人多""]","
        码上赢成立于2016年，是国内领先的快消行业大数据公司，由阿里巴巴集团资深的产品和技术专家联合创立，已经获得创新工场、挑战者资本、猎豹移动等知名机构的a轮投资，早期曾获得多位阿里巴巴副总裁的天使投资。
码上赢致力于打造覆盖门店最多的快消行业大数据中台，为零售商提供老板助手和生意参谋等实时bi服务，为快消品牌厂商提供竞品监控、新品上市情报、城市热卖、购物篮分析等数据雷达服务。
本岗位的主要工作职责为从事retailmeasurementservice（rms）方面的零售数据分析工作。

岗位职责:
1、针对快消品牌商的需求，运用数据挖掘与机器学习等技术进行探索性分析，为客户的业务决策提供数据分析服务;
2、协同产品经理共同构建数据产品线，主要包括（但不限于）数据清洗整合、数据质量核验、数据仓库构建、数据可视化展现等；

岗位要求:
1、信息技术、数据挖掘、统计、数学等相关专业本科及以上学历(硕士优先)；
2、具备良好的数据敏感度、需求分析能力和业务理解能力，能从海量数据中挖掘有价值的信息，并能够独立编写商业数据分析报告，以及给出业务建议；
3、掌握数据库和数据仓库基本原理，熟练运用sql；
4、掌握数据分析与挖掘的基本原理，熟练使用excel/python/r等常用工具;
5、熟练使用knime/powerbi/r/sas/spss任意一种分析工具。
6、具备快销行业（fmcg）或者零售数据分析经验者优先，熟悉尼尔森数据分析体系者优先，有带领团队或独立完成数据分析项目经验者优先；
7、具备优秀的沟通协调能力和团队精神，较强的学习能力，能够承担一定的工作压力.

",1,1,0,1,1
205,高级数据分析专家,圣达龙翔,北京,150-500人,本科,不需要融资,硬件,45.0,5-10年,,[],"
        工作内容 
1、建立业务分析体系，为业务健康发展提供有质量的分析洞察； 
2、通过数据分析能快速精准的发现具有前瞻性的问题和机会，并通过深入分析与业务部门沟通解决； 
3、针对业务场景，搭建数据体系规划、效果评估和迭代优化； 
4、根据业务形态和分析，逐渐积累可供业务产品使用的数据模型逻辑，组织跨部门协调沟通，推进产品及运营实施，确保产品及运营不断优化； 
5、独立策划并带领团队高质量完成深度分析专题； 
6、负责团队分析师的培养和管理工作。 
职位要求： 
1.数学、统计、计算机、经济等相关专业本科或以上学历，5年以上数据分析经验； 
2.具有较强的商业敏感度和数据分析技能，能够运用创新且可落地的分析方法以解决复杂的商业问题，具有全局视角，带领团队完成工作; 
3.熟悉常规数据分析方法, 对数据分析有系统的方法论； 
4.对统计知识，abtesting 有深入理解和应用； 
5.熟练使用sql和至少一种解释分析语言( r、python等), 并熟悉数据可视化(如 tableau 等)； 
6.良好的沟通能力, 耐压力, 和强大的推动力; 
7.优秀的团队合作精神，乐观、诚实、勤奋、严谨
        ",1,1,1,0,0
206,商业数据分析师,Games Vessel,北京,50-150人,本科,不需要融资,游戏,15.0,1-3年,,"[""定期体检"",""绩效奖金"",""弹性工作"",""扁平管理""]","
岗位职责：1、深入了解业务，建立合理有效的项目预决算、关键业务指标和分析体系，给予业务部门有效建议并推进解决方案，优化相关业务财务流程，深度支持业务决策和过程管理；2、对于成本测算、商业定价、健康度评估，建立规范的通用模型，按期出具多维度的项目分析数据及业务运营情况，监督业务完成kpi；3、参与业务部门的项目的整体成本测算；4、建立业务模型，以数据驱动业务绩效提升，设定合理的指标评价体系，优化成本管控方式，形成成本管理标准和方法，持续与业务建立双向反馈机制；5、根据业务的需求，改进报告体系，提高报告系统的整体有效性，划小核算单元，为事业部的管理提高数字可视度，为决策提供有力支持和分析任职要求：1、本科及以上学历，经济、财务、会计、金融等相关专业；2、财务分析、财务运营支持工作经验优先；3、诚实勤奋，善于沟通，具有高度的责任感，较强的组织协调能力；4、较强的数据分析能力、清晰的思维逻辑，具备财务建模能力；5、熟练使用各类办公软件，精通excel和ppt。
",0,0,0,1,0
207,数据分析师,快看漫画,北京,500-2000人,本科,D轮及以上,文娱丨内容,25.0,3-5年,,"[""股票期权"",""年度体检"",""七险一金"",""带薪假期""]","
数据分析师
【职位详情】
1、负责app日常性、周期性数据监控、异常数据解读，版本数据评估
2、持续跟进某一业务方向，对运营优化，产品迭代进行数据评估，深度分析、挖掘、并给出建议；
3、与业务部门团结协作，利用数据分析解读业务问题，推动内容分发数据化运营

【职位要求】
1、本科及以上学历，数学统计类、计算机专业优先；
2、3年以上移动互联网数据分析经验，有c端数据分析经验者更佳；
3、熟练使用mysql、hive进行大数据处理与分析工作
4、熟练使用excel、ppt进行数据分析、报表及数据报告制作
5、良好的数据意识，具备独立的分析逻辑和观点，善于从海量数据中挖掘数据，找到数据支持，
6、熟练使用python\r，了解数据结构与算法加分
",1,1,0,1,0
208,风险数据分析岗,阳光产险信保事业部,北京,2000人以上,硕士,不需要融资,金融,20.0,3-5年,,"[""绩效奖金"",""五险一金"",""通讯津贴"",""交通补助""]","
        岗位职责：
1、开展各类风险相关分析工作，为持续优化与完善业务授信策略及审贷流程提供决策依据。
2、建立并完善风险监控预警体系，及时了解风险变化趋势，捕捉业务及风险异常情况。
3、基于产品、客群、地域等维度，进行风险预测，支持产品定价及回溯工作。
4、制作各类分析报告及汇报材料。
5、支持风险相关的数据报送工作。
任职要求：
1、硕士研究生，数学、统计、金融、风险管理、信息管理等专业毕业。
2、2年以上大型金融机构或咨询公司信贷业务数据分析、数据挖掘相关工作。
3、具备优秀的数理分析和逻辑思维能力；熟悉数据仓库及bi系统；熟练使用sas、excel、ppt等工具软件。
4、具有一定的业务敏感性和以目标为基础的团队协作意识。
        ",0,0,0,1,1
209,数据分析师(广告方向),多牛传媒,北京,500-2000人,硕士,上市公司,文娱丨内容,22.5,1-3年,,"[""五险一金"",""节日礼物"",""弹性工作"",""岗位晋升""]","
        岗位职责：
1、围绕商业化部门目标构建业务指标体系，监测业务经营状况，能够主动发现业务风险，定位并协助和推动问题解决；
2、根据业务所处阶段和面临问题，能够输出专题分析报告，为运营决策、产品优化提供策略和建议；
3、沉淀分析思路与框架，提炼数据产品需求，与相关团队（如技术开发团队） 协作并推动数据产品的落地；
4、所接触的业务线包括但不限于：广告投放平台、cpc和cpm广告、站外引流等。
任职要求：
1、2年以上相关工作经验，信息技术、统计、数学或者其他相关专业硕士以上学历；
2、熟练掌握多种统计和挖掘方法，熟练使用sql、python、r等语言；
3、良好的商业嗅觉，有丰富的数据分析、挖掘、建模经验，尤其是互联网广告相关经验者优先；
4、能够独立编写商业数据分析报告，及时发现和分析其中的深层次问题。
        ",1,1,0,0,0
211,数据分析处理专家,企企科技,北京,150-500人,本科,A轮,企业服务,40.0,10年以上,,"[""年底双薪"",""股票期权"",""绩效奖金"",""带薪年假""]","
        职责描述：
1. 负责对运营数据需求、应用数据需求进行分析和规划，并提供可行的解决方案或优化方案，并推进落地
2. 参与并审核平台公共及应用领域的模型设计，并优化已有的不合理的设计
3. 负责根据收集的运营数据的分析，及时发现故障并进行排查，能及时准确的定位问题根源
4. 负责分析、监控数据库的性能问题， 提供相应的监控指标，对数据库性能持续优化
任职要求：
1.8年以上的软件行业工作经验， 3年以下的数据分析经验
2.具备大数据平台项目及大数据应用项目的项目管理经验，熟悉大数据平台、工具、大数据应用总体架构，具备全局规划能力
3.熟悉hadoop/spark、mongodb、redis、mq、mesos、storm等开源项目，从事过分布式系统的设计、开发、调优工作优先；
4.具有大数据开发与应用经验者优先，具有性能优化经验优先；
        ",0,0,0,0,0
212,数据分析师,人人公司,北京,2000人以上,本科,上市公司,社交,20.0,3-5年,,"[""五险一金"",""通讯津贴"",""带薪年假"",""绩效奖金""]","
岗位职责：
1、 深入了解业务，负责客户、sales、leads多维度运营指标体系建设
2、 负责客户增长、留存、分集、推荐等策略方向，并推进策略切实落地。
3、 统筹规划产品线销售业绩预算，并追踪达成分析，诊断业务问题，提出改进意见。
4、 与海外销售及市场团队配合，数据运营驱动业务拓展，制定销售策略及销售管理制度，提升销售业绩。
 
任职要求：
1、本科及以上学历，计算机专业、经济学统计学或相关专业毕业，重点院校、海外留学背景优先考虑；
2、很强的商业洞察能力，数字敏感性与逻辑思维能力；
3、对统计学、运筹学、机器学习等各种定量方法有较深入理解，能以合适的分析框架解决各种复杂问题，包括策略设计、数学建模；
4、熟练使用python，r等分析工具和办公软件，有一定编程能力；
5、追求卓越，锐意创新，能快速接收和学习新知识。
",1,0,0,0,0
213,1121UJ-资深数据分析师（北京）,平安科技,北京,2000人以上,本科,不需要融资,金融,27.0,5-10年,,"[""六险一金"",""扁平化管理"",""丰厚年终"",""丰富技术交流""]","
        工作职责
1、建立c端产品的用户数据体系，包括用户分层，用户转化路径等
2、负责c端产品的基础数据闭环体系承建（打点，统计，可视化建设等），分析，挖掘，通过有效数据评估对产品设计和运营活动进行持续优化提案
3、负责构建c端产品和运营数据评估体系，策略模型搭建，熟悉互联网产品的用户增长策略，通过用户行为挖掘和分析，探索用户增长点
任职要求
1.本科学历，3年以上工作经验
2、精通sql，python，熟悉常用脚本语言，具备独立进行大数据的数据抓取、预处理，分析和汇报能力。
3、具有较好的数据分析，抽象理解能力，了解常用的分类算法，如决策树、随机森林、k-means聚类等分类模型
4、思维敏捷，良好的逻辑分析能力，对数据敏感
5、具有机器学习，统计学，c端产品数据打点等相关工作经历者优先
6、良好的沟通及组织能力，优秀的规划力和执行力，善于合作协同，抗压能力强
        ",1,1,0,0,0
215,大数据分析师,鲸准,北京,150-500人,本科,D轮及以上,数据服务,22.5,3-5年,,"[""年底双薪"",""专项奖金"",""带薪年假"",""定期体检""]","
        职位描述：
工作职责: 
1.负责对金融数据库数据的整理、清洗和校验； 
2.负责和下游数据合作伙伴的对接和沟通； 
3.负责公司数据库的数据产品规划，制定产品功能和数据规划，协同各方资源 
保证数据落库、数据持续稳定更新和提高数据库质量； 
4.汇总产品和项目的数据需求，并将需求转换为数据产品，包括数据模型、表 
设计、表间关联关系、加工规则、清洗规则和prd文档撰写，确保数据库的准确 
性和稳定性，推动项目高效上线； 
5.深入了解金融数据库，可以从金融数据专业的角度给出合理的建议。 
任职资格: 
1.全日制本科及以上学历，计算机、统计、数学、经济、金融、会计类专业； 
2.2年以上数据分析或产品建设经验； 
3.熟悉金融市场基础知识，比如证券日行情数据，财务数据，私募股权数据等； 
4.对数据清洗、数据搭建和校验有一定的经验； 
5.能够使用数据库语言自行查询数据（sql,python） 
6.适应能力强和责任心强，工作认真细致，有条理，可承担一定的工作压力。
        ",1,1,0,0,0
216,金融数据分析师/双休五险,储慧国际咨询,北京,150-500人,不限,未融资,金融,12.0,不限,,[],"
        任职要求： 
1、年龄：20-55岁，五官端正，性格开朗，善于沟通， 
2、热爱金融行业，有励志于长期发展这个行业的意愿 
3、接受免费统一的专业学习培训和模拟训练； 
4、认同公司的发展理念，愿意与公司共同发展，具有很强的工作责任心和团队合作精神。 
5、需要具备良好的分析判断能力
6、可接受公司安排的因公出差，出国深造 
        ",0,0,0,0,0
217,数据分析师,泰康保险集团,北京,2000人以上,本科,不需要融资,金融,30.0,3-5年,,"[""交通补助"",""午餐补助"",""带薪年假"",""定期体检""]","
        岗位职责
1、负责集团bi系统建设，满足公司各个团队的核心业务数据分析需求，同时抽象出更高层次的数据逻辑，反向指导业务方向；
2、快速充分理解各个业务方需求，制定和迭代数据产品方案，包括但不限于数据可视化、数据订阅、查询工具； 
3、深入理解其业务需数据需求和分析体系，抽象出对数据基础设施和中间库表的优化方案，提高数据服务效率，完善数据中台能力；
4、结合集团数据发展，制定并实施数据治理与数据管理策略；
岗位要求
1.负责bi产品功能的用户需求分析、业务流程设计，产品方案设计和评审等；
2.承担一个或多个功能模块的目标，监控产品开发进度，推动产品的技术实现，把控产品开发设计质量和效率；
3.熟悉数据管理整体知识和架构、能独立领导项目完成指标体系建设；
4.年以上产品设计或商业数据分析工作经验，有bi产品建设经验，具备良好的数据敏感度、业务视野及bi平台规划搭建、项目落地能力，注重良好用户体验；
5.深度使用过td、神策、gio等任1个数据分析产品的优先
我们能享受到： - 园林般的工作环境，经常作为电视剧拍摄外景地； - 免费的通勤班车； - 自有员工食堂，由湘鄂情旗下品牌入驻，提供早餐-夜宵全天候服务； - 健身房（器械+跑步机+瑜伽室+动感单车+台球+桌上足球+乒乓球...）、篮球场、网球场； - 温馨的生日卡+丰厚的过节卡； - 专业公司量身定制的春夏秋冬职业套装； - 休闲时光：水吧+图书室+散布在职场各处的休息区。 期待你的到来~
        ",0,0,0,0,0
218,临床数据分析员,艾迪泰科,北京,150-500人,本科,不需要融资,其他,9.5,不限,,"[""带薪年假"",""弹性工作"",""午餐补助"",""六险一金""]","
技能要求：
sas，r语言，spss，医学
岗位职责:
1、根据cdisc标准在pm带领下完成数据标准化分析任务；
2、根据项目需求不断修改完善项目软件；
3、标准化过程中找到原始数据的问题并加以汇报；
4、确保项目的各阶段符合sop要求；
5、项目过程中与同事，上级，客户进行合理的中英文沟通。
职位要求：
1、本科以上学历，临床、流行病学、公共卫生、生物、医药、计算机、数学等专业优先考虑；
2、能够熟练应用编程软件比如sas, python开展编程工作,有sas经验者优先；
3、较强的英语听说读写能力；
4、熟悉cdsic相关知识和指导原则优先；
5、对数据有强烈的热情，细心，耐心，责任心强，自学能力强；
6、具有较强的沟通能力和团队合作精神，较强的逻辑思维能力；
7、能够适应变化的工作强度，很强的时间观念，客户服务意识；
8、抗压能力强，合理安排在多个项目多重时限下的工作优先级，按要求限期完成任务。
",1,0,0,0,1
219,数据分析师,大地云坞,北京,150-500人,本科,不需要融资,数据服务,16.5,1-3年,,[],"
一、岗位职责：
1、与相关工作人员做各类数据需求的对接，梳理需求方的业务数据需求
2、对业务进行抽象和结构化，构建业务数据分析体系，对运营数据进行整理、收集、建模等
3、进行数据监测、数据分析、数据挖掘，总结规律，提出业务优化建议
4、对运营情况、异常数据进行评估与预测，并提出合理化建议
5、与业务方合作，构建业务监控的指标体系自动化系统，实现产品化

二、任职资格：
1、1-3年数据分析/挖掘相关工作经验，互联网相关领域优先，应用数学，统计学，计算机, 经济学相关专业优先
2、精通机器学习中的预测模型，如logistic/regression/神经网络，svm/及决策树等
3、具备大数据的处理能力，掌握hive、sql等相关数据提取工具，熟练使用r或python、excel、sas/spss、ppt等工具
4、具有较强的思维逻辑能力，良好的数据敏感度，能从海量数据提炼核心结果；有丰富的数据分析、挖掘、建模的经验
5、一定的抗压能力和和团队精神；具备良好的沟通协调能力
",1,1,0,1,1
220,数据分析师,普梅尔森,北京,15-50人,本科,不需要融资,企业服务,17.5,3-5年,,[],"
        岗位职责：
1.针对业务数据分析（会员数据／交易数据／kpi数据），能够多维度的解读数据结果，并对业务从数据观察的层面提出建议；
2.根据业务发展需要，向研发部门提出业务部门数据自动化平台的需求。
岗位要求：
1. 需要熟练应用excel，有零售业或快消品行业的数据分析经验。
2. 3年以上数据分析经验
3. 思维逻辑清晰
        ",0,0,0,1,0
221,数据分析师,博乐科技,北京,500-2000人,本科,不需要融资,移动互联网,19.5,1-3年,,"[""节日礼物"",""年底双薪"",""绩效奖金"",""岗位晋升""]","
        工作内容：

1. 游戏内日常数据监控、预警、分析工作，及时了解产品的数据状态，并对产品设计及运营提供有力数据支持;
2. 定向活动以及功能分析，根据历史数据给出活动及功能制定建议，并对上线后表现分析总结，给出合理改进优化建议；
3. 开展专题式产品及用户行为深度分析挖掘，分析建模、数据检验、得出有效结论，为产品调优、运营策略制定提供决策支持

任职资格：
1. 本科以上学历，有相关游戏或互联网数据分析经验优先；
2. 熟练使用sql语句、excel，掌握python、r、sas等其中一种分析工具；
3. 良好的沟通能力、部门协作以及团队协调能力；
4. 具有一定的数据挖掘、建模、预测能力，可独立对用户行为数据进行深入挖掘者优先；
5.数据敏感度高，数学相关专业、统计学专业优先

",1,1,0,1,1
222,数据分析师（广告销售团队）,趣头条,北京,500-2000人,本科,上市公司,文娱丨内容,30.0,3-5年,,"[""专项奖金"",""带薪年假"",""弹性工作"",""管理规范""]","
        岗位职责：
1. 负责趣头条广告销售管理相关工作，包括渠道政策及销售绩效考核体系的规划及制订；
2. 搭建趣头条广告销售数据体系，推动数据产品化，同时提供具有指导性的数据分析报告；

岗位要求：
1. 大学本科及以上学历；
2. 3年以上销售管理、政策制定、数据分析等相关工作经验，有代理商渠道政策管理经验优先；
3. 具备优秀的数据分析能力、独立解决问题的能力，善于沟通，精通sql，并熟练操作excel、powerpoint等办公软件；
4. 优秀的语言和文字表达能力，快速的学习理解和沟通协作能力，富有创新精神，敢于自我挑战，具有良好的沟通协调能力和执行能力。
        ",0,1,0,1,0
223,销售管理（数据分析&amp;渠道管理方向）,趣头条,北京,500-2000人,本科,上市公司,文娱丨内容,27.5,3-5年,,"[""专项奖金"",""带薪年假"",""弹性工作"",""管理规范""]","
        岗位职责：
1. 负责趣头条广告销售管理相关工作，包括渠道政策及销售绩效考核体系的规划及制订；
2. 搭建趣头条广告销售数据体系，推动数据产品化，同时提供具有指导性的数据分析报告；

岗位要求：
1. 大学本科及以上学历； 
2. 3年以上渠道政策制定、数据分析等相关工作经验，有代理商渠道政策管理经验优先； 
3. 具备优秀的数据分析能力、独立解决问题的能力，善于沟通，精通sql，并熟练操作excel、powerpoint等办公软件； 
4. 优秀的语言和文字表达能力，快速的学习理解和沟通协作能力，富有创新精神，敢于自我挑战，具有良好的沟通协调能力和执行能力。
        ",0,1,0,1,0
224,数据分析师,红布林,北京,150-500人,本科,B轮,电商,21.5,3-5年,,"[""股票期权"",""带薪年假"",""弹性工作"",""五险一金""]","
        职位职责：
1.深入理解业务，负责运营数据分析工作；
2.跟进运营数据需求，协助搭建日常报表；
3.通过数据产出分析结果和运营策略。

职位要求：
1.数据处理能力强，熟练操作相关软件，熟练使用sql，可以使用 python/r中的一种或多种。
2.了解并可以使用常见的数据挖掘模型；对数据敏感，有较强的逻辑思维，对商业和市场有一定洞察能力。
3.有较好的数据敏感性，有互联网公司用户运营和数据分析经验者优先。
4.有电商从业经验者优先。

",1,1,0,0,0
227,数据分析师,医联,北京,500-2000人,本科,D轮及以上,社交,22.0,3-5年,,"[""专项奖金"",""绩效奖金"",""岗位晋升"",""扁平管理""]","
        职位描述：
1、通过对数据的敏锐洞察以及定性和定量分析，迅速定位内部问题或发现机会； 
 2、负责日常数据分析及监控，针对异常情况协调资源进行跟踪和深入分析；  3、能根据实际业务完成较深入的专项数据分析，并形成数据分析报告；  
4、负责数据分析体系建设和完善，挖掘流量、产品、策略方面的商业变现机会，驱动业务发展；

任职要求： 
1、计算机/统计学/数学等相关专业统招本科及以上学历，在用户增长/产品优化/商业分析/广告投放方向上具有3年以上相关经验者优先；
 2、对数据敏感，逻辑严谨，结构化思维，工作自驱，擅长沟通；
 3、有互联网或咨询从业经验，对互联网产品兴趣浓厚，深入理解业务逻辑； 4、熟练使用sql/excel/python/r等数据分析和统计分析工具。
5、有医疗行业经验更佳
        ",1,1,0,1,0
228,数据分析师,易鉴科技,北京,150-500人,本科,B轮,电商,21.5,5-10年,,[],"
        职位描述：
1、 独立负责电商业务模块的数据埋点、数据支持、数据分析工作，提供正确数据和定性结论；
2、负责活动运营的数据获取、数据分析工作，按活动复盘，提供评估报告；
3、站在品牌角度，建立品牌用户的评价模型，并配合用户运营策略和产品策略，进行效果监控，以及提出改进意见；
4、站在产品角度，评估产品功能痛点，促进产品迭代，评估迭代效果；

职位要求：
1、熟练使用sql等数据库查询语言，统计基础扎实；
2、一年以上电商行业工作经验；
3、一年以上移动端产品运营数据分析经验；
4、本科以上学历，经济学、统计学、计算机等和数据处理高度相关专业； 
5、擅长与内、外部合作团队交流沟通，有跨部门跨团队项目推动力，快速响应需求，拥抱变化；
        ",0,1,0,0,0
229,数据分析师,烁石科技,北京,150-500人,本科,A轮,金融,15.0,1-3年,,[],"
        岗位职责：
1.负责为内外部团队数据查询、分析、解释和沟通需求以及信用风险相关的定量及定性数据分析领域提供决策支持；
2.熟悉运用数据分析工具、负责信贷风控数据的分析，及时准确的完成各项分析需求，对信贷风控数据进行深入的刨铣，为风控策略的阈值确定提供足够的数据分析支持；
3.参与风控策略测试工作，对相关测试进行深入的数据分析和结果测算，根据分析结论选择最优的策略组合；
4.建设业务相关的数据库表，对业务线日常监测，并提供日报、周报等量化分析报表、并定期评估业务线整体风险情况；
5.负责领导交给的其他数据分析、报表制作等工作
任职要求：
1.熟练使用mysql/sas/r/excel等统计挖掘、数据分析工具，有python的使用经验优先；
2.具备数据策略分析2年以上工作经验；对于互联网信贷量化风控与建模技术有专研者优先；
3.数学、统计、金融、计算机等相关专业全日制本科及以上学历，
4.有责任心，可以承受较大的工作压力；富有团队合作精神、沟通能力强、执行力强
5.具备独立业务线分析者优先
        ",1,1,0,1,1
230,数据分析师,汽车之家,北京,2000人以上,本科,上市公司,汽车丨出行,22.5,5-10年,"[""6险1金""]","[""技能培训"",""节日礼物"",""带薪年假"",""绩效奖金""]","
岗位职责：
1. 与业务部门沟通掌握业务和产品动态、与bd沟通及时准确了解厂商需求；
2. 通过对海量数据的分析挖掘，负责产品前期的探索性分析和产品化
3. 参与大数据挖掘工作，从网站运营、营销传播、用户分析等方向为客户（汽车厂商）提供数据分析服务，并根据分析结果提出决策建议
4. 完成数据产品的底层数据监控体系，建立预警机制；
5. 协调数据运营、三反、数据安全等部门做好数据质量和数据安全工作；
 
岗位要求：
1. 本科以上学历，社会学、经济学、统计学、计算机等和数据处理高度相关专业，3年或以上互联网行业同等岗位工作经验；扎实的统计学、数据挖掘理论基础
2. 具有良好的商业敏感度和优秀的数据分析技能，能够开发创新而实际的分析方法以解决复杂的商业问题；具有优秀的报告讲解能力及沟通能力
3. 有互联网数据分析、运营优化相关背景；有网站用户行为研究和数据挖掘经验者优先，有搭建数据库经验优先拥有海量数据处理经验者优先
4. 熟练使用spss、sas、r等数据分析挖掘软件；熟悉hive，熟练使用sql等数据库查询语言；
5. 具有较强结构化思维、逻辑思维能力，良好的沟通执行力。
",0,1,0,0,1
231,数据分析专员,好租,北京,500-2000人,本科,C轮,消费生活,9.0,1-3年,,"[""绩效奖金"",""带薪年假"",""定期体检"",""股票期权""]","
        岗位职责： 
1.负责协助相关人员进行数据产品的搭建，基础数据清洗、分析、算法验证及优化；
2.根据业务策略及需求，对海量的数据进行生产，同时建立生产标准及体系；
3.能够独立承担复杂的分析任务，并对关键分析思路进行产品化;
4.通过分析数据，挖掘行业发展规律，对相关指标周期性趋势进行解读;
5.根据客户需求及数据产品需求提供数据分析及建模支持； 
6.对公司发布的月度、季度、半年度、年度行业报告和专题报告、进行数据支持；
7.完成上级交办的其他工作。
任职要求：
1. 本科及以上学历，计算机、数学、统计学、经济学专业者优先，数理基础扎实
2. 精通spss/python/sas至少一种分析工具，精通mysql查询语言
3. 对数据敏感，善于发现多者关系项的逻辑关联，有刨根问底、怀疑权威、证明真伪的科学分析习惯
4. 具有较强的逻辑思考能力和书面表达能力 
加分项：
1. 掌握通用网络爬虫技术
2. 有一年及以上房地产相关工作经验
        ",1,1,0,0,1
232,02316O-数据分析专家（用户增长方向）,平安人寿,北京,2000人以上,本科,上市公司,金融,37.5,3-5年,,"[""绩效奖金"",""带薪年假"",""定期体检"",""节日礼物""]","
        工作职责
用户增长专家 岗位职责：
1. 负责平安保险、金融产品的用户增长设计，输出增长策略或者为策略输出作支撑；
2. 从数据出发，研究不同媒体推广方式，追求有效获取新用户的渠道；
3. 研究用户行为，分析用户画像，参与用户获取、转化、留存、召回等核心产品指标的优化，通过数据分析得出关键结论；
4. 紧跟市场动向，跟进销售线索，核算投放成本；
5. 关注行业内的增长策略，探索新的增长方向；
任职要求
岗位技能：
1. 本科及以上学历，有用户增长工作经验，具备良好的数据分析及策略提炼能力；
2. 了解常见的用户增长策略，有相对成熟的用户增长方法论，并能因地制宜的开展实施；
3. 对用户有深刻洞察，能站在用户角度思考；
4. 优秀的逻辑思维能力，知识面广，学习力强，善于团队协作和项目管理，推进能力强；
        ",0,0,0,0,0
233,高级数据分析师--3188,爱奇艺,北京,2000人以上,本科,上市公司,文娱丨内容,35.0,3-5年,,"[""绩效奖金"",""五险一金"",""交通补助"",""带薪年假""]","
岗位职责:
1、负责短视频业务的数据分析工作，对产品、运营、用户增长数据进行分析、监测、统计，并形成指标体系；
2、分析挖掘用户需求，形成分析报告，为产品改进提供数据支持和决策建议；
3、优化改进现有的数据统计和报表系统，提升分析效率；
4、构建短视频业务的竞品数据跟踪体系，产出行业分析数据，对齐业务发展目标。
任职要求:
1、3年以上工作经验，本科及以上学历，数学、统计学、计算机相关专业优先；
2、精通 sql，熟练使用excel或sas/spss等统计分析工具； 
3、具有较好的数据分析，抽象理解能力，有大型互联网公司数据分析经验、互联网数据建模分析经验者优先；
4、良好的沟通及组织能力，优秀的规划力和执行力，善于合作协同，抗压能力强。
 
温馨提示：
如果7天内您没有收到爱奇艺的面试邀请，那么目前我们不会安排您参加后续的面试环节，感谢您的理解和对爱奇艺的关注与认可。
",0,1,0,1,1
234,数据分析师,知乎,北京,500-2000人,本科,D轮及以上,社交,22.5,1-3年,,"[""年底双薪"",""股票期权"",""带薪年假"",""定期体检""]","
        1. 对内容社区型互联网产品有一定了解，能从行业趋势、产品形态、内容调性等角度，给业务方方向与业务模式的建议；
2. 结合业务实际，产出能落地的业务优化分析报告和策略；
3. 沉淀分析思路与框架，梳理数据需求，规划数据埋点和数据可视化报表；

任职要求
- 本科及以上，国内外一线互联网公司、咨询公司或投行 3 年以上工作经验
- 对数据和商业敏感，具备对复杂商业问题的系统拆解与逻辑推演能力，连点成面，洞见深刻
- 对统计知识，实验方法有深入了解
- 熟悉sql，具备优秀数据处理能力；建模熟悉r、python的一种；可视化熟悉tableau、excel的一种
- 加分项：渠道分发策略分析和优化经验
        ",1,1,1,1,0
235,商业数据分析师,Games Vessel,北京,50-150人,本科,不需要融资,游戏,15.0,3-5年,,"[""定期体检"",""绩效奖金"",""弹性工作"",""扁平管理""]","
        岗位职责：
1、深入了解业务，建立合理有效的项目预决算、关键业务指标和分析体系，给予业务部门有效建议并推进解决方案，优化相关业务财务流程，深度支持业务决策和过程管理；
2、对于成本测算、商业定价、健康度评估，建立规范的通用模型，按期出具多维度的项目分析数据及业务运营情况，监督业务完成kpi；
3、参与业务部门的项目的整体成本测算；
4、建立业务模型，以数据驱动业务绩效提升，设定合理的指标评价体系，优化成本管控方式，形成成本管理标准和方法，持续与业务建立双向反馈机制；
5、根据业务的需求，改进报告体系，提高报告系统的整体有效性，划小核算单元，为事业部的管理提高数字可视度，为决策提供有力支持和分析。

任职要求：
1、本科及以上学历，经济、财务、会计、金融等相关专业；
2、财务分析、财务运营支持工作经验优先；
3、诚实勤奋，善于沟通，具有高度的责任感，较强的组织协调能力；
4、较强的数据分析能力、清晰的思维逻辑，具备财务建模能力；
5、熟练使用各类办公软件，精通excel和ppt。
        ",0,0,0,1,0
236,数据分析(J10227),阿芙精油,北京,500-2000人,本科,C轮,电商,20.0,1-3年,,"[""美女多"",""帅哥多"",""免费班车"",""扁平管理""]","
        工作职责:
1、建设业务bi报表，不断评估和优化业务分析模型，能够将各项业务进行量化评估；
2、负责分析店铺各类数据，活动专题分析，并针对各类问题提出解决方案和营销方案；
3、撰写数据分析报告，为公司运营决策、销售策略提供数据支持。

任职资格:
学历：本科以上，985/211优先
专业：数学、统计学、计算机相关专业优先，
经验：1年及以上电商行业的数据分析经验，对数字高度敏感及逻辑分析能力强，有化妆品行业经验优先；
技能：熟练使用excel、ppt，sql，使用过bi工具，懂python更佳。
        ",1,1,0,1,0
237,数据分析师,数城未来,北京,15-50人,本科,未融资,数据服务,14.0,不限,,"[""弹性工作"",""扁平管理"",""技能培训"",""岗位晋升""]","
主要职责：
·         负责城市规划、建筑、交通、环保、房地产及工业领域的时空数据挖掘和分析；
·         负责统计、机器学习及深度学习算法模型开发；
·         参与基于webgis的数据可视化开发。
 
职位要求：
·         硕士或以上学历，计算机、统计学、城市规划、地理信息科学等相关专业，有国外留学经验者优先；
·         熟练掌握python，熟悉pandas、scikit-learn等主流分析模块；
·         熟练掌握如mapboxgl、leaflet、echarts等主流webgis和数据可视化工具；
·         具有自然语言处理、图像识别等项目经验者优先；
·         具有城市时空数据处理经验者优先，熟悉arcgis者优先；
·         具有较强的学习能力和意愿，善于创新、思维活跃，具备良好的团队合作精神；
·         具有较强的英文读写能力者优先。
 
工作地点：建国门国际大厦
数城未来致力于通过大数据挖掘城市问题，以空间的视角结合互联网技术实现可视化解读，助力城市决策并推动可持续发展，最终达成数据塑造城市未来的愿景。更多内容可登陆网站http://www.citydnatech.com或搜索微信公众号citydna。
团队小而精，年轻活跃，提供有竞争力的薪酬及福利待遇。
 

 
",1,0,0,0,0
238,金融数据分析师,中科聚信,北京,50-150人,本科,B轮,数据服务,10.0,不限,,[],"
        岗位目标：负责使用数据分析和挖掘技术，解决金融、电信、保险等泛金融机构的风险管理和合规、精准营销及客户分层、欺诈侦测与防控等业务问题。

岗位职责：
1、负责使用数据驱动探索性分析技术来创建和评估预测和决策模型，以解决金融，电信，保险等行业的各种业务问题。具体内容包括：设计，开发和部署各种统计和决策模型；
2、积极支持团队负责人对项目分析部分的管理，包括：项目计划，工作流，以及项目具体工作内容，确保客户的各种业务目标被纳入到分析计划中；
3、必要时与客户积极沟通分析结果，并负责将收集到的客户关注点反馈给团队领导进行解决；
4、参与对未知领域的探索和研究，对解决方法不断做出创新，并将这些方法应用于产品或工具的改善中。

岗位要求：
1、全日制本科及以上，硕士优先
2、】数学，统计学，运筹学，金融，经济等相关领域或同等工作经验
应届毕业生或有工作经验者；
3、优先考虑具有分析解决方案或咨询公司经验者，以及可熟练应用数据通过定量分析来解决业务问题者；
4、熟悉常用的分析软件，例如：python、sas、spss等；
5、性格活泼开朗，善于并勇于沟通，表达能力强；
6、熟悉文档撰写及汇报材料准备；
7、熟练的中英文能力。


",1,0,0,0,1
239,数据分析师-03,希为科技,北京,50-150人,本科,不需要融资,企业服务,20.5,1-3年,,"[""股票期权"",""带薪年假"",""绩效奖金"",""弹性工作""]","
岗位职责：

1.深入理解业务场景，通过数据分析和建模，设计数据模型和产品的业务逻辑，解决业务核心痛点；
2.参与银行数据智能产品的研发工作，建立包括个人风控评分模型、对公风控评分模型等在内的多个数据模型；
3.依托数据仓库，利用hive sql等查询语言、python等统计分析工具，进行数据的探索、清洗、特征工程、建模构建和评估；
4.输出规范的模型文档，包括但不限于数据诊断和探索说明、特征工程说明、模型说明及稳定性评估等，并协调模型的开发上线工作。

任职资格：

1.统计学、数学、计量经济学、计算机等相关专业，本科及以上学历；
2.熟悉数据仓库知识，掌握sql, hive等查询语言；
3.熟练掌握python等统计建模工具，熟悉r、sas等语言； 
4.掌握数据清洗、特征工程、模型建立和评估的规范建模流程，掌握常用的统计预测模型、数据挖掘模型； 
5.良好的沟通表达、协调整合能力，较高的责任心、担当能力； 
6.一年以上金融相关行业（行业从业或相关项目经验）工作经历，有银行数据建模经历者优先。
",1,1,0,0,1
241,临床数据分析员,艾迪泰科,北京,150-500人,本科,不需要融资,其他,9.5,不限,,"[""带薪年假"",""弹性工作"",""午餐补助"",""六险一金""]","
        技能要求：

sas，r语言，spss，医学

岗位职责:

1、根据cdisc标准在pm带领下完成数据标准化分析任务；

2、根据项目需求不断修改完善项目软件；

3、标准化过程中找到原始数据的问题并加以汇报；

4、确保项目的各阶段符合sop要求；

5、项目过程中与同事，上级，客户进行合理的中英文沟通。

职位要求：

1、本科以上学历，临床、流行病学、公共卫生、生物、医药、计算机、数学等专业优先考虑；

2、能够熟练应用编程软件比如sas, python开展编程工作,有sas经验者优先；

3、较强的英语听说读写能力；

4、熟悉cdsic相关知识和指导原则优先；

5、对数据有强烈的热情，细心，耐心，责任心强，自学能力强；

6、具有较强的沟通能力和团队合作精神，较强的逻辑思维能力；

7、能够适应变化的工作强度，很强的时间观念，客户服务意识；

8、抗压能力强，合理安排在多个项目多重时限下的工作优先级，按要求限期完成任务。
        ",1,0,0,0,1
242,数据分析师,动动,北京,50-150人,本科,B轮,医疗丨健康,22.5,1-3年,,"[""股票期权"",""世界顶级团队"",""扁平管理"",""六险一金""]","
职位诱惑：
年终奖金，期权激励，五险一金，补充医疗

职位描述：

【我们的动动情怀】
我们是慢点科技荣誉出品的动动/pacer，我们致力于用技术的手段来帮助全世界的普通人享受到健康并富有活力的生活。
动动/pacer是目前全球**一款同时在中国、美国及欧洲苹果appstore健康分类始终排名前10的应用，applewatch全球首批第三方应用。目前，动动/pacer已在全球积累了超过七千万用户，是继nike、fitbit、myfitnesspal之后全球最有潜力的移动健康创业公司。
我们有世界上最好的团队，我们共同的目标是通过做成一件对社会有价值的事情，来成就最好的自己。我们坚持以创造价值为首要任务，并坚信收益会随之而来。我们以团队的中长期利益最大化为原则，兼顾团队每一位成员的工作成果与努力过程的平衡，以及新老员工在公司发展不同时间阶段贡献的平衡。
如果你也有同样的热情，认同我们的价值观，那么不妨一试，接受更有挑战的工作，与我们一起创造移动健康领域的无限可能。

【职位描述】
基于海量用户数据的挖掘、分析、清洗，提炼核心结果；

【职位要求】
1. 统计、数学、物理、计算机、信息学院或相关专业本科及以上学历；
2.对数据有极强的敏感度，喜欢折腾数据并从数据中发现价值。强大的逻辑思考能力和快速的学习能力；
3.一年以上数据分析或数据挖掘经验。有互联网大数据分析经验者优先；
4.熟悉python/r、sql等语言，有使用科学计算类库或工具的经验者优先。

【我们所能给你的】
• 优秀团队，牛人指导，成长迅速。
• 全员mac。
• 丰厚薪资和期权，五险一金+补充医疗保险。 
• 早10点上班，错开早高峰，弹性工作时间，不打卡。
• 免费晚餐
• 水果零食不断，各种team building层出不穷。
",1,1,0,0,0
243,数据分析师-用户增长方向,微聚未来,北京,500-2000人,本科,不需要融资,金融,30.0,3-5年,,"[""定期体检"",""弹性工作"",""免费班车"",""七险一金""]","
1、根据用户行为数据进行业务分析，有效分析评估业务操作，获取有价值结论并形成报告，为线上运营决策提供有效的决策依据，对业绩指标负责；
2、商业嗅觉灵敏，善于沟通，能够深入了解业务、挖掘业务问题和痛点， 通过数据分析为业务增长决策、运营策略、产品方向提供数据支持，能够承担起业务增长的保驾护航任务；
3、沉淀分析思路与框架，提炼数据产品需求，提供对重点业务的数据分析&洞见，能够帮助业务给出优化建议和方案。


任职要求：
1、数学、统计学、计算机相关专业优先，对业务增长有经验者优先；
2、3年以上互联网用户数据分析相关经验，有一线产品或运营业务增长经验者优先；
3、掌握sql、hql、tableau等工具； 
4、良好的思维能力，责任心强，对数据的准确性、及时性负责，良好的沟通能力，具有团队合作精神；
5、能快速理解业务，发掘用户行为细节和数据之间的联系。
",0,1,1,0,0
244,数据分析师,金拍档装饰,北京,15-50人,本科,未融资,房产家居,55.0,3-5年,,[],"
        1了解集团各业态业务需求,搭建数据分析维度体系,制作经济分析会等周期性集团业务分析报告;
2为业务部门重要项目提供数据分析支持,对业务问题进行深入分析,为公司运营决策、产品方向、营销策略等提供数据支持;
3运用编程和专业统计软件以及b1分析工具平台完成海量数据的挖掘和分析工作;
4和其他团队紧密合作推动数据产品的落地,并表现出良好的团队协作交流能力;对业务部门分析师提供技术支持;
任职要求
1·统计、运筹,数学、信息技术、计算机等专业, 3年以上相关工作经历;
2.良好的数据敏感度,能从海量数据提炼核心结果;有丰富的数据分析、挖掘、清洗,预测,和建模的经验;
3,熟练使用某一种专业b1分析平台工具(比如tableau)有统计分析工具sas/spss/r, matlab优先
4有数据分析,建模、数据类产品类规划经验的优先
5熟悉数据库技术,有使用hadoop/hive分析海量数据的能力,能高效的与数据技术团队以及业务部门进行沟通
6有良好的沟通能力,具备出色的规划、执行力,强烈的责任感,以及优秀的学习能力;
        ",0,1,1,0,1
245,游戏数据分析师,龙拳风暴,北京,150-500人,本科,天使轮,游戏,16.0,不限,,"[""带薪年假"",""定期体检"",""领导好"",""弹性工作""]","
        岗位职责：
1. 以持续增长为目标，与市场/运营/产品/数据开发团队深度协作，负责相关增长单元的数据分析和策略研究工作；
2. 深入理解业务状态与问题，负责增长驱动因素的拆解与研究、增长潜力洞察；
3. 负责卡牌产品数据分析框架和指标的建立，推动完善可视化的da产品；
4. 其他专题性数据分析工作；

岗位需求：
1. 一年以上“手游行业”数据分析工作经验，有完整上线卡牌项目经验者优先；
2. 数学、统计学、计算机等相关专业本科以上学历，研究生优先；
3. 热爱游戏行业，对游戏策划/市场投放/游戏运营至少一类工作有深入理解和成功数据应用经验；
4. 对数据敏感、逻辑能力强，可有效洞察复杂关系，有成熟数据价值应用方法论；
5. 数量掌握数据分析必备的技能（如：sql/hive/r/python/excel/tableau/matlab等）
        ",1,1,1,1,0
246,高级数据分析经理,金山云,北京,2000人以上,本科,D轮及以上,数据服务,37.5,5-10年,,"[""技能培训"",""节日礼物"",""瑜伽房"",""免费班车""]","
        岗位职责：
1、全面负责公司的数据运营管理，对公司业务规划、经营分析、资源优化等提供数据支持；
2、搭建全面准确、能反映业务特征的监控指标体系、并基于业务指标体系，及时发现与定位业务问题；
3、通过专业分析，对业务问题进行深入分析，辅助各部门制定业务优化策略；
4、推动公司数据中台建设，提升公司数据输出效率；
5、负责数据团队的搭建和人才培养；

任职要求：
1、本科及以上学历，统计学、数学或计算机专业，硕士优先；
2、熟练使用sql，优秀的excel、ppt技能，有r、python基础优先；
3、五年以上数据分析工作经验，两年以上团队管理经验；
4、具备良好的表达与沟通能力，能独立完成数据分析及汇报演讲，有大型公司管理层数据分析支持经验者优先；
5、关注业务，对业务有理解力，善于通过数据分析赋能业务；有自驱力和好奇心，对数据有敏锐的洞察力；
6、较好的跨部门沟通协调能力，能高效与产研团队对接需求并推动落地，有深度参与数据平台建设经验优先；
        ",1,1,0,1,0
247,数据分析,优捷信达,北京,50-150人,本科,B轮,数据服务,4.5,应届毕业生,,"[""技能培训"",""带薪年假"",""绩效奖金"",""岗位晋升""]","
职位描述：
在大数据服务领域的国内领先公司任职数据服务、及数据清洗的工作。
1、项目配合：根据公司项目需求，操作内部系统，完成项目对数据方面的需求。
2、项目沟通：沟通和理解，来自销售或直客的项目需求，转化成可完成的相关项目配合需求清单。
3、项目运维：了解掌握内部各部门流程和职责，充分并正确理解客户需求，将客户需求分解至相关部门，并跟进完成。
4、做过第三方数据采集、清洗等工作优先。
任职要求：
1、统招本科以上学历，统计、营销财会或计算机相关专业优先；
2、有数据统计、舆情或市场研究行业经验优先；
3、熟练掌握办公软件，excel操作熟练者优先；
4、学习能力强，接受新事物快，责任心强，做事细致；
5、能够承受压力；
6、沟通力强，思路清晰；
",0,0,0,1,0
248,项目经理助理（数据分析方向）,币世界,北京,150-500人,本科,A轮,金融,8.5,1-3年,,"[""岗位晋升"",""五险一金"",""节日礼物""]","
        岗位职责：
1 负责公司指派的区块链项目的基础工作，包括市场调研、行业研究、方案策划、数据分析等；
2 对指定项目的财务数据进行追踪和监控，并定期产出分析报告；
3 配合项目经理和财务经理对接交易数据和财务数据

职位要求：
1 对数字敏感，逻辑思维强，分析能力强；
2 对区块链行业、金融投资标的、二级市场有一定的认知；
3 看好区块链行业和交易所领域，希望长期在该领域发展
        ",0,0,0,0,0
249,数据分析师(J10800),伴鱼口语,北京,2000人以上,本科,C轮,移动互联网,26.5,3-5年,,"[""带薪年假"",""交通补助"",""五险一金"",""住宿补贴""]","
        工作职责:
职位职责：
1、深入理解业务，负责业务线相关数据分析工作；
2、跟进运营数据需求，协助搭建日常报表；
3、根据业务发展需要，对业务数据进行开发和系统性管理，包括数据入库对接和数据口径标准化；
4、通过数据产出分析结果和运营策略，产出对业务有推动作用的模型策略和方法论支持。


任职资格:
职位要求：
1、具备大学统招本科或以上学历，数学、统计学或工科相关专业优先；
2、具备2-4年数据分析经验，有较好的数据敏感性，有互联网公司用户运营、活动运营等方向数据分析经验者优先；
3、熟练使用sql、excel，可以使用 python/r中的一种或多种，数据处理能力强；
4、了解并可以使用常见的数据挖掘模型；对数据敏感，有较强的逻辑思维，对商业和市场有一定洞察能力；
5、沟通表达能力强，能推动业务发展，具有一定的抗压能力。
        ",1,1,0,1,0
250,数据分析经理,达内集团,北京,2000人以上,本科,上市公司,教育,17.5,3-5年,,"[""技能培训"",""股票期权"",""专项奖金"",""带薪年假""]","
        工作职责：
1、深入研究业务模式，剖析业务驱动因素，搭建经营分析体系并提出优化建议，推动优化方案落地及效果监控评估；
2、搭建业务层的多维度定期经营分析报告，基于业务目标与内部业务监控，为经营策略决策提供支持；
3、支撑业务线的重要业务战役，协助业务部门进行策略制定与拆解，通过搭建业务模型、策略制定、分析建议、数据反馈等方式，不断改善业务结果，提升业务效率；
4、负责对数据进行处理、分析和预测，对相关数据进行深度挖掘分析，产生有价值的商业洞察，并转换为可执行的业务行为；
5、负责数据团队的管理运营工作，团队配置1+5；
6、汇报对象-事业部总经理，承担30%的业务方向总助工作。


岗位基本要求：
1、大学本科及以上学历，，3年以上数据分析、商业分析、财务分析等相关工作经验，外企背景/四大背景优先；
2、精通excel，熟悉统计与数学知识及常用数据分析软件，熟悉数据的常用算法；
3、商业敏感性高，学习和数据洞察力突出，融入业务的能力强；
4、沟通表达能力优秀，高情商，善于跨部门的沟通协作，对工作结果交付有高度责任心。
        ",0,0,0,1,0
251,高级数据分析经理,狸米网校,北京,500-2000人,本科,B轮,教育,37.5,5-10年,,"[""弹性工作"",""扁平管理"",""朝阳产业"",""老板NICE""]","
岗位职责：
1、根据公司战略目标，搭建业务数据分析框架，完善关键kpi的监控和管理体系，建立kpi数据日报系统；
2、深入理解业务，挖掘业务运营中的问题和痛点，通过数据分析为业务决策、产品方向、运营策略提供数据支持；
3、作为业务大脑，深入各业务部门，推进数据驱动业务增长，利用数据分析评估目标和运营策略，为业务增长和流程优化提供有效建议，并与业务部门共同推进；
4、深入研究学生和家长的行为和需求，完善用户需求模型，支持业务部门根据用户特征分类制定运营策略，并不断优化用户体验和满意度；
 
任职要求：
1、5年以上工作经验（至少4年数据分析相关经验），互联网公司（尤其是平台型公司）经验优先，团队管理经验优先；
2、能独立搭建用户数据和商业数据模型，有从0到1搭建数据平台经验的优先；
3、对数据敏感，具有良好的业务理解能力，逻辑思维能力强，用数据说话，有良好的数据分析及展示汇报的能力；
4、擅长沟通协调，推动能力和执行能力强，有大局观，有担当，有独当一面的能力；
5、对事业充满激情，热爱创新，乐于迎接挑战；
6、以下能力和经验为优势选项：
（1）商业分析/运营策略制定和分析/运营管理经验；
（2）熟练使用sql，优秀的excel、ppt技能，python、r经验；
",1,1,0,1,0
253,高级数据分析师,高创保安,北京,50-150人,本科,B轮,人工智能,27.5,3-5年,,[],"
        工作职责 
1、 深入政法委市域社会治理业务，理解业务运作逻辑，利用数据分析手段，发现业务瓶颈，为业务的策略、产品优化提供数据支持；
2、 运用大数据分析和机器学习的理论和方法，构建数据模型、主题模型，解决政府行政业务中遇到的实际问题，驱动、优化、强化政府行政中的监管职能；
3、 运用公司的数据工具产品或其他工具，进行数据提取、统计、清洗、分析等数据分析处理工作，挖掘数据的价值，将价值最终赋能业务目标；
4、 负责产品及方案的数据维度深度分析、规划，配合产品经理规划数据产品，并利用数据进行初步的可行性验证；
5、 负责大数据模型和算法的设计，配合数据挖掘团队进行开发、调试和修改，推进研发实施落地；
6、 对客户、项目交付实施团队、项目运营团队成员进行大数据分析和数据挖掘技术的培训；
7、 负责数据分析课题、理论的研究和报告的撰写。

职位要求 
1、 数学、统计分析和计算机专业，本科毕业三年以上工作经历。
2、 全面了解大数据处理前沿技术，熟悉主流机器学习、数据挖掘或自然语言处理模型算法，如分类/聚类/回归/时间序列/文本挖掘/神经网络等。
3、 至少精通一门语言(python/r/java等)，精通常用算法和数据结构。
4、 掌握hadoop,spark等分布式大数据处理技术和机器学习框架，掌握mysql、postgresql等常用关系数据库，会用sql进行数据分析。
5、 有政府行业数据分析经验者优先。
6、 优秀的沟通表达能力，具有团队精神，以及踏实和坚持不懈的工作态度。
        ",1,1,0,0,0
254,数据分析师,当当网,北京,2000人以上,本科,上市公司,电商,30.0,不限,"[""地铁周边""]","[""年底双薪"",""节日礼物"",""技能培训"",""绩效奖金""]","
        岗位职责：
1. 负责商业化数据分析，熟悉电商流程，对于具体业务问题，能够独立展开分析，提供决策
2. 对数据敏感，能够及时发现并预警业务问题，快速定位原因
3. 善于挖掘数据，提供有价值的分析报告，能够指导业务运营，解决商业问题
4. 数据驱动，支持业务决策，对于关键结论，能够跨部门沟通协调，并推动结果落地
5. 日常数据支持
岗位要求：
1. 国家公办统招本科及以上学历，3年以上互联网数据产品数据分析工作经验
2. 熟悉电商流程，具有全局意识，对用户、流量、产品、运营有研究
3. 对数据敏感，具备良好的数据洞察力和业务理解能力，思维严谨，沟通灵活
4. 对电商某个领域有深入研究，有增长案例优先

",0,0,0,0,0
255,资深数据分析师-产品技术中心 (MJ006569),搜狐集团,北京,2000人以上,本科,上市公司,广告营销,15.0,不限,,"[""节日礼物"",""项目奖金"",""弹性工作时间"",""15天年假""]","
        工作职责：
1、独立负责搜狐视频的产品、内容、用户数据分析工作，通过数据协助产品和业务迭代；
2、深入了解市场环境和业务状况，为产品方向、经营关键思路进行数据分析和策略分析；
3、建立产品、运营分析体系，定期完成各类业务报告，诊断业务问题，寻找业务发展的突破口；
4、协助数据产品进行数据平台的优化，提升整体数据分析能力和数据获取效能；


任职资格：
1、优秀扎实的数据分析基础知识，能从海量数据提炼核心结果，有丰富的数据分析，挖掘，清洗和建模的经验
2、熟悉常用的统计分析方法，如小样本分析，a/btest 等，熟练使用sql，擅长python优先。
3、具有相关工作经验，在线视频和短视频行业从业经验长者优先
4、 逻辑清晰，乐于创新，勇于面对挑战，充满激情，自驱力、沟通力、学习能力强，善于沟通协作
        ",1,1,0,0,0
256,数据分析师,人人云图,北京,15-50人,硕士,A轮,数据服务,20.0,1-3年,,"[""股票期权"",""弹性工作"",""扁平管理"",""五险一金""]","
工作职责：
1. 负责项目中数据分析工作，以及产品设计过程中数据分析相关工作
2. 根据客户需求或产品需求，开发数据分析模型
3. 与实施工程师配合，在客户现场完成数据etl工作
4. 提出数据采集需求，并与系统工程师配合实现数据采集系统
5. 利用自有数据和客户数据，针对具体问题出具分析报告
 
任职资格：
1. 理工科硕士以上学历，1年以上数据相关工作经验
2. 具备工作所需的数学、统计学知识，了解数据科学基本方法论
3. 熟练运用python、r、scala、java之一开发数据分析模型，熟练运用sql语言
4. 熟练使用至少一种常见数据库、数据挖掘系统、大数据平台，掌握etl基本方法和工具
 

",1,1,0,0,0
257,增长数据分析师,天眼查,北京,500-2000人,本科,不需要融资,数据服务,25.0,1-3年,"[""免费下午茶"",""免费体检"",""地铁周边"",""5险1金"",""工作居住证""]","[""专项奖金"",""股票期权"",""带薪年假"",""定期体检""]","
工作职责
-结合业务目标，分析和拆解主要增长手段，持续分析阶段性结果，支持业务复盘与决策
-自主进行数据分析，挖掘影响业务增长的核心因素，制定优化策略并协同推进落地
-建立流量获取和流转模型，分析优化预算分配与roi
-负责业务专题的深度研究，抽象增长业务的数据逻辑，沉淀成方法论/解决方案
-建立和完善用户增长相关的数据工具，提升业务效率
工作要求
-善于深度思考问题，具备优秀的逻辑思维及分析能力，能快速学习、全面系统性思考
-具备数理统计分析能力和商业分析能力，能够熟练使用 excel, sql, python等进行产品数据分析和商业数据分析
-良好的沟通能力, 耐压力, 和强大的推动力
-数学/统计/金融/经济专业背景优先，互联网增长策略/战略研究等相关工作经历优先
",1,1,0,1,0
258,数据分析leader,天眼查,北京,500-2000人,本科,不需要融资,数据服务,40.0,5-10年,"[""免费下午茶"",""免费体检"",""地铁周边"",""5险1金"",""工作居住证""]","[""专项奖金"",""股票期权"",""带薪年假"",""定期体检""]","
        工作职责：
-负责分析团队的组建和管理，通过数据驱动业务增长
-建立和完善分析相关的数据工具和技能，提升分析效率
-结合业务目标，分析和拆解主要增长手段，持续分析阶段性结果，支持业务复盘与决策
-建立流量获取和流转模型，分析优化预算分配与roi
-负责业务专题的深度研究，抽象增长业务的数据逻辑，沉淀成方法论/解决方案


工作要求：
-善于深度思考问题，具备优秀的逻辑思维及分析能力，能快速学习、全面系统性思考
-具备数理统计分析能力和商业分析能力，能够熟练使用 excel, sql, python等进行产品数据分析和商业数据分析
-良好的沟通能力, 耐压力, 和强大的推动力
-数学/统计/金融/经济专业背景优先，互联网增长策略/战略研究等相关工作经历优先
        ",1,1,0,1,0
259,数据分析师,上海唯都,北京,150-500人,本科,未融资,广告营销,10.0,1-3年,,[],"
岗位职责：
1. 支持各种常规或临时数据分析需求；
2. 提供各类业务相关的分析及建议；
3. 和各部门沟通协调需求并提出各种新的数据分析项目或方案；

任职要求：
1. 数学、统计、计算机及相关专业本科以上学历；
2. 1年左右数据分析或数据挖掘方面经验；
3. 做事细致、数字敏感、耐得住数据分析和处理的枯燥；
4. 精通excel，擅长报表自动化者优先；
5. 有参与系统搭建经验者优先。

专业能力要求：
1. 业务分析能力：主动发现业务问题并通过数据寻找其原因及提出解决方案；
2. 沟通协调能力：可以和业务团队合作完成分析项目；
3. 技术能力：熟悉数据库语句，擅长自动化报表；
",0,0,0,1,0
260,数据分析师,罗辑思维,北京,150-500人,本科,D轮及以上,文娱丨内容,27.5,3-5年,,"[""扁平管理"",""弹性工作"",""六险一金"",""定期体检""]","
岗位职责 :
1.整体负责整个罗辑思维&得到app的数据分析工作，构建完善数据指标体系与分析体系，设计、优化高效的可视化数据后台；
2.深入理解得到业务，完成从业务课题研究到最终成果落地的整个日常流程搭建工作，监控产品、运营和经营的健康度，从分析角度提出建议推动改进；
3.对专项课题或整体竞争力进行深度研究，为公司战略提供支持；
4.分析评估增长实验或其他市场活动的效果；
5.围绕用户行为展开研究，不断构建和部署增长实验，通过实验和分析总结，在实践中学习并进步；
6.驱动管理数据分析师团队。与数据工程师、产品经理、运营有效协作。

职位要求：
1.责任心强，具有良好的沟通与组织协调能力，能够持续推进工作完成闭环；
2.有主动学习和快速学习的能力，自驱力强；
3.既能驱动管理数据分析师团队，与数据工程师、产品经理、运营有效协作，也有较强的一线动手能力；
4.熟练使用 sql, python 或其他查询语言，熟悉 tableau 优先，
经济学/数学/统计学专业优先。
",1,1,1,0,0
261,数据分析,亚创,北京,500-2000人,不限,C轮,社交,12.0,1-3年,,"[""节日礼物"",""年度旅游"",""岗位晋升"",""管理规范""]","
        岗位职责：
1、深入了解业务，挖掘用户行为、产品等多维度的数据价值，发现产品、运营、市场潜在问题及业务增长点，为产品、运营、市场决策提供合理意见及方案；
2、沉淀分析思路和框架，提炼数据产品需求，协作并推动数据产品落地，完善数据监控、运营分析、数据协同等数据支持体系；
3、负责数据相关需求的对接，跨部门协作沟通，推动相关人员紧密合作达成目标。


岗位要求：
1、计量经济学、统计学、计算机等相关专业大学本科（含）以上学历，细心有责任心
2、1年以上全职数据分析相关工作经验
3、熟练使用sql、excel、tableau等
4、有良好的表达能力和沟通协调能力
5、有直播、社交公司工作经验者优先
        ",0,1,1,1,0
262,数据分析师,混沌大学,北京,150-500人,本科,不需要融资,教育,22.5,3-5年,,"[""弹性工作"",""扁平管理"",""领导好"",""五险一金""]","
岗位描述：常规数据需求对接、处理与跟进；日常数据监控、数据分析以及数据报告的输出；根据业务需求设计数据采集方案，梳理和管理数据采集流程（包括数据埋点流程），推动技术完成数据采集的开发；维护数据指标的定义和口径；推进数据分析体系建设和完善；利用工具搭建数据看版，推动报表体系和统计体系的改进；岗位要求：本科及以上学历，3年及以上数据分析相关经验，统计、数学等相关专业优先；熟练使用excel（数据透视等）；熟练使用sql读取数据，掌握一种或多种分析工具软件（sas、r、python等）主动性高，执行力强，擅长跨部门合作沟通，协作。优秀的数据可视化设计能力使用过神策、诸葛io、quickbi等三方分析工具优先有视频、在线教育、知识付费、社交平台等相关行业工作经验优先.
",1,1,0,1,1
263,会员数据分析师,爱奇艺,北京,2000人以上,本科,上市公司,文娱丨内容,20.0,3-5年,,"[""绩效奖金"",""五险一金"",""交通补助"",""带薪年假""]","
岗位职责：
1、参与设计会员数据统计分析平台，构建数据分析模型，定期监测业务数据并提供相关数据支持；
2、提供与会员有关的日报、周报、月报等报表，提升管理效率、推进业务快速发展；并推动各类报表的智能化；
3、构建会员精益经营体系，对会员业务进行诊断，给予方向和方法上的指导，驱动会员团队的业绩增长，包括但不限于：
1）对会员用户行为数据进行挖掘与分析，设计ab测试等工具，
2）对会员运营的数据进行监测，对异常波动进行诊断
3）专题分析：根据会员业务部门需求，建立合适的分析模型对业务问题进行分析；
 
任职资格：
1、本科及以上学历，数学、信息技术，经济学相关专业；
2、至少3年以上互联网行业数据分析经验；
3、精通sql等数据查询语言，熟练使用excel，至少熟练使用一门统计软件，如spss、r、sas或其他数据展示软件比如tableau、microstratety、sap等
4、沟通协调能力，领导过跨部门项目者优先
温馨提醒：如果 7 天内您没有收到爱奇艺的面试邀请，那么目前我们不会安排您参加后续的面试环节，感谢您的理解和对爱奇艺的关注与认可。
",0,1,1,1,1
264,数据分析负责人,宝誉德,北京,15-50人,本科,未融资,企业服务,45.0,3-5年,,[],"
        工作内容：
1、开展专题分析，对社交业务、产品、策略效果、人群等进行深入分析，为产品提供策略建议与引导
2、搭建业务数据监控指标体系，及时发现业务问题与机会，进行异常排查与分析工作，并提出产品功能优化相关建议
3、根据产品版本迭代进行效果评估分析，与产品经理协作沟通，紧贴业务，提出产品优化洞察及分析建议
4、协作社交产品经理、运营方向开展策略研究，形成社交分析闭环，优化数据流程，分析并跟进策略效果、指标提升机会点等
学业背景
1、本科及以上学历
2、应用数学、统计学、经济学、心理学、计算机等相关专业背景
工作资历
1、至少3年以上数据分析工作经验
2、有直播、社交从业经验优先；
3、有深度的产品、渠道、运营分析经验优先；
技能及其它
1、熟练运用数据分析相关的工具和方法，如sql、python、tableau、spss、r等；熟练应用聚类、因果、相关等统计方法
2、拥有敏锐的洞察、分析能力；有严谨治学的研究态度；良好的沟通能力、表达能力、时间管理能力
3、在业务分析能力上有专长者优先，如能独立承担复杂数据挖掘、商业分析等
        ",1,1,1,0,1
265,数据分析实习生,象辑科技,北京,50-150人,本科,B轮,数据服务,2.5,应届毕业生,,"[""带薪年假"",""扁平管理"",""领导好"",""五险一金""]","
        岗位职责：
协助项目经理完成数据分析工作：
1、 气象数据的清洗及处理
2、根据分析结果，撰写相关报告
任职资格：
1.热爱数据分析工作，了解使用至少一种编程语言（r、python）完成数据的处理和分析。
2.较强的学习能力，逻辑严谨，对数据敏感，在工作中逐步理解气象数据和指数的特点，发掘业务细节和数据之间的联系。
3.本科以上学历，基于上述两点要求，统计、数学、保险精算等相关专业或有相关行业从业经验着优先。
4.有责任心、工作自驱动，沟通能力强、具有团队合作精神，能承受较强的工作压力
        ",1,0,0,0,0
266,数据分析师,中国人民银行金融科技研究院,北京,150-500人,硕士,不需要融资,金融,60.0,3-5年,,[],"
•负责使用大数据和人工智能技术，深入挖掘内外部用户需求和属性特征，为运营决策、产品方向提供数据专题分析报告；
•结合业务日常提数和分析需求，构建全面的、准确的、能反映服务业务特征的整体数据指标体系,并基于业务监控核心指标，及时发现与定位业务问题，给出行动建议；
•理解市场，设计数据应用产品，实现分析建模、标签管理、报表汇总、成果展示、用户运营等功能，提升数据产出的效率，优化数据使用方式，推动团队“数据驱动”的能力；
•沟通协调项目进度，理清业务和技术的环节，与研发、业务等团队紧密协作，推动数据产品落地实施，把控产品质量；
•通过各类渠道获取市场/行业/竞品信息，利用数据分析和解读的能力，对业务做出合理的判断和趋势性的预判，输出高质量的业务分析报告。

职位要求:
•统计学、数学及数据分析等相关专业，3年以上工作经验；
•对于数据挖掘/机器学习技术有深入的理解，包括但不限于：逻辑回归，随机森林，聚类，支持向量机，神经网络等，具备相关数据挖掘项目实战经验；
•熟练掌握sas、python、r、sql、excel等常用数据处理工具，有axzure、sketch、墨刀等原型设计软件的经验者优先；
•具有良好的数据使用能力、业务抽象理解能力、需求提炼能力以及项目协调管理能力；
•具有良好的逻辑思维能力，较强的沟通能力和团队合作精神，能承担工作压力；
•有金融或银行业背景者优先。

能力突出者，薪资不设限！！！
",1,1,0,1,1
267,数据分析,51社保网,北京,500-2000人,本科,C轮,企业服务,15.0,3-5年,,"[""绩效奖金"",""专项奖金"",""带薪年假"",""弹性工作""]","
职位需求：1、负责数据中台的数据业务的产品规划、产品设计、产品落地；2、分析业务需求，根据客户需求抽象提炼产品计划，并推进执行；3、负责梳理现有系统数据及逻辑关系，建立模型；4、组织和推动各团队协同，确保产品快速迭代；5、对现有系统推进数据及业务闭环，输出数据需求；6、分析产品上线后数据和效果，引导以用户为中心的产品迭代。7、有数据分析经验者优先。
任职资格：
1、本科及以上学历，2年以上to b bi/数据系统设计经验；2、有较强的数据理解能力，能将业务场景做数据化的抽象，并应用与产品；3、有良好的沟通能力和表达能力，自我驱动能力强，注重团队合作；4、有推进数据项目落地的实践经验；5、有应用sql进行数据分析经验的，优先录用。
",0,1,0,0,0
268,数据分析师,51社保网,北京,500-2000人,本科,C轮,企业服务,19.5,3-5年,,"[""绩效奖金"",""专项奖金"",""带薪年假"",""弹性工作""]","
职位需求：
1、分析业务需求，根据客户需求抽象提炼产品计划，并推进执行；
2、负责梳理现有系统数据及逻辑关系，建立数据分析模型及预测模型；
3、组织和推动各团队协同，确保产品快速迭代；
4、分析产品上线后数据和效果，输出数据分析报告；
5、有数据分析经验者优先。

任职资格：
1、本科及以上学历，2年以上to b bi/数据系统设计经验；
2、有较强的数据理解能力，能将业务场景做数据化的抽象，并应用与产品；
3、有良好的沟通能力和表达能力，自我驱动能力强，注重团队合作；
4、有推进数据项目落地的实践经验；
5、有应用sql进行数据分析经验的，优先录用。
",0,1,0,0,0
269,数据分析师,冰鉴科技,北京,150-500人,本科,C轮,信息安全,20.0,1-3年,,"[""福利关怀丰厚"",""组织管理扁平"",""年终奖金丰厚"",""技术实力强大""]","
        工作职责：
1.负责金融风险管理相关的数据分析，对风险预警异常情况进行深入分析，对业务风险指标进行跟踪分析及优化；
2.负责机器学习模型的构建、维护、和评估；
3.参与公司征信评分模型和征信系统的研发，包括但不局限于反欺诈模型、申请评分、行为评分、催收评分等模型设计开发；
4.对于部门内产品、需求提供数据支持，对于风险规则策略提供建议；
5.配合项目计划，负责建模驻场项目，完成客户需求的任务。
职位要求：
1)统计、数学、计算机等理工科相关专业本科及以上学历，有金融业相关工作经验为佳， 做过个人风控和企业风控最佳；
2)熟悉常用数据挖掘算法与模型，熟悉逻辑回归、神经网络、决策树、聚类等建模方法；
3)熟练使用 python、r 等数据处理工具，熟悉 sql、hive、spark，hadoop，了解mapreduce 分布式计算，具备扎实的数据分析功底；
4）对数据敏感且对处理大量数据有强烈兴趣，喜欢探索钻研，有独立思考的能力；
5)思维活跃，有创新思考能力，具有良好的逻辑分析能力，能够快速学习新方法，责任心强；
6)注重团队协作，有独立承担项目的经验和能力，具有优秀的职业素养和抗压能力；
7）具有良好的编码能力，具备产品思维，可适应短期出差者优先考虑。
        ",1,1,0,0,0
270,数据分析师,58到家,北京,2000人以上,本科,D轮及以上,消费生活,25.0,3-5年,"[""试用期上社保"",""试用期上公积金"",""免费健身房"",""免费下午茶"",""公司氛围好"",""15薪"",""免费体检"",""地铁周边"",""5险1金"",""6险1金""]","[""节日礼物"",""技能培训"",""股票期权"",""免费班车""]","
岗位职责：
1.深入业务并洞察数据应用场景，通过数据报表、仪表盘以及数据产品等方式，满足内外部数据需求，发挥数据价值
2.负责家政业务公司层面数据指标体系与数据标签体系建设
3.参与bi产品设计工作，与产品、研发、设计、测试等紧密合作丰富数据产品形态
4.参与数据治理工作，与产品、研发与业务等密切合作完善数据仓库并辅助数据集市建设

岗位要求:
1, 3年及以上的数据相关工作经验，有指标体系、标签体系经验及bi系统经验，生活服务行业加分
2, 本科及以上学历，精通sql，了解hadoo、hive、python与r等分析工具加分
3, 有一定的数据体系建设方法论及分析框架沉淀，较强的商业sense，逻辑思维和流程思维能力较强，沟通能力和协调能力较强
4，熟悉powerbi、finebi、tableau等国内外数据分析软件，具有良好的数据分析能力和可视化设计功底
        ",1,1,1,0,0
271,数据分析师,有咖互动,北京,150-500人,本科,B轮,移动互联网,12.5,1-3年,,"[""绩效奖金"",""年底双薪"",""带薪年假"",""弹性工时""]","
克拉克拉（kilakila，原红豆live）是由新浪微博战略投资，面向18-25岁年轻用户的互动兴趣社区。上线以来，其独有的语音直播技术和平台氛围，获取了大批知名声优、coser等用户爱好者；陆续上线ip联动、声优活动、avg小游戏、虚拟直播。

工作内容
1、负责数据体系建设，包括渠道、用户、内容等维度数据采集、指标体系、bi报表设计与开发等方面；
2、定义核心业务目标，针对业务重点方向分析，包括用户增长数据分析、商业变现数据监控，产品功能效果分析等，通过严谨和系统性数据分析进行业务健康度监控，提供业务决策数据支持；
3、与产品、运营和市场等团队合作，明确监控指标，保障数据正确可视化。

任职要求
1、本科及以上学历，统计、数学或计算机等相关专业；
2、精通使用sql、excel等，有hive经验，有较强的etl脚本编程能力、调优能力；
3、业务理解力强，可快速把握业务重点，形成分析框架且有自己明确的观点输出；
4、数据敏感，逻辑清晰，有良好的信息处理能力；
5、熟悉互联网产品数据指标体系、埋点采集验证。
",0,1,0,1,0
272,数据分析师,必要商城,北京,150-500人,本科,不需要融资,电商,20.0,3-5年,,"[""商业医疗保险"",""带薪年假"",""扁平管理"",""下午茶""]","
工作职责：
1.负责增长/促活相关项目的各项数据需求对接与支持工作
2.配合其他部门完成数据分析工作
3.通过对业务的深入了解，构建完善的业务指标体系，并跟踪业务数据，为业务指标异常波动进行监测、解读和预警
4.推动业务数据建设及数据可视化建设

岗位要求
1.本科及以上学历，在数据分析方面具有3年以上相关经验，有电商增长/促活/画像分析相关经验优先
2.对数据敏感，逻辑严谨，工作主动负责
3.熟练使用hql/python/excel等数据分析工具，有产品经验优先
4.沟通能力良好，能够与产品，运营，研发等配合完成数据工作的推进，与优化方案的落地执行
",1,0,0,1,0
273,数据分析师,跟谁学-高途课堂,北京,2000人以上,本科,不需要融资,教育,30.0,5-10年,,"[""绩效奖金"",""午餐补助"",""弹性工作"",""领导好""]","
        1、负责流量、销售或辅导端的核心业务指标体系的搭建，分析解读，为管理层提供商业决策依据；
2、从数据角度配合业务优化动作，实现精细化运营；
3、通过数据洞察业务问题与发现新的机会，并推动业务方的测试与落地性运营；
4、行业调研，结合行业数据趋势，对公司的业务发展方向提供策略支持；
4、业务数据&分析相关的临时需求：及时响应，并能将常用重要需求转化成数据产品。
岗位要求：
1、全日制本科及以上学历，211/985优先，统计学、数学相关专业。
2、1-2年数据统计分析工作经验，有互联网行业或教育行业经历优先。
3、具备数据处理及分析、沟通、组织协调能力，
4、精通excel、access，sql等办公软件
5、具有较强的逻辑思维能力，原则性强，能动性强，能承受较大的工作压力和挑战。
        ",0,1,0,1,0
274,数据分析经理,伟门安捷达,北京,50-150人,本科,不需要融资,广告营销,17.5,3-5年,,"[""节日礼物"",""年底双薪"",""带薪年假"",""领导好""]","
        主要职责：
1. 负责公司各行业客户的流量（官网、媒体、社交平台）分析、用户数据分析、客户业务数据分析等工作，结合业务特点，通过数据分析和洞察，为运营、营销、产品提供策略支持；
2. 基于数据分析给出整套数据解决方案，包含目标人群的选择、营销策略的匹配、运营数据的监测以及效果评估等，形成全面覆盖的数据方案；
3. 根据客户的数据，搭建用户数据指标体系、包含监测、考核指标以及营销模型，跟进核心指标变化，并以此为基础进行问题诊断进而输出业务建议，跟进执行落地表现，形成数据策略驱动的营销业务闭环；
4. 分析用户行为，理解用户需求及痛点，对重大业务策略等进行专项分析。对接业务部门数据需求，跟进日常用户运营/产品的效果评估和优化；
5. 使用数字营销数据和社交数据，倾听并提供有用的客户行为分析和客户洞察；
6. 理解客户的业务需求，推动战略所有渠道和接触点；管理客户的期望，为客户推动规划/分析和研究功能；
7. 定期和客户沟通，为客户业务需求提供全面的数据解决方案。


职位需求：
1. 数学、统计学、计量经济学、信息、数据挖掘等相关专业，3年以上数据分析经验；
2. 良好的数据敏感度,能从海量数据提炼核心结果，有丰富的数据分析、挖掘、清洗和建模的经验；
3. 具备良好的分析和解决问题的能力s，具备良好的项目推动能力和执行力；
4. 有较强的沟通能力、抗压能力、主动性及团队合作精神；

",0,0,0,0,0
275,高级广告数据分析师,乐元素游戏,北京,500-2000人,本科,不需要融资,游戏,27.5,不限,,"[""技能培训"",""领导好"",""节日礼物""]","
        responsibilities：

1. 主导单项目整个数据分析流程，整理、提炼已有的数据分析报告，形成结论，撰写报告，并跟踪反馈；

2. 熟悉广告行业分析的相关指标体系，有自己的深入见解；

3. 独立主导建设服务于广告的通用分析框架，并主动推进实现，促进产品优化和提升；

4. 整合外部数据，广告用户行为，对用户进行多维度分析和挖掘，撰写高质量的分析报告，指导产品走向和项目改善

required skills：

1. 统计学、数学、信息与计算科学、计算机（有数据挖掘或bi经验）等相关专业本科以上学历，3年以上互联网数据分析经验；

2. 熟练使用excel、sql语句且工作曾使用过hive \ presto \spark\ sql server等中的至少一种。有hive、spark、bash使用经验优先；

3. 精通使用python、r、spss等统计分析软件中的至少一种

4. 具有良好的沟通、表达能力，能够快速、准确地理解产品需求

5. 良好的逻辑思维与表达能力，善于用简单语言表述复杂结论；工作独立性强，强烈的自我驱动型，善于团队合作和管理；良好的数据敏感度，善于从海量数据中提炼核心结果

6. 有广告分析经验的优先

",1,1,0,1,1
276,广东粤语数据清洗数据分析实习生,大众问问,北京,150-500人,本科,不需要融资,硬件,3.0,应届毕业生,,"[""绩效奖金"",""午餐补助"",""健身房福利""]","
        岗位职责
1.熟悉广东粤语支持feature的各种说法及领域意图数据标注规则
2.对广东粤语语料进行质检，确保文本说法是自然流畅的，无涉黄涉脏涉政等敏感话题
3.标注，检查粤语文本数据
4.从不同维度，比如地域，domain，device id等维度进行数据分析
任职条件
1.大专，三本，普通本科及以上学历均可
2.熟练使用excel；熟练掌握广东粤语，熟悉汽车内人机对话场景的优先
3.细心，踏实，对文字工作感兴趣，可以对文本标注数据准确率负责
        ",0,0,0,1,0
277,数据分析师助理,北京盛业联众资产管理集团有限公司,北京,50-150人,不限,未融资,金融,11.5,不限,,[],"
岗位职责：
1、搜集行业相关信息，为相关需求者提供更准确的数据信息；
2、丰富市场分析能力，做出每日分析计划，熟练掌握各种分析技术；
3、对市场、行业、公司运营等提供数据分析计划，为战略决策提供支持；4、发表研究成果或分析评论，配合公司的推广及培训等工作。
5、协助部门经理完善部门管理制度；
6、结合多种数据源进行深度分析和挖掘；
任职要求：
1、年龄：20-45岁，五官端正，性格开朗，善于沟通；
2、有相关工作经验者优先录取；
3、认真实践备入职前的试岗培训;
",0,0,0,0,0
278,资深数据分析师,51Talk 无忧英语,北京,2000人以上,硕士,上市公司,教育,30.0,3-5年,,"[""带薪年假"",""股票期权"",""绩效奖金"",""定期体检""]","
工作职责：
为管理层提供用户、教学、老师、销售等主题的数据分析支持；
为教师运营、用户运营等提供有价值的决策支持；
负责公司各业务部门的日报、周报等；
负责部门团队成员技术成长路径设计和培训；

任职资格:
强烈的好奇心，求知欲强；
良好的数据分析能力，有数据分析落地的经验；
熟练使用 sql，接触过数据仓库设计、开发者优先；
必须对 r 非常熟练，包括magrittr、data.table等，熟悉 shiny、xaringan；
统计学、应用数学、信息管理专业毕业者优先考虑；
优秀的学习能力、沟通能力、协作能力、强烈的责任心；
英语口语流利者优先。
",0,1,0,0,0
279,数据分析专员,浙江复森资产管理有限公司,北京,500-2000人,大专,A轮,金融,7.0,1-3年,,[],"
        【职位】：
数据分析专员
【工作地点】：
金鱼池一街一号院（地铁7号钱桥湾站南侧100米）
【具备以下条件，即可申请】：
1、大专及以上学历，有志于金融行业长远发展；
【薪酬福利】
1.宽带浮动薪酬（6k-8k）；
2.入职可享受五险一金；
【岗位职责】：
1、优化数据运营指标体系，跟进产品迭代于运营策略，梳理业务数据逻辑；
2、新合作站点数据预测，根据已有的产品测试数据预测未来一个月站点的量级和收益；
3、产品数据统计分析报表制作；
4、责任心强，对数据较敏感，细心。
【任职要求】：
1、具有主流关系型数据库上程序开发经验；
2、掌握常用数据分析方法（关联分析/聚类分析/回归分析等）；
3、行业数据分析，推广数据运营，sql
【您将获得】：
1、周末双休；
        ",0,1,0,0,0
280,电竞数据分析师,玩加电竞,北京,50-150人,本科,A轮,文娱丨内容,12.0,1-3年,,"[""股票期权"",""带薪年假"",""扁平管理"",""年底多薪""]","
        岗位职责：

1.深入理解公司业务，根据业务需要设计分析方法和分析模型，产出专题分析报告；
2.电竞赛事的数据包装和策划，挖掘有价值的数据内容；
3.参与数据产品的建设，与其它部门协作，设计和优化数据产品并推动落地；
4.日常数据提取和分析，满足其它业务方数据分析需求；



任职要求：

1.熟悉主流电竞游戏和电竞赛事，了解电竞产业链构成；
2.本科及以上学历，1年以上游戏或互联网数据分析经验，数理逻辑清晰，数据敏感度高，计算机、信息管理、数学、统计等专业优先；
3.熟练使用sql语句、excel；掌握spss、r、python等任一种数据分析工具/语言；
4.具有一定的信息搜集、数据分析、撰写报告及结构化的分析思考能力，能够形成清晰的业务观点，独立撰写分析报告；
5.良好的沟通能力、文案表达能力、部门协作能力； 
6.请务必在简历中描述对电竞游戏的了解程度。 

加分项：
1.业务理解和学习能力强，能从数据中获得业务洞察，创造性的发明分析方案；
2.有数据分析及建模相关经验优先，如：战略规划、市场调研、行业分析、用户画像等；
3..有游戏公司、管理咨询公司、市场调研公司经验优先。

",1,1,0,1,1
281,数据分析师（产品）,玩加电竞,北京,50-150人,本科,A轮,文娱丨内容,15.0,1-3年,,"[""股票期权"",""带薪年假"",""扁平管理"",""年底多薪""]","
【岗位职责】1. 熟练掌握行业和公司业务模型，了解业务数据结构；2. 搭建业务/产品关键指标体系，制定数据定义及统计规则，输出数据产品需求；3. 分析业务运营数据，响应业务部门的日常数据需求；4. 围绕核心指标的变动、公司重点项目等展开专项挖掘分析，为业务部门提供决策支持；5. 结合行业数据、业界观点和市场趋势，为业务发展方向提供战略层面的意见和建议。【任职条件】1. 2年以上工作经验，本科学历以上；2. 良好的数据敏感度，有丰富的数据挖掘，信息采集整理，分析能力；3. 熟练独立编写商业数据分析报告，及时发现和分析其中隐含的变化和问题；4. 精通sql和掌握至少一种数据分析工具（r/python优先）；5. 有数据分析团队管理经验者优先，对数据挖掘结果有独立分析经验者优先。
",1,1,0,0,0
282,数据分析师,磐程科技,北京,150-500人,不限,未融资,金融,12.5,不限,,[],"
        岗位职责：
1、搜集行业相关信息，为相关需求者提供更准确的数据信息；
2、丰富市场分析能力，做出每日分析计划，熟练掌握各种分析技术；
3、对市场、行业、公司运营等提供数据分析计划，为战略决策提供支持；
4、发表研究成果或分析评论，配合公司的推广及培训等工作。
5、协助部门经理完善部门管理制度；
任职要求：
1、年龄：20-45岁，五官端正，性格开朗，善于沟通；
2、有相关工作经验者优先录取；
3、认真实践备入职前的试岗培训;
4、敢于迎接挑战、不怕辛苦、积极完成公司交赋的工作任务；
薪资待遇：
1：工资8-15k
2:周末双休 朝九晚六 五险
        ",0,0,0,0,0
283,高级/资深数据分析师,蛋壳公寓,北京,2000人以上,本科,上市公司,消费生活,25.0,5-10年,"[""试用期上公积金"",""地铁周边"",""6险1金""]","[""技能培训"",""带薪年假"",""岗位晋升"",""年度旅游""]","
        【工作职责】
1、深入洞察行业、用户、业务背景，分析核心数据，制定科学目标；
2、自上而下拆解业务目标并分析实现路径，通过深度数据分析发掘业务问题，实现对供给、需求、运营整体策略的制定和优化，制定核心指标抓手，高效推进目标达成；
3、监控业务异常，深入挖掘定位原因，制定优化对策，确保目标达成；
【任职资格】
1.本科及以上学历，985、211学校优先，统计、运筹学、经济学等专业优先
2.熟练使用sql、excel等工具，精通回归分析、数据建模优先
3.5年以上商业分析、数据分析、运营分析或数据产品相关经验 ，有o2o、租房、平台相关经验优先
4.具有结构化思维，对数据敏感，自驱型人格
        ",0,1,0,1,0
284,数据分析负责人,蓝莓时节,北京,50-150人,本科,A轮,社交,27.5,5-10年,,"[""带薪年假"",""交通补助"",""帅哥多"",""五险一金""]","
        岗位职责
1、全面负责公司的数据运营管理，对公司业务规划、经营分析、资源优化等提供数据支持；
2、搭建全面准确、能反映业务特征的监控指标体系、并基于业务指标体系，及时发现与定位业务问题；
3、通过专业分析，对业务问题进行深入分析，辅助各部门制定业务优化策略；
4、推动公司数据建设，提升公司数据输出效率；
5、负责数据团队的搭建和人才培养；

基础要求：
1、本科及以上学历，统计学、数学或计算机专业，硕士优先；
2、熟练使用sql，优秀的excel、ppt技能，有r、python基础优先；
3、五年以上数据分析工作经验，两年以上团队管理经验；
业务要求
1、关注业务，对业务有理解力，善于通过数据分析赋能业务；有自驱力和好奇心，对数据有敏锐的洞察力；
2、责任心，沟通nice，推动力强，好奇心
3、有泛娱乐、陌生社交业务经验优先；热爱陌生社交及泛娱乐行业，对行业不陌生者优先

",1,1,0,1,0
287,高级数据分析师,铁甲网,北京,500-2000人,本科,C轮,电商,25.0,5-10年,,"[""绩效奖金"",""补充医疗保险"",""年度旅游"",""午餐补助""]","
        岗位职责：
1、负责用户特征提取，实现用户画像，为产品运营战略、各类营销提供切实可用的数据产出。
2、对接业务部门的数据需求，根据对业务的理解完成数据提供及数据分析。
3、负责算法研究，支持业务模型的实现。
4、深入理解业务的基础上，挖掘数据，建立适当的模型，并完成可视化展现。
5、主导或配合完成公司级别的专题研究模型。
任职资格：
1、大学本科及以上学历，统计学、计算机相关、数据挖掘、人工智能等专业方向。
2、四年及以上互联网或移动互联网数据分析工作经验。
3、对机器学习、数据挖掘算法及其在互联网上的应用有比较深入的理解。熟悉聚类、分群、预测等相关原理。有完整的数据挖掘项目经验优先。
4、熟练使用sql、excel进行数据整理与展现，至少掌握一门分析软件，熟练r或者python优先。
        ",1,1,0,1,0
288,数据分析师,腾讯大地通途,北京,150-500人,本科,不需要融资,汽车丨出行,22.5,3-5年,,"[""带薪年假"",""年底双薪"",""绩效奖金"",""定期体检""]","
        岗位职责：
1、分析驱动改进，通过数据分析为产品策略制定提供决策依据，支持产品优化，验证产品改善效果；
2、业务数据研究与分析，根据业务需求，制定并固化常规数据报表，提升数据支持产品迭代的能力；
3、挖掘数据的内在关系及背后的规律、短板，发现运营与产品策略、实施方案中的问题，并推动问题的解决；
4、针对具体的业务问题，研究业务优化中的局限性或亮点，进行数据分析并提出优化方案或提炼可复制的业务模式；
能力要求：
1） 熟练使用excel、ppt办公软件，完成专业数据分析报告；
2） 掌握sql等数据库技术；
3） 熟悉主流的数据分析方法和数据统计技术；
4） 掌握导航地图制作主流行业软件，arcgis、mapinfo等等，并能熟练进行各类数据处理和空间分析；
5） 有一定的开发能力，能够独立完成一些数据批处理算法；
6） 对大数据处理和数据可视化有浓厚兴趣或特长；
7） 熟悉导航地图产品，并有浓厚兴趣；
其他：
1）对数据敏感，对分析数据背后的意义有强烈探究的兴趣；
2）良好的逻辑分析能力、沟通能力和文字表达能力；
3）富有团队合作精神，工作认真负责，耐心细心，责任心强，能承受较大的工作压力
        ",0,1,0,1,0
289,数据分析高级经理,VIPKID,北京,2000人以上,本科,D轮及以上,教育,37.5,5-10年,"[""地铁周边"",""定期团建"",""6险1金""]","[""绩效奖金"",""股票期权"",""五险一金"",""带薪年假""]","
        工作职责： 
1. +协助业务负责人推动完成年度目标，进行指标拆解，进行业务数据报表输出分析；
2. +了解业务流程，搭建线上工具，能够系统性梳理、完善、优化和提高销售效率和质量；
3. +输出高频问题，协助各部门输出需求优化，推动产品迭代和业务流程优化；
4. +日常faq的维护，整理及更新，形成标准话术/标准问题的问答模式；
5. +跨部门沟通协作，处理各项工作事宜；

任职资格：
 1. +本科及以上学历，5年以上运营经验，3年以上团队管理经验，教育行业优先；
2. +具备出色的业务分析能力及运营管理能力，能够带领团队识别和解决业务问题；
3. +具备良好的沟通协调能力，能够很好的跨部门协作配合；
        ",0,0,0,0,0
291,中级数据分析工程师,ETCP,北京,500-2000人,本科,B轮,移动互联网,25.0,3-5年,,"[""技能培训"",""节日礼物"",""绩效奖金"",""岗位晋升""]","
        岗位职责:
1、负责数据统计及分析，及b/c端产品数据能力对接，数据画像，数据大屏、服务构建等数据工作交付
2、对常规分析框架转化需求，沉淀b/c端数据产品或服务。
3、负责创建分析模型，利用公司业务、产品分析、行业趋势，探索数据服务方向等
4、参与企业核心业务报告分析、专题分析，行业分析等，并输出分析报告
5、参与数据分析及建模工作，能根据分析方案进行数据分析及方案落地工作
岗位要求:
1、3年以上相关数据分析、咨询等相关工作经验，本科以上学历，数学、统计学、计算机等相关专业
2、熟悉常规数据分析方法,对自身的数据分析经历有系统沉淀,能熟练运用excel，独立展开业务分析或专题分析
3、具备良好的沟通协调能力、学习能力，愿意与优秀的团队一起成长、探索，能承受工作压力，具备较强的数据处理和分析能力
4、掌握使用sql编写或掌握任意一门编程语言，能基于hadoop、hive、hbase、mysql等多种数据源中快速开发，并能自行提取和分析数据
5、有互联网公司商业分析、数据分析或咨询公司背景优先
对数据敏感，有强烈的好奇心，能从大量数据中发现商业价值，具备非常强的数据处理能力、分析总结能力，具备良好的数据呈现能力和观点解读能力
        ",0,1,0,1,0
292,数据分析实习生 (MJ000193),百融云创,北京,500-2000人,本科,C轮,金融,4.0,不限,,"[""技能培训"",""股票期权"",""带薪年假"",""定期体检""]","
岗位职责：
1、深入理解场景，解读业务数据；
2、通过模型对现有数据产品效果进行验证，包括数据准备、建模及数据分析、模型的选取与优化、模型验证等工作；
3、对业务数据进行分析，深度挖掘内部数据，构建信用指标体系；
4、针对不同金融机构和业务给出相应的风控建模方案。

职位要求：
1、本科及以上学历，经济、数学、金融、统计等相关专业；
2、熟练掌握python和sql编程语言，具有一定的数据分析能力；
3、具有违约概率模型构建经验优先。
",1,1,0,0,0
293,数据分析师 （新产品开发） (MJ000238),百融云创,北京,500-2000人,本科,C轮,金融,20.0,1-3年,,"[""技能培训"",""股票期权"",""带薪年假"",""定期体检""]","
        【工作内容】
1.新产品开发：
（1）从现有产品体系、业务流程、客户需求中挖掘、提炼产品需求；
（2）评估产品可行性、完成产品设计与需求文档撰写，推动相关部门实现产品落地；
2.存量产品迭代：
（1）自主迭代：定期汇总需求、推动评审、功能落地；
（2）配合其他系统改造：梳理数据流、判断合理性、生成解决方案：

【技能要求】
1.熟悉互金风控业务流程、建模流程；
2.熟练使用统计分析工具：excel/python/r/sas等；
3.熟练使用axure等原型工具；

【能力要求】
1.逻辑清晰，擅长沟通；
2.责任意识强，事事有着落、可回溯；
3.自我驱动力强，善于克服困难、解决问题。
        ",1,0,0,1,1
294,数据产品及数据分析（技术）,一起教育科技,北京,2000人以上,本科,D轮及以上,教育,30.0,3-5年,"[""试用期上社保"",""试用期上公积金"",""5险1金"",""试用享转正工资""]","[""节日礼物"",""岗位晋升"",""扁平管理"",""领导好""]","
工作职责：

1、负责公司数据平台规划和产品设计，充分理解业务，收集、挖掘业务需求，提出解决方案，推动需求的产品化；

2、搭建数据指标体系，保证数据指标精细和数据准确性，梳理数据埋点、采集、处理、存储、展现全流程，规范产品文档；

3、推动数据产品的研发、上线，并负责测试及校准数据；

4、负责数据分析，定期输出数据分析报告，基于数据驱动业务改进；

5、配合相关的业务部门，提供数据支撑服务。

 

职位要求：

1、本科及以上学历，熟悉当前商业数据产品；

2、2年以上数据产品或数据分析相关经验，有从0到1搭建数据产品者优先；

3、对数据行业有极大的热情，良好的数据敏感度，优秀的逻辑思维能力；

4、有很强的责任心和执行力，良好的沟通和表达能力，良好的项目管理能力，善于跨部门沟通和协调，学习能力强；

5、熟练掌握axure、visio、mindmanager等基本产品工具；精通sql、excel，熟练使用python。
",1,1,0,1,0
295,商业数据分析师,抱抱（北京）信息技术有限公司,北京,50-150人,本科,C轮,移动互联网,26.5,3-5年,,"[""扁平管理"",""五险一金"",""弹性工作"",""年底双薪""]","
岗位职责：
1、负责商业化变现（会员、广告、直播、礼物等）分析，包括收入监控、活动效果、产品功能等；
2、关注行业、竞品变化，并能够结合自有业务进行专项分析，产出高价值的分析报告，为业务发展提供决策依据；
3、开展专题分析，对人群、业务方向进行深入分析，为产品、运营等决策提供引导。
任职要求:
1、全日制本科及以上学历，计算机/信息安全/统计学/数学/信息技术等相关专业；
2、3年以上互联网分析经验，有直播/社交产品分析经验优先，有深度产品、运营分析经验优先；
3、熟悉掌握sql、python、tableau、office等软件；
4、拥有强烈的责任心和团队合作精神，出色的学习能力，自驱力强、喜欢接受挑战、追求卓越。
",1,1,1,0,0
296,数据分析工程师,青莲云,北京,15-50人,本科,A轮,企业服务,25.0,1-3年,,"[""股票期权"",""扁平管理"",""极客氛围"",""技能培训""]","

工作地：北京
需求人数：3人

岗位职责：
各业务平台数据的收集、分析、存储、查询；
根据不同的业务平台制定相应的数据分析模型以及相关的数据挖掘；
监控数据分析平台的各项任务的执行状态、分析平台的运行指标、存储指标等。

岗位要求：
熟悉java/scala编程技术，编程能力强；
熟悉大数据处理技术，善于学习应用业界领先数据架构和技术；
对大数据开源组件有使用经验，对hadoop/spark/flink其中一项精通；
熟悉数据挖掘算法和机器学习算法；
善于学习，思维活跃，善于发现并解决问题；
有算法研发经验者优先，对行业有自己思考的优先。
",0,0,0,0,0
297,数据分析产品经理,奇虎360金融,北京,500-2000人,本科,上市公司,金融,23.0,3-5年,,"[""年底双薪"",""股票期权"",""带薪年假"",""定期体检""]","
        岗位职责：
1、熟练掌握sql，设计开发日常分析报表和监控报表，针对异常情况协调资源进行跟踪和深入分析；
2、推动业务团队合理设置周期业绩指标，对业绩执行情况监控；
3、从用户维度和保险产品维度搭建数据分析体系，重点指标观测体系，设计相应业务分析框架；
4、根据业务需求分析挖掘数据，对产品开发、用户运营、商业策略提供高价值的策略和数据解决方案。
职位要求：
1、熟练掌握sql，excel，熟悉常用数据统计和分析方法，掌握tableau等bi工具尤佳；
2、熟练使用spss，r，python中的任一数据分析工具；
3、统计、数学、经济学、管理学、计算机等专业本科及以上学历，有互联网相关数据分析工作经历；
4、结构化思维，对数据敏感，自我驱动强，能通过数据主动发现问题并解决问题；
5、有互联网保险、网电销相关业务分析经验优先考虑。
        ",1,1,1,1,1
298,数据分析运营经理,腾讯,北京,2000人以上,本科,上市公司,社交,20.0,1-3年,"[""免费班车"",""年轻团队"",""学习机会"",""mac办公"",""定期团建"",""开工利是红包""]","[""免费班车"",""成长空间"",""年度旅游"",""岗位晋升""]","
岗位职责: 
负责用户运营数据体系的建设和完善，并对运营数据进行监控及分析挖掘，定期形成数据分析报告； 与业务团队深入沟通合作，将数据分析结果应用于实际业务，推动业务解决问题，同时挖掘业务潜在机会，给出业务团队有效的行动建议和策略支持； 承接业务需求，通过专项数据分析，产出有价值的分析结果，促进业务合作开展； 负责用户运营的推动落地工作，能够根据用户生命周期不同阶段的特性，设计有效的激励机制和运营方式，提升用户活跃度和留存率； 协助部门体系支撑相关业务，包括bsc、周报、月报汇报以及年度汇报等。 岗位要求: 
本科以上学历，3年以上互联网业务数据分析经验； 熟悉统计学、数据分析方法，熟练使用office、sql、spss等分析软件； 有较强的数据分析能力、良好的逻辑思维能力及数字敏感度； 具有较强的产品运营思路，优秀的沟通、协调、分析及解决问题的能力； 热爱互联网行业，主动性高，并有良好的抗压能力和责任心。
",0,1,0,0,1
299,游戏数据分析师（北京）,FunPlus 趣加游戏,北京,500-2000人,本科,B轮,游戏,47.5,不限,,"[""绩效奖金"",""股票期权"",""专项奖金"",""五险一金""]","
        岗位职责：
1.负责发行体系数据驱动精细化的工作落地； 
2.推进用户数据资产管理体系落地，包括用户数据资产收集、用户画像设计/沉淀及迭代，并配合产品经理共同实现用户数据资产在发行体系中的价值利用；
3.负责slg项目发行评测体系、市场/运营/产品 数据分析框架和指标体系的建立和迭代，推动完善可视化数据分析产品；
4.深入理解业务状态与问题，负责业务增长驱动因素的拆解与研究、增长潜力洞察；
5.负责成熟策略与方法论的沉淀，推动数据驱动业务增长的中台能力跨项目落地；
6.其他专题性数据分析工作；

任职资格：
1.三年以上app推广数据分析工作经验；
2.数学、统计学、计算机等相关专业本科以上学历；
3.对数据驱动增长工作有浓厚的兴趣和热情；
4.有用户画像体系构建与应用经验；
5.对数据敏感、逻辑能力强，可有效洞察复杂关系，有成熟数据价值应用方法论积累；
6.熟练掌握数据分析必备的技能与工具（如: sql/hive/r/python/excel/tableau/matlab等），熟悉常用研究模型、算法，理解原理并具备成功项目经验；
7.具备全局意识、快速执行力和自驱力；主动沟通意愿与高效沟通技巧；
        ",1,1,1,1,0
300,数据分析（游戏项目）,Zenjoy,北京,150-500人,本科,不需要融资,游戏,20.0,3-5年,,"[""节日礼物"",""顶配Mac"",""小而美"",""扁平管理""]","
岗位职责：1. 负责日常数据监控和分析研究，发现产品问题和用户变化，为设计和运营决策提供数据支撑2. 对用户数据进行建模分析，据此提炼用户的行为特性3. 围绕产品关键指标，抽象和设计数据分析的需求4. 跟踪行业趋势，定期输出竞品/行业分析报告5. 参与相关数据分析、评估监控的工具平台的设计和研发任职要求：1. 计算机、应用数学、统计或相关专业本科及以上学历2. 扎实的数据分析/数据统计理论和技术基础，擅于对问题进行抽象概括3. 2年以上数据分析相关经验，有海外项目数据分析经验者优先4. 熟悉和热爱游戏，有良好的产品和用户意识5. 精通sql，熟练使用一种数据分析工具（r, matlab， spss等）和excel工具6. 具有良好的学习能力和沟通表达能力，兼具运营工作岗位经验者优先
",0,1,0,1,1
301,海外游戏运营（数据分析向）,Zenjoy,北京,150-500人,本科,不需要融资,游戏,16.0,3-5年,,"[""节日礼物"",""顶配Mac"",""小而美"",""扁平管理""]","
        岗位职责
1、提炼游戏的重要指标，适时监控，发现产品问题
2、深入分析数据，支持产品运营
3、跟踪行业趋势，撰写分析报告

任职要求：
1、三年以上游戏数据分析经验
2、有优秀的逻辑分析和总结能力
3、熟练应用常见的数据收集技术
4、有良好的数据思维，喜欢从数据中发现问题
5、有流利的英文读写能力
6、有良好的沟通能力
        ",0,0,0,0,0
302,数据分析产品经理,FunPlus 趣加游戏,北京,500-2000人,本科,B轮,游戏,30.0,3-5年,,"[""绩效奖金"",""股票期权"",""专项奖金"",""五险一金""]","
岗位职责：1.负责中台数据分析产品的设计与迭代，建立完善的业务监控、洞察分析与评测产品体系，为项目提供高效辅助决策能力；2.统筹管理指标算法定义，联合数据分析师、项目策划与运营提炼各品类游戏洞察分析与评测方法论，利用分析产品形成沉淀；3.负责用户增长dmp产品设计，促进dmp在用户增长各场景下的应用落地；4.统筹管理用户及人群标签结构、与分析师、数据科学家团队协作实现标签制作与更新；5.参与其他增长中台产品和工具的策划；6.深入理解业务数据生态，统筹指标算法定义，与技术团队配合驱动必要的数据生产标准化与数据治理；任职资格：1.本科及以上学历，计算机、统计、数学等相关专业优先；2.两年以上数据分析产品设计经验，有成功中台产品全生命周期管理经历。具用户标签产品工作经验优先；3.具备数据分析基础能力，有通过数据分析解决问题的思路与实践经验；4.理解和掌握大数据技术及人工智能领域相关业务知识；5.熟练掌握产品设计必备的技能与工具，熟悉数据查询语言者更佳；6.具备全局意识、快速执行力和自驱力；主动沟通意愿与高效沟通技巧；
",0,0,0,0,0
303,商业数据分析咨询顾问,GrowingIO,北京,150-500人,不限,B轮,企业服务,30.0,5-10年,,"[""股票期权"",""绩效奖金"",""扁平管理"",""弹性工作""]","
        你会完成哪些工作：
1. 为客户提供数据驱动增长模式的咨询服务
2. 为客户搭建数据驾驶舱，构建以用户为中心的数据指标体系
3. 快速了解新零售、教育、汽车、企业服务等行业的商业模式，基于业务勾勒数据链条
4. 基于数据洞察，帮助企业发现增长瓶颈和机会点
5. 研究用户行为数据，构建数学模型与增长实验，指导客户完成创新型增长
6. 基于公司的paas平台，实现数据模型和增长方法的产品化


需要你具备哪些能力
1. 咨询公司工作经历优先
2. 数学、计算机等相关专业学历优先
3. 在用户增长/产品优化/商业分析上有3年及以上相关经验者优先
4. 具有很强的业务场景理解和分析能力
5. 具备良好的逻辑思维和抽象能力，擅长独立分析和解决问题
6. 熟练使用 sql、excel，熟悉 spss 、sas 等工具，熟悉 python，具有独立建模能力者优先
        ",1,1,0,1,1
304,助理教研员（数据分析）,未来教育高精尖中心,北京,50-150人,硕士,不需要融资,教育,12.5,不限,,"[""交通补助"",""通讯津贴"",""午餐补助"",""定期体检""]","
        岗位职责

1、 分析用户日常行为数据，深度挖掘用户需求，满足运营管理的数据分析需求，为业务决策做支持。

2、 负责收集、整合多渠道的业务数据，并针对运营指标等能够独立建立数据挖掘模型，书写专业的数据分析报告。

3、 主要对接业务、产品和研发，实现数据采集指标落地，开发相关数据报表模板，为数据分析提供必要的数据支持，推动产品研发和迭代。

4、 针对开放辅导等课题工作，对国内外的相关研究进行热点追踪和开展相关文献综述工作；

5、 协助部门开展相关课题申报，并进行相关学术论文撰写工作。

6、 上级安排的其他临时性工作。



任职要求

1、 硕士及以上学历，统计学、数学、计算机类、教育技术等相关专业优先考虑。

2、 精通专业统计分析、数据建模相关工作，熟悉运用spss数据分析工具，掌握（r、sas、python等）工具至少一种，熟悉数据挖掘的常用算法。

3、 具有较强的数据敏感性，擅于通过数据分析发现业务规律。

4、 热爱教育，对互联网在线教育有一定了解。

5、 具有良好的团队合作精神、优秀的沟通能力、强力的责任心和执行力。

6、 1年以上数据的处理、分析、统计、挖掘工作经验优先考虑。
        ",1,0,0,0,1
305,数据分析实习,人人公司,北京,2000人以上,本科,上市公司,社交,2.5,应届毕业生,,"[""五险一金"",""通讯津贴"",""带薪年假"",""绩效奖金""]","
1、负责用户数据的统计、整理、分析工作； 2、根据数据对用户进行差异化分群，并进行统计分析； 3、根据数据表象分析深层次的原因，做出总结； 4、每周每月总结各项数据分析报告；

要求：
熟悉mysql，熟练掌握mysql增删改差；熟悉shell脚本语言；熟练使用python；熟练使用excel
",1,1,0,1,0
306,数据分析师,玩吧,北京,500-2000人,本科,B轮,社交,22.5,3-5年,"[""管饭"",""免费健身房"",""公司氛围好"",""打车报销"",""弹性工作"",""免费体检"",""地铁周边"",""7险1金"",""试用享转正工资"",""生日聚会""]","[""去他的考勤"",""高手云集"",""股票期权"",""年底N薪""]","
        岗位职责：
1. 负责运营相关的数据分析，以及运营数据需求的沟通协调工作
2. 协助运营人员共同制定数据分析策略，并完成数据分析过程，输出有效结果
3.组织数据相关的培训、分享，提升运营团队数据能力

岗位要求：
1. 认真、抗压、正能量，心系用户；对移动互联网的社交、娱乐产品有热情
2. 良好的语言表达能力和沟通协调能力
3. 扎实的数学基础，熟练使用excel和sql
加分项：有运营工作经验者加分，熟练使用ga、友盟、神策等数据分析平台加分
        ",0,1,0,1,0
307,数据分析主管,自如网,北京,2000人以上,本科,A轮,房产家居,17.5,3-5年,,"[""丰厚年薪"",""六险一金"",""健康体检"",""带薪年假""]","
        工作职责：
1. 理解业务长期和短期目标结合业务发展阶段，负责完善和迭代自如定价方法论和价格体系，自如价格策略制定，给业务定价指导；
2. 围绕定价，进行相关效果分析，并建立长期监测机制，深刻洞察不同的定价策略，对市场的波动影响、对收益影响；
3.优化竞品监测体系，结合外部市场环境分析，提供业务策略报告；
4.建立相应的产品流程及机制，并对具体产品定价逻辑进行评审，有效地推动自如产品定价的原则的实施和落地；
5.负责利用数据挖掘、机器学习相关算法的研究和落地（组合优化、线性规划、价格弹性模型），对自如房屋全生命周期各环节进行分析、预测并持续优化相关模型，解决实际业务需求；

任职要求：
1. 本科或以上学历，计算机、数学、统计学、运筹学、机器学习等相关专业，具有扎实的统计和数据挖掘、建模基础；
2.至少2年及以上海量数据挖掘和数据分析经验，完成数据分析等工作，并能独立构建模型，提供相应算法支持，持续优化系统
3.具有丰富的独立实现算法和调优的经验，熟悉python等脚本语言优先。

",1,0,0,0,0
308,数据分析师,鲸灵数据,北京,50-150人,本科,未融资,数据服务,22.5,5-10年,,"[""年底双薪"",""绩效奖金"",""年终分红"",""交通补助""]","
        岗位要求：
1、负责日常数据监控、预警、分析、挖掘工作；对产品调优、产品运营提供有力数据支持；
2、定期进行运营、渠道以及市场分析；发现潜在问题，挖掘产品潜力，提出合理执行建议；
3、定向活动以及功能分析，根据历史数据给出活动及功能制定建议；上线后表现分析总结，给出合理改进优化建议；
4、开展专题式深度产品及市场分析挖掘，分析建模、数据检验、产出分析报告；指导产品调优、运营策略制定；
5、参与数据产品建设；与其它部门协作，解读其它部门对数据产品的需求，制定合理数据产品需求，参与数据产品落地。

任职要求：
1、本科以上学历，3年以上互联网数据分析经验；数理逻辑清晰，数据敏感度高；数学专业、统计学专业优先；
2、熟悉数据业务指标使用方法及场景，能够独立完成相关业务分析；
3、熟练使用sql语句、excel；掌握spss、r、sas等其中一种分析工具；
4、具有一定的数据挖掘、建模、预测能力；
5、良好的沟通能力、文档表达能力、部门协作能力；
6、出色的学习能力，能够快速融入业务；能够根据业务需求不断提升自己。
        ",0,1,0,1,1
309,商业数据分析专家,理想汽车,北京,2000人以上,本科,C轮,汽车丨出行,40.0,5-10年,,"[""年底双薪"",""带薪年假"",""定期体检"",""工作环境优质""]","
        岗位职责：

负责理想汽车销售服务或供应链业务线的各项数据分析相关工作；
对互联网用户增长、市场营销、销售、售后、供应链等领域中的一项或多项有深入了解，能从行业趋势和产品形态等角度，给业务方方向与业务模式的建议；
针对具体的业务问题，独立设计和开发能实际解决业务问题的模型，并推动落地，解决业务问题；
全面分析各项影响产品提升与增长的因素，梳理业务结构和数据闭环，给出可落地的整体运营优化方案；
与运营、产品研发、策略算法等配合，推进优化方案落地执行，带来业务实际增长。

任职资格：

好奇心强，求知欲强，有钻研探索精神，对数据分析有强烈兴趣；
精通 sql，熟悉 python，了解机器学习算法；
有过成功业务优化经验者优先；
有互联网公司数据分析、产品经理、运营经理、策略经理等多方面经验者优先；
创新能力强，面对业务上各种新问题，能创造性的发明新的分析优化方案者优先；
性格严谨细致认真，较强的模型设计与优化能力。
        ",1,1,0,0,0
310,数据分析工程师,理想汽车,北京,2000人以上,本科,C轮,汽车丨出行,20.0,1-3年,,"[""年底双薪"",""带薪年假"",""定期体检"",""工作环境优质""]","
岗位职责：

参与大数据处理系统的数据存储、计算、分析模块的开发与设计；
参与公司数据产品的开发与维护。

任职资格：

计算机相关专业本科及以上学历；
掌握python，熟练使用pandas和scikit-learn库；
掌握sql，熟练使用hive和mysql；
了解数据可视化工具，例如matplotlib、echars等；
有bi、数据探索、机器学习相关开发经验者优先。

",1,1,0,0,0
311,高级数据分析师,六律科技,北京,500-2000人,本科,不需要融资,数据服务,31.0,3-5年,,"[""年底双薪"",""年终分红"",""绩效奖金"",""定期体检""]","
岗位职责:
1、规划和梳理业务需求，负责公司大数据基础平台的搭建和管理，包括但不限于用户数据管理平台，bi系统等；
2、负责公司平台的风控模型的建立，优化和维护，防止在销售过程中出现的欺诈行为；
3、对业务问题进行深入分析，为业务团队和产品提供数据支持；
4、参与公司精准营销平台相关算法的设计，开发和优化。

任职要求:
1、本科以上学历，扎实的统计学，数据挖掘，机器学习理论基础，能够熟练运用各类数学模型和调参；
2、两年以上大数据分析和监督学习的开发和实战经验，有tensorflow的实际运用经验；
3、熟悉基本的数据开发技术，熟悉hadoop/storm/spark等大数据平台技术，具有java，scala或python等实际开发能力；
4、能结合公司业务从海量数据中提炼数据模型，通过数据分析提升业务团队的效率和roi；
5、有风控模型，广告系统或者推荐系统的项目经验者优先；
6、善于创新和独立思考，自我驱动力强，有良好的沟通表达能力和跨团队协调能力，乐于寻求挑战和突破自我。
",1,0,0,0,0
312,数据分析师,京东,北京,2000人以上,本科,上市公司,电商,22.5,3-5年,,"[""免费班车"",""带薪年假"",""绩效奖金"",""岗位晋升""]","
        1.根据对外部环境和公司业务的了解，可独立承担复杂分析任务，对业务问题进行深入分析，为电商业务风控决策提供数据支持，能对关键分析思路进行产品化；2.对业务数据深度诊断性组合分析、挖掘、深度分析,分析潜在业务机会给出可执行建议，并主动推动业务优化和体验改善；3.与研发团队合作，针对账户体系、电商营销、互联网交易和网络欺诈等电商相关黑灰产进行风险计量，通过数据挖掘等手段，建立针对性的欺诈风险管理策略、风险模型与侦测机制；4.监测和分析风险策略执行情况和效果，持续提出优化和完善风险管理的建议；针对历史风险案件进行深度挖掘，刻画用户特征和作案链路，制定前瞻性的风控策略。任职要求：1.计算机（机器学习、人工智能等方向）、数学、统计、信息技术、计量分析本科或硕士以上学历；2.两年或以上互联网、电商、零售或金融等行业，从事交易风控管理、数据分析等工作经验优先；3.熟练使用sql，至少可以使用python、r、sas等其中一款软件进行建模或数据分析；4.认同电商风控理念，拥有优秀的沟通能力和团队协作能力，强烈的责任感与自驱力，可独立并积极解决各种困难；5.思维敏捷，能快速理解业务方意图，有丰富的数据分析、挖掘的经验，可快速响应业务、政策、产品迭代需求。
        ",1,1,0,0,1
313,游戏运营-数据分析,十方途创,北京,15-50人,本科,不需要融资,移动互联网,7.5,1-3年,,"[""技能培训"",""节日礼物"",""专项奖金"",""股票期权""]","
        岗位职责

1、实时跟进、记录各款游戏产品运营数据，定期输出数据日报、周报等；

2、同时对收集到的各项数据指标进行合理的对比与分析，并输出结论给到相关建议；

3、与其它协作部门共同讨论游戏设定及调优方向；



职位要求

1， 本科以上学历，有一定工作经验或者学习能力佳的应届生皆可以

2， 热爱互联网产品喜欢游戏，对休闲游戏的运营、数据工作有独到的见解

3， 较丰富的数据分析经验，敏锐的数据洞察力，数据驱动，结果导向

",0,0,0,0,0
314,增长数据分析经理,十方途创,北京,15-50人,本科,不需要融资,移动互联网,14.5,1-3年,,"[""技能培训"",""节日礼物"",""专项奖金"",""股票期权""]","
        岗位职责：
1. 参与项目增长计划目标的制定，并对目标达成负责；
2. 对项目数据指标负责，对各个国家和渠道进行数据指标监控，定期输出数据分析报告，并及时从监控数据中发现问题，并推进解决；
3. 对接投放并参与市场投放计划的制定，并通过数据分析及时调整定价策略，并对最终目标结果负责；
4. 对接变现并参与游戏商业化变现目标及实施计划的制定，并对最终目标结果负责；
5. 通过理解游戏产品及数据分析，提出对不同市场和国家的优化建议。
任职要求：
1. 本科及以上学历，对游戏行业有自己的见解，了解当前海外游戏市场情况；
2. 热爱游戏，对游戏行业热衷，对休闲类游戏产品有较为深刻的理解；
3. 工作积极主动，高投入度，能在较高的工作压力下保持良好的工作状态；
4. 较强的逻辑思维能力、数据分析能力，掌握一定的数据分析方法，较好的数据和业务敏感度；
5. 有创新精神。

",0,0,0,0,0
315,商业数据分析师-华北,GrowingIO,北京,150-500人,本科,B轮,企业服务,30.0,3-5年,,"[""股票期权"",""绩效奖金"",""扁平管理"",""弹性工作""]","
岗位职责

根据客户的业务场景，帮助客户梳理业务需求，搭建业务指标体系，完成数据监控及分析
通过对数据的敏锐洞察以及定性和定量分析，发现问题和机会点
能够根据实际业务，完成深入的专项数据分析，提出策略，形成数据分析报告
围绕用户行为展开研究，与客户一起构建增长实验，通过实验和分析总结，实现数据驱动
基于用户行为、标签和生命周期，通过统计分析、建模等方式，构建不同场景下的增长模型
与内部客户服务团队、产品/研发团队以及其他主要相关方开展跨职能协作，助力相关产品/服务取得成功


任职要求

统计学、数学、计算机等相关专业学历，在用户增长/产品优化/商业分析上有3年及以上相关经验者优先
具有较强的业务场景理解和分析能力
统计基础扎实，熟练使用 sql、excel，具有独立建模能力，掌握 spss、r等其中一款统计分析工具
具备较强的表达和主动沟通能力，擅长与内部及外部合作团队交流沟通
具备良好的逻辑思维和组织能力，能够独立分析和解决问题

",0,1,0,1,1
316,数据分析师,UIMAX 体验设计,北京,15-50人,本科,未融资,企业服务,11.5,1-3年,,"[""年底双薪"",""股票期权"",""带薪年假"",""年终分红""]","
        注：外包岗位、能接受再投；
岗位职责：
1、对电商业务团队各类经营指标进行日常监控和数据分析专题研究，并给予相应解决方案；
2、对电商业务展开深入研究分析，数据驱动洞察，发现业务新增长机会；
3、跟踪已有业务发展态势，结合行业发展和数据分析提供经营策略建议；
4、熟悉公司业务模式、理解业务方向和战略、基于业务类型和相关产品做数据挖掘分析、为运营、产品等方面提供数据支持；
5、完善数据分析体系，制定相关数据测算标准和模型设置；
6、根据需要统计相关运营监测数据，形成定期报告。

任职资格：|
1、统招大学本科及以上学历，统计学、应用数学、计算机等相关专业；
2、熟练使用sql，excel（vba）、spss等相关统计分析软件；
3、良好的沟通及语言表达能力，有独立分析、思考解决问题的能力；
4、学习适应能力强，能承受较强的工作压力；
5、对数据敏感，有电商平台数据分析开发经验者优先；
6、有python统计、数据挖掘工作经验者优先。
        ",1,1,0,1,1
317,数据分析师（餐饮数据方向）,窄门集团,北京,50-150人,本科,C轮,金融,18.0,1-3年,,"[""技能培训"",""节日礼物"",""股票期权"",""带薪年假""]","
        岗位职责：
负责对餐饮行业数据进行分析和解读，协助投资团队完成投资决策
定期根据内外部的数据进行分析，从行业和用户多种视角形成可读性高的数据报告
搜集行业相关信息，为相关需求者提供准确的数据信息
与内部客户服务团队、产品研发团队以及其他主要相关方开展协作，助力相关产品、服务取得成功


岗位要求：
本科以上学历，经济学、统计学、计算机等和数据处理高度相关专业，2年及以上互联网公司数据分析工作经验；
擅长与内部及外部合作团队交流沟通，具有优秀的报告讲解及沟通能力，能够独立的分析和解决问题；
具有较强结构化思维、逻辑思维能力，对数据敏感，具备优秀的信息整合和分析能力，能够形成清晰的业务观点和前瞻判断；
熟悉sql、excel、python等数据分析和统计分析工具
有数据咨询相关公司从业经历者优先
        ",1,1,0,1,0
318,资深数据分析师,玖富数科集团,北京,2000人以上,本科,D轮及以上,金融,25.0,5-10年,,"[""绩效奖金"",""免费班车"",""五险一金"",""部门旅游""]","
        岗位职责：
1.深入了解业务，结合外部宏观环境，分析业务驱动因素，结合业务经营分析体系，寻找挖掘业务机会点；
2.快速理解业务需求，准确高效获取，清洗数据源，结合专业分析方法，产出高质量分析报告，沉淀分析思路与框架，并结合实际策略输出；
3.协调业务重点项目数据保障，专业确定目标指标，建设数据过程监控工具，推动项目正常进展。
任职资格：
1.有互联网数据分析工作经验5年以上，有至少3个独立项目分析项目经验，工作思路清晰，能独立承担数据分析工作；
2.精通hive/sql数据查询语言，有很好数据报表以及报告呈现能力；
3.熟练操作excel、ppt,掌握python，并有使用经验者优先；
4.有较强的商业sense，较强的分析和结论输出能力，且能将数据专业与实际业务结合，推动、落地应用
5.大学本科以上学历，统计、数学、计算机、信息管理等相关专业
        ",1,1,0,1,0
319,数据分析师,云舒写教育科技,北京,150-500人,本科,B轮,教育,25.0,3-5年,,"[""技能培训"",""股票期权"",""岗位晋升"",""扁平管理""]","
        岗位职责：
1、理解业务流程，能够将各项业务进行量化评估，建立和完善数据体系，通过业务指标反映运营状况；
2、跟进运营数据需求，挖掘用户行为特征，精准用户分层以快速提升业务增长；
3、对项目成效数据的监控与分析，建立项目数据的评估体系；
4、确保各指标、各数据的准确性及及时性，能及时定位并修复异常数据问题，推动数据质量的改善；
5、协助业务整体数据仓库模型设计、etl开发，支持上层数据分析与数据应用；
6、支撑业务同事的临时数据需求；

岗位要求：
1、有过3-5年互联网数据分析；
2、良好的数据敏感度，能从海量数据提炼核心结果， 能够以客观的数据和严谨的分析过程，形成可靠的分析结论及建议；
3、熟练掌握sql，包含mysql，hive，熟练掌握python进行数据处理及分析
4、有高度的责任感，有上进心和积极主动性
        ",1,1,0,0,0
320,数据分析师,泰康保险集团,北京,2000人以上,本科,不需要融资,金融,24.0,不限,,"[""交通补助"",""午餐补助"",""带薪年假"",""定期体检""]","
        岗位职责：
1.基于保险、健康医疗数据，搭建数据分析模型，研究与创新数据应用及数据分析方法;
2.应用保险及医疗数据，进行数据挖掘模型构建、维护、评估；
3.整理分析报告，向管理层提供决策数据支持业务敏感，能快速理解业务并与业务人员进行沟通，具备良好的数据敏感度，能从大量数据提炼核心结果，并用简洁清晰的方式呈现数据分析背后的业务逻辑
4.开展专题研究，产出数据支持和研究成果，推动产品创新；

任职要求：
1.精算、数学、统计、金融、保险类等相关专业，全日制本科及以上学历；
2.具有3-5年数据分析相关工作经验，保险行业背景者优先；
3.熟悉并掌握常用的数据分析方法、数据挖掘算法；
4.良好的逻辑思维和系统思维能力，有一定的独立解决问题的能力和开拓能力；
5.具有良好的组织、沟通、协调、开拓能力。
        ",0,0,0,0,0
321,数据分析师,融海新程,北京,50-150人,大专,未融资,金融,9.0,不限,,[],"
1、搜集行业相关信息，为相关需求者提供更准确的数据信息；2、丰富市场分析能力，做出每日分析计划，熟练掌握各种分析技术；3、对市场、行业、公司运营等提供数据分析计划，为战略决策提供支持；4、发表研究成果或分析评论，配合公司的推广及培训等工作。5、协助部门经理完善部门管理制度；6、结合多种数据源进行深度分析和挖掘
",0,0,0,0,0
322,风控数据分析师,一零跃动,北京,150-500人,本科,不需要融资,数据服务,20.0,不限,,"[""年底双薪"",""午餐补助"",""定期体检"",""弹性工作""]","
        岗位职责
1. 处理用户海量数据，挖掘用户行为特征，为产品、运营提供参考依据；
2. 结合业务特点，探索并建立分析主题，对数据进行深度分析和挖掘；
3. 根据业务发展情况，从数据中发现业务的问题点及机会点，帮助业务增长；
4. 沉淀分析思路与框架，提炼数据产品需求，实现数据产品化；
5. 根据业务需求，开发各类业务模型帮助业务增长。
任职条件
1. 本科及以上学历，计算机、统计、经济、数学、信息等相关专业；
2. 熟练掌握sql、excel、ppt、r等常用分析工具及相关编程语言；
3. 精通数理统计，掌握常用数据挖掘方法，例如：线性回归，逻辑回归，决策树分群，聚类、关联分析、svm，贝叶斯等；
5. 对商业和业务逻辑敏感，具备良好的逻辑分析能力和系统性思维能力，优秀的数据思维和强烈的数据决策意识，且思维缜密，做事认真严谨；
6. 有较强的人际沟通、协调能力，具备与相关人员沟通数据需求的能力。
        ",0,1,0,1,0
323,数据分析师(E7K1),BLUECITY蓝城兄弟,北京,500-2000人,本科,上市公司,社交,22.5,3-5年,,"[""股票期权"",""五险一金"",""带薪年假"",""节日礼物""]","
        职位描述 
1. 熟悉互联网行业常用数据指标，掌握产品运营数据的监控和分析方法。
2. 以业务为导向，根据用户行为数据进行业务分析，推动业务快速提升。
3. 有效率提升意识，梳理业务数据仓库现有结构，不断优化报表体系。
 职位要求 
1. 本科以上学历，数学、统计学、计算机相关专业优先，对数据分析有强烈兴趣者优先。
2. 有大型互联网公司数据分析经验、有大数据相关从业经验优先。
3. 熟悉hive、sql、oracle、mysql等相关工具。
4. 具有良好的组织能力和跨部分沟通能力，能以数据反推出业务优化目标。
5. 能快速理解业务，并有目标提升意识和目标拆解意识
",0,1,0,0,0
324,数据分析师（产品）,陌陌,北京,500-2000人,本科,上市公司,社交,26.5,1-3年,,"[""岗位晋升"",""帅哥多"",""管理规范"",""技能培训""]","
岗位职责：
1、梳理、维护公司的各业务和数据指标的定义，搭建指标体系，保证业务、数据指标口径统一和数据准确性；
2、对用户增长策略、产品新功能提出数据建议，通过abtest验证，给出效果评估和优化建议；
3、抽象数据分析需求，通过数据描绘出整个业务流程、用户行为和重点环节的转化，和产品经理合作达成业务增长；
4、通过和数据研发合作，通过流程化、工具化、自动化的思路，让数据供应做到高效、准确、信息充分透明。

岗位要求：
1、本科及以上学历，2年以上数据分析工作经验，统计、数学、计算机相关专业优先 ；
2、熟练使用sql/hql；熟悉业内埋点方案的使用场景，参与制定过产品埋点方案及规范设计；
3、良好的数据敏感度，有abtest相关经验，熟悉常见的数据分析和处理方法，有数据质量控制意识；
4、主动性强，能深刻理解业务，对数据化运营有一定了解；能够根据用户对数据的应用场景，明确任务优先级，合理安排落地节奏；善于梳理总结形成流程或规范以便前瞻性解决类似问题；
5、自我驱动，有owner意识，交付能力强，面对复杂情况能够独立工作，结果导向；跨团队与部门的沟通能力强，有较强的团队协作意识和能力。
",0,1,0,0,0
325,数据分析师（游戏）,陌陌,北京,500-2000人,本科,上市公司,社交,22.5,3-5年,,"[""岗位晋升"",""帅哥多"",""管理规范"",""技能培训""]","
        岗位职责：
1、游戏市场、产品需求调妍、数据分析、数据挖掘、数据提取等相关工作；
2、根据挖掘的数据提出对于市场、产品的预测，分析，指出机会和问题；
3、支持游戏研发发行，对游戏数据，广告数据进行分析。

岗位要求：
1、熟练使用一种或几种分析统计及数据挖掘工具，如：python、r等；
2、能够使用sql，mysql抓取数据库信息，能将各类业务需求转化为适合的数学模型 ；
3、熟悉游戏行业，了解游戏行业基本动向和规律，能够从数据中总结趋势和规律；
4、统计学、计算机等相关专业大学本科（含）以上学历；硕士优先。

",1,1,0,0,0
326,高级数据分析师,掌上先机-旺店通ERP,北京,500-2000人,本科,A轮,电商,15.0,不限,,"[""节日礼物"",""专项奖金"",""带薪年假"",""绩效奖金""]","
        职位职责
1、负责建立指标分析体系，明确分析维度，以及业务整体的经营数据分析，从业务优化和目标达成的角度输出分析结果和策略。

2、聚焦业务发展中遇到的经营异常，通过归因分析做问题诊断，及时输出改进策略，推进业务团队快速采取有效措施推进问题解决。

3、针对业务，通过深度分析挖掘业务机会,提供业务策略支持，预警潜在风险，完成分析报告并及时输出，为管理层提供决策支持及建议。

4、配合各业务部门项目，给予数据支持，从多种数据源组合数据进行深度诊断分析，完成业务专题分析，输出核心业务报告。


职位要求：
1、大学本科或以上学历，3年以上互联网行业商业分析、数据分析，策略分析经验工作经验。
2、对数据敏感，具有较强的逻辑分析能力和数据分析能力，优秀的数据分析能力及结构化思维，敏锐的数据洞察力。

3、熟练掌握常见数据分析工具，具备复杂数据提炼和呈现能力，掌握撰写数据分析报告技能。

4、精通sql等数据查询语言，掌握tableua/r/python等至少一种工具者优先，有带团队经验者优先。

5、具备良好的项目推动能力和执行力，以及沟通协调能力，学习能力，自驱力，具有团队合作精神，诚实正直

额外加分项： 学习意愿强，主动性高，空杯心态，注重自我持续成长；
        ",1,1,0,0,0
327,数据分析师,北京泰斯听科技有限公司,北京,15-50人,本科,未融资,移动互联网,12.5,1年以下,,[],"
        职位职责：
1、梳理业务逻辑模型，管理和建设报表体系；
2、根据用户行为数据进行业务分析，帮助业务快速提升；
3、建设业务分析模型，不断评估和优化业务分析模型。

职位要求：
1、数学、统计学、计算机相关专业优先，对数据分析有强烈兴趣者优先；
2、有it大数据分析经验，有大型互联网公司数据分析经验、互联网数据建模分析经验者优先；
3、有一线产品或运营业务优化经验者优先；
4、精通 sql，熟练使用 r/python 进行数据清洗、分析；
5、能快速理解业务，发掘业务细节和数据之间的联系；
6、掌握 tableau 等 bi 工具尤佳。

",1,1,1,0,0
328,产品经理（数据分析方向）,影谱科技,北京,150-500人,本科,D轮及以上,人工智能,20.0,3-5年,,"[""年度旅游"",""定期休假"",""七险一金"",""午餐补助""]","
        岗位职责：
1、根据商业产品发展⽬标，参与产品规划与设计，优化功能或策略，尝试更多创 新;
2、了解⾏业态势，及时准确地研究及分析竞品动态，并提出相应的对策; 3、把握产品⽬标和周期，挖掘公司内外资源，保证产品的顺利执⾏，促进产品变现 与增收; 
4、深⼊分析运营数据和客户⾏为，提炼结论并提出可⾏性产品发展和运营建议; 
5、撰写⾼质量的产品市场需求⽂档及相关产品⽅案。

任职要求：
1、本科及以上学历，5 年以上计算机视觉领域经验，有数据分析背景者优先; 
2、具备优秀的逻辑思维能⼒、市场及数据洞察⼒和商业敏感性;
3、具备较⼴的互联⽹视野，有较强的产品规划能⼒，以及⼀定的产品⽅向感; 
4、具有良好的沟通能⼒、协调能⼒，拥有强烈的责任⼼和团队合作精神; 5、熟练编写 mrd、prd ⽂档，熟练使⽤mind manger、axure 等⼯具。
        ",0,0,0,0,0
329,高级数据分析师,度小满金融,北京,2000人以上,本科,A轮,金融,30.0,5-10年,,"[""五险一金"",""弹性工作"",""节日礼物"",""领导好""]","
        岗位职责： 
1、负责度小满金融科技磐石产品常规数据梳理解读工作，并对后续发展方向、发展路径给出建设性建议；
2、负责度小满金融科技磐石产品数据价值研究以及定制化数据专题分析制作；
3、负责金融科技风控产品的行业风向分析，度小满金科磐石产品的竞品分析；
4、负责度小满金科磐石产品各数据指标的监控体系优化和更新工作。
职位要求： 
1、学历要求本科以上，研究生优先；
2、热爱互联网金融科技行业，有相关公司数据工作经验者优先；
3、对数据分析和数据研究具备热情，且具备独立统筹数据专题的能力，对行业趋势具备一定见解者优先；
4、有良好的逻辑思维，沟通、组织能力者优先； 
5、有丰富数据汇报经验，熟练掌握ppt、excel操作技能者优先；
6、具备事业心、责任感以及一定的抗压能力。


",0,0,0,1,0
332,风控数据分析师,桔子分期,北京,150-500人,本科,A轮,电商,20.0,3-5年,,"[""节日礼物"",""股票期权"",""绩效奖金"",""扁平管理""]","
        岗位职责：
1、能够建立完整的信贷监控报表体系，为复杂的场景提供数据分析支持；
2、维护报表涉及的数据；
3、监控各条线业务贷前、贷中和贷后风险指标，提出策略优化建议；
4、协助上级完成部门内部日常事务工作，完成上级交办临时事务。
任职要求：
1、本科或以上学历，金融、统计、数学等相关专业优先；
2、2年以上金融行业或银行贷后管理或数据分析相关工作经验，了解资产管理或催收策略相关知识；
3、精通各类office办公软件，精通使用sql、excel、熟练使用python、r、sass等任意一种数据分析工具；
4、有较强的逻辑分析能力、数据敏感性，工作严谨，认真负责。
        ",1,1,0,1,1
333,高级数据分析师,壳木软件,北京,150-500人,硕士,上市公司,移动互联网,37.5,5-10年,,"[""绩效奖金"",""扁平管理"",""领导好"",""年度旅游""]","
岗位描述：1、用户行为分析：攥写分析提纲，制定分析计划，提取用户行为数据，通过统计分析/数据建模等方式探索用户行为及业务目标之间的关系，完成分析报告2、用户价值、业务指标等数据建模：根据海量复杂的用户行为，建立对单个用户价值的预估模型，并持续跟进模型优化，对预估效果负责根据业务发展的历史数据及近期趋势，建立对核心业务指标的中长期预测模型3、用户行为探索：结合当前研发运营的迭代方向，自主提出用户行为分析的主题，并完成相应分析

任职要求：1、5年以上数据分析经验，能独立完成数据提取、清洗和分析工作，能撰写分析报告2、精通python、r，能熟练完成统计分析、数据建模等工作，对于sklearn,scipy等重要的建模相关包有深度了解，能独立完成从模型选择到结果输出和解释的工作。3、精通pytorch或tensorflow，对经典和主流的神经网络有较深的理解，能基于业务数据搭建环境，完成从建模到模型评估的全过程；能编写工程代码者优先。4、较好的沟通能力，能理解业务方的需求，以及较强的学习能力5、热爱游戏，最近1年至少深度玩过1款游戏
",1,0,0,0,0
334,高级数据分析师,新东方,北京,2000人以上,本科,上市公司,教育,17.5,1-3年,,[],"
        岗位职责:
1）负责项目的需求调研、数据分析、商业分析和数据挖掘模型等；
2）参与业务部门临时数据分析需求的调研、分析及实现；
3）参与数据挖掘模型的构建、维护、部署和评估；
4）整理编写商业数据分析报告，及时发现和分析其中隐含的变化和问题，为业务发展提供决策支持；
5）支持产品部门下的运营，产品，研发，市场销售等各方面的数据分析，处理和研究的工作需求。
任职资格:
1）统计学、数学或计算机、数理统计或数据挖掘专业方向相关专业本科以上学历，理科背景；2年以上工作经验；
2）使用python或sas进行数据分析经验者优先；
3）熟练使用数理统计、数据分析软件；
4）有一定的数据统计和数据挖掘专业知识，具备利用数据分析解决业务问题的能力。
        ",1,0,0,0,1
335,数据分析师,同程旅行,北京,2000人以上,本科,上市公司,旅游,22.5,3-5年,,"[""绩效奖金"",""股票期权"",""年底双薪"",""五险一金""]","
        岗位职责
1.结合公司业务发展和行业大环境的变化，通过对用户行为分析，用户画像等，构建用户分层模型，发掘用户增长点
2.充分理解公司各类营销用户运营活动，搭建规范统一的分析模型，并能够平台化，支持业务快速测试评估活动效果，管理公司营销运营活动
3.能够独立开展专项课题研究，分析探索公司下沉市场，直播等新营销模式的机会点，输出可行性结论，为管理层提供策略支持
4.能够沉淀分析方法，构建用户bi数据模型，监测各项指标的变动和预警，及时给出合理预测，并驱动业务进行相关策略调整

岗位要求
1、本科及以上学历，统计学、数学、计算机等相关专业优先
2、2年以上工作经验，参与过相关数据分析项目工作
3、有用户增长、用户生命周期管理、数据挖掘等项目经验
4、掌握统计建模，及商业分析方法论，熟练掌握excel和ppt，具备sql、python等语言能力
5、良好的沟通能力，责任心，团队合作精神

",1,1,0,1,0
336,数据分析,柠檬微趣,北京,150-500人,本科,上市公司,游戏,16.0,1-3年,,"[""年底双薪"",""绩效奖金"",""弹性工作"",""年度旅游""]","
        岗位职责：
1、理解商业目标，对用户行为、游戏内经济和其他主题进行分析和建模。
2、编写生产环境下的sql查询，与数据工程师合作部署常规分析报告所需的sql查询。
3、开发和维护自动数据统计分析脚本，开发和维护数据etl pipeline保证数据质量。
4、管理大数据平台数据组织结构。
岗位要求：
1、本科及以上学历，数学、统计学，计算机科学专业优先，具备3年数据与密集分析经验。
2、精通sql或其他关系数据库。
3、能够生成模块化和可读的高质量sql查询，了解优化sql查询，降低内存与计算资源的方法。
4、熟悉 bash 等 shell 脚本语言。
5、沟通能力强，能够清晰表达分析结果。
        ",0,1,0,0,0
337,数据分析师（2021校招北京）,当当网,北京,2000人以上,本科,上市公司,电商,12.5,应届毕业生,"[""地铁周边""]","[""年底双薪"",""节日礼物"",""技能培训"",""绩效奖金""]","
        工作职责:
1、 参与业务模型的搭建和具体问题解决方案的设计工作，和业务团队及产品经理一道，了解业务背景及需求。
2、对海量数据进行处理和分析，挖掘相关信息，建立模型，分析关键因素，优化相关产品。
3、 提取、处理业务数据，通过数据分析和数据挖掘，给出直观的结论及业务洞见。
任职资格:
1、国家统招本科及以上学历，统计/数学/计算机相关专业， 对数据敏感，喜欢并善于从数据中发现规律。
2、 可熟练使用数据库语言sql，存储过程编写；
3、熟悉linux脚本和常用命令；
4、具有较强的写作能力（ppt，word，excel）；
5、 具备良好的合作态度及团队精神，并富有工作激情、创造力和高度责任感；
6、 有机器学习/运筹优化相关背景优先。
7、在分析、预测、优化方向有实习经历优先。
        ",0,1,0,1,0
338,数据分析师,中国电信增值业务运营中心,北京,150-500人,本科,不需要融资,通讯电子,14.0,1-3年,,"[""带薪年假"",""午餐补助"",""绩效奖金"",""交通补助""]","
岗位职责：
1、负责制定、推进大数据分析策略方案。
2、负责洞察业务数据，进行深度专题分析，形成结论报告。
3、负责深入理解业务模式，将数据分析结果应用于实际业务产品，促进产品优化。
4、负责跟踪同类业务行业内数据对比。
5、负责智能文本分析平台大数据模块的需求分析、规划设计。
任职要求：
1、具有全日制大学本科及以上学历，统计学、信息系统与信息管理、数学及相关专业优先考虑。
2、具有2年以上数据分析工作经验，有前瞻性思维和敏锐的感知洞察力，擅长数据分析，对数据具有足够的敏感性，熟悉数据统计和挖掘知识。
3、熟练使用excel、python，sas、oracle、sql server 等数据分析软件。
4、具有良好的表达、沟通、协调能力。
",1,1,0,1,1
339,数据分析师,音娱时光,北京,50-150人,本科,A轮,移动互联网,17.5,1-3年,,"[""年底双薪"",""绩效奖金"",""带薪年假"",""免费健身""]","
        岗位职责：
1. 完善业务数据监控体系，进行新功能指标埋点逻辑设计，搭建分析框架，使业务运营情况数据化呈现；
2. 围绕核心指标变动可展开专项分析，建立良好的数据监控和沟通机制，为团队提供决策支持；
3. 根据产品的现况表现、业务场景、业务目标等，可完成对历史数据的提取，周期性输出数据角度的业务分析报告，与团队一起探索业务的优化点；
4. 与数据工程师密切协作，确保统计需求准确落地以及线上统计无异常。

任职资格：
1. 本科及以上学历，数学、统计学、计算机科学等相关专业优先；
2. 移动互联网公司至少2年数据分析相关工作经验；
3. 熟练使用 sql 语言，熟练掌握 excel等任一数据分析工具；
4. 较强的沟通推进能力、清晰的表达能力、较强的独立思考能力；
5. 能够贴近业务，对数据如何驱动产品和业务优化提供自己的见解。
        ",0,1,0,1,0
340,数据分析师,Fun Plus,北京,500-2000人,硕士,B轮,游戏,35.0,3-5年,,[],"
岗位职责：
1、负责游戏活动数据分析以及深入挖掘，并通过数据分析对游戏运营提供数据支撑，达成任务目标，不断提升活动效果，实现精细化运营目的；
2、通过数据研究和数据建模来优化产品运营业务，如盈利模型、用户体验模型，收入预测、流失预测，用户分类等；
3、通过分析游戏产品及运营数据，对于游戏的玩法、数值和其他方面的优化提供可执行的优化建议；
4、通过分析游戏玩家行为数据来定位游戏运营中的业务问题，同时输出相应的分析报告。

任职要求：
1、本科以上学历，4年以上数据分析经验，统计学专业优先；
2、热爱游戏行业，对市场/运营至少一类工作有深入理解和成功数据应用经验；
3、熟练使用sql语句、excel，掌握spss、sas等其中一种分析工具；
4、具有一定的数据挖掘、建模、预测能力；可独立对游戏进行深入挖掘；
5、良好的沟通能力、文档表达能力。
",0,1,0,1,1
341,数据分析专员,阿芙精油,北京,500-2000人,本科,C轮,电商,11.5,1-3年,,"[""美女多"",""帅哥多"",""免费班车"",""扁平管理""]","
岗位职责：
1.     做直播中及直播后的数据分析记录，然后针对数据从而制定及策划一场高效的直播
2.     根据店铺运营需求结合直播打造爆款及测款
3.     根据阿里-数据银行研究直播客群的画像，进行消费者洞察，指导选品
4.     进行直播这个渠道的财务成本分析
5.     跟进研究行业内直播带货达人的投入产出比，向媒介推荐靠谱的带货达人。
 
岗位要求：
1.     对抖音，快手，淘宝直播，有浓厚的兴趣者优先
2.     对视频直播行业产品，对涉及到的直播链路数据以及行业数据敏感，感兴趣者优先
3.     踏实细心，充满好奇心
4.     有一定数据分析能力
5.     本科及以上学历，统计或与经济学相关专业应届毕业生优先
梦想城堡福利:
1、上下班专车接送；
2、每天都有娱乐活动，每周有精彩的艺术家表演（魔术、舞蹈、交响乐等等）;
3、公司聘请专业级按摩师和发型师免费为大家服务；
4、丰盛自助餐，咖啡、饮料无限量。
",0,0,0,0,0
342,数据分析专家,伊对,北京,50-150人,本科,A轮,移动互联网,45.0,5-10年,,"[""带薪年假"",""定期体检"",""年终分红""]","
        岗位职责：
1. 管理数据团队为公司业务赋能
2. 数据基础建设，确保数据采集准确全面
3. 指标体系搭建与维护，既可自上而下来分析拆解数据，又能自下而上发现问题解决问题
4. 大盘报表及数据仪表板的建立与维护，确保公司各层leader能看到自己负责的报表和数据
5. 准确衡量市场渠道的roi，并提供支持
6. 前置发现问题提供决策依据，或对关键问题做归因分析

任职要求：
1. 一类本科学历，数学、统计学、社会学、计算机、心理学等相关专业 ---must have
2. 有团队管理经验 --- better have
3. 5年以上数据分析经验，3-5年中型厂数据分析经验 --- must have
4. 要有为业务赋能的成功案例(must have)，最好曾经获得公司嘉奖 --- better have
        ",0,0,0,0,0
343,高级数据分析师,中邮信息科技（北京）有限公司,北京,500-2000人,本科,不需要融资,其他,30.0,3-5年,,"[""技能培训"",""六险二金"",""多样技术环境"",""平台稳定""]","
        岗位职责：
1.负责对邮政各板块业务的数据支持工作，对业务数据进行深度分析和挖掘，创建大数据分析流程，进行数据探索分析，构建分析模型，输出数据分析报告；
2.对公司专题分析与数据产品需求进行开发及部署维护，包括但不限于：数据处理、特征提取、模型部署、线上监控、评估调优等工作。
岗位要求：
1.统计学、计算机、数学等相关专业本科及以上学历，具有较强的数据建模及数据挖掘能力；
2.具有3年以上相关行业数据分析经验，能主导并擅长用多种分析手段和建模方法解决实际业务问题；
3.对数据驱动业务有深入理解，对数据与业务方面有足够敏感性，具有较强结构化思维、逻辑分析能力、独立思考能力和沟通执行力；
4.精通python、c++、java等至少一种编程语言，精通数据库语言，如sql、hive等；
5.熟悉机器学习、深度学习等主流模型算法；
6.具有快递、电商、金融行业业务经验者优先；
有从0到1的完整数据产品开发经验者优先。
        ",1,1,0,0,0
344,数据分析师,完美世界,北京,2000人以上,本科,上市公司,游戏,12.5,不限,,"[""绩效奖金"",""五险一金"",""带薪年假"",""年度旅游""]","
【岗位职责:】
1、 搭建常用数据框架模板并进行数据的维护和提取。
2、 进行数据深入研究，对课题性问题进行数据的支持挖掘及分析
3、 手游产品的运营推广效果分析，以及效果优化改进方案提出
4、 数据报告的汇报（日报、月报、年报）以及针对性报告的数据分析产出。



【任职要求：】
1、 数据、统计学专业毕业优先
2、 熟悉sql语言以及数据程序交互语言，并具有搭建数据模型能力
3、 负责并参与游戏产品上线、推广、资料片的全程数据分析者优先
4、 喜欢玩端游或者手游（卡牌类或者mmo类）
",0,1,0,0,0
345,数据分析专家,福易得,北京,150-500人,本科,未融资,移动互联网,90.0,3-5年,,"[""交通补助"",""通讯津贴"",""午餐补助"",""岗位晋升""]","
        主要职责
1.结合公司查略要求、结合各业务情况，梳理并完成自上而下的各业务线的业务指标体系
2.带领团队，协助业务落地指标体系，并根据业务情况进一步形成指标的自动化监控、分析及排查能力
3.带领团队根据业务数据发现并分析异常，形成异常分析排查机制、专项分析机制等工作
4.梳理并抽象日常业务行为，结合数据指标，形成标准化数据运营流程
5.协助数据应用团队梳理业务需求，完成指标展示、监控、分析等自动化能力的开发

技能要求
1.熟悉hive、spark、mysql
2.熟悉python、shell、java等一种语言
3.熟悉 tableau、sas 等一种工具
方向要求
1.5年以上数据相关工作经验
2.1年以上技术团队管理经验
        ",1,1,1,0,1
346,数据分析师,蔷薇控股,北京,150-500人,本科,A轮,企业服务,21.5,3-5年,,"[""专项奖金"",""扁平管理"",""绩效奖金"",""午餐补助""]","
        【岗位职责】

1.负责业务分析和数据体系建设，为管理层及业务部门提供决策支持；
2.负责收集整理业务数据，对多种数据源的进行深度诊断性组合分析、挖掘、深度分析和建模，对相关数据进行深度挖掘分析；
3.对业务的运营进行评估和建议，从数据的角度推动公司运营决策、产品方向和运营；
4.深入理解业务，发现业务特征潜在机会，并给出有效的行动建议

【任职要求】
1.全日制本科及以上学历，统计学、应用数学相关专业优先；
2.深入理解统计假设检验原理，熟悉a/b test流程和原理；
3.3年以上数据分析经验，有过海量数据分析经验优先；
4.具备良好的沟通能力和表达能力，有独立开展业务调研、数据分析、报告编写的经验；
5.对数据驱动业务有深入理解，对数据与业务方面有足够敏感性，有较强的逻辑分析能力，有较强的独立思考能力；
6.精通excel, sql, 至少熟练使用python, r等主流统计软件中一种；
7.有阿里quickbi使用经验者优先考虑。
        ",1,1,0,1,0
347,高级数据分析师,水滴 WATERDROP INC,北京,2000人以上,本科,C轮,金融,30.0,5-10年,,"[""网络互助"",""五险一金"",""带薪年假"",""股票期权""]","
        工作职责:
1、从行业和市场的总览视角出发，对整个市场进行分析和量化；
2、帮助业务团队梳理业务信息的标准化建设，形成结构化数据。并基于统一的数据体系形成业务和区域的分析决策体系框架；
3、参与区域业务决策的辅助支持，包括行业研究、标杆研究、专家访谈、用户访谈等；
4、结合内外部信息，围绕业务的健康增长目标，从资源投入、模式迭代、人员考核等方面输出优化改进的意见和洞察；
5、结合业务实际情况提供规划及业务动作策略，通过调研、分析，提供精细化运营和持续迭代的方案。

任职资格:
1、计算机、统计学、数学、经济学等相关专业，具有相关领域较深入的技术应用的经验和能力；
2、熟练使用sql/hive等数据库语言，熟悉python或者r等数据处理语言，熟悉常用数据统计和分析方法；
3、良好的沟通能力、团队合作精神、工作规划能力和主动意识；
4、良好的逻辑思维能力；对于新技术、新事物有好奇心和学习认知能力；
5、有国内外互联网公司商业分析部门或管理咨询行业经验优先。
        ",1,1,0,0,0
348,资深数据分析师,一点资讯,北京,500-2000人,硕士,D轮及以上,文娱丨内容,27.5,3-5年,,"[""带薪年假"",""扁平管理"",""弹性工作"",""领导好""]","
1、深入资讯行业业务，了解业务痛点，为业务线建立数据支持体系，通过数据为业务优化提供效果评估及数据决策支持；
2、构建用户分析模型，包含用户路径、行为分析、用户画像分析、用户分层等，挖掘潜在的规律趋势，协助业务进行策略优化；
3、分拆业务目标，跟进和监督各业务目标完成情况，有效提供改进策略和实施建议；
4、与增长策略、获客和用户活跃等团队合作，明确监测指标，保障数据可视化。

岗位要求：
1、本科及以上学历，统计、数学、社会学或计算机等相关专业；
2、精通使用sql、excel和ppt，能够熟练使用r和python；
3、业务理解业务强，可快速把握业务重点，形成分析框架且有自己明确的观点输出；
4、数据敏感，逻辑清晰，有良好的信息搜集能力；
5、有良好的报告撰写能力、演讲和价值输出能力；
6、有数据分析及建模相关经验优先，如：用户画像、商业变现分析等。
",1,1,0,1,0
349,高级数据分析师,一点资讯,北京,500-2000人,本科,D轮及以上,文娱丨内容,27.5,3-5年,,"[""带薪年假"",""扁平管理"",""弹性工作"",""领导好""]","
        岗位职责：
1、深入一点业务，充分理解一点的内容生态，能从内容理解入手，发挥数据驱动的作用，助业务科学高效决策；
2、不断完善具体领域的指标监控体系，评估体系；
3、通过数据分析和挖掘，发现机会和问题，补全盲点，前瞻性地引导业务发展；
4、总结分析方法论，提炼分析框架产品化方案，不断提升分析效率；
5、具有良好的沟通协调能力，推进落地拿到结果。

任职要求：
1、数学/统计/计量/机器学习或相关专业，研究生及以上学历优先；
2、具有严密的逻辑思维能力，以及快速深入理解业务；
3、具有互联网行业数据分析、数据挖掘/建模1年以上工作经验（资深者优先），知名互联网公司或海外背景优先；
4、熟练使用sql优先；
5、熟悉常用的统计模型和方法：如，实验设计、常用预测模型、聚类分类模型等；
6、具有较好沟通表达、协调推动能力，能够很快融入团队，有团队合作精神。


",0,1,0,0,0
350,数据分析师,猿辅导,北京,2000人以上,本科,D轮及以上,教育,22.5,1-3年,,"[""股票期权"",""年底双薪"",""五险一金"",""带薪年假""]","
        岗位职责：

通过分析用户数据，发现产品潜在的增长机会
对业务核心指标的监控与跟踪分析，并对异常波动情况进行深入分析和问题定位
了解技术，深谙用户心理、擅长数据挖掘和数据分析，通过数据驱动产品的用户增长和转化

任职资格:

2年以上相关工作经验；本科以上学历，数学、统计学、经济学、计算机等相关专业者优先
熟练掌握多种基础统计和分析方法 
熟悉基础分析工具 sql，能完成提数工作
接触过 ab 测试，用户转化漏斗，用户留存等相关分析
具备良好的数据敏感度、良好的逻辑思维，能及时发现和分析数据中隐含的变化和问题
良好的逻辑思维能力，能够从海量数据中发现有价值的规律
        ",0,1,0,0,0
351,高级数据分析师,北京泰斯听科技有限公司,北京,15-50人,本科,未融资,移动互联网,15.0,1-3年,,[],"
        职位职责：
1、梳理业务逻辑模型，管理和建设报表体系；
2、根据用户行为数据进行业务分析，帮助业务快速提升；
3、建设业务分析模型，不断评估和优化业务分析模型。

职位要求：
1、数学、统计学、计算机相关专业优先，对数据分析有强烈兴趣者优先；
2、有it大数据分析经验，有大型互联网公司数据分析经验、互联网数据建模分析经验者优先；
3、有一线产品或运营业务优化经验者优先；
4、精通 sql，熟练使用 r/python 进行数据清洗、分析；
5、能快速理解业务，发掘业务细节和数据之间的联系；
6、掌握 tableau 等 bi 工具尤佳。

",1,1,1,0,0
352,数据分析师,PKFARE比客,北京,150-500人,硕士,A轮,旅游,15.0,不限,,"[""股票期权"",""带薪年假"",""绩效奖金"",""年度旅游""]","
工作职责
我们的目标是用不同的手段驱动业绩快速增长；我们希望寻找对数据充满热诚，有过机器学习或统计建模经验，希望用数据直接驱动业务决策和增长的候选人。希望你愿意帮助我们：
1. 负责海量数据的特征提取、数据分析挖掘，发现数据的分布密度、变化趋势、相关关系等；
2. 运用机器学习各算法进行数据建模和深挖机票酒店等旅游产品价格特征；
3. 负责定价策略分析和建模，算法设计；
4. 设计a/b测试，评估定价效果。
任职资格
我们一直在寻找这样的你：
1. 本科及以上学历；计算机、统计、数学、信息技术、量化金融及相关专业优先；
2. 至少会一种程序语言查询或处理数据；熟练掌握python的优先；
3. 在校期间，有数据挖掘、分析、nlp、机器学习等相关项目经验的有加分；
4. 有数据建模能力，熟练运用各项数据分析方法和工具的有加分；
5. 熟练sql 和tableau（或其他可视化软件）有加分；
6. 英语优秀者有加分。

职位诱惑
1. 完善的带教机制，一对一以老带新帮助实习生成长；
2. 定期的技术交流培训课程；
3. 正式员工可享年终奖、五险一金、年度体检、司龄party、带薪假期等福利。
4. 享有国家法定节假日，实习期即购买商业保险；
5. 节日礼品、团建活动、周末双休、弹性工作时间等福利制度；
",1,1,1,0,0
353,数据分析师,向上金服,北京,150-500人,本科,不需要融资,金融,20.0,1-3年,,"[""带薪年假"",""绩效奖金"",""扁平管理"",""五险一金""]","
岗位职责： 1.负责为内外部团队数据查询、分析、解释和沟通需求以及信用风险相关的定量及定性数据分析领域提供决策支持； 2.熟悉运用数据分析工具、负责信贷风控数据的分析，及时准确的完成各项分析需求，对信贷风控数据进行深入的刨铣，为风控策略的阈值确定提供足够的数据分析支持； 3.参与风控策略测试工作，对相关测试进行深入的数据分析和结果测算，根据分析结论选择最优的策略组合； 4.建设业务相关的数据库表，对业务线日常监测，并提供日报、周报等量化分析报表、并定期评估业务线整体风险情况； 5.负责领导交给的其他数据分析、报表制作等工作 任职要求： 1.熟练使用mysql/sas/r/excel等统计挖掘、数据分析工具，有python的使用经验优先； 2.具备数据策略分析2年以上工作经验；对于互联网信贷量化风控与建模技术有专研者优先； 3.数学、统计、金融、计算机等相关专业全日制本科及以上学历， 4.有责任心，可以承受较大的工作压力；富有团队合作精神、沟通能力强、执行力强 5.具备独立业务线分析者优先
",1,1,0,1,1
354,数据分析师,亿睿科,北京,150-500人,本科,A轮,文娱丨内容,20.0,3-5年,,"[""年终多薪"",""带薪年假"",""弹性工作"",""六险一金""]","
        职位职责：
1、负责公司产品的用户规模增长，为公司增长用户的决策提供数据支持；
2、构建并监测各渠道漏斗，分析用户行为，洞察转化的驱动因素，以进一步的优化产品和渠道；
3、细分用户，并对人群进行画像分析，结合业务，为用户增长和运营提供数据侧目标拆分和分析指导；
4、管理用户生命周期，促进用户持续活跃 ；
5、设计并执行ab test，以实验和数据驱动运营动作和产品决策，实现快速迭代优化 ；
6、跨部门合作（产品、市场、技术），推动growth项目，设定目标，快速落地并实现项目迭代 。

岗位要求：
1、统招本科及以上学历，3年以上国内外互联网公司数据分析相关工作经验（有相机类或者工具类软件经验者优先）；
2、优秀的数据分析能力，数据驱动，并善于从数据发现问题并推动产品迭代；
3、精通sql、excel；熟练使用python、r、spss其中之一；
4、能快速理解业务，发掘业务细节和数据之间的联系；
5、目标感强，擅长沟通、跨部门合作，较强的协同工作能力。
        ",1,1,0,1,1
355,数据分析师(JPR51),乐我无限,北京,500-2000人,本科,B轮,社交,22.5,3-5年,,"[""带薪年假"",""午餐补助"",""专项奖金"",""绩效奖金""]","
        职位描述
1、负责直播类产品的数据分析相关工作，配合产品和运营挖掘问题和优化改进点；
2、输出常规性的产品运营日报、周报等，用数据指标监测和评估产品和运营质量；
3、提供常规产品及运营、投放分析、竞品监控等业务所涉及各方面的数据分析及数据支持，为决策提供依据。

职位要求
1、有互联网产品运营或数据分析相关工作经验，社交软件行业经验者优先；
2、数据价值挖掘能力强，对数据有较高的敏感度，数学、经济相关专业者优先；
3、了解数据分析的主要思路和方法，有较强的逻辑分析能力，并具备良好的沟通能力和表达能力；
4、精通sql、excel、ppt等数据查询分析和数据汇报工具；
5、工作认真细致，积极主动，学习能力和抗压能力强。
        ",0,1,0,1,0
356,数据分析师,阳光E购,北京,2000人以上,本科,上市公司,企业服务,27.5,5-10年,,"[""绩效奖金"",""专项奖金"",""年底双薪"",""岗位晋升""]","
        工作职责:
1.负责数据产品或者数据平台的需求调研、数据分析、商业分析及数据挖掘建模等工作； 

2.通过数据分析、建模和挖掘工作，深入探索数据的潜在商业价值 ；

3.根据业务要求，增强公司内部数据分析能力，完善数据分析体系，推动数据驱动业务落地，完成较深入的专项数据分析并形成分析报告。


任职资格:
1、本科及以上学历，数学、统计、计算机、经济等相关专业；

2、熟悉数据仓库，掌握数据分析常用方法，熟练使用sql、python等进行数据分析工作； 

3、良好的数据敏感度和逻辑思维能力，能从海量数据提炼核心结果； 

4、熟悉商业分析模型，有数据洞察业务能力，有较强的数据分析能力，精通各种统计分析方法及算法；

5、具备良好的沟通能力和表达能力，能够独立开展业务调研、数据分析、报告编写工作；

6、在大数据方面有很好的理解力，具有b2b大平台、电子商务平台、数据平台、数据化工具、bi系统任一工作背景者优先。

",1,1,0,0,0
357,增长数据分析师,知乎,北京,500-2000人,本科,D轮及以上,社交,22.5,1-3年,,"[""年底双薪"",""股票期权"",""带薪年假"",""定期体检""]","
        工作职责：
1.负责知乎增长向数据的监控与分析，基于现有的数据仓库和业务逻辑，搭建能够快速响应业务需求的数据报表，为业务方和团队提效赋能；
2.提供日常数据支持，为业务拓展及优化提供决策性建议；
3.基于数据分析，为业务提供有效的策略建议方案
4.基于统计学原理，设计或跟进业务的 a/b 实验方案

任职要求：
1.工作 1-3 年，有增长、用户或产品分析向分析经验
2. 熟练使用excel等相关办公软件，能够独立编写数据分析报告；
3. 有r或python建模和数据分析能力，sql数据查询能力
4. 学习能力强，能快速掌握所负责业务领域数据，并利用数据进行评估优化；
5. 加分项：有分享、传播、关注研究经验
        ",1,1,0,1,0
358,数据分析开发工程师,中钞信用卡产业发展有限公司,北京,150-500人,不限,不需要融资,金融,14.0,应届毕业生,,[],"
1.本科及以上学历；
2.软件工程及相关专业
3.有技术研发、项目管理经验优先；
4.党员、学生干部优先；
5.强烈的求知欲，卓越的学习能力；
6.专业知识深厚，具备一定的抗压能力；
7.责任意识强，勇于创新和担当。
",0,0,0,0,0
359,数据分析师助理,亿家宏业咨询,北京,150-500人,大专,上市公司,金融,11.0,应届毕业生,,[],"
        技能要求：

资金监管，数据分析，资产管理，投后管理，数据监控，行情走势

分析师助理 

岗位职责：
1、分析行业相关信息，配合其他部门对数据进行整理分析，给出策略。
2、执行公司各项制度，并定期收集市场各数据，整理分析结果。
3、按照各部门的要求，进行技术分析和基本面规律分析、
4、配合其他部门工作需要，做好各部门间协调工作。
（中心地带地铁周边）

任职要求：
1.大专及以上学历，应届毕业胜生优先考虑
2.金融、市场营销、工商管理专业毕业优先考虑
3.20-40周岁，性别不限

岗位晋升：
每三个月一调薪一调岗，涨幅1000-3000不等（看个人能力 ）
公司注重人才培养，有经验者可放宽学历及工作期限。

",0,0,0,0,0
360,数据分析师,最右,北京,500-2000人,本科,D轮及以上,文娱丨内容,32.5,3-5年,,"[""技能培训"",""连续创业团队"",""年度旅游"",""扁平管理""]","
        职责: 
1.对最右直播相关产品运营数据进行分析、监测、统计，并形成指标体系； 
2.制定直播业务核心指标，并进行分析维度拆解，通过对多维数据的深入分析，发现数据异常并定位原因，提出解决方案； 
3.搭建业务转化漏斗，通过对用户行为深入分析，发现用户增长关键因素，联合产品、研发、运营等团队寻找提升用户成长方案，推动落地并评估效果； 
4.对主要竞品的产品改进、数据波动保持密切关注，并进行细致对比分析，挖掘可借鉴方向。 

要求: 
1.统计学、数学、计算机等相关专业本科及以上学历； 
2.较强的统计学基础，优秀的数据处理能力，敏锐的数据洞察力，良好的业务理解力； 
3.熟练掌握hive/sql精通excel，掌握python//r 尤佳，了解基本的数据分析方法与模型； 
4.能独立完成从数据提取到模型构建，部门沟通到输出分析报告，提出并解决具体的业务问题。 

加分： 
1.有深度直播领域数据分析并有效指导产品运营的具体案例。 

",1,1,0,1,0
361,数据分析师,华米科技,北京,500-2000人,本科,上市公司,移动互联网,24.0,1-3年,,"[""绩效奖金"",""午餐补助"",""带薪年假"",""弹性工作""]","
职位描述
1、 对海量智能穿戴产品数据进行分析，驱动产品改进，业务增长
2、 产出高水平的专题数据分析报告，为业务发展提供决策依据
3、 构建全面的模块化、体系化的报表
4、 支持公司相应业务模块的临时看数需求
岗位要求
1、1-3年数据分析相关工作经验；
2、具备较强的分析能力，对数据较为敏感。对专题数据分析有较为成熟的经验，能够敏锐的识别问题，解决问题，并利用数据分析结论驱动业务增长；
3、熟练掌握sql、 shell、python，对hive、spark等较为熟悉；  
4、具备良好的服务意识，善于主动思考，自我驱动力强，主观能动性好。有良好的沟通、协调能力，富有团队精神；
",1,1,0,0,0
362,数据分析师,涵连信息,北京,50-150人,本科,未融资,数据服务,17.5,1-3年,,[],"
1.根据具体业务需求为导向，从产品运营、用户分析等方向提供数据分析服务，并根据分析结果提供决策建议；2.深入了解产品和功能，精通常规数据分析方法，能够根据具体应用场景，发掘产品用户流量增长机会。3.通过对海量数据进行分析和挖掘，提炼出用户特征、行为路径，建立用户分群模型，科学性指导和协助产品提升用户粘性和留存；4.掌握业务核心指标，了解转化漏斗模型思维架构（aarrr）探索和建立流量增长体系，致力于数据驱动，数据预测。任职要求：1.本科及以上学历，计算机、数据、统计学等专业优先；2.3年以上互联网数据分析工作经验；3.熟练使用sql、r或者其他数据查询分析工具；4.对数据敏感，具备优秀的分析技巧和逻辑思维能力，优秀的报告撰写能力5.具备高度责任心和团队协作精神，沟通能力强。
",0,1,0,0,0
363,数据分析师,随行付金科,北京,150-500人,本科,未融资,金融,20.0,3-5年,,"[""绩效奖金"",""午餐补助"",""通讯津贴"",""带薪年假""]","
岗位职责：
1、负责客户的风险数据分析；2、负责对贷前、贷中风险预警异常情况进行深入分析并提出独立的风险判断，对业务风险指标进行跟踪分析及优化；3、深度挖掘授信数据，协助完善信用评分模型、风控模型、风控政策等；4、对于部门内产品、需求提供数据支持，对于风险规则配置提供建议；5、协助部门优化风控政策、流程，研究行业最新政策。 任职要求：1、本科以上学历；2、银行、p2p、担保、小贷、第三方支付等金融机构或公司工作经验；3、3年以上风险数据分析经验者优先；4、具备较强的逻辑思维及语言沟通能力；5、熟练使用excel函数，sas等；6、有信贷风险规则设计或信用评分经验优先。
",0,0,0,1,1
364,数据分析师,信永中和,北京,2000人以上,本科,不需要融资,企业服务,12.5,1-3年,,"[""带薪年假"",""定期体检"",""美女多"",""扁平管理""]","
岗位职责:


与大数据团队的数据咨询顾问共事，参与数据分析和咨询项目执行
独立负责业务数据收集整理，构建经营分析和报表系统，并且结合业务对多种数据源进行深度诊断性组合分析、挖掘、深度分析
与项目团队配合，与客户进行良好沟通，准确有效地交付数据建模与应用成果

 
岗位要求:

 2-3年工作经验，数据、统计学、经济学等专业背景，本科及以上学历(硕士优先)
熟悉可视化数据分析工具powerbi，tableau等；熟悉数据库基本原理，熟练运用sql，熟练操作excel；
熟悉数据挖掘的基本原理，熟练操作python等数据分析/挖掘工具的优先
良好的数据敏感度，能从海量数据提炼核心结果，熟练独立编写商业数据分析报告，及时发现和分析其中隐含的变化和问题，给出建议；
 熟悉各种erp, wms, crm系统优先
具备良好的沟通能力和团队精神，较强的学习能力，能承担一定的工作压力

",1,1,1,1,0
365,用户策略数据分析师,易车公司,北京,2000人以上,硕士,上市公司,电商,20.0,3-5年,,"[""技能培训"",""节日礼物"",""绩效奖金"",""岗位晋升""]","
职位详情1.   以用户增长为核心目标，负责app的消息推送（push）个性化推荐策略，设计并持续优化push的推荐效果及相关指标；2.   数据分析驱动策略优化，熟练使用sql、hive、python、spss等数据语言，密切关注数据表现，分析数据挖掘潜在需求，进行策略调优；3.   有过个性化推荐相关的项目经验，有具体推动业务增长的相关案例； 岗位要求1.   有高级统计学基础，熟练掌握各种统计方法的应用2.   熟悉前后端数据埋点，熟练使用sql、hive等数据查询语言，能进行多表关联等复杂查询3.   熟练使用spss或python，能用python编写简单的数据清洗和分析脚本，熟悉numpy,pandas库；4.   思维敏捷，自驱力强，优秀的合作沟通能力。
",1,1,0,0,1
366,临近地铁 金融数据分析师,磐程科技,北京,150-500人,不限,未融资,金融,11.5,应届毕业生,,[],"
        任职要求：
1、年龄：20-45岁，五官端正，无不良嗜好；
2、需要具备良好的分析判断能力，具有较深刻的认知和准确判断的能力，能独立完成相关领域的分析评论；
3、熟悉各风控软件操作流程及业务流程；
4、接受定期、统一的专业学习培训和模拟训练；
5、认同公司的发展理念，愿意与公司共同发展，具有很强的工作责任心和团队合作精神；
6、接受大学生在校实习、退伍军人与应届毕业生；
7、具有良好的人品与职业操守，踏实、细致的工作作风；
岗位职责：
1、实时关注相关咨询，加强个人风控意识
2、协助部门新员工完成试用期岗位任务
3、定期更新、实施部门风险控制管理制度，规避风险措施，负责开发风险管理的数据模式。
        ",0,0,0,0,0
367,商业数据分析师,北京林克艾普科技有限公司,北京,15-50人,本科,不需要融资,数据服务,22.5,3-5年,,"[""交通补助"",""午餐补助"",""带薪年假"",""扁平管理""]","
        岗位职责：
1、与客户沟通，理解、细化客户的数据分析需求，了解客户对数据需求背后的目的，更好地为客户提供解决方案。需求范围包括：企业网络舆情、品牌网络口碑、消费者洞察、广告投放效果分析、社会化运营数据、产品体验和创新数据分析等；
2、根据商业背景和相关行业背景，搭建清晰的研究框架，设计研究方案，将客户需求落地；
3、基于多维大数据以及不同数据特点，使用公司自有或其它大数据分析工具，洞悉数据背后的信息，满足客户的分析需求；结合自身和团队的研究经验，基于数据洞察结果提出合理的解决方案和意见，实现数据的可呈现价值；
4、承担分析报告撰写工作，包括创新报告模板并达成的体系化后续服务的工作；
5、承担客户现场的售前需求讲解及交付报告讲解工作。

任职资格：
1、本科以上学历；
2、有5年以上的咨询公司、广告/公关公司或大型企业市场研究或用户研究部门工作背景；
3、对汽车、快消、互联网、金融、医药等行业及商业模式有一定的了解，对相关数据有足够的敏锐性和总结撰写能力；
4、具备数据分析实际操作能力，熟练使用excel，熟练使用spss、sas等至少一种统计软件；
5、具备独立完成高质量ppt制作，能够按照项目或客户需求进行模板创新；
6、良好的英文写作能力，能撰写英文分析报告；
7、良好的沟通与表达能力，能与客户直接对接售前需求，能够对交付报告进行现场讲解；
        ",0,0,0,1,1
368,数据分析师,幸福消费金融,北京,150-500人,本科,不需要融资,金融,21.5,3-5年,,"[""交通补助"",""通讯津贴"",""午餐补助"",""绩效奖金""]","
职责描述：1、负责线上获客运营策略，从数据分析角度提高获客增长，提升运营效率，对各类活动中发现的问题进行跟踪，定位并提出优化建议；2、负责日常监控体系建设，对核心数据/关键指标监控，对于每日/每周/每月的波动能快速定位到原因；3、负责活动复盘，深入挖掘运营活动的效果，对客户数量/质量/画像/匹配进行分析；4、负责建立数据洞察体系，定期对行业、商户进行针对性的数据研究并形成分析报告，实现数据商业化； 任职要求：1、本科以上学历，两年及以上大数据相关工作经验，有完整的大数据分析项目经验；2、熟练使用sql，hive等技术，了解hadoop工作原理；3、熟练使用linux操作系统，精通shell/python编程；4、熟练掌握数据分析工具（r、python、excel等），掌握常见的聚类、分类、神经网络等数据分析算法，能够独立产出数据报告，熟悉数据采集到报表展示的全流程；5、有一定的业务数据敏感度，较强的数据分析能力、逻辑思维能力，以及分析问题、解决问题的能力；6、强的沟通能力和团队合作能力，勇于承担工作压力7、有金融行业尤其银行业工作经验者优先
",1,1,0,1,0
369,数据分析师,税银通科技,北京,15-50人,本科,未融资,金融,3.0,应届毕业生,,[],"
        岗位职责：
1、 协助完成金融科技咨询项目。
2、分析业务场景和风险数据，开发企业风控模型。
3、配合完成其他相关工作。

任职资格：
1、 金融、经济、管理等相关专业优先。
2、具备数据分析和数学建模经验。
3、逻辑严密，性格沉稳，自我驱动和学习能力强。
4、具备良好的团队协作精神和责任心，抗压能力强。
5、基本满足全勤要求。

实习期表现优异，优先录用。
        ",0,0,0,0,0
370,医学数据分析师,北京四方兄弟搬家有限公司,北京,15-50人,本科,未融资,企业服务,22.5,不限,,[],"
        任职要求：
本科及以上学历，医药、临床、生物、公共卫生等相关专业；
职位描述：

1.面向客户及公司内部的医学相关培训；
2.代表医保部门进行病案质量评估和诊疗合理性、合规性审核；
3.与产品经理合作，研究竞品和支持产品开发中医学相关工作；
4.医学数据库维护；
5.业务和产品中的医学规则和标准的修订。

",0,0,0,0,0
371,高级数据分析师（核心业务）,探探,北京,150-500人,本科,D轮及以上,社交,29.0,3-5年,,"[""股票期权"",""带薪年假"",""岗位晋升"",""扁平管理""]","
        【职位职责】：
1、负责探探商业化业务线的产品定价及促销活动方面数据分析驱动工作；
2、对互联网某几项领域有深入的了解，能从行业趋势和产品形态等角度，探索商业预运营策略；
3、全面分析各项影响收入提升与增长的因素，通过假设及检验指导用收入提升和产品决策；
4、与产品，运营，研发等配合。推进优化方案落地执行，带来业务的实际提升增长；


【职位要求】：
1、本科以上学历；3年以上工作经验；商科背景优先；
2、有金融投资或产品定价方面成功经验优先。有过成功商业化或者定价策略经验者优先；
3、好奇心强，有数据探索精神，对数据分析有强烈兴趣者优先
4、性格严谨细致认真；
5、精通使用sql，python，r，tableau 中的一种或几种；

【岗位优势】
核心业务，超赞团队，七险一金，补充医疗，免费自助三餐，企业滴滴，高端体检，零食水果，弹性上班不打卡，六日双休非996！
        ",1,1,1,0,0
372,平台工艺-数据分析方向,腾讯大地通途,北京,150-500人,本科,不需要融资,汽车丨出行,15.0,3-5年,,"[""带薪年假"",""年底双薪"",""绩效奖金"",""定期体检""]","
        岗位职责： 
1.负责地图数据分析工作，包含数据验证、case分析、数据问题原因分析&上线后效果验证，数据分析工作方向：
1）地图要素差分准确率分析、融合质量和准确率分析、无效原因分析；
2）采集数据质量评测，例如轨迹质量case分析和评测，图像识别badcase系统性分析和上限后效果验证；
3）产线sop步骤拆解和分析，找出产线提效收益点，上线后效果跟踪和评估；
以上三个方向各招1人

岗位要求：
1.地图行业数据经验优先，尤其是道路数据经验；
2.有较强的数据分析能力，做过数据分析工作优先；
3.有较强的沟通能力，耐心细致，善于跨部门合作；
4.学习能力能力强，踏实靠谱，有责任心，细心严谨。
5.全日制大学本科及以上学历，计算机及地理信息相关专业优先；
        ",0,0,0,0,0
373,数据分析师,小帮规划,北京,500-2000人,本科,B轮,金融,30.0,5-10年,,"[""五险一金"",""午餐补助"",""交通补助"",""带薪年假""]","
职位描述：

1.洞察业务驱动因素，识别业务机会与风险，提出优化或改进举措，提升经营效率

2.对接业务部门，基于业务场景建立业务指标核心监控体系，对业务进行周期性检测，完成数据预警与解读

3.构建数据驱动的监控分析体系，通过数据指标梳理、需求分析、数据产品落地等，完成数据监控产品化

4.依据对公司内外部数据的挖掘，结合行业发展趋势，对相关业务打法战略提升，提供策略建议与决策支持



岗位要求：

1. 5年以上互联网公司工作经验；统招本科及以上学历，计算机/统计/数学/运筹/信息管理等理工科优先；

2. 良好的独立深度思考和数据分析能力，良好的沟通能力和执行力，良好的项目管理意识；

3. 有丰富的数据模型建立和运营经验、数据化运营经验、数据类产品类规划经验；

4. 具备出色的数据分析、商业分析能力；熟练使用hive sql/sql、office、tableau等常用办公工具；

5. 善于沟通和交流，有丰富的跨团队、部门的项目资源整合能力，能够独立开展研究项目;

6. 抗压能力强，可以在高强度的工作环境下工作，注重过程和结果，持续学习



加分项：

1. 有咨询公司工作经验

2. 有保险行业工作经验

3. 熟练掌握python / r 等语言
",1,1,1,0,0
374,数据分析师,聚美优品,北京,2000人以上,本科,上市公司,电商,22.5,3-5年,,"[""技能培训"",""节日礼物"",""季度奖金"",""岗位晋升""]","
岗位职责：
1、结合业务场景，分析现有业务现状，发觉问题，找增长方向；
2、评估现有策略有效性，建立策略表，分析模型和看板需求提升策略效率；
3、根据现有策略体系，完成策略复盘及业务优化。
任职资格：
1、有3年以上数据分析经验；
2、有较强的业务敏感度，能用数据解释业务逻辑；
3、有较强逻辑能力和分析能力；
4、熟练使用sql，会至少一种数据分析工具。
",0,1,0,0,0
375,人力资源数据分析师,美团点评,北京,2000人以上,不限,上市公司,消费生活,35.0,不限,"[""早九晚六"",""学习机会"",""免费体检"",""bat背景"",""定期团建"",""生日聚会"",""免费休闲游"",""带薪病假"",""交通补助"",""生子红包"",""弹性工作"",""地铁周边"",""5险1金"",""晋升机制"",""6险1金""]","[""技能培训"",""绩效奖金"",""岗位晋升"",""领导好""]","
        岗位职责
1. 对接各bg/平台的人力资源数据分析，输出周期性报告、专项分析报告等，帮助业务洞察组织和人才管理的问题；
2. 对接hr-coe各部门，深入了解各模块的工作流程和管理要求，支持其运营分析，帮助coe各部门做决策支持；
3. 协助推进hr报表系统迭代，推动hr组织与人力资源管理工具的自动化智能化； 
4. 建立人力资源分析模型，通过数据发现和解决组织挑战，并提升hr自身的运营能力。

岗位基本需求
1. 本科及以上学历，5年以上工作经验，统计学、应用数学、应用心理学、人力资源管理、信息管理等专业优先；
2. 熟悉并理解人力资源各模块相关流程，商业分析建模、行业研究、管理咨询、人力资本分析等项目经验优先；
3. 较强的数据处理和分析能力，对数据敏感，熟练使用数据分析工具及常用办公软件；
4. 用户导向，沟通协作能力和逻辑思维能力强，能将业务和组织挑战拆解为对应的分析课题并协助实施落地；
5. 对hr或企业管理领域有深入的研究和案例实践（加分项）。


",0,0,0,0,0
376,数据分析,洛客科技,北京,150-500人,本科,不需要融资,移动互联网,7.0,1-3年,,"[""年底双薪"",""股票期权"",""带薪年假"",""交通补助""]","
        一、 主要工作
1、 负责日常数据提取以及报表开发工作
2、 深入业务，建立并健全各业务数据统计维度并进行业务数据监控，为经营决策提供数据支持
3、 针对异常数据进行分析并产出报告
4、 为区域目标设置、员工能力参考提供数据支持

二、 任职资格
1、 统计、数学、计算机等相关专业优先，统招本科及以上学历
2、 逻辑能力强，对数据有较强的敏感性，善于从数据中发现有价值的规律和问题
3、 熟练使用excel，熟悉数据可视化软件如powerbi、tableau等 
4、 有较强的保密意识，踏实认真，善于团队协作
5、 具有较强的学习能力，勇于挑战

你将收获：
1、 接触最底层业务数据，从数据中更了解业务，对数据应用有更深的体会和了解
2、 业务监控体系的0-1搭建
3、 数据决策思维以及数据的商业价值体现
4、 一群优秀的小伙伴以及奋发向上的环境
        ",0,0,1,1,0
377,数据分析师,北京氦图科技有限公司,北京,50-150人,本科,A轮,企业服务,15.0,不限,,"[""十五薪"",""股票期权"",""定期体检"",""午餐补助""]","
        overview:

the marketing campaign specialist is responsible for supporting digital communications materials, including email campaigns, digital advertisements, and website content. this position should also be comfortable reporting on campaign metrics and identify opportunities. the marketing campaign specialist must be able to translate business goals into successful campaigns and analyze/optimize the performance of the campaign efforts.


roles & responsibilities:
 work closely with the marketing team to develop and execute plans supporting business unit objectives and channel campaigns.
manage and implement the process of creating, testing, and deploying google advertisement campaigns.
work with other team members to pull reports on data quality and lead flow.
optimize marketing automation/lead nurturing processes through the pardot automation platform.
manage and monitor online content and ensure that all copy is engaging as well as user and seo friendly.
develop and support the execution of marketing campaigns while working closely with marketing team.
lead the creation and management of effective tracking and reporting processes for campaign activities.
devise digital-first marketing campaigns with the intent of creating leads and acquiring customers.
test and continually measure the performance of key conversion points in the marketing funnel, including landing pages, website calls to action (ctas), and lead-generation forms.


qualifications:
advanced skills in managing google ads
highly efficient (thrives in a fast-paced environment)
strong data analysis skills, with the ability to extract and interpret data from various sources to offer creative marketing solutions and business decisions
background in email marketing, social media and google advertising
ability to problem solve and think critically
ability to multitask and self-manage
hungry to contribute/hard worker
stellar copywriting
positive attitude
creative and analytical

注：我们的大部分客户，包括nike、amazon、paypal、intel、visa等都在美国那边，所以考虑到时差问题，该岗位工作时间 5：00-14：00，周二到周六
        ",0,0,0,0,0
378,高级数据分析师,河狸家,北京,500-2000人,本科,D轮及以上,移动互联网,30.0,1-3年,,"[""高配福利"",""弹性时间"",""BAT￥"",""逗逼伙伴""]","
        岗位职责：
1.对部门及公司决策提供数据支持；参与各业务部门的重点项目，负责从数据的角度给出决策建议；
2.数据提炼、分析、归纳用户属性、行为等信息，完成分析结果；
3.处理用户海量数据，挖掘用户行为特征，为产品、运营提供参考依据；
4.针对具体业务问题，研究影响用户的潜在因素，进行数据分析验证并提出改善举措；
5.能实现业务所需的数据分析的应用系统开发。

任职条件：
1.本科或以上学位；数学、统计学、计算机、金融或相关专业；3年以上互联网数据分析工作经验；
2.熟悉多种数据源深度诊断性组合分析、挖掘和建模、数理统计、数据分析、数据挖掘以及常用算法；
3.熟悉sql语言，熟练操作excel，熟练使用1种以上数据分析和挖掘工具（如spss/clementine、sas/em、r等）； 
4.商业感觉敏锐，对数据敏感，能快速理解业务，能主动寻找业务各环节中数据分析的应用机会；
5.良好的逻辑分析、文字表达及沟通推进能力，能独立完成专题分析及跟进落地；
6.良好的学习与抗压能力，能自我驱动，有强烈的责任感。
        ",0,1,0,1,1
379,数据分析师,东方国信,北京,2000人以上,本科,上市公司,数据服务,10.5,不限,"[""早九晚六"",""免费下午茶"",""免费体检"",""地铁周边"",""晋升机制""]","[""大数据软件"",""技能培训"",""节日礼物"",""年底双薪""]","
1、 需要对各种数据进行细致的梳理、清洗、整理、转换和整合；2、 根据部门的需求进行数据报表的制作、导出和日常维护；3、 数据驱动运营，通过数据分析为部门业务发展方向提供数据支持及指导 建议；4、诊断业务运营中的异常原因，定位问题路径并提供改善建议；5、负责专题性的数据分析工作，撰写ppt及向客户汇报；6、参与所属项目的需求沟通及方案设计作；要求：1、数学、统计学、计算机、信息科学等相关专业本科或以上学历；          2、熟练能使用excel、sql等相关统计分析软件，熟悉数据库技术，熟悉电信业务和数据分析者优先；          3、良好业务理解能力、沟通表达能力和数据分析能力； 逻辑思维清晰、自我学习能力强； 良好的团队协作能力，具备较强的抗压力          4、诚实正直、学习能力强，勇于挑战，心态积极。
",0,1,0,1,0
380,数据分析师,北京新氧科技有限公司,北京,500-2000人,本科,上市公司,消费生活,20.0,1-3年,"[""免费班车"",""试用期上公积金"",""bat背景"",""5险1金"",""每月餐补"",""早十晚七"",""一年多次调薪"",""工作居住证""]","[""年终分红"",""绩效奖金"",""股票期权"",""专项奖金""]","
        岗位描述：
【工作职责】
1.对用户行为数据进行深度挖掘，引导产品运营，并能实际应用到业务中带来实际商业价值;
2.与业务团队密切合作，以数据引导产品运营策略，以数据驱动拉新，活跃。
3.将复杂的的产品运营问题抽象为数学模型,提升用户体验，广告变现及商家运营效率

岗位要求：

1. 熟练掌握hive/sql,精通excel,python/r 掌握一种
2、饥渴敏锐，具有优秀的商业敏感度和数据分析技能，逻辑能力，思辩能力，量化能力出色。
3、能独立完成从数据提取到模型构建，部门沟通到输出商业分析报告，拆解商业问题。
4、2年以上相关数据分析经验或策略产品经理经验或擅长数据分析的产品运营。
        ",1,1,0,1,0
381,数据分析师,饿了么,北京,2000人以上,本科,D轮及以上,消费生活,23.0,3-5年,"[""试用期上社保"",""试用期上公积金"",""免费体检"",""5险1金""]","[""节日礼物"",""绩效奖金"",""年度旅游"",""岗位晋升""]","
岗位名称：bi数据分析师（偏策略） 岗位层级：p7-p8 岗位职责：1. 负责大区的运营数据分析和策略定制，分析团队需要从目标设定，运营策略规划，策略落地到最终数据回收与优化，进行全链路的参与。2. 分析范围可能包括a. 补贴策略分析：制定全平台所有补贴策略（比如红包发放策略，各种补贴投入策略），使投入产出比最大化b. 用户策略分析: 提高用户留存，增加用户的消费频次c. 渠道运营分析：如何利用阿里系资源，扩宽渠道力量，高维打低维d. 品类运营分析: 除了常规餐饮运营，还包含新零售，新餐饮业务分析，增加饿了么品类渗透和丰富度。e. 产品运营分析：饿了么产品体验师，通过数据找出产品痛点，提高用户体验。2. 对接总部与区域一线数据链接，通过数据分析来提高运营效率，任何分析结果即刻落地，并追踪效果；3. 搭建主题性的指标体系，监控项目进展；根据运营需求，提供策略分析咨询与运营动作的优化。4. 培训一线业务人员，提高他们的数据分析能力。 岗位要求： 1、计算机相关、数学/统计学、应用统计、计算编程相关的专业本科及以上学历，有互联网相关数据分析3年以上工作经历； 2、掌握sql等相关数据提取工具，熟练操作excel、python、ppt等工具； 3、优秀的分析思维，善于思辨，敢于决断；能够针对某项业务，搭建整个数据分析体系；4、通过专题/项目分析，对业务进行深入分析，提供有效的策略建议，并能推动策略方案落地；5、熟悉产品功能及业务数据，了解各数据逻辑关系，通过数据分析及数据报表的搭建，发现问题并快速需求解决方案；6、优秀的沟通能力和项目管理能力，强大的自驱力和抗压力，具备分享精神和强烈责任感，能带动小伙伴们一起提高，有专业咨询公司经验者优先
",1,1,0,1,0
382,数据分析师,天衍融信,北京,15-50人,本科,未融资,数据服务,27.5,1-3年,,[],"
岗位职责：
    1. 熟悉数据挖掘项目流程，能够撰写数据分析报告或分析方案，为营销运营决策提供支持；
    2. 针对多种数据源的进行深度诊断性组合分析、挖掘，形成评估与提升建议；
    3. 能够加工数据，可以使用sql、r、python、spss、mathematica、matlab等工具，对数据结果进行分析，提供报告；
    4. 对hadoop等数据库及数据挖掘技术有了解，能够支持进行数学模型的搭建和优化，并进行评估；
    5. 参与、组织客户调研，提供行业报告。

任职要求：
    1. 本科以上学历，应用数学、统计或计算机专业方向等相关专业；
    2. 3年以上相关工作经验，熟悉数据分析与数据挖掘理论；也可接受优秀应届生，薪资可根据业务水平调整。
    3. 熟练使用各种统计、分析、数据挖掘工具软件，如oracle、hive、r、python、spss、mathematica、matlab等工具；
    4. 熟悉数据分析应用技术知识；
    5. 有较强的文字及报告编写能力、沟通能力。
",1,1,0,0,1
383,数据分析,北京乾乾求学科技有限公司石家庄分公司,北京,2000人以上,大专,上市公司,教育,9.0,1-3年,,[],"
        岗位职责：1、及时、高效的完成业务线各维度数据提取工作，并确保数据的准确性和完整性；
 2、日常业务数据监控，完成日报、周报、月报的撰写，分析业务以及日常个性化的数据需求；
 3、深入学习并了解教育行业的用户特点和运营特征，能够理解内容、产品、用户和场景；
职位要求：
 1、大专及以上学历，有教育行业业务数据分析经验优先；
 2、熟练使用excel等分析及数据可视化软件
 3、具备出色的逻辑思维能力和沟通能力，抗压能力和学习能力强，能够有效沟通，与业务和团队有效配合，推动相关工作落地
        ",0,0,0,1,0
384,数据分析师,玖富数科集团,北京,2000人以上,本科,D轮及以上,金融,17.5,3-5年,,"[""绩效奖金"",""免费班车"",""五险一金"",""部门旅游""]","
        工作职责：
1.用数据分析方法推动业务增长，完成数据的梳理分析，形成业务关键节点监控及分析,沉淀方法论；
2.对业务核心指标实时监控，能准确解读数据异动，追踪原因;
3.利用数据分析手段，发现业务增长点并提出行动建议；
4.对业务运作进行数据监测、分析、统计，持续改进产品与运营策略；
5.定期出具数据分析策略或专题分析报告等，支持业务同学或公司管理层决策。


岗位要求：
1. 本科及以上学历，3年以上数据工作经验；
2. 熟练使用sql，能够使用tableau，或具备快速学习以上工具的能力；
3. 逻辑思维能力强，有独立撰写数据分析报告的能力;
4. 有电商分析/互联网金融/消费金融业务经验优先；
5. 具备良好的学习与抗压能力，能自我驱动，有强烈的责任感。
        ",0,1,1,0,0
385,数据分析师,酷皮科技,北京,15-50人,本科,A轮,社交,24.0,3-5年,,"[""外企氛围"",""年轻活力娱乐"",""有才华的团队"",""技术导向""]","
        岗位职责：
1、负责数据产品分析，从数据角度提出产品优化及创新思路，并持续对产品进行迭代升级； 
2、搭建数据分析模型，输出深度分析报告或策略，提供更清晰的业务运营路径；
3、制定数据产品运营策略，协调各方持续改善产品功能和用户体验，提高决策效率；
4、结合自身业务特点，关注数据应用相关方向的研究，规划和设计数据产品支持业务发展与决策。 
5、调研行业内数据产品动态，梳理最佳实践，推动产品持续迭代优化。
任职要求：
1、统招本科院校毕业，数学、计算机相关专业优先;
2、有社区社交类产品项目经验优先；
3、3年以上数据产品工作相关经验;
4、熟练运用常用数据处理工具，如excel、sql、shell、python等;
5、对于工作认真、负责，具备优秀的自我驱动力，勤奋、上进；
6、跨团队与部门的沟通能力强,有较强的团队协作意识和能力。
        ",1,1,0,1,0
386,数据分析师,云思,北京,50-150人,本科,未融资,数据服务,7.0,应届毕业生,,"[""年底双薪"",""节日礼物"",""带薪年假"",""七险一金""]","
通过用户调研，挖掘用户态度，行为洞察，为客户提供指导商业决策的数据支持。我们的客户包括新浪联想 腾讯 百度 雀巢 优酷 美团  联合利华、伊利、腾讯、百度、京东、滴滴出行、雅诗兰黛等全球级别快消公司及互联网公司。1、编写问卷、数据分析、报告撰写；2、负责项目流程管理和质量控制；3、研究经理安排的其他工作。任职要求：1、对数据具有敏感性，熟练使用excel、spss、sass中的一种；2、良好的英文口头和书面沟通能力；3、性格开朗，善于沟通，思路开拓，愿意学习新事物；4、熟悉office办公软件。问卷撰写、；5、具有创新意识，能够快速掌握新的研究方法；6、具备优秀团队协作能力；7、做事细心、负责。 本岗位为今年储备岗，可转正。
",0,0,0,1,1
387,数据分析师,一览科技,北京,150-500人,本科,B轮,文娱丨内容,30.0,1-3年,,"[""股票期权"",""弹性工作"",""领导好"",""扁平管理""]","
岗位职责：
1.通过数据挖掘和量化分析为运营和产品提供深度洞见;
2.与产品,研发,运营密切合作,通过数据来发现业务的增长点;
3.设计维护核心报表帮助管理层和运营人员了解核心业务情况;
岗位要求：
1.国内外科技公司或在其他行业的量化分析领域累计1年以上工作经验;
2.熟悉sql和至少一种解释分析语言(r,python等)
3.有用数据方法对业务(产品,运营,策略等)产生过实质影响的经验;
4.熟悉常规数据分析方法,对自身的数据分析经历有系统沉淀,学习能力强;
5.良好的沟通能力,耐压力,和强大的推动力
加分项：
1.有数据可视化经验
2.熟悉python编程
",1,1,0,0,0
388,数据分析师,平安金服,北京,2000人以上,本科,上市公司,金融,17.5,1-3年,,[],"
岗位工作职责1、评审业务需求，输出可描述的数据含义解释；2、elt工作；3、面向大数据环境提取业务分析数据；4、开发业务监控指标、报表；5、面向业务问题提供数据分析报告；任职要求1、熟悉了解hive、mapreduce、spark运行机制；3、熟悉数据库相关知识，掌握sql、hive/hql、spark-sql，具备调优经验；4、熟练操作excel、ppt等工具；5、具备基础的数据分析知识，如趋势分析、比较分析和细分；6、使用过统计知识解决业务问题,如度量集中趋势、分散性与变异性，处理连续概率分布业务；7、能够使用可视化工具分析业务问题，编写明晰的业务分析报告；8、具备sas/spss、python、r等数据分析经验者优先；9、两年以上数据分析经验，参与并主导过数据分析项目；10、乐观、细致、有责任心、团队协作意识强；
",1,1,0,1,1
389,数据分析实习生,斑马天下,北京,150-500人,本科,天使轮,教育,4.5,应届毕业生,,[],"
        岗位职责：
1、积极深入了解业务、教学，结合需求，完成相关数据挖掘、分析工作，并提供合理化建议和解决方案。
2、核心数据指标和功能的数据收集、数据监控、数据异常分析。
3、负责数据统计平台、日常报表以及数据可视化的设计产品工作

任职要求：
1、本科及本科以上学历，计算机相关专业优先。
2、熟悉sql、python，并有相关实践经验；
3、熟悉机器常见机器学习算法，并有一定的实践经验；
4、逻辑思维能力强，乐于思考，有责任心，工作积极。
5、人在北京，能快速入职。不在北京投投简历面面看的请勿打扰。
        ",1,1,0,0,0
391,数据分析师,信雅达BPO,北京,2000人以上,本科,上市公司,金融,16.0,3-5年,,"[""技能培训"",""节日礼物"",""绩效奖金"",""定期体检""]","
岗位职责：
1、负责客服语音和文本的进行数据分析；
2、实现客服服务指标体系，构建客服特有的用户标签；
3、对短信、电话等渠道的营销效果进行分析；
4、数据分析结果可视化展示等。
岗位要求：
1、统计学、数学、金融、计算机等相关专业，本科及以上学历；
2、熟练使用hivesql语言，熟悉python、r语言等其中一种大数据分析工具；
3、熟悉文本分析，有扎实的数据处理能力；
4、熟悉hadoop/spark等相关大数据平台；
工作地址：北京朝阳区安定路5号院3号楼中建财富国际中心6楼【安贞门地铁a口】
",1,1,0,0,0
392,数据分析师,东方国信,北京,2000人以上,本科,上市公司,数据服务,15.0,1-3年,,"[""年底双薪"",""带薪年假"",""绩效奖金"",""股票期权""]","
岗位职责：
1、深入理解运营商业务，负责mbo域数据分析，生成业务分析报告，与业务部门进行沟通交流。
2、构建数据智能分析和预测模型，为业务运营优化提供数据支持。
3、针对业务需求搭建数据分析平台，进行多维度指标体系、数据模型建设。
任职资格：
1、本科及以上学历，统计学、数学、计算机等相关专业。
2、具有基本的统计学基础和一定的数据挖掘和建模能力。
3、熟悉linux环境，熟练使用sql、hive、python、excel等数据工具，有大数据平台经验优先。
4、对数据敏感，有较强的逻辑思维和沟通协调能力，能有效推进跨团队的业务合作。
",1,1,0,1,0
393,数据分析师,ZMT众盟数据,北京,500-2000人,大专,C轮,数据服务,14.0,1-3年,,"[""股票期权"",""专项奖金"",""绩效奖金"",""五险一金""]","
工作职责：
1. 负责公司业务运营数据的汇总与分析，编制公司月、季、年度经营分析报告；
 2. 根据公司业务发展的需要，开展相关专题的数据挖掘与研究，并形成研究分析报告；
 3.完善运营指标体系，优化业务流程，提升业务转化效率，为产品、运营、市场和销售等的优化提供数据支持；
 4.负责业务数据仓库搭建，做好底层数据储备，构建上层数据结构体系；
任职要求：
1、 有知名咨询公司（例如埃森哲、麦肯锡等）1-3年工作经验，最好参与过互联网公司的业务咨询工作；
2、 有较强的数据处理与数据分析能力， 具有较强的逻辑思维能力；
4、 参与出过被咨询公司的业务流程建立、优化或改进方案；
5、 大学本科以上学历，有海外留学背景优先，了解数理统计、数据分析、数据挖掘，熟知常用算法；
6、热爱互联网，对互联网、发展趋势有深刻理解。
",0,0,0,0,0
394,数据分析实习生,万山数据,北京,少于15人,本科,未融资,数据服务、企业服务,4.0,应届毕业生,,[],"
工作内容:数据梳理数据处理规则编写基础统计基本要求:对数据敏感了解sql优先会excel基础统计
",0,1,0,1,0
395,数据分析师,快手,北京,2000人以上,本科,D轮及以上,移动互联网,37.5,不限,,[],"
        数据分析师-【数科】
职位描述
1、分析和挖掘海量数据，发现用户行为模式与规律；
2、优化用户体验，提升社区粘性；
3、参与新用户、推荐、用户画像等产品迭代和体验改善，通过数据分析、推动业务的定义、跟踪和实现。
任职要求
1、熟练使用sql，excel对数据进行处理分析、可视化呈现；
2、具有一定的统计和概率基础；
3、本科及以上学历，有良好的逻辑思维能力；
4、目标导向，影响力驱动；
5、对短视频产品及相关业务场景有浓厚兴趣。
【加分项】
1、熟悉hive，会使用 python或r进行数据分析；
2、有较强的商业与产品sense；
3、有新用户体验推荐算法、用户画像、搜索等相关产品或研发经验者优先。

数据分析师-【用户增长】
职位描述
1、对增长业务数据进行处理和分析，发现和跟踪其中的问题。能够从业务和产品的角度出发，利用数据发现产品、系统或是业务的瓶颈，并提出优化的方案；
2、分析海量用户行为数据，优化用户生命周期流程，提升用户规模 ，实现用户增长。 
任职要求
1、本科及以上学历，理工科相关专业、工作3年及以上优先；
2、熟练使用hive、sql，有python基础；
3、具备数据敏感性和探知欲、分析、解决问题的能力，能够承受工作中的压力，专注数据的价值发现和变现转化； 
4、工作认真、负责、仔细，有良好的团队合作精神，良好的分析问题能力、沟通技巧及数据呈现能力。

数据分析师-【商业化】
职位描述
1、负责销售各类常规数据报告和各类数据支持；
2、销售体系的kpi预估、拆解、监控、及核算；
3、负责销售体系数据分析，通过定性定量等分析方法识别现有销售体系业务关键点、流程各环节存在问题及原因，为业务发展提供建设性意见。
任职要求
1、从事过数据分析或业绩管理3年+以上，有过互联网行业类似经验者优先；
2、具有较强逻辑思维能力和表达能力，沟通执行能力强；
3、工作积极主动，有较强责任感和严谨工作作风，具备快速学习能力；
4、有良好数据敏感度，熟练运用sql语言。

资深数据分析师-【流量中台】
职位描述
1、建立内部流量监控体系，为业务部门及自身投放策略效果提供数据基础；对接业务部门需求，跟进过程管理及结果分析；
2、通过数据分析寻找潜在机会，进行资源合理化分配规则迭代，并能完成整体运营规则的落地执行和优化；
3、构建服务于业务的流量投放机制，综合评估投放效果，挖掘影响投放效率的核心因子，优化不同资源位置的投放策略
4、将资源运营沉淀成方法论及产品平台需求，推动平台策略落地实施；
5、推动整体流量运营项目的闭环管理，解决业务实际诉求和问题，优化项目实施细则。
任职要求
1、统招本科以上学历，5年以上工作经验，其中3年以上互联网分析工作经验，对互联产品、运营、增长等业务有全面了解者优先；
2、具备良好的数据敏感度和分析技能，思维敏捷、逻辑性强；有系统化思考和结构化表达的能力，能够运用实际的分析方法解决复杂的业务问题
3、熟练使用sql、ppt及excel，熟练使用如tableau类可视化工具；熟悉python、r等统计分析工具者优先
4、具有换位思考能力，出色的沟通表达能力，能在多任务情况下协调并行的能力，抗压能力强、主动负责的责任感和高效执行的能力；

游戏数据分析
职位描述
1、负责数据产品分析，从数据角度提出产品优化及创新思路，并持续对产品进行迭代升级； 
2、搭建数据分析模型，输出深度分析报告或策略，提供更清晰的业务运营路径；
3、制定数据产品运营策略，协调各方持续改善产品功能和用户体验，提高决策效率；
4、结合自身业务特点，关注数据应用相关方向的研究，规划和设计数据产品支持业务发展与决策。
任职要求
1、统招本科以上学历，2年以上产品数据分析工作经验，知名互联网公司背景优先；
2、具备较强的逻辑思维、产品化思维，熟悉sql、主流数据库及数据分析工具 ；
3、具备良好的数据敏感度和业务视野，能够敏锐的捕获数据价值和产品机会，能够运用数据作为产品解决业务方运营及决策问题。

数据分析师（数据建设及管理方向）-【商业化】
职位描述
1、负责跟进业务各数据指标的计算和分析，运营数据分析体系搭建；
2、负责商业化销售及运营业务需求梳理，完成指标体系设计开发、数据库搭建及数据表规划、etl 开发；
3、参与流程及规则管理、确保数据的正确性和完整性，监控数据质量并及时协调上游业务系统纠正错误数据；
4、解答用户的常规问题，支持业务部门和管理层临时数据分析需求；
5、深入理解和整合业务需求，提供系统化、可持续的数据解决方案；
6、后期扩展，基于power bi、tableau等报表工具进行业务报表产品开发。
任职要求
1、计算机类和数据类相关专业本科以上学历；三年以上互联网行业经验、有数据库维护经验；
2、精通mysql，oracle等主流数据库，有一定数据库运维管理经验；
3、具备出色的需求分析能力及快速学习能力，能深入理解复杂的业务逻辑；
4、具备良好的团队合作精神，具备出色的沟通能力；
5、有掌握vba、python等自动化数据处理工具的可以加分。

有数科/用户增长/商业化/流量中台/游戏/数据建设等不同方向，有意者可以先私信，如果简历优秀且合适，会回复，并根据简历帮忙内推，感谢。
        ",1,1,1,1,0
396,数据分析师,新东方,北京,2000人以上,本科,上市公司,教育,11.5,1-3年,,[],"
工作内容
财务数据
工作内容（财务方向）
1、负责项目的需求调研、数据分析、商业分析和数据挖掘模型等；
2、参与业务部门临时数据分析需求的调研、分析及实现；
3、参与数据挖掘模型的构建、维护、部署和评估；
4、整理编写商业数据分析报告，及时发现和分析其中隐含的变化和问题，为业务发展提供决策支持；
5、分析财务运营指标数据，预测未来运营趋势，并给到业务部门相应的指导建议。
6、具备一定编制全面预算能力，预算分析能力，撰写财务分析报告能力。
7、完成上级领导临时交办的其他任务。
任职资格
教育背景：本科及以上学历，数学、统计、计算机相关专业
知识技能：熟练使用office办公软件，熟悉数据库、宏语言，掌握sql、python等 分析软件
能力要求：责任心、沟通能力、严谨细致、团队合作、规划安排
经    验：1年及以上数据分析相关工作经验
",1,1,0,0,0
397,数据分析师,千里马,北京,500-2000人,本科,不需要融资,移动互联网,16.0,不限,,"[""专项奖金"",""年底双薪"",""带薪年假"",""交通补助""]","
        岗位职责：
1.能独立完成各项业务、各流程数据分析，负责各类相关数据的收集、梳理和完善及分析，根据数据分析结果撰写相应分析报告； 
2.负责数据的整理、分析和统计等工作，为业务决策和模型设计提供支持；
3. 以促进业务和效率提升为目的，与产品和技术部门协同进行相关系统功能建设；
岗位要求：
1.统招本科及以上学历，统计学、应用数学、计算机等相关专业优先；
2.精通使用常用的网站分析、数据分析、数据可视化工具；
3.具备优秀数据分析能力，思维逻辑清晰，对数据敏感，善于从数据中提炼业务特征； 
4.有较好的抗压能力及上进心，并具备良好的学习能力、团队精神，心态积极进取；
5. 熟练掌握sql、具备大数据相关和qa相关经验者优先。
        ",0,1,0,0,0
398,数据分析,微店,北京,500-2000人,本科,C轮,电商,20.0,1-3年,,"[""扁平化管理"",""技术驱动"",""14薪"",""六险一金""]","
        岗位职责：
1. 理解业务目标，建立分析框架，为决策提供可靠的数据支撑；
2. 基于公司的大数据解决方案，为产品迭代设计评估模型，产出数据并进行解读；
3. 通过流程量化分析，定位业务关键节点，将数据转化为可落地和说服力的洞察，辅助推进业务决策；
4. 主动思考、主动输出、主动沟通，科学、客观、务实、用数据助力业务增长；

任职资格：
1. 互联网1-3年数据分析挖掘相关工作经验，本科及以上学历，数学、统计学、经济学、计算机等相关专业；
2. 具备大数据的处理能力，掌握hive、sql等相关数据提取工具，熟练使用excel、ppt、r、python等工具；
3. 较强的数据敏感度、结构化思维和沟通协调能力；
4. 强烈的好奇心和探索精神，充满激情, 乐于接受挑战，具备一定的抗压能力；
5. 有电商、效果类广告、用户增长相关分析经验优先；
        ",1,1,0,1,0
399,数据分析师,中科天玑,北京,150-500人,本科,B轮,数据服务,9.0,应届毕业生,,"[""全额五险一金"",""年终奖"",""项目奖金"",""优秀员工激励""]","
        岗位职责：
1、负责项目和产品中的数据梳理和分析模型设计
2、负责开源数据分析模型的研究，基于多源异构数据，运用规则和统计分析工具进行数据分析并生成报告

任职要求：
1、硕士及以上学历，英语、统计、数学、信息技术相关专业；
 国际关系专业，本科应届优秀毕业生也可考虑
2、对数据有良好的敏感度,有数据获取、分析、挖掘和建模经验
3、了解或熟悉python并具备数据分析工作背景优先
4、英语六级以上，可熟练读写工作相关英文资料；
5、具备其它语种能力优先

",1,0,0,0,0
400,数据分析师,学霸君,北京,2000人以上,本科,上市公司,教育,20.0,3-5年,,"[""帅哥多"",""美女多"",""股票期权"",""年底双薪""]","
        岗位职责：
1：电销业务线数据分析师
2：跟踪业务发展动态，给出业务方建议支持
3：对接 电销业务线&产研部门；能够高效沟通需求，理解需求

任职要求
1：3-5年数据分析经验
2：熟悉 常用分析工具：熟练掌握sql ，熟悉tableau 使用；有一定脚本语言基础，能够实现数据自动化
3：能快速理解业务，积极主动跟踪业务动态（积极主动很重要）
4：熟悉在线教育行业
        ",0,1,1,0,0
401,数据分析师,信永中和,北京,2000人以上,本科,不需要融资,企业服务,10.0,应届毕业生,,"[""带薪年假"",""定期体检"",""美女多"",""扁平管理""]","
岗位职责:


与大数据团队的数据咨询顾问共事，参与数据分析和咨询项目执行
独立负责业务数据收集整理，构建经营分析和报表系统，并且结合业务对多种数据源进行深度诊断性组合分析、挖掘、深度分析
与项目团队配合，与客户进行良好沟通，准确有效地交付数据建模与应用成果

 
岗位要求:

 数据、统计学、经济学等专业背景，本科及以上学历(硕士优先)
熟悉可视化数据分析工具powerbi，tableau等；熟悉数据库基本原理，熟练运用sql，熟练操作excel；
熟悉数据挖掘的基本原理，熟练操作python等数据分析/挖掘工具的优先
良好的数据敏感度，能从海量数据提炼核心结果，熟练独立编写商业数据分析报告，及时发现和分析其中隐含的变化和问题，给出建议；
 熟悉各种erp, wms, crm系统优先
具备良好的沟通能力和团队精神，较强的学习能力，能承担一定的工作压力

",1,1,1,1,0
402,数据分析师,一览科技,北京,150-500人,本科,B轮,文娱丨内容,22.5,3-5年,,"[""股票期权"",""弹性工作"",""领导好"",""扁平管理""]","
岗位职责：
1.通过数据挖掘和量化分析为运营和产品提供深度洞见;
2.与产品,研发,运营密切合作,通过数据来发现业务的增长点;
3.设计维护核心报表帮助管理层和运营人员了解核心业务情况;
岗位要求：
1.国内外科技公司或在其他行业的量化分析领域累计1年以上工作经验;
2.熟悉sql和至少一种解释分析语言(r,python等)
3.有用数据方法对业务(产品,运营,策略等)产生过实质影响的经验;
4.熟悉常规数据分析方法,对自身的数据分析经历有系统沉淀,学习能力强;
5.良好的沟通能力,耐压力,和强大的推动力
加分项：
1.有数据可视化经验
2.熟悉python编程
",1,1,0,0,0
403,数据分析师,脱水,北京,少于15人,本科,天使轮,教育,18.0,1-3年,,[],"
        职位描述
1、对社交业务、产品、策略效果、人群等进行深入分析，为产品提供策略建议与引导
2、搭建业务数据监控指标体系，及时发现业务问题与机会，进行异常排查与分析工作，并提出产品功能优化相关建议
3、根据产品版本迭代进行效果评估分析，与产品经理、运营、增长协作沟通，紧贴业务，提出产品优化洞察及分析建议
4、协作社交产品经理、运营方向开展策略研究，形成社交分析闭环，优化数据流程，分析并跟进策略效果、指标提升机会点等

职位要求
1、本科及以上学历，应用数学、统计学、经济学、心理学、计算机等相关专业背景优先
2、至少2年以上数据分析工作经验，熟练运用数据分析相关的工具和方法，如sql、python、tableau、spss、r等；熟练应用聚类、因果、相关等统计方法；熟练掌握数据可视化表达
3、有社交、直播、电商从业经验优先；
4、有深度的产品、渠道、运营分析经验优先；
5、拥有敏锐的洞察、分析能力；有严谨治学的研究态度；良好的沟通能力、表达能力、时间管理能力
        ",1,1,1,0,1
404,资深数据分析师,茄子快传,北京,150-500人,本科,B轮,工具,37.5,不限,,"[""技能培训"",""领导好"",""美女多"",""帅哥多""]","
工作职责
1. 用数据分析和建模的手段推动公司各产品线的用户增长；
2. 与产品、运营、商务部门密切配合建立数据分析体系；
3. 和数据工程师一起推动增长平台建设。
任职要求
1.两年以上相关工作经验，有内容行业工作经历者优先；
2.对数据敏感，非常突出的数据分析和解决问题的能力；本科以上学历，数学、计算机等相关专业优先；
3.对于用户增长有不错的见解；
4.有扎实的数理统计功底；
5.熟练使用常见的数据分析工具：sql、excel 等；能使用python/r/spss进行数据分析和建模。

全球月活超5亿
出海领军者
内容领域翘楚
新兴市场渗透率极高
双印市场“国民应用”
",1,1,0,1,1
405,数据分析师-共享(J10578),易车公司,北京,2000人以上,本科,上市公司,电商,35.0,5-10年,,"[""技能培训"",""节日礼物"",""绩效奖金"",""岗位晋升""]","
        工作职责:
1、 深入各业务线流程及数据需求，梳理数据指标及分析框架，产出分析报告；
2、 与产品经理合作，将业务线数据需求产品化，并不断根据业务使用场景完善分析体系，搭建业务分析模型；
3、 完成业务方异常案件分析工作，输出相关分析报告；
4、 积累日常分析及案件，总结分析方法，沉淀分析体系。

任职资格:
1、 统计、数学、计算机等相关专业优先，本科及以上学历，5年以上工作经验，3年以上数据分析经验；
2、 熟悉数据中台相关产品，有互联网行业经验，有汽车行业相关经验者优先；
3、 具有扎实的数据分析基础知识，熟练使用sql、excel，熟悉r或python分析工具
4、 具有较强的业务敏感度，严密的逻辑分析能力，能够系统性的思考和分析问题；
5、 具有主动性、较强的学习能力和沟通交流能力，能够迅速熟悉业务、融入团队。
        ",1,1,0,1,0
406,大数据分析初级,热热文化,北京,150-500人,本科,不需要融资,电商,7.0,1-3年,,[],"
        工作职责：
-负责贴吧核心指标的数据建设、指标分析
-负责贴吧核心数据的数仓建设、需求支持

职位要求：
-计算机或相关专业，本科及以上学历，1年以上工作经验
-熟练使用sql，熟练使用至少一个分布式框架(yarn hive spark等);
-熟练使用python或c/c++语言编程，熟悉linux平台、shell编程
-优秀的分析问题和解决问题的能力，能够把合理的思路成功应用于实践
-具有数据挖掘和机器学习的相关背景者优先，具有大数据相关处理经验者优先
        ",1,1,0,0,0
407,数据分析师,每日一淘,北京,150-500人,本科,不需要融资,电商,16.0,1-3年,,[],"
        职位描述：
1、 建立和完善公司的数据指标体系，并制定指标管理维护流程；
2、 根据业务需求提出有效的数据解决方案；
3、 建立并持续完善业务数据的统计分析模型，确保可用性和可衡量性；
4、 与数据产品/研发团队协作推动和完成数据产品的落地和优化迭代；
5、 围绕用户增长、业务增长、效率提升、风险控制等业务问题，形成专题性报告，为业务部门提供决策支持；
6、 结合行业数据和公司业务，形成战略级报告，为管理层提供决策支持；
7、 制定日常数据报表模板，并提供公司级日报、周报、月报

职位要求：
1、1-3年数学、计算机、统计学专业本科以上学历；
2、精通sql、excel、ppt，具备扎实的统计与数学知识，掌握量化分析方法，掌握r/python/spss/sas任何一种优先；
3、能从海量数据中提炼核心结果，参加过完整的数据分析项目并有成功案例者优先，有社交电商数据分析经验优先；
4、良好的逻辑思维能力，清晰的沟通表达能力，很强的学习能力，良好的团队合作精神。
        ",1,1,0,1,1
408,数据分析师,每日一淘,北京,150-500人,本科,不需要融资,电商,20.0,3-5年,,[],"
        职位描述：
1、 建立和完善公司的数据指标体系，并制定指标管理维护流程；
2、 根据业务需求提出有效的数据解决方案；
3、 建立并持续完善业务数据的统计分析模型，确保可用性和可衡量性；
4、 与数据产品/研发团队协作推动和完成数据产品的落地和优化迭代；
5、 围绕用户增长、业务增长、效率提升、风险控制等业务问题，形成专题性报告，为业务部门提供决策支持；
6、 结合行业数据和公司业务，形成战略级报告，为管理层提供决策支持；
7、 制定日常数据报表模板，并提供公司级日报、周报、月报

职位要求：
1、数学、计算机、统计学专业本科以上学历；
2、精通sql、excel、ppt，具备扎实的统计与数学知识，掌握量化分析方法，掌握r/python/spss/sas任何一种优先；
3、能从海量数据中提炼核心结果，参加过完整的数据分析项目并有成功案例者优先，有社交电商数据分析经验优先；
4、良好的逻辑思维能力，清晰的沟通表达能力，很强的学习能力，良好的团队合作精神。
        ",1,1,0,1,1
409,高级数据分析师,闪银奇异,北京,500-2000人,硕士,D轮及以上,金融,30.0,3-5年,,"[""13~15薪"",""晋升空间大"",""定期体检"",""能力定薪""]","
职位描述
1、负责银行项目贷款系统的数据中台建设和维护，包括数据仓库架构设计、开发和维护过程中技术难题的解决；
2、负责项目管理，包括业务需求沟通、业务指标设计、bi产品设计等；
3、应用统计建模、数据挖掘、机器学习等方法，解决业务中的实际问题；
4、负责用户特征的挖掘与分析，推动用户特征用于实际业务中并产生可量化的商业价值；
5、提升团队成员的数据分析、数据挖掘和数据开发能力；

 职位要求
1、研究生及以上学历，5年以上工作经验，有互联网、金融行业数据分析经验者优先；
2、熟练使用sql，有实际使用python进行数据开发、处理和分析的经验，能使用python/java编程，熟悉hadoop、hbase、storm、kafka等大数据处理框架；
3、有较强的学习能力和良好的沟通能力；
4、有自驱力，能承担一定压力，工作结果导向；
5、有出差情况；
",1,1,0,0,0
410,数据分析师,闪银奇异,北京,500-2000人,硕士,D轮及以上,金融,27.5,3-5年,,"[""13~15薪"",""晋升空间大"",""定期体检"",""能力定薪""]","
位描述
1、负责银行项目贷款系统的数据中台建设和维护，包括数据仓库架构设计、开发和维护过程中技术难题的解决；
2、负责项目管理，包括业务需求沟通、业务指标设计、bi产品设计等；
3、应用统计建模、数据挖掘、机器学习等方法，解决业务中的实际问题；
4、负责用户特征的挖掘与分析，推动用户特征用于实际业务中并产生可量化的商业价值；
5、提升团队成员的数据分析、数据挖掘和数据开发能力；

 职位要求
1、本科及以上学历，5年以上工作经验，有互联网、金融行业数据分析经验者优先；
2、熟练使用sql，有实际使用python进行数据开发、处理和分析的经验，能使用python/java编程，熟悉hadoop、hbase、storm、kafka等大数据处理框架；
3、有较强的学习能力和良好的沟通能力；
4、有自驱力，能承担一定压力，工作结果导向；
5、有出差情况
",1,1,0,0,0
411,数据分析专员,北京搜房科技发展有限公司,北京,2000人以上,本科,未融资,金融,8.0,1年以下,,"[""岗位晋升"",""扁平管理"",""管理规范"",""领导好""]","
        岗位职责
1、 负责房源数据库整理及更新；
2、 负责房源数据获取、处理及应用。
 职位要求
1、 2020届毕业生，统招本科及以上学历；
2、 认同房天下企业文化、对互联网和房地产行业具有浓厚的兴趣。
 简历投递方式
 简历发送招聘专用邮箱：************
        ",0,0,0,0,0
412,数据分析师,护航科技,北京,500-2000人,本科,上市公司,企业服务,9.5,3-5年,,[],"
        岗位职责：
-负责完成数据平台的数据采集，数据分析，报表，可视化的工作
-负责完成数据平台相关运维文档的编写以及维护现有文档
-负责完成其它由联想负责人提出的合理的数据平台相关工作
任职资格：
- 熟练掌握sql
- 有较强的数据抽取、数据处理和数据分析能力
- 3年以上的数据分析经验或者数据可视化经验
- 能够编写python脚本或者bash shell更佳
- 有阅读英文文档的能力

",1,1,0,0,0
413,数据分析师,度小满金融,北京,2000人以上,本科,A轮,金融,20.0,1-3年,,"[""五险一金"",""弹性工作"",""节日礼物"",""领导好""]","
岗位描述：
1、基于基金&股票业务目标，搭建全面、准确、客观的指标体系和监控框架，同时基于业务监控体系，清晰洞察业务全局和定位业务问题
2、用户行为洞察，探查用户行为规律；用户标签体系建设，针对不同层级用户挖掘差异化的服务策略
3、对业务数据进行深入分析，为业务决策提供数据和分析支撑，协助达成业务目标并提升效率

岗位要求：
1、 一年以上数据分析/挖掘工作经历，有互联网金融、券商、电商项目经验优先
2、 熟悉并熟练使用python、sql、hadoop，对常用算法模型有一定研究
3、 良好的逻辑分析能力和数据敏感度，能够从海量数据中提炼核心结果，及时发现和分析业务背后隐含的变化或问题
4、 具有强烈的进取心和求知欲，积极主动，善于沟通，团队协作能力优秀
",1,1,0,0,0
414,数据分析师,福佑卡车,北京,500-2000人,本科,D轮及以上,物流丨运输,30.0,5-10年,,"[""节日礼物"",""年底双薪"",""定期体检"",""七险一金""]","
【岗位职责】1. 业务分析：深入业务，了解业务痛点，为业务线建立数据支持体系，通过数据为业务优化提供效果评估及数据决策支持；2. 用户模型：构建用户分析体系，包含用户行为分析、用户画像分析等，挖掘潜在的规律趋势，协助业务进行策略优化；3. 通过数据来发现业务、流程中的问题、机会，从数据角度为业务部门提出相应的优化建议，并与多方合作实现流程改善,推动相关业务目标达成；4. 沉淀分析思路与框架，提炼数据产品需求，与相关团队协作并推动数据产品的落地；【任职要求】1、本科以上学历，4年以上工作经验，有过互联网数据分析经验者优先；2、业务理解业务强，可快速把握业务重点，形成分析框架且有自己明确的观点输出；3、精通使用sql、excel和ppt，能够熟练使用tableau、r和python；；4、具有良好的学习能力、沟通表达能力和团队协作能力。5、有数据分析及建模相关经验优先，如：用户画像、用户价值模型、用户增长等。
",1,1,1,1,0
415,数据分析师,Magic Tavern,北京,150-500人,本科,不需要融资,游戏,27.5,3-5年,,"[""年底双薪"",""定期体检"",""带薪年假"",""绩效奖金""]","
岗位职责： 1、负责手机游戏日常数据监控、预警、分析、挖掘工作；对产品调优、产品运营提供有力数据支持； 2、通过机器学习和统计分析的方法，对已有的海量数据进行数据价值的挖掘； 3、设计严谨的数据实验，通过项目采集数据，进行方向探索； 4、从数据角度提供游戏体验或营收方向的增值建议。包括但不限于 1）游戏功能 2）游戏关卡 3）游戏付费 4）游戏运营 5）用户画像 等方向的数据探索研究。  任职要求： 1、本科以上学历，5年以上工作经验，3年以上游戏或互联网数据分析经验；数理逻辑清晰，数据敏感度高；数学专业、统计学专业优先； 2、熟悉游戏业务指标使用方法及场景，能够独立完成游戏业务分析； 3、熟练使用sql语句、excel；至少掌握spss、r、sas、python等其中一种分析工具； 4、具有一定的数据挖掘、建模、预测能力；熟悉常用的统计和机器学习模型； 5、良好的沟通能力、文档表达能力、部门协作能力； 6、出色的学习能力，能够快速融入团队；能够根据团队需求不断提升自己。
",1,1,0,1,1
416,运营数据分析,康民优品,北京,50-150人,本科,未融资,电商,14.0,1-3年,,[],"
岗位职责：1、统招本科及以上学历，金融或数据分析相关专业优先；2、两年以上相关岗位工作经验。3、熟练使用excel、tableau等数据分析软件。4、有海外留学经验者优先。任职要求：1、负责对业务运营相关数据等进行数据分析，撰写数据分析报告。2、参与数据分析系统需求，进行产品功能设计，辅助进行产品方案撰写。
",0,0,1,1,0
417,数据分析师,星空书院,北京,少于15人,硕士,不需要融资,教育,12.5,1-3年,,[],"
        加入我们，我们需要你： 
1.负责教育咨询项目的数据处理、分析、建模、可视化等，撰写或配合撰写数据分析报告； 
2.从高校客户业务需求场景出发，为咨询项目进行定制化方案设计； 
3.以解决高校教育教学问题为目标，结合行业经验与方法论，提供咨询服务和专题分析报告； 
4.协助高教业务提供其他数据和分析支持。 

任职要求： 
1.教育统计学、计量学、数学、社会学相关专业，硕士学历； 
2.有教育数据分析相关工作经验； 
3.有较强的数据分析、处理能力，熟练使用常用统计软件，如：spss等，熟练使用r、python者优先考虑； 
4.熟悉自然语言处理与文本挖掘相关技术，并能进行文本处理、抽取，词向量计算，文本建模； 
5.对数据敏感，有较强的逻辑思维能力； 
6.有好奇心、有耐心、有进取心、有责任心； 
7.具有较强的团队协作精神和抗压能力。

星空书院是什么：
星空书院，是提供高校建设咨询、高教知识服务的专门机构，深度参与中国高等院校的顶层战略设计、建设规划到落地建设工作，以“让大学没有难做的工作”为使命。
星空书院坚持为教育工作者分享高教知识，匠心打造教师发展精品课程，致力于架构起高教研究与教育实践的桥梁，帮助广大高校教师掌握高教原理和规律，助力其实现自身专业化。

在哪里可以了解星空书院：
微信公众号：「星空书院在线」
微信服务号：「星空私享课」

",1,0,0,0,1
418,游戏数据分析师,途游,北京,150-500人,本科,B轮,游戏,15.0,1-3年,,"[""股票期权"",""专项奖金"",""五险一金"",""带薪年假""]","
        职位要求：
1.以持续增长为目标，与市场/运营/产品/数据团队深度协作，负责相关增长单元的数据分析与策略研究工作；
2.负责成熟策略与研究价值的沉淀，推动相关增长工具的有效落地和持续优化；
3.深入理解业务状态与问题，负责增长驱动因素的拆解与研究、增长潜力洞察；
4.负责slg市场/运营/产品数据分析框架和指标体系的建立，推动完善可视化数据分析产品；
5.其他专题性数据分析工作。

任职资格：
1.1-3年游戏行业数据分析工作经验，有游戏经验者优先；
2.数学、统计学、计算机等相关专业本科以上学历；
3.热爱游戏行业，对市场投放/游戏运营 至少一类工作有深入理解和成功数据应用经验，对数据驱动增长工作有兴趣和热情；
4.对数据敏感、逻辑能力强，可有效洞察复杂关系，有成熟数据价值应用方法论；
5.熟练掌握数据分析必备的技能与工具（如: sql/hive/r/python/excel/tableau/matlab等），熟悉常用研究模型、算法，理解原理并具备成功项目经验；
6.具备全局意识、快速执行力和自驱力；
7.主动沟通意愿与高效沟通技巧，优秀的表达与协调能力。

",1,1,1,1,0
419,数据分析实习生,新锦成,北京,150-500人,本科,A轮,教育,2.5,应届毕业生,,[],"
        岗位职责：
1.运用公司研发的系统协助部门完成报告的生成；
2.对审核人员发现得的错误及时进行核对；
3.通过带教，能够为项目组提供合格的报告

任职要求：
1.本科以上学历；能力优秀者开么放宽至统招大专
2.熟练使用word、excel，对python及编程语言有基础的了解，具有较好的逻辑分析能力
3.具有较强的学习能力，可以快速接受新知识、新技能
4.工作时间：业务高峰期每周五天，其他时间可每周四天
        ",1,0,0,1,0
420,数据分析专员,盖娅互娱,北京,500-2000人,本科,上市公司,游戏,11.5,应届毕业生,,"[""史上最牛团队"",""五险一金"",""超豪华办公室"",""弹性工作""]","
岗位职责：
1、负责手游数据产品规划；包括各类数据工具产品的设计和推进落地；
2、进行游戏产品和跨游戏产品的深度数据分析，建设贯穿游戏运营生命周期的数据分析体系，指导产品运营决策和开发方向；
3、优化数据分析和提取工具，提升游戏运营效率；
4、数据报表、分析报告的呈现与解读。
任职资格：
1、本科及以上学历，具备统计学、应用数学、计算机专业知识背景；
2、热爱游戏行业。有研究精神，对数据敏感。
",0,0,0,0,0
421,数据分析,盖娅互娱,北京,500-2000人,本科,上市公司,游戏,11.5,应届毕业生,,"[""史上最牛团队"",""五险一金"",""超豪华办公室"",""弹性工作""]","
1. 熟悉hadoop集群相关组件2. 熟悉hdfs，yarn，zookeeper，hive，hbase，spark，storm其中一种或多种的系统架构和配置参数以及日志内容3. 熟悉批量计算和实时计算的设计思路和实现细节4. 熟悉数据清理流程，可以熟练使用hive sql完成数据计算5. 熟悉java，scala，c++，go中的一种或多种6. 熟悉一种脚本语言    
",0,1,0,0,0
422,数据分析工程师,中科世通亨奇,北京,15-50人,本科,天使轮,人工智能,18.0,3-5年,,[],"
        岗位职责：
1、负责社交媒体用户标签标签及兴趣体系的设计，基于结构化和非结构化数据开展用户画像开发，基于多维特征实现用户分群、多业务画像融合等工作；
2、负责海量用户数据的管理，行为数据的分析和挖掘；

岗位要求：
1、本科及以上学历，计算机、智能、数学等相关专业；
2、熟悉数理统计、数据分析、数据挖掘，熟知常用的机器学习算法，对数据结构和算法设计有较为深刻的理解；
3、熟悉大规模数据挖掘、机器学习、自然语言处理、分布式计算中的一项或多项技术，并具有实际工作经验；
4、具有用户画像、关系网络分析等方面的工作经验优先。
        ",0,0,0,0,0
423,数据分析师,京东物流,北京,2000人以上,本科,A轮,物流丨运输,30.0,5-10年,,"[""免费班车"",""子女教育计划"",""安居计划"",""救助基金""]","
        岗位职责
1.​统计分析与数据处理，报表体系的搭建及完善 深刻了解业务数据，梳理部门需求，从数据库提数到数据清理数据分析，最终实现计划数据自动化；
2.​支持业务部门提供数据统计、分析支持，提出数据建议，针对不同业务场景和业务形态，输出订单分析报告，销售趋势报告，促销影响分析专等各类分析报告；
3.​建立业务监控体系，监控商流，物流，流量等数据，透过数据现象发现本质问题，洞察业务运转。
4.建立业务异常检测机制，及时发现业务异常，解决业务问题
5.构建单量预测模型，保障单量预测准确率

任职要求：
1.​统计学、应用数学、计算机等相关专业本科及以上学历优先，5年以上相关行业经验；
2.​能熟练运用sql，python语言；
3.熟悉一般的算法模型；
4.良好的逻辑思维能力，独立思考能力，分析问题能力，对数据敏感，具备良好的沟通、表达及归纳总结能力；
5.大型零售企业中及供应链相关行业从事数据分析者优先。

",1,1,0,0,0
424,数据分析专家,火币网,北京,2000人以上,本科,不需要融资,金融,55.0,5-10年,,"[""红杉资本"",""实现跨境支付"",""优秀指导人"",""自由货币""]","
        岗位职责：
1.结合集团现有业务，梳理并完成集团视角的指标体系并落地;
2.建立完善的异常指标监控体系，快速发现及定位疑似作弊问题，跟踪反作弊技术的最新进展并应用于实践；
3.基于各类运营活动的分析，识别运营活动中的刷量数据，分析有效数据的价值；
4.针对运营数据的深入分析，定期或不定期输出专题分析报告；

任职资格：
1.熟悉hive、spark、mysql等，熟悉python、r等分析建模语言；
2.5年以上分析经验，有独立完成分析项目的经验，并对分析体系有一定的认识。
3.了解常用数据挖掘方法和模型，能独立搭建数据分析体系；
4.对分析结果有独立的思考，能准确的做出最佳判断；
5.良好的沟通交流、逻辑分析能力和文字表达能力；责任心强、有良好的团队协作和执行力。

",1,1,0,0,0
425,数据分析师,马上金融,北京,2000人以上,本科,不需要融资,金融,20.0,3-5年,,"[""股票期权"",""年终分红"",""绩效奖金"",""带薪年假""]","
岗位职责：
1、 负责部门内所有业务报表整理和维护，监测并及时发现异常数据，为商务和运营策略提供数据支持。
2、 跟进业务进程，及时发现和反馈业务系统中出现的问题，输出改进方案，优化业务策略，并协调相关人员进行解决。
3、 利用数据对市场活动、运营效率、产品表现、客群结构等进行评估或分析，提供合理化建议。
4、 跨部门数据统一对接，满足部门数据灵活查询、统计及分析的需求，推动数据分析成果和应用落地。
任职资格：
1、 3年以上数据分析经验，熟练使用sql，有产品运营、市场分析相关经验；
2、 熟练使用office工具，word、excle、ppt等；
3、 学习能力强，业务理解力好，善于沟通，能快速掌握所负责业务领域数据，并利用数据进行评估优化； 
4、 全日制本科及以上学历，统计学、应用数学、计算机等相关专业优先；
5、 具有互联网、消费金融行业从业经验者优先
",0,1,0,0,0
426,数据分析师,便利蜂,北京,2000人以上,本科,不需要融资,消费生活,22.5,5-10年,,"[""弹性工作"",""美女多"",""帅哥多"",""领导好""]","
数据分析师： 
1，根据业务需求提取数据并进行量化分析，与需求方一起回答重要的商业问题和产品问题，挖掘业务核心痛点和机会 
2，从数据角度分析业务中存在的问题，提出可执行的建议，为业务运营决策、产品方向、营销策略等提供数据支持 
3，监测分析业务运营状况，提出和落实业务优化改造方案，持续推动业务增长 

任职要求： 
1，本科及以上学历，2-7年的数据分析工作经验 
2，能够熟练使用sql,hive
3，能使用python和pandas进行数据分析工作
4，熟悉机器学习，并有良好的自学和研究能力的为加分项
5，有用户行为研究或增长经验的，或运营优化经验的为加分项
6，对数据敏感，逻辑严谨，主动沟通，拥抱变化
",1,1,0,0,0
427,数据分析师,畅游,北京,2000人以上,本科,上市公司,游戏,17.0,1-3年,,"[""节日礼物"",""技能培训"",""带薪年假"",""岗位晋升""]","
工作职责1.对公司内部经营数据进行分析处理，搭建数据体系，对数据分析有较全面的理解(包括到不限于用户生命周期，用户标签，用户价值、运营活动等等）。 2.定期或根据需求从海量游戏数据提炼核心结果，通过对数据收集、挖掘、清洗和建模，制作出数据分析报告。 3.跟进游戏数据情况，持续监控，并其进行针对性分析，为用户定向维护、行为干预、运营策略等工作提供数据支持。 4.能够对分析方法、模型进行定期总结与分享。 5.逻辑清晰，思维活跃，善于主动思考，能够通过数据分析，总结清晰观点
任职要求1.本科以上，数学、数据统计或数据挖掘专业优先考虑。 2.两年以上数据分析经验，有游戏行业相关经验者优先。 3.良好的数据敏感度，熟悉数据挖掘和数据分析理论，精通office 4.具有良好的逻辑思维能力、学习能力、表达能力及团队合作能力；能够适应较强节奏与压力的工作。
",0,0,0,0,0
428,数据分析专员,北京链家,北京,2000人以上,本科,不需要融资,房产家居,11.0,1年以下,"[""免费体检"",""全年4次晋升"",""互助金"",""定期团建"",""生日聚会"",""品牌优势"",""免费休闲游"",""考证奖金"",""一对一带教"",""免费健身房"",""电脑补贴"",""节假日福利"",""弹性工作"",""地铁周边"",""6险1金""]","[""年终分红"",""绩效奖金"",""股票期权"",""专项奖金""]","
工作职责:1、支持部门数据需求，进行数据管理、统计和分析，以报表、分析报告等形式完成策略支持工作；2、通过深入理解业务与管理流程，参与搭建人力资源管理分析体系；3、专项研究分析，通过数据分析、调研等方式参与策略分析。任职资格:1、计算机或统计学相关专业，本科及以上（有相关工作经验可以不限专业背景）；2、对数据有敏感度，思维敏捷，逻辑性好，学习能力强，能够快速熟悉业务逻辑；3、熟练掌握ms office，掌握excel基本函数的使用；4、熟练掌握sql，熟悉基本函数。
",0,1,0,1,0
429,高级数据分析师,智见思远,北京,50-150人,本科,B轮,企业服务,20.0,3-5年,,[],"
        岗位职责：
1、监测和评估各业务策略、运营动作、资源投入的效果，发现问题和优化机会；
2、负责市场及竞品网站数据分析，推进各城市官网运营及业务。
任职资格：
1、4年以上运营数据分析／市场分析／行业分析／经营分析相关经验；熟悉房产行业或相关行业优先；
2、统计学、数学、经济学等相关专业优先；
3、具备数理统计知识，熟练掌握sql查询语言，了解r或phython等数据分析语言；
4、较强的分析和结论输出能力，能够独立开展完成数据分析和报告；
5、学习意愿和能力强，能够基于细节来理解和把握业务需求，有耐心
        ",0,1,0,0,0
430,数据分析师,火花思维,北京,2000人以上,本科,D轮及以上,教育,20.0,3-5年,,"[""在线教育"",""数学思维"",""带薪年假"",""定期体检""]","
岗位描述：1、结合公司战略目标拆分年度销售目标，并根据实际情况优化调整月度目标review达成率；2、进行业务全链条分析诊断，评估不同维度转化率影响因素，为经营管理提供决策依据；3、制定销售hc，设计销售考核和升降级规则以及激励方案，提高工作效率和人均产能；4、对接产品和bi团队，搭建数据看板并优化管理体系crm工作台，日常数据监控及预警；
任职要求：1、本科及以上学历，3年以上经营分析或销售运营工作经验，有教育、互联网和管理咨询背景优先；2、熟练使用sql/excel/ppt，具备较强的数据处理及分析能力，思路清晰、逻辑性强；3、拥有强烈的责任心、好奇心、自驱力和抗压能力，做事认真细致不浮躁，有良好的团队协作意识；4、具备一定项目管理能力、时间管理能力、独立思考能力和沟通表达能力以及良好的商业sense
",0,1,0,1,0
431,数据分析师,饿了么,北京,2000人以上,本科,D轮及以上,消费生活,35.0,5-10年,"[""试用期上社保"",""试用期上公积金"",""免费体检"",""5险1金""]","[""节日礼物"",""绩效奖金"",""年度旅游"",""岗位晋升""]","
1、 通过数据变化研究业务策略达成进展，优化并调整业务策略，提出建设性建议；为运营团队跟踪运营效果提供支持，使运营团队整体围绕项目目标展开；
2、 负责使用数据分析工具，对平台的流量进行统计、分析和监控；分析流量的来源、转化效果关键等全链路分析；能得出相应的逻辑给出指导意见，建立数据模型；
3、 数据日常监控及专题分析，撰写每周、月度、季度、年度数据报告；
4、 有一定数据挖掘能力，为现状、预警、趋势分析提供数据支撑；
岗位要求:
1、本科及以上学历，计算机、统计、数学、信息技术等相关专业，5年以上大型互联网相关数据分析工作经历；
2、具备大数据处理能力，掌握hive、sql等相关数据提取工具，熟练操作excel、sas/spss、ppt等工具； 熟悉数据分析模型和用户数据分析模型，了解如何通过数据分析优化业务；
3、良好的数据敏感度，能从海量数据提炼核心结果，具备一定业务敏感度，能深入了解业务动态及项目目标； 4、具备良好的抗压能力、沟通能力和团队精神，有独立开展分析研究项目经验。
",0,1,0,1,1
432,数据分析师,优矩互动,北京,15-50人,本科,不需要融资,广告营销,10.0,不限,,[],"
岗位职责：
1.通过提取、分析各流程节点数据，及时理解并跟踪各产品的业绩表现，研究影响指标的潜在因素，进行数据验证；
2.制作并规范日常数据报表，提供业务重点的工作视角，辅助业务管理深入；总结数据波动情况，对异常数据进行及时预警，定期行成相关报告；
3.结合公司内部需求，配合其他部门进行相关数据的提取、过滤和分析；
4.对数据进行业务方向分析，剖析存在的问题；基于分析，给出经营建议，归并业务风险，保证决策信息的及时性及准确性；
任职要求：
1.有1年以上数据分析经验，本科及以上学历，统计学、数学、数量金融或计算机系优先；
2.有良好的逻辑能力，思维严谨，对数据敏感，有数据洞察力；
3.快速学习能力，对广告行业有一定认知和理解；
4.精通office，对建模工具及处理技术（python、r、sql、hiveql）有一定了解；
5.有很强的团队意识，有良好的职业道德和职业操守。
",1,1,0,0,0
433,数据分析专员,相寓,北京,2000人以上,本科,未融资,电商,10.5,不限,,"[""五险一金"",""绩效奖金"",""带薪年假"",""定期体检""]","
岗位职责：
1.负责集团及城市分公司运营管理体系（业务经营数据）的建立和分析；
2.对城市分公司的业务数据进行数据分析、监督与指导；

任职要求：
1.本科以上学历，相关工作经验两年以上
2.积极主动，具有较强的判断能力、应变能力、沟通协调和计划组织能力。
3.良好的数据分析能力
",0,0,0,0,0
434,数据分析专员,运营宝,北京,50-150人,本科,未融资,电商,15.0,1-3年,,"[""岗位晋升"",""五险一金"",""绩效奖金""]","
工作职责
1、了解京准通投放规则，电商平台玩法，根据报表做好总结，对优化提供数据支持，利用数据研究网站获取行业动态数据总结；
2、对数坊有实操经验，熟知数坊的运用；
3、分析解读广告效果数据，挖掘客户需求，利用数坊和京东资源优化组合，不断优化推广效果，为客户提供广告的整体解决方案；
4、通过数仿rfm分析判断不同渠道的流量价值，高价值用户被吸引的原因，如何强化内容曝光和比例，针对不同生命周期的用户给与不同的营销策略，提高总价值；
任职资格：
1、思维敏锐活跃，逻辑清晰，对数字较为敏感，具有一定的数据分析能力；
2、.性格开朗积极努力，优秀的语言表达能力和沟通能力，有创新精神；
",0,0,0,0,0
438,数据分析师,东方国信,北京,2000人以上,本科,上市公司,数据服务,8.5,不限,"[""早九晚六"",""免费下午茶"",""免费体检"",""地铁周边"",""晋升机制""]","[""大数据软件"",""技能培训"",""节日礼物"",""年底双薪""]","
1、 需要对各种数据进行细致的梳理、清洗、整理、转换和整合； 2、 根据部门的需求进行数据报表的制作、导出和日常维护； 3、 数据驱动运营，通过数据分析为部门业务发展方向提供数据支持及指导        建议； 4、诊断业务运营中的异常原因，定位问题路径并提供改善建议； 5、负责专题性的数据分析工作，撰写ppt及向客户汇报； 6、参与所属项目的需求沟通及方案设计工作； 要求：1、数学、统计学、计算机、信息科学等相关专业本科或以上学历；           2、熟练能使用excel、sql等相关统计分析软件，熟悉数据库技术，                 熟悉电信业务和数据分析者优先；           3、良好业务理解能力、沟通表达能力和数据分析能力； 逻辑思维清                 晰、自我学习能力强； 良好的团队协作能力，具备较强的抗压力           4、诚实正直、学习能力强，勇于挑战，心态积极。
",0,1,0,1,0
442,数据分析师,易观,北京,150-500人,本科,B轮,数据服务,27.5,3-5年,"[""早十晚七"",""生日聚会""]","[""专项奖金"",""午餐补助"",""技能培训"",""扁平管理""]","
        岗位职责：
1.深入了解互联网业务，建立基于业务场景的数据分析需求，解决各类数据分析问题；
2.基于客户各业务部门的分析监控需求，搭建指标体系，并设计数据采集的埋点方案，实现数据可视化；
3.熟悉用户增长的框架和分析方法，针对拉新、留存、转化优化等进行深入的专题分析；
4. 充分利用各种易观方舟产品/服务， 与客户合作制定出最佳的数据分析策略；
5. 产出行业分析案例和埋点方案模版，并与团队成员共同制作数据分析培训内容，建立数据分析的流程、规范和方法；
6.基于数据分析，与销售、服务、产品、工程团队以及其他主要相关方开展跨职能协作，助力相关产品/服务取得成功。

任职要求
1.本科以上学历，经济学、统计学、计算机等和数据处理高度相关专业，3年及以上互联网公司数据分析工作经验；
2.具备杰出的定量分析能力，在推动业务/产品运营优化方面拥有丰富的经验；
3.具有优秀的商业敏感度和突出的分析能力，能够灵活利用数据，设计分析方案解决复杂的商业问题；
4.擅长与内部及外部合作团队交流沟通，具有优秀的报告讲解及沟通能力，能够独立的分析和解决问题；
5.有数据建模实践经验（2年以上相关工作经验）者优先，熟悉hive，熟练使用sql等数据库查询语言；
6.具有较强结构化思维、逻辑思维能力，对数据敏感，具备优秀的信息整合和分析能力，能够形成清晰的业务观点和前瞻判断；
7.熟悉易观方舟或其他数据分析产品者优先。

",0,1,0,0,0
444,高级数据分析师,58到家,北京,2000人以上,本科,D轮及以上,消费生活,26.5,5-10年,"[""试用期上社保"",""试用期上公积金"",""免费健身房"",""免费下午茶"",""公司氛围好"",""15薪"",""免费体检"",""地铁周边"",""5险1金"",""6险1金""]","[""节日礼物"",""技能培训"",""股票期权"",""免费班车""]","
岗位职责：
1，负责家政业务的数据整合，数据指标体系，数据标签体系，数据平台建设
2，深入业务，洞察数据应用场景，通过但不限于分析报告，可视化，用户画像，客情洞察，自助分析，接口服务等满足业务需求，发挥数据价值
3，与需求方，研发，设计，测试等紧密合作，挖掘数据的商业价值，参与数据产品的研发，丰富数据产品形态
4，负责商家端app或保洁数据建设和分析，包括用户生命周期、用户行为分析、活动转化漏斗、埋点日志数据维护等。


岗位要求:
1, 3年及以上的数据相关工作经验，有搭建指标体系，标签体系，bi系统经验尤佳，生活服务行业加分
2, 本科及以上学历，要求统计学功底，有数据建模经验加分，有hadoop,hive应用经验，hql精通,熟练使用python，r等分析工具，掌握主要原型设计工具
3, 有一定的数据体系建设方法论及分析框架沉淀，较强的商业sense，能够条理说明清晰业务关键点，各业务流程节点的问题，管控指标及方法
4，静得心，坐得住，耐得烦，我们希望是一个自驱力强的，学者型的，跨部门协作的问题解决者
5，有从需求调研，方案设计，原型设计，研发测试，上线运营完整的数据产品设计经验优先
",1,1,0,0,0
450,数据分析师（文本数据建模）,上海浩宜信息科技有限公司,上海,150-500人,本科,不需要融资,数据服务,7.0,1-3年,,"[""绩效奖金"",""定期体检"",""股票期权"",""通讯津贴""]","
        工作职责： 

1、负责沟通、收集和分析客户方在业务监管和分析方面的运营管理需求； 
2、负责将客户的运营管理需求转化成语音语义文本建模的需求； 
3、负责对语音、语义文本数据进行预处理，了解业务内容以及提取关键建模话术文本； 
4、负责文本模型的创建、筛选验证以及优化工作； 
5、负责指导并参与语音识别效果优化的目标制定、标注以及部分优化工作 

任职要求： 
1、本科及以上学历，专业不限； 
2、具备一定的文字处理和理解能力，尤其，语言文字理解和信息提取能力较强者优先； 
3、积极主动，能承受压力，良好的团队意识，工作仔细，性格沉稳，责任心强； 
4、具备较强的逻辑分析和语言表达和理解能力； 
5、具备一定的客服中心类的工作和业务经验，尤其熟悉银行、保险领域的业务和工作经验者优先 

",0,0,0,0,0
451,高级数据分析师,达达集团,上海,2000人以上,本科,上市公司,消费生活,30.0,5-10年,"[""免费班车"",""新婚红包"",""定期调薪"",""电脑补贴"",""生子红包"",""地铁周边"",""超长年假"",""定期团建"",""6险1金""]","[""弹性工作"",""股票期权"",""扁平管理"",""技术氛围浓厚""]","
工作职责： 
1、负责o2o业务的数据分析工作，挖掘数据分析需求，制定并实施分析方案，并根据数据分析结果为业务的改进提出合理化建议； 
2、通过专题分析，对业务问题进行深入分析，为产品改进、大区运营决策、营销推广策略提供数据支持，推动业务部门数据驱动业务决策的转化；
3、通过对公司运营数据研究，提出改善运营质量的方法和建议，搭建bi数据分析体系，为公司决策提供支持。

岗位要求： 
1、统计、数学、信息技术相关专业本科以上学历，互联网3年以上数据分析/挖掘相关经验；
2、熟练独立编写商业数据分析报告，及时发现和分析其中隐含的变化和问题； 
3、良好的数据敏感度，能从海量数据提炼核心结果；有丰富的数据分析、挖掘、清洗和建模的经验； 
4、思维敏捷，具有发散性，能够举一反三，良好的逻辑分析能力及问题解决能力；
5、良好的跨团队、部门沟通及推动能力，有强烈的主人翁意识，积极发扬团队合作精神。
",0,0,0,0,0
452,数据分析师,达达集团,上海,2000人以上,本科,上市公司,消费生活,20.0,3-5年,"[""免费班车"",""新婚红包"",""定期调薪"",""电脑补贴"",""生子红包"",""地铁周边"",""超长年假"",""定期团建"",""6险1金""]","[""弹性工作"",""股票期权"",""扁平管理"",""技术氛围浓厚""]","
工作职责： 
1、负责o2o业务的数据分析工作，挖掘数据分析需求，制定并实施分析方案，并根据数据分析结果为业务的改进提出合理化建议； 
2、通过专题分析，对业务问题进行深入分析，为产品改进、大区运营决策、营销推广策略提供数据支持，推动业务部门数据驱动业务决策的转化
3、通过对公司运营数据研究，提出改善运营质量的方法和建议，搭建bi数据分析体系，为公司决策提供支持。

任职资格： 
1、统计、数学、信息技术相关专业本科以上学历，互联网1年以上数据分析/挖掘相关经验；
2、熟练独立编写商业数据分析报告，及时发现和分析其中隐含的变化和问题； 
3、良好的数据敏感度，能从海量数据提炼核心结果；有丰富的数据分析、挖掘、清洗和建模的经验； 
4、思维敏捷，具有发散性，能够举一反三，良好的逻辑分析能力及问题解决能力
5、良好的跨团队、部门沟通及推动能力，有强烈的主人翁意识，积极发扬团队合作精神

更多技术团队信息，可以关注达达技术公众号：达达京东到家技术。
",0,0,0,0,0
453,数据分析师,Convert lab,上海,50-150人,本科,B轮,企业服务,22.5,3-5年,,"[""股票期权"",""巨大市场空间"",""行业经验丰富"",""定期体检""]","
        岗位职责：
1. 负责数据的挖掘、整合与分析模型的建立、优化和评估；
2. 与业务部门紧密合作，通过分析和挖掘数据，探索业务机会点，利用算法工具解决实际业务问题；
3. 按要求完成数据分析报告、建模报告、数据报表等，对相关结果进行解读和汇报。


任职资格：
1. 2年以上的商业数据分析经验
2. 熟练使用一种数据分析相关的软件以及语言（r/sas/python等）
3. 了解数据挖掘算法的工作原理，能够正确使用常见的机器学习算法
4. 具有良好的逻辑分析能力、沟通能力和文字表达能力，良好的执行力；
5. 积极创新， 乐于面对挑战，负责敬业，优秀的团队合作精神；诚实， 勤奋， 严谨。
        ",1,0,0,0,1
454,数据分析师,Soul,上海,500-2000人,本科,C轮,社交,30.0,3-5年,,"[""外企氛围"",""年轻活力娱乐"",""有才华的团队"",""技术导向""]","
工作职责：1.通过对数据的深度挖掘，帮助增长部门发现、分析和解决问题、优化产品需求；2.监控及跟踪留存及dau等数据波动，并深入分析和问题定位；3.从业务需求中充分了解业务痛点，对业务进行阶段性总结、分析；
职位要求：1、1-3年以上增长数据分析工作经验，有潜力/有极大兴趣者经验非必须；2、熟练使用sql，会其他程序语言加分；3、同理心强，理解能力好，热情积极。
",0,1,0,0,0
455,数据分析师,掌门集团,上海,500-2000人,本科,B轮,消费生活,27.5,5-10年,,"[""年度旅游"",""绩效奖金"",""带薪年假"",""弹性工作""]","
        岗位职责:

1、 负责连尚文学数据分析工作，能根据业务特点，建立数据预测与预警模型，及时发现问题。2、 进行运营指标监测、拆解核心指标至过程指标，并以此为基础进行问题诊断进而输出业务建议，跟进执行落地表现，形成数据策略反馈。3、 配合实际业务需求完成较深入的专项数据分析，并形成数据分析报告；

任职资格:

1、统计学、应用数学相关专业，本科及以上学历，1~3年行业工作经验。2、调研、咨询行业中拥有广告行业研究、广告主研究、广告数据挖掘经验者，以及从事销售数据分析者优先。3、熟练掌握excel、sql、spss、sas等统计分析软件，具备独立进行数据分析及应用或数据挖掘等工作经验。

",0,1,0,1,1
456,数据分析师,众标智能科技,上海,50-150人,本科,A轮,电商,9.0,1-3年,,"[""股票期权"",""带薪年假"",""年度旅游"",""五险一金""]","
        职位描述1. 处理行业数据，为研究报告提供数据支持和准备2. 参与客户数据分析，提供运营和产品部门统计分析结果3. 参与分析算法设计和开发，协助提升已有模型和算法精度效率

职位要求1. 计算机及相关专业本科学历2. 熟悉 mysql 或 postgresql 数据库，熟悉 sql 语法3. 了解 python 语言，熟悉正则表达式4．工作认真负责，细致严谨；对数据敏感，有学习和探索精神。

",1,1,0,0,0
457,数据分析师,italki,上海,50-150人,本科,A轮,电商,12.5,1-3年,,"[""高端医疗保险"",""国际化团队"",""绩效奖金"",""带薪年假""]","
        responsibilities
1.proactively analyze data to answer key questions from stakeholders or out of self-initiated curiosity with an eye for what drives business performance
2.work in collaboration with the data engineers to define data models and data points
3.light-weight data extraction, transformation and load from different sources.
4.analysis consolidation and insight sharing, delivering data in a useful and appealing way to all stakeholders
5.proactive participation with business to understand, identify data sources, perform analysis and build reports
6.be a resource and advocate for data within the organization by teaching and empowering others to use data
7.monitoring of the business pulse and extraction of key drivers to business growth.

requirements
1.bachelor’s degree in statistics, mathematics, data science or related field 
2.2+ years of professional experience working with data analysis, data mining, data statistics, and other related working experience
3.strong in analytics and problem-solving. proficient in the use of sql, r, python and other data analysis languages, able to extract core results or spot issues from data 
4.highly analytical mindset and experience in user behavioral research
5.experience working with visualization tools such as looker, tableau qlik sense or any other
6.experience working in an agile environment
7.knowledgeable about performance analysis, experimentations and statistical tests
8.solid interpersonal skills and ability to work in a multicultural environment 
9.flexibility to grow in a fast-changing team and company
10.excellence in presentation, spoken and written skills in english 

plus
1.passion for language and education
2.additional language skills aside from required english
3.experience working with cloud computing platforms like aws, gcp or any other
4.experience working with google analytics 
5.experience in the internet industry
        ",1,1,1,1,0
458,数据分析,开心果,上海,50-150人,本科,未融资,电商,25.0,5-10年,,"[""16薪"",""五险一金"",""年度体检"",""带薪年假""]","
        岗位职责：
1. 搭建数据分析模型，为日常运营活动提供数据支持，能够基于数据分析，给业务发展提供策略和建议； 
2. 负责对平台用户、交易、商品等维度数据监控跟踪与分析，建立数据汇报模板； 
3. 负责对平台各类活动进行复盘数据分析，定期提供运营分析报告，给到各部门分析结论和运营建议； 
4. 负责对会员进行漏斗分析，完成会员分层，利用数据提出运营及营销建议；
5. 熟悉了解p&l，协助制定补贴策略和分析运营投入产出。

任职要求：
1. 3年以上数据分析经验，丰富的电商行业数据分析、数据产品经验； 
2. 具备良好的分析总结和数据报告呈现能力，能够系统性的思考和分析问题； 
3. 熟悉电商相关的数据产品，了解电商相关各维度指标及提升方法；
4. 善于沟通，工作细心，执行能力强，具有很强的事业进取心与自我驱动。
        ",0,0,0,0,0
459,数据分析师,一条视频,上海,150-500人,本科,C轮,电商,20.0,3-5年,,"[""年底双薪"",""带薪年假"",""午餐补助"",""定期体检""]","
        岗位职责：
1、负责对公司各业务线及商家运营情况进行监控跟踪与分析，并编制商业分析报告； 
2、负责对日常及促销活动销售进行科学预测和复盘；
3、负责对平台流量的uv、pv、人均访问页数、用户行为、销量、跳出率、地域分布、转化率等做出专业的数据分析；
4、负责平台指标分析，研究提升gmv方案和影响因子；
5、负责大促策略，及业绩预测等工作，配合产品、运营的需求，对用户行为数据进行数据挖掘、深度分析以及形成分析报告； 
6、负责提供相关日、月结算统计报表与分析报表；
任职要求： 
1、3年以上数据分析经验，数学、计算机、统计学等相关专业本科以上学历，丰富的电商行业数据分析、商业分析经验； 
2、具有较强的商业、数据和业务的敏感性，具备良好的逻辑分析能力，能够系统性的思考和分析问题，同时具有较好的分析总结能力和数据报告呈现能力。善于沟通，能够深入了解业务、挖掘业务问题和痛点，通过数据分析为业务决策、产品方向、运营策略提供数据支持；（重点）； 
3、熟悉电商相关的数据产品，熟悉主流电商平台相关规则，精通电商相关指标及提升方法，具快速反应和领悟新信息的能力； 
4、熟练掌握excel表格各类函数，并利用透视表分析数据；有较强的逻辑分析能力，对数字敏感；
5、熟悉hive sql，熟悉各种大数据技术平台，有丰富的数据分析、挖掘、清洗和建模的经验；
6、工作细心，执行能力强，能承受一定的工作压力；
        ",0,1,0,1,0
460,数据分析,上海科发,上海,50-150人,硕士,不需要融资,数据服务,14.0,1-3年,,[],"
        职位信息
1、深度研究指定科技资源数据，包括人才研究，人才画像，科技信息、论文信息等；定期出研究报告；
2、判断行业发展趋势，为客户商业决策提供专业的定性、定量的研究分析报告；
3、负责对产业链的各自业内标杆企业研究、调查、分析，围绕重点领域和重点企业，开展深度行业研究工作，定期收集整理行业企业数据、收集行业法规政策，独立撰写研究分析报告；
4、了解数据管理体系，协助建立数据管理流程、数据标准、数据质量，元数据管理，主数据管理等；

要求
1、硕士及以上学历，情报系专业优先考虑；
2、1 — 3年数据分析经验或者市场调研咨询行业研究分析经验；
3、英语6级，英语口语熟练者优先；
4、具备良好的数据分析能力，要求精通powerpoint 、excel使用，了解sql，spss，sas为更佳；
5、良好的沟通能力和技巧，包括与外部客户的交流；
6、优秀的问题解决和逻辑分析能力；严谨、细致，有责任心，良好的承压能力及执行力；
        ",0,1,0,1,1
461,数据分析师,么么直播,上海,50-150人,本科,不需要融资,社交,20.0,1-3年,,"[""扁平管理"",""节日礼物"",""年度旅游"",""五险一金""]","
        岗位职责：
1、深入理解业务，负责公司产品的数据埋点设计、数据需求文档编写，规范指标的统一命名和口径；
2、负责收集和挖掘各部门的数据需求，进行需求评估分析、管理和设计，跟进数据产品的研发、测试、上线全流程，完成数据的校验，确保数据的准确性；
3、完成各业务部门临时的数据处理需求（包括取数、数据处理、可视化、分析建议等）；
4、以数据化运营为导向，基于数据产品的需要，就数据仓库体系构建、数据库表及字段的设计提供专业的建议。

任职需求：
1. 统计学、数学、计算机、金融、市场营销等专业本科及以上学历，有统计学应用基础。
2. 两年以上移动互联网行业数据分析经验，广告、电商、社交类项目经验更优。
3. 具备产品经理经验，理解产品设计原理与产品逻辑。参与过产品设计与执行。
4. 具备良好的数据挖掘能力、逻辑思维能力、表达能力。
5.重视数据可视化呈现，报告撰写能力强。
6. 有数据分析、数据挖掘、数据可视化、在线数据相关产品经验。


岗位要求：

1、有较强的逻辑思维能力，善于总结和发现问题，并提出有针对性和可行性的方案，转化为流程；

2、大专及以上学历，经济、管理、统计相关专业，有数据分析工作经验者优先；

3、熟练使用excel函数及制图、sql查询数据等工具；

4、对数据埋点有一定的了解，能较熟悉处理数据需求；

4、对工作认真负责，积极主动，学习能力强，善于思考工作中的问题并提出建议。

",0,1,0,1,0
462,高级数据分析师,长投学堂,上海,150-500人,本科,A轮,移动互联网,23.0,3-5年,,"[""技能培训"",""股票期权"",""绩效奖金"",""扁平管理""]","
        岗位职责：
 • 平台建设：参与公司数据可视化平台内容建设，懂得如何用优秀的图形化方式展现数据，并得到业务洞见
 • 项目落地：与业务、数仓、算法团队协作，完成诸如用户画像、教员画像、知识图谱项目的落地和应用
 • 可视化中台：以bi工具提供高可复用型可视化接口，如画像产品等，为产品提供可视化分析支持，构建可视化中台
 • 分析报告：针对中台产品、人事、财务等相关业务场景，阶段性出具高质量数据分析报告，分析其数据、业务、归因、建议

岗位要求：
 • 有大型互联网公司背景的优先考虑，数据分析/bi行业经验三年以上
 • 优秀的数据分析与项目推进能力，懂得如何将资源利用最大化
 • 精通tableau， 精通sql/hivesql，熟练python
 • 学习能力与抗压能力强，良好的沟通能力以及团队精神

加分项：
 • 有tableau服务器维护、性能优化、分布式搭建的经验，熟练掌握tabcmd命令
 • 熟悉数据可视化开源方案，有数据分析场景/数据可视化经验者(echarts/highcharts/d3)优先

※面试请提供作品展示，有线上作品请提前告知
        ",1,1,1,0,0
463,数据分析师,百姓网,上海,500-2000人,本科,上市公司,移动互联网,15.0,3-5年,,"[""节日礼物"",""带薪年假"",""租房津贴"",""妹纸美""]","
        工作职责：
1.负责业务目标策略拆解，搭建业务运营在线报表体系，支持业务决策，产品，运营优化迭代；
2.负责创建用户增长分析体系，基于场景输出业务洞察及目标人群属性，支持业务目标达成；
3.负责创建品牌市场大型活动，常规活动运营分析体系，输出洞察，支持活动迭代和项目目标达成；
4.基于应用场景，结合中长期规划，完善数据打点体系，与dw合作构建高效的基础报表体系。


任职要求：
1.本科及以上学历，计算机，数学，统计（包含社科类统计）相关专业优先；
2. 3年及以上互联网行业数据分析经验，有社交网络，品牌市场营销分析经验优先；
3.精通sql等数据查询语言，熟练使用r/python中的一种进行数据分析和挖掘，熟练使用ppt等进
行分析报告呈现；
4.具备较为完善的结构化思维，能够对复杂的变量及关系进行结构化提炼，总结，表述。
        ",1,1,0,0,0
464,高级数据分析师,触宝,上海,500-2000人,本科,上市公司,数据服务,30.0,3-5年,,"[""美股上市"",""行业独角兽"",""年底双薪"",""绩效奖金""]","
        职位描述：
1、通过对数据的敏锐洞察以及定性和定量分析，迅速定位内部问题或发现机会； 
2、负责商业化日常数据分析及监控，针对异常情况协调资源进行跟踪和深入分析； 
3、能根据实际业务完成较深入的专项数据分析，并形成数据分析报告； 
4、负责数据分析体系建设和完善，挖掘流量、产品、策略方面的商业变现机会，驱动商业化业务发展。

职位要求：
1、熟悉产品广告变现数据分析及市场推广效果跟踪的优先，具备3年以上数据分析经验；
2、至少熟练使用r、sql、sas、matlab、python中的一种，熟练掌握sql，熟悉常用数据统计和分析方法； 
3、良好的逻辑思维能力、业务解读能力和快速学习能力，能够独立领导完整的数据分析项目； 
4、对数字比较敏感，热爱数据分析工作。
        ",1,1,0,0,1
466,数据分析师,联元智能科技,上海,50-150人,本科,A轮,数据服务,22.5,3-5年,,"[""绩效奖金"",""带薪年假"",""补充公积金"",""年底双薪""]","
岗位职责：
1、 与市场/业务开拓人员配合，参与客户沟通，理解业务需求，理解数据环境，界定数据分析问题，并制定数据分析方案；
2、 与数据开发及etl人员配合，从数据库、服务商或用能企业方，获取数据，并进行相应的数据准备；
3、 深入理解业务需求，基于业务数据进行数据探索、特征提取，选择分析方法或模型，并形成符合业务的分析结果；
4、 与需求部门协作，编写分析报告及其他交付成果，并协助实现数据价值应用；
5、 配合数据开发工程师，完成模型部署后的业务验证、反馈。
岗位要求：
1、 学习能力强、逻辑严谨简洁、工作独立负责、语言流畅（书面、口头）、能够有效阅读中英文文献；
2、 熟悉数据结构，熟悉数据探索方法，熟悉数据清洗、降维等数据准备过程，能够结合业务场景和数据条件有效完成数据清洗、数据描述和数据准备；
3、 熟悉回归、分类、聚类、关联规则、时间序列、神经网络、决策树及其他常用统计分析和数据挖掘技术，了解其算法原理和适用性，能够根据应用场景选择适当的方法，并通过数据分析工具实现；
4、 能够准确把握数据特征，并有效地对数据和分析结果作可视化展示；
5、 能够熟练使用至少一种主流关系数据库及结构化查询语言，对hadoop, spark, hive等大数据架构、环境及数据仓库有所了解；
6、 熟练掌握python、r、sas、matlab、tableau等数据分析工具中的至少一种；
7、 有一个以上独立完整的数据分析项目经验。
",1,1,1,0,1
467,资深数据分析师,掌门1对1在线教育,上海,2000人以上,本科,D轮及以上,教育,30.0,5-10年,"[""免费体检"",""地铁周边"",""5险1金"",""父母赡养津贴""]","[""技能培训"",""节日礼物"",""绩效奖金"",""岗位晋升""]","
        职位描述

1. 独立负责业务线需求管理和数据分析，理解业务部门的需求，通过与业务需求部门和管理层挖掘需求，确认需求，并达成一致。
2. 负责业务需求分析体系建设，以及仪表盘等分析结果交付。
3. 指标体系建设，建立业务团队认可的业务指标标准体系，将相对业务数据统一对应到指标体系中，并完成仪表盘，数据产品，分析报表等交付数据统一。
4. 定期为业务部门和业务管理层提供专题分析和运营优化建议。
5. 能跨部门和产品，工程师，以及其他团队合作，一起促使一个项目的完成。

能力要求：
1. 本科以上学历, 5年以上工作经验，对数据有敏感性，有统计、数学、工程或者经济专业背景为佳。
2. 有互联网公司大数据分析的经验。
3. 具有很强协调沟通能力，能应对不同级别和岗位角色工作沟通，具有跨部门合作经验为佳。
4. 有较好的业务思维。
5. 能熟练运用sql语言, 和例如tableau等可视化软件。
        ",0,1,1,0,0
468,数据分析师,咪咕,上海,2000人以上,本科,不需要融资,文娱丨内容,20.0,5-10年,,"[""定期体检"",""带薪年假"",""绩效奖金"",""专项奖金""]","
        职责描述：
1、从本部门需求角度主导业务数据分析工作，涉及用户分析，产品分析、内容分析、营销分析。能定期出具公司整体运营分析报告供部门及公司领导决策，并能独立承担专题分析工作
2、梳理各类业务需求，整理成数据需求设计文档
3、负责数据字典管理、发布和更新
任职要求：
1、计算机专业或统计分析相关专业本科及以上学历
2、具有2年或以上的数据分析工作
3、1年左右互联网工作经验，对用户运营、产品运营、内容运营、活动运营等相关业务有基本了解
4、熟悉hivesql工具或其他sql开发工具，具有1年以上sql开发经验
5、熟悉业界常见的多维分析模型，星型模型、雪花模型、宽表模型等
6、具备能够利用word、powerpoint工具撰写分析报告材料能力
7、具备较强的学习能力
        ",0,1,0,0,0
469,数据分析师,数数科技,上海,15-50人,本科,A轮,游戏,15.0,1-3年,,"[""节日礼物"",""股票期权"",""带薪年假"",""年终分红""]","
        职位描述：

1. 负责数据后台的实施落地，引导客户了解产品使用方法，传递数据驱动价值；

2. 深入理解客户产品的业务场景，发掘客户的数据远景，以此为目标制定客户的长期使用方案；

3. 对客户的使用数据进行分析，获知客户使用状态及生命周期，对不同状态的客户提供相应的支持；

4. 收集客户的成功案例以及产品最佳实践，协助构建产品使用知识库；

5. 完成日常维护工作，包括后台使用咨询、问题解答、培训提升等支持类服务；

6. 收集客户反馈，协助推进产品优化迭代。

岗位要求：

1. 具备良好的沟通能力、抗压能力以及文档编写能力；

2. 拥有数据收集、数据分析经验以及良好的数据分析意识；

3. 具备企业级数据服务经验者优先、有大数据相关技术基础者优先；

4. 有一年（含）以上相关经验，数学、计算机或相关专业本科学历。

",0,0,0,0,0
470,数据分析,CLPS,上海,500-2000人,硕士,未融资,数据服务,20.5,1-3年,"[""免费体检""]","[""专项奖金"",""带薪年假"",""定期体检"",""交通补助""]","
        教育背景：本科 科班工作年限：2-4y技能要求：1.  熟悉 hdfs、mapreduce、yarn 等 hadoop 生态体系相关技术。能独立完成集群环境的
部署以及 mapreduce 程序的开发。
2. 熟悉spark 分布式计算框架原理和编程模型，zookeeper 分布式协调服务的使用。
3. 熟悉hbase， hive 的原理，使用和性能优化策略，能够使用 sql 进行数据分析及调优。
4. 熟悉 java or scala 语言，可以编程开发。
5. 可独自完成 spark 集群环境搭建，了解 spark 核心源码实现，对 spark-streaming 以及 spark-sql 有一定的了解与使用经验。 
6. 熟悉linux 系统， 使用shell完成大数据一键部署。

",0,1,0,0,0
471,数据分析师,算话智能科技有限公司,上海,50-150人,本科,B轮,数据服务,14.0,1-3年,,"[""股票期权"",""交通补助"",""绩效奖金"",""优秀团队""]","
 岗位职责：
1、基于数据分析、机器学习、文本挖掘等技术，对各类大数据进行分析及挖掘；
2、参与各类信贷类评分模型及应用策略的设计与开发，能指导客户对产品的正确应用；
3、负责对大数据、模型、策略进行监控、异常分析与验证；
4、利用数据分析结果帮助客户解决实际问题，指导业务发展。
任职要求：
1、 数学、统计、金融工程、计算机、计量经济学等相关专业，全日制本科及以上学历；
2、 熟悉各类大数据的需求发掘、数据清洗和分析、评分建模、策略应用、it需求等，熟悉神经网络方法建模者优先； 
3、 熟练掌握python、sas、sql、r等分析工具中至少一个，excel应用、文档写作、ppt制作能力较强；
4、 有连续2年（含）以上大数据分析、评分建模、应用策略经验；有在金融机构里的上线产品的分析、评分、策略经验者优先；有大型数据分析或咨询项目经验者优先；
5、良好的团队合作精神，较强的沟通表达能力、执行力，热爱学习和工作；
6、工作作风严谨踏实，逻辑清晰，具备较强的责任心和抗压性，较强的收集、分析信息的能力，愿意在创业类公司做较长期的职业规划。
",1,1,0,1,1
472,资深数据分析师,企鹅杏仁,上海,500-2000人,本科,B轮,消费生活,30.0,5-10年,,"[""五险一金"",""弹性工作"",""岗位晋升"",""顶尖团队""]","
        岗位职责：
1、负责处理数据分析需求，制定并实施分析方案，并根据数据分析结果为业务的改进提出合理化建议； 
2、负责搭建和维护业务指标体系，并持续迭代优化，为产品改进、运营决策、营销推广策略提供数据支持，推动业务部门数据驱动业务决策的转化；
3、负责搭建和维护公司的数据平台，相关 etl、bi 报表等的开发和优化，并且根据公司的业务和运营需求，优化平台数据模型，支持深入的数据分析和挖掘。


任职要求：
1、统计学、数学或计算机相关专业本科以上学历，互联网 3 年以上数据分析/挖掘相关经验；
2、具有良好的数据敏感度，丰富的数据分析、挖掘、清洗和建模的经验； 
3、熟悉 sql 和 sql 查询优化，熟悉数据可视化工具如 tableau；
4、熟悉 python，理解 dw/bi 相关的知识，包括 etl 数据仓库、olap、多维数据模型等；
5、善于沟通，有良好的跨团队、跨部门沟通及推动能力。


数不清的福利欢迎：
# 开放的办公环境
# 自由的技术氛围
# 注重工程师的学习和成长

",1,1,1,0,0
473,数据分析师,丘罡医疗,上海,150-500人,本科,未融资,医疗丨健康,27.5,3-5年,,[],"
        工作职责
1)为业务部门提供数据服务，满足业务对数据的需求；
2)参与业务部门临时数据分析需求的调研、分析及实现
3)与业务部门合作开展业务专题分析，及时发现和分析其中隐含的变化和问题，为业务发展提供决策支持；
4)建立业务部门核心指标的评价体系，支持部门常规性分析，寻找业务增长点

任职资格
1）具备数据收集、清洗和分析能力
2）熟练hql、excel、r、pytho等工具
3）较强的学习能力和沟通能力，对数字敏感度高，熟悉用户运营体系

",0,0,0,1,0
474,数据分析,比心陪练,上海,500-2000人,本科,B轮,社交,30.0,3-5年,,"[""带薪年假"",""年度旅游"",""岗位晋升"",""六险一金""]","
        岗位职责 : 
1、业务运营分析：负责对平台数据进行专业商业数据分析，完善平台运营指标体系，优化业务流程，提升业务转化效率，为运营，活动、产品等的优化提供数据支持； 
2、制作 bi 报表：通过 quick bi、power bi、tableau 建立业务及活动监测体系，提升运营决策效率及科学性，同时为分析提供更加丰富的数据基础。 
3、数据报告：负责部门各业务线运营数据报告。根据现阶段各业务线的目标，编制各业务线月、季、年度核心分析报告； 
4、数据挖掘建模：负责对用户行为数据进行深入分析，根据公司业务发展的需要，开展相关专题的数据挖掘与研究，并形成研究分析报告，输出用户画像，分析报告等，为运营、活动、产品提供优化方案。 
任职要求 : 
1、3 年以上数据分析相关工作经验，有泛娱乐行业大型网站或门户平台产品数据分析工作经验优先； 
2、本科以上学历，统计学、应用数据专业优先； 
3、有泛娱乐行业数据分析经验，热爱泛娱乐行业，对泛娱乐及互联网发展趋势有深刻理解，并热衷于用户行为研究； 
4、精通 ms offices，熟练使用 quick bi、power bi、tableau 等软件，熟练 mysql、hive 等数据库的使用； 
5、反应迅速、思维活跃、具有良好的逻辑思维能力和商业判断能力，跨部门沟通能力强。
        ",0,1,1,0,0
475,数据分析师,返利网,上海,500-2000人,本科,C轮,电商,17.5,3-5年,,"[""五险一金"",""股票期权"",""专项奖金"",""带薪年假""]","
        职责描述：
1. 了解公司内部业务，协助各业务部门完成数据整理、分析，及时提供支持方面的工作。
2. 针对运营问题进行诊断，发现业务运营问题与机会点，对业务问题进行深入分析，提供数据支持
3. 定期追踪业绩及其他关键业务指标情况，洞察到业务动作，提供决策基础

任职要求：
1. 有3年以上互联网数据分析领域工作经验。
2. 统计学、数学类专业本科及以上学历，有较强的数学和数据挖掘功底。
4. 了解至少一种数据库软件，能通过sql、hive完成常规取数
5. 具有良好的学习、领悟能力，善于沟通协调
6. 工作细心，认真负责，有创新精神，能承受工作压力
        ",0,1,0,0,0
476,数据分析,还呗-智能信贷领先者,上海,500-2000人,本科,B轮,金融,20.0,3-5年,,"[""股票期权"",""通讯津贴"",""交通补助"",""午餐补助""]","
岗位职责：
1. 建立资产管理部数据管理体系，搭建资产管理报表体系；
2. 进行业务分析，提炼业务策略，挖掘业务改进点，并推进改进项目落地；
3. 对客户进行分析，结合业务经验和计量方法，搭建优化客户分群模型；
4. 负责资产管理风险政策的制定与优化，优化政策执行及运营管理效率效果。
 
任职要求：
1. 具有相关工作经验3年以上，有贷后策略经验优先；
2. 本科及以上学历，硕士及以上学历优先；
3. 统计、数学、金融相关专业优先；
4. 善于数据处理及分析，掌握sql、python等常用分析工具 （懂决策树、计量模型构建更佳）；
5. 较强的逻辑思维能力、思考及解决问题的能力；
6. 良好的表达沟通能力及执行力。
",1,1,0,0,0
477,高级数据分析师,还呗-智能信贷领先者,上海,500-2000人,本科,B轮,金融,24.0,3-5年,,"[""股票期权"",""通讯津贴"",""交通补助"",""午餐补助""]","
岗位职责：
1、负责部门层面的业务数据分析工作，通过对数据的收集、统计分析与利用，编制分析报告；
2、跟踪产品/重点项目的发展变化，对线上营销业务经营发展状态进行监控分析；
3、商业嗅觉灵敏，善于沟通，能够深入了解业务、挖掘业务问题和痛点，通过数据分析为业务决策、产品方向、运营策略提供数据支持；
4、研究运营数据和用户反馈，挖掘用户需求，发现运营中的问题并给出解决方案；
5、通过专业分析，对业务问题进行深入分析，为产品运营决策、产品方向提供数据支持及策略建议。
任职要求：
1、具有快速学习和思考能力，优秀的数据分析能力、敏锐的数据洞察力、结构化思维能力；
2、统招本科以上学历，3年以上数据相关工作经历；
3、熟练运用sql、excel，数据可视化工具，ppt技能优秀；
4、优秀的分析问题和解决问题的能力，能够把合理的思路成功应用于实践。
",0,1,0,1,0
478,数据分析师,泛为,上海,150-500人,本科,不需要融资,广告营销,9.0,1年以下,,"[""带薪年假"",""午餐补助"",""弹性工作"",""免费班车""]","
岗位职责：
1. 负责日常业务报表的设计、报送；
2. 管理层、业务、推广等部门数据需求处理；
3. 针对公司整体运营或者某业务线问题，进行专题类数据分析；
4. 多数据源的抽取、组织与稽核；
5. 数据产品的模型与算法。
 
岗位要求：
1. 学历要求本科及以上，计算机、数学、统计学相关专业优先；
2. 精通sql、有一定的hql/sql性能调优经验的优先；
3. 熟悉python, shell等脚本语言者优先；
4. 有用户行为日志采集、海量数据处理、建模、分析方面有相关经验的优先；
5. 耐心、细心,乐于解决具有挑战性的技术问题；
6. 有较好的逻辑思维能力、学习能力与团队协作能力。
",1,1,0,0,0
479,数据分析师,蜻蜓FM,上海,150-500人,本科,D轮及以上,移动互联网,20.0,3-5年,,"[""明星直播"",""男女1:1"",""带薪年假"",""扁平管理""]","
工作职责：
1、负责付费内容（音频）项目的数据需求调研、数据分析；
2、通过数据可视化形成图表和报告，为业务和产品部门探索商业价值提供数据支撑；
3、负责数据挖掘建模等工作；对运营数据进行日常监控分析，数据处理等。
任职要求：
1、3年以上工作经验，本科以上学历；
2、统计，数学，金融相关专业优先；
3、熟悉r语言、sql，有python经验优先；
4、具备优秀的逻辑思维能力，有相当的数据敏感度。
",1,1,0,0,0
480,数据分析师,蜻蜓FM,上海,150-500人,本科,D轮及以上,移动互联网,15.0,1-3年,,"[""明星直播"",""男女1:1"",""带薪年假"",""扁平管理""]","
        工作职责：
1、负责对接主站app产品以及用户推荐相关数据需求
2、梳理产品业务逻辑，搭建指标监控体系，并利用tableau搭建可视化报表及看板
3、深度参与产品项目，从数据角度给产品提供项目及决策支持
4、针对重要数据波动及指标异常，能及时定位问题及解决方案，并定期产出分析报告
5、能从日常工作中总结归纳数据分析方法论并分享


任职要求：
1、2年以上互联网大数据相关工作经验，本科及以上学历
2、计算机，数学，统计相关专业优先
3、熟练使用sql，熟悉hive常用函数，有一定etl和tableau经验甚佳
4、有用户产品及推荐相关分析经验优先考虑
        ",0,1,1,0,0
481,数据分析,CLPS,上海,500-2000人,硕士,未融资,数据服务,23.0,1-3年,"[""免费体检""]","[""专项奖金"",""带薪年假"",""定期体检"",""交通补助""]","
the c2c/b2c marketing analyst is responsible for providing analytic support to the global c2c/b2c email marketing team at ebay. on day to day, the person will partner with c2c/b2c marketing business units, campaign managers, product development, etc. mostly in north america market to understand areas of opportunities that will improve the email engagement and user experience.  this is a hands-on position which requires deep knowledge on seller experience, sellers’ cognitive behavior, online economics, and ebay programs and products.  it will involve designing of email experiments, ensuring that tracking is accurate, mining the entire reservoir of ebay rich data, developing pragmatic and efficient methods for identifying key optimization opportunities, and presenting the insights/recommendations to drive actions.
the key job responsibilities include:
· analyze ebay's large and rich datasets; drive insights from the fact base to improve the user experience and inform optimal pilot design through ebay’s large and rich datasets.
· measure and optimize ongoing performance for c2c/b2c marketing based on data-driven insights, understand key drivers and identify new marketing opportunities by focusing on bankable metrics.
· design key metrics in weekly measurement to better capture the signal of email performance.
· define and optimize the email and cross-channel strategy and pilot/test design by investigating the previous initiatives and predicting the future trend for key stakeholders.
· drive customer lifecycle analyses across channels; identify, size and prioritize customer opportunities.
· investigate the connection between dipstick and campaign level performance to try to explain the spike or drop on dipstick curve by linking some specific campaigns.
· communicate business performance in a clear and insightful way to the business.
· design, plan, and execute analyses and email a/b tests.
· execute business, financial and statistical analysis.
· develop, improve and systemize crisp & accurate reporting.  streamline processes and identify/execute on automation and time-saving opportunities.
· work with global analytic team to share best practices, to build more robust and consistent global marketing analytical frameworks.
· provide analytical support to ad-hoc cross-functional projects related to email marketing initiatives.
job requirements:
· ma/ms in statistics, economics, business, computer science or other related field.
· sound business judgment and quantitative analytic ability.
· strong communication skills and experience presenting complex quantitative financial analysis into action-oriented recommendations.
· 1-3 years hands-on work experience in data research and analysis, with a focus on email analytics, a/b testing, and report automation.
· skilled in database query tools utilizing teradata sql, and ebay dw experience is a plus.
· experienced in tableau reporting tool.
· good excel and powerpoint skills, knowledge of large scale mpp database architecture or proficiency with statistical analysis tools such as sas or r is a plus.
· intellectual curiosity, passion for problem-solving, and comfort with ambiguity.
· ability to thrive in a multi-functional environment while juggling multiple responsibilities.
· effective team player and works well within a team and contributes effectively to the success of those interact regularly.
",0,1,1,1,1
482,数据分析师,DataStory,上海,150-500人,本科,B轮,数据服务,17.5,1-3年,,"[""颜值高"",""双休日"",""高大上团建"",""带薪假""]","
        岗位职责：
1、与客户沟通，理解、细化客户的数据分析需求，了解客户对数据需求背后的目的，更好地为客户提供解决方案。需求范围包括：企业网络舆情、品牌网络口碑、消费者洞察、社会化运营数据、产品体验和创新等；
2、根据商业背景和相关行业背景，搭建清晰的研究框架，设计研究方案，将客户需求落地；
3、基于多维大数据以及不同数据特点，使用公司自有大数据分析工具，洞悉数据背后的信息，满足客户的分析需求；结合自身和团队的研究经验，基于数据洞察结果提出合理的解决方案和意见，提升数据价值；
4、承担分析报告撰写的主笔工作。

任职条件：
1、本科以上学历；
2、有2年以上的咨询公司、广告/公关公司或大型企业市场研究或用户研究部门工作背景；
3、对制造、快消、互联网、零售等行业及商业模式有一定的了解，对数据有较高的敏锐性；
4、具备数据操作能力，熟练使用excel，熟练使用spss等至少一种统计软件；
5、具备独立完成ppt制作，报告撰写能力；
6、良好的沟通与表达能力，能与客户对接需求。
        ",0,0,0,1,1
483,数据分析专家,触宝,上海,500-2000人,本科,上市公司,数据服务,45.0,5-10年,,"[""美股上市"",""行业独角兽"",""年底双薪"",""绩效奖金""]","
        职位职责：
1、负责分析触宝国内外核心业务数据分析工作；
2、根据用户行为数据进行增长相关分析，搭建指标体系，建立增长分析模型，建设并迭代报表体系；
3、与产品、运营、研发等紧密配合，推进落地带来业务提升；
4、独立完成专项分析，从数据处理分析、数据指标设计到方案评估的工作闭环。
职位要求：
1、本科及以上学历，数学、统计学、计算机相关专业优先；
2、熟练使用hive，精通sql/excel/python/r等工具；
3、具备结构化思维，较强学习能力和创造力，有用户同理心以及数据敏感度；
4、对统计学有较深的理解，有 growth hacking、ab 实验、数据建模经验者优先。
        ",1,1,0,1,0
484,数据分析师,樊登读书,上海,150-500人,本科,A轮,教育,12.5,1-3年,,"[""节日礼物"",""股票期权"",""带薪年假"",""绩效奖金""]","
        1.对业务数据进行处理和分析，发现和跟踪其中的问题。能够从业务和产品的角度出发，利用数据发现产品、系统或是业务的瓶颈，并提出优化的方案；
2.分析海量用户行为数据，输出用户画像，推动产品优化用户路径及流程、优化用户标签库，提升用户规模及业务规模；
3.利用数据挖掘，机器学习等技术解决实际问题，如实现模块或流程自动化，业务报表系统建设，数据监控，数据可视化等；
4.建立各种业务逻辑模型和分析模型，帮助公司改善运营管理，节省成本。
任职资格：
1.全日制本科及以上学历 ，计算机、数学、统计相关专业优先。
2.2年以上数据分析相关经验，熟悉至少一种常用数据库，有较强的数据库及 sql 能力，具有python、scribe等经验优先。
3.具备数据敏感性和探知欲，分析、解决问题的能力强，专注数据的价值发现和变现转化 。
4.具有良好的逻辑分析能力、沟通能力和文字表达能力，良好的执行力。
5.工作认真、负责、仔细，适应能力强，有良好的团队合作精神。
        ",1,1,0,0,0
485,数据分析实习生,观远数据,上海,150-500人,本科,B轮,企业服务,5.0,应届毕业生,,"[""绩效奖金"",""带薪年假"",""弹性工作"",""扁平管理""]","
岗位职责：
1、深耕零售与消费品行业，为超百家行业**零售与消费品公司提供全链条的数据分析与商业智能解决方案，助力全行业效率革命；2、深入业务场景，聚焦商业问题，构建指标体系，提炼分析逻辑，助力数据赋能业务，数据驱动决策；3、熟练掌握数据融合，处理，建模，分析，可视化，用户交互，数据应用，智能决策等全链条数据分析知识与技能；4、研究国内外数据分析最佳实践，覆盖战略计划、供应链、商品、渠道、营运、顾客关系、财务、市场营销等全场景。
岗位要求：1、重点大学理工科专业，对数据敏感，逻辑思维能力强，对数据分析有浓厚的兴趣；2、熟练使用sql，熟悉主流数据库的任一种；3、良好的沟通及团队合作；4、 每周4天，连续实习4个月以上。
加分项：
python、r、java等任何一种编程语言 或 任何一种商业智能工具平台经验。
",1,1,0,0,0
486,数据分析师,VHS 好人生,上海,50-150人,硕士,C轮,医疗丨健康,15.0,1-3年,,"[""节日礼物"",""技能培训"",""绩效奖金"",""年度旅游""]","
        岗位职责：
1.负责公司数据分析类产品，能独立执行数据清洗、数据分析、统计建模等工作，并针对业务需求提供有价值的优化建议；
2.深入了解医疗健康行业，针对医疗数据建立分析模型、分析用户行为等；
3. 关注公司运营数据和用户反馈，评估、跟进、促使产品提升用户体验；
4. 关注国内外医疗健康行业相关的信息和数据，提供客观的行业分析，为公司决策提供支持。
任职要求：
1. 硕士及以上学历，公共卫生类专业或具有统计学、应用数学、金融学背景优先；
2. 熟练使用sql，熟悉至少一种以上数据分析软件，如spss/python/r/sas/excel vba等；
3. 能独立撰写各类分析报告，熟练使用ppt；
4. 具备一定的英文读写能力。
        ",1,1,0,1,1
487,数据分析师,VHS 好人生,上海,50-150人,硕士,C轮,医疗丨健康,15.0,1年以下,,"[""节日礼物"",""技能培训"",""绩效奖金"",""年度旅游""]","
        岗位职责：
1.负责公司数据分析类产品，能独立执行数据清洗、数据挖掘、数据探索性分析(eda)、数据建模等，运用数据处理工具提取、分析、呈现数据，并针对业务需求提供有价值的优化建议；
2. 深入了解医疗健康行业，针对医疗数据建立分析模型、分析用户行为等；
3.关注公司运营数据和用户反馈，评估、跟进、促使产品提升用户体验；4.关注国内外医疗健康行业相关的信息和数据，提供客观的行业分析，为公司决策提供支持。
任职要求：
1. 硕士及以上学历，公共卫生类专业或具有统计学、应用数学、金融学背景优先；
2.熟练使用sql，熟悉至少一种以上数据分析软件，如spss/python/r/sas/excel vba等；
3.能独立撰写各类分析报告，熟练使用ppt；
4.具备一定的英文读写能力。
        ",1,1,0,1,1
488,数据分析,上海莫凡,上海,50-150人,不限,不需要融资,电商,11.0,不限,,"[""五险一金"",""餐饮补贴"",""团建聚餐"",""项目奖金""]","
        【需要你做这些】
1、通过与电商客户深入沟通了解客户需求，挖掘商业痛点并形成数据分析需求；
2、通过深入的消费者洞察，熟练运用各种分析工具为客户定制高度个性化的市场线上营销活动提供数据依据，以帮助客户更有效地与其顾客进行沟通；
3、以实现业务目标为导向，支持产品运营日常数据分析需要；深入分析挖掘数据，应用数据分析方法为产品运营以及广告投放策略提供方案与建议，跟踪执行效果；
为业务提供解决方案，能够引导产品运营团队应用正确方法框架进行基于数据的产品运营；
4、关注跟踪电商平台运营及市场营销领域的新玩法和技术发展趋势，跟踪竞争对手动态，分析对标竞争对手的产品组织市场策略等。

【希望你拥有】
1、统计学、数学等相关专业；有三年以上数据分析的经验或品牌企业运营经验；
2、具备统计学和数学知识，掌握sql、excel、ppt、spss、sas、python等优先考虑；
3、良好的数据和业务敏感度，具备商业产品数据背景优先能力强，能独立处理复杂情况下的数据专题分析；
4、良好的文档撰写能力，包括prd、调研分析报告等；
5、 熟悉数据工具，有投放/实际运营经验。

【我们为你提供】 
1、朝九晚六，弹性上班制，周末双休；
2、试用期3个月，表现优秀可提前转正；
3、入职即缴纳五险一金，午餐补助，交通补助；
4、年终奖13-17薪、旅游补贴、培训、年度体检、下午茶、生日会、团建等福利应有尽有；
5、优越的办公环境，氛围轻松，团队积极努力，同事友善热情；
6、团队年轻，内部扁平化管理，领导公正平等，有晋升机会。
        ",1,1,0,1,1
489,数据分析师,新浪时金,上海,150-500人,本科,上市公司,金融,12.5,1-3年,,"[""技能培训"",""节日礼物"",""绩效奖金"",""年度旅游""]","
        职位职责：
1、深入理解业务，负责运营数据分析工作；
2、跟进运营数据需求，协助搭建日常报表；
3、通过数据产出分析结果和运营策略。

职位要求：
1、学历必须统招本科及以上，有1到3年相关经验，不接受专升本，应届生；
2、数据处理能力强，熟练操作相关软件，熟练使用sql，可以使用 python/r中的一种或多种；
3、有较好的数据敏感性，有互联网公司用户运营和数据分析经验者优先；
4、了解并可以使用常见的数据挖掘模型；对数据敏感，有较强的逻辑思维，对商业和市场有一定洞察能 力；
5、出色的项目推动及落地执行能力，优秀的团队沟通和协助能力.
        ",1,1,0,0,0
490,高级数据分析师,中通快递,上海,2000人以上,本科,上市公司,电商,30.0,5-10年,,"[""绩效奖金"",""五险一金"",""带薪年假"",""免费班车""]","
        岗位职责：
1、通过数据分析支持产品改进及新模式的探索； 
2、构建业务数据分析体系，帮助确定各项业务数据指标； 
3、分析快递营运的过程模型，分析快递业务中存在的问题，提出改进的建议和措施，并督产品和运营促落地执行； 
4、参与构建快递场景中货、车、人、场的数据模型，搭建快递数据分析框架；
5、通过分析，优化快递运营网络，提高运营效率，降低运营成本提供重要的依据

岗位要求：
1、本科及以上学历，统计学、应用数学、计算机等相关专业； 
2、熟练掌握多种统计和挖掘方法，熟练使用python、r等语言；
3、较强的数据敏感度，逻辑分析能力和文档写作能力； 
4、有责任心，良好的沟通能力和组织管理能力以及心理承受能力，勇于接受挑战； 
5、有快递行业相关经验优先
        ",1,0,0,0,0
491,高级数据分析师,上海银科创展投资集团有限公司,上海,2000人以上,本科,上市公司,金融,45.0,5-10年,,[],"
        岗位职责：
a) 深入理解业务流程与逻辑，洞察需求与目标，为管理决策提供数据分析解决方案
b) 与各部门密切沟通与配合，推动数据分析解决方案落地
c) 了解、收集、处理包括销售、服务、产品、运营等在内的各部门需求，在满足需求的基础之上提供优化改进方案
d) 常规日报的制作与报送
e) 参与数据产品项目，为数据产品内容提供内容和结构思路，完善指标体系
岗位要求：
a) 优秀的分析能力与商业敏感度
b) 熟练使用sql、excel，熟悉python或者hive更佳
c) 优秀的组织与沟通能力
d) 本科以上学历，与数据相关专业或工作经历

",1,1,0,1,0
492,数据分析师,上海银科创展投资集团有限公司,上海,2000人以上,本科,上市公司,金融,15.0,1-3年,,[],"
        岗位职责：
a) 深入理解业务流程与逻辑，洞察需求与目标，为管理决策提供数据分析解决方案
b) 与各部门密切沟通与配合，推动数据分析解决方案落地
c) 了解、收集、处理包括销售、服务、产品、运营等在内的各部门需求，在满足需求的基础之上提供优化改进方案
d) 常规日报的制作与报送
e) 参与数据产品项目，为数据产品内容提供内容和结构思路，完善指标体系
岗位要求：
a) 优秀的分析能力与商业敏感度
b) 熟练使用sql、excel，熟悉python或者hive更佳
c) 优秀的组织与沟通能力
d) 本科以上学历，与数据相关专业或工作经历

",1,1,0,1,0
493,数据分析师（商业）,高济医疗,上海,150-500人,本科,不需要融资,医疗丨健康,30.0,3-5年,,"[""绩效奖金"",""通讯津贴"",""定期体检"",""带薪年假""]","
        岗位职责：
1.利用丰富的数据资源，评估分析各项营销活动效果；
2.从营销角度，利用数据研究用户画像，并完成业务方提出的各项用户分析；
3.从线上、线下投放渠道角度，研究品牌投放活动对人群品牌认知度的影响，并提炼出仿真预测模型；
4.结合市场营销行业数据、业界观点和市场趋势，为市场营销业务发展方向提供战略层面的意见和建议。

岗位要求：
1.有丰富的市场营销方面数据分析经验，商业敏感度高、好奇心强，工作主动性好，项目协调沟通能力强；
2.具备良好的定量分析能力，熟练掌握数据获取、数据处理、数据展现相关的技术和工具；
3.有互联网公司商业分析工作经验优先，有管理咨询公司商业咨询项目经历优先；
4.本科及以上学历，5年以上分析工作经验。
        ",0,0,0,0,0
494,商业数据分析师,驰骛科技ChiefClouds,上海,50-150人,本科,A轮,数据服务,17.5,3-5年,,[],"
        职位描述：
1、 负责与客户沟通数据分析需求，确定客户业务问题、目标及抓手，并给予有效的数据化解决方案。
2、负责项目中的的数据建模、用户标签体系建设及数据报表设计等；
3、分析用户行为，建立用户画像。

任职要求：
1、本科以上学历，商业分析、统计学、数学、经济学等相关专业，3年以上工作经验。
2、有扎实的统计学理论功底、掌握机器学习的理论及应用方法；
3、熟练使用sql，至少熟悉python/r中的一种；
4、良好的沟通能力及逻辑思维能力，能够快速解读和抽象业务问题；
5、良好的商业意识，挖掘业务问题和痛点，发现数据创造业务价值的机会；
6、良好的跨团队沟通及推动能力，强烈的主驱动意识；
7、勇于创新并拥有持续学习的动力；
        ",1,1,0,0,0
495,高级/资深数据分析师,易观,上海,150-500人,本科,B轮,数据服务,37.5,5-10年,"[""早十晚七"",""生日聚会""]","[""专项奖金"",""午餐补助"",""技能培训"",""扁平管理""]","
岗位职责：
1.深入了解互联网业务，建立基于业务场景的数据分析需求，解决各类数据分析问题；
2.基于客户各业务部门的分析监控需求，搭建指标体系，并设计数据采集的埋点方案，实现数据可视化；
3.熟悉用户增长的框架和分析方法，针对拉新、留存、转化优化等进行深入的专题分析；
4. 充分利用各种易观方舟产品/服务， 与客户合作制定出最佳的数据分析策略；
5. 产出行业分析案例和埋点方案模版，并与团队成员共同制作数据分析培训内容，建立数据分析的流程、规范和方法；
6.基于数据分析，与销售、服务、产品、工程团队以及其他主要相关方开展跨职能协作，助力相关产品/服务取得成功。

任职要求
1.本科以上学历，经济学、统计学、计算机等和数据处理高度相关专业，3年及以上互联网公司数据分析工作经验；
2.具备杰出的定量分析能力，在推动业务/产品运营优化方面拥有丰富的经验；
3.具有优秀的商业敏感度和突出的分析能力，能够灵活利用数据，设计分析方案解决复杂的商业问题；
4.擅长与内部及外部合作团队交流沟通，具有优秀的报告讲解及沟通能力，能够独立的分析和解决问题；
5.有数据建模实践经验（2年以上相关工作经验）者优先，熟悉hive，熟练使用sql等数据库查询语言；
6.具有较强结构化思维、逻辑思维能力，对数据敏感，具备优秀的信息整合和分析能力，能够形成清晰的业务观点和前瞻判断；
7.熟悉易观方舟或其他数据分析产品者优先。
",0,1,0,0,0
496,数据分析师,樊登读书,上海,150-500人,本科,A轮,教育,12.5,应届毕业生,,"[""节日礼物"",""股票期权"",""带薪年假"",""绩效奖金""]","
        工作职责：
1.对业务数据进行处理和分析，发现和跟踪其中的问题。
2.利用sql提取数据，分析海量用户行为数据，找到用户标签；
3.利用第三方工具如finebi、powerbi，撰写分析报表，制作运营日、周、月报表；
4.与业务团队协作进行项目数据分析。

任职资格：
1、计算机、数学、统计相关专业优先。
2、对互联网数据分析感兴趣，熟悉至少一种常用数据库，有较强的数据库及 sql 能力，熟练掌握excel、ppt等工具。
3、备数据敏感性和探知欲，分析、解决问题的能力强，专注数据的价值发现和变现转化 。
4、具有良好的逻辑分析能力、沟通能力和文字表达能力，良好的执行力。
5、工作认真、负责、仔细，适应能力强，有良好的团队合作精神。
        ",0,1,0,1,0
498,游戏数据分析师,欢动科技,上海,50-150人,本科,A轮,游戏,11.5,1-3年,,"[""带薪年假"",""岗位晋升"",""领导好"",""五险一金""]","
        岗位职责 ：
1、跟进游戏项目，满足日常运营数据需求，通过用户调研、数据埋点、流失分析等各个专项分析为版本调优提供支持；
2、研究用户行为特征，挖掘用户需求、收入增长点，为运营决策提供数据支持；
3、全面分析运营活动、游戏版本、市场活动等效果，为活动方案的优化提供数据支持；
4、了解行业动态，对竞品进行深度调研，为新ip、新产品的引进与市场推广方向提供决策支持；
5、通过文本挖掘，分析用户反馈和舆情数据，解决产品问题和分析竞品数据；
6、根据业务发展完善数据分析体系和数据挖掘建设。
任职资格 ：
1、理论基础扎实，一年以上工作经验；
2、熟练使用下列数据库之一sql server、mysql ；
3、热爱游戏，对游戏行业有一定了解 ；
4、具备良好的逻辑推演能力、报告撰写能力、沟通能力以及团队合作精神 ；
5、能吃苦耐劳，富有创新精神，充满激情，乐于接受挑战 。
        ",0,1,0,0,0
499,数据分析师/数据产品经理（电商大数据行业 ）,任拓数据科技（上海）有限公司,上海,150-500人,本科,不需要融资,电商,22.5,5-10年,,"[""带薪年假"",""交通补助"",""定期体检"",""弹性工作""]","
工作职责

1.通过对电商平台数据的整理和洞察，对内部已有产品进行深入研究，优化已有产品；

2.深入分析已有或潜在客户的业务需求，确立新产品开发方向，撰写项目提纲，设计产品雏形并跟进开发；

3.通过对具体行业和类目的研究，逐渐成为行业细分领域的资深专家，给予客户更多前瞻性的顾问支持；

4.作为内部智库，协调各部门工作，定期撰写行业宏观／微观报告，助力品牌宣传和提升行业知名度；

5.产品使用培训及其他事务性工作。



职位要求：

1.学历要求全日制本科或以上，有计算机基础更佳；

2.积极学习，具有数据敏感度，逻辑思维强，创业精神强；

3.具有团队精神，认同teamwork和企业文化；

4.excel、ppt技能娴熟，熟练使用各种产品工具（如visio，axure等）；

5.熟练使用mysql、hadoop数据库；

6.三年以上工作经验，对电商数据行业、人工智能极具热情，并想要长久在此领域发展，愿意成为数据行业 

的产品专家，与团队共同打造电商数据行业的tesla；

7.有b2b产品经理相关经验；

8.有saas云架构经验。
",0,1,0,1,0
500,大数据分析师-挖掘工程师,算话智能科技有限公司,上海,50-150人,本科,B轮,数据服务,13.5,1-3年,,"[""股票期权"",""交通补助"",""绩效奖金"",""优秀团队""]","
岗位职责：
 
（1）研究挖掘数据特征，分析衍生客户的行为特征描述；
（2）对多种数据源进行深度诊断、组合分析，评估数据价值，并对反欺诈策略进行优化；
（3）深入挖掘分析海量用户行为数据，并在新业务领域中推进应用。
   

任职资格：
 
（1）掌握常用的数据挖掘算法（决策树、回归、聚类、svm、神经网络等），并有实际数据挖掘项目经验者优先；
（2）具有数据挖掘、自然语言处理、信息检索、机器学习经验者优先；
（3）精通sql语言，熟悉python；
（4）两年以上工作经验，有金融行业风险管理、数据挖掘分析经验者优先；
（5）全日制本科以上学历，统计、计算机或数学系相关专业优先。
",1,1,0,0,0
501,数据分析工程师,圆通,上海,2000人以上,本科,上市公司,物流丨运输,16.0,1-3年,,"[""技能培训"",""免费班车"",""专项奖金"",""岗位晋升""]","
工作职责:1.熟练掌握存储过程、函数的编写；2.负责日常报表开发；3.精通sql语句，对sql查询优化有丰富的经验；4.搭建和部署etl调度工具、搭建和部署相关报表；5.负者greenplum函数开发，并持续维护优化；6.负责整理和归档所做开发的文档，负责优化已有报表。

任职资格:1.本科或以上学历，计算机、数学或相关专业，2年以上开发维护经验；2.熟练使用oracle、greenplum数据库，具有函数、存储过程的实际设计开发经验；3.熟悉主流etl开发工具，如：informatica、kettle；4.了解unix、linux、aix操作系统；5.具有bi、hadoop、greenplum、oracle开发经验。
",0,1,0,0,0
503,数据分析-TapTap(J11644),TapTap,上海,50-150人,本科,B轮,游戏,30.0,3-5年,,"[""年底双薪"",""绩效奖金"",""交通补助"",""带薪年假""]","
        工作职责:
工作职责：1、构建并完善项目运营数据分析体系，并负责日常相关业务的数据整理、统计、分析，撰写和汇总分析报告；
2、针对项目进行专项数据分析，包括并不限于用户价值、流失、生态、活动版本效果、用户画像分析等，为运营决策、产品方向、销售策略提供数据支持；
3、研究用户精细化运营，如用户画像的应用等；
4、对应用内上线的各个游戏的相关数据进行日常管理及监控；
5、沉淀分析思路与框架， 提炼数据产品需求，数据技术与开发团队协作进行数据建模工作，推动完善精细化运营数据分析体系、完成理念、技能储备，工具培训。

任职资格:
1、至少1年以上从事数据分析工作，对数据分析感兴趣；
2、拥有手游或app完整项目数据分析经验，有丰富的跨团队、部门的项目资源整合能力，能够独立开展研究项目；
3、具备良好的逻辑思考和分析能力，对数据敏感，熟悉数据收集，数据分析，数据建模和数据挖掘方法；
4、熟悉数据处理，对sql操作熟练，精通数据分析、掌握数据挖掘基本原理和主要算法（决策树、聚类、关联规则、回归分析等）；
5、熟练操作办公软件，熟练掌握excel、sql及至少一种分析软件（spss、sas、r等）；
6、有移动应用类项目数据模型建立和运营经验、精细化数据运营经验、产品完整周期的数据分析规划经验优先。
        ",0,1,0,1,1
504,产品经理（数据分析方向）,上海尤恩,上海,50-150人,本科,不需要融资,金融,17.5,3-5年,,[],"
岗位职责： 
1.负责公司数据可视化及业务报表体系建设，业务指标构建，存量需求报表梳理、维护等 ；
2.与业务部门建立良好沟通机制，为业务提供数据分析服务，与业务部门合作开展业务专题分析 ；
3.跟进业务提交的市场同行新产品政策，对公司新上线产品政策做实施效果及对比数据分析；
4.参与构建数据分析挖掘体系，制定数据分析策略，通过常规分析或机器学习/深度学习等统计方法，从数据中挖掘产品政策的增长价值。

任职要求： 
1.本科及以上学历，金融、计算机、数学、统计等相关专业，3年以上工作经验，熟练掌握sas和sql；
2.独立负责过一个以上数据分析系统建设，熟悉数据可视化展现，对数据敏感并具有数据想象力，善于通过数据洞察背后的市场或商业现象；
3.了解数据融合、清洗、转换、整合，了解业务数仓搭建流程，元数据管理，数据质量体系管理等；
4.独立编写商业数据分析报告，及时发现和分析其中隐患的变化和问题 ；
5.对预测、分类、聚类、特征提取等模型有实际业务运用经验，熟悉运筹优化、机器学习、深度学习等专业知识优先；
6.良好的沟通与学习能力，具有收单等金融、互联网行业背景者优先。
",0,1,0,0,1
505,数据分析工程师,企鹅杏仁,上海,500-2000人,本科,B轮,消费生活,15.0,1-3年,,"[""五险一金"",""弹性工作"",""岗位晋升"",""顶尖团队""]","
        岗位职责：
负责搭建和维护公司的数据平台、数据仓库，负责相关 etl、bi 报表等的开发和优化，并且根据公司的业务和运营需求，优化平台数据模型，支持深入的数据分析和挖掘。


任职要求：
1. 本科以上学历，1 年以上相关工作经验；
2. 熟悉 sql 和 sql 查询优化，熟悉数据可视化工具如 tableau；
3. 熟悉 python，理解 dw/bi 相关的知识，包括 etl 数据仓库、olap、多维数据模型等；
4 对数据敏感，有很强的逻辑思维能力和分析能力，善于沟通和协作。

数不清的福利欢迎：
# 开放的办公环境
# 自由的技术氛围
# 注重工程师的学习和成长

",1,1,1,0,0
506,数据分析师,字节跳动,上海,2000人以上,本科,C轮,文娱丨内容,16.5,1-3年,,"[""扁平管理"",""弹性工作"",""大厨定制三餐"",""就近租房补贴""]","
        职位职责：
1、负责国际化社交新业务的数据分析工作；
2、分析各项影响产品提升与增长的因素、各项业务细节，结合业务方向，给出可落地的整体的产品优化方案；
3、与产品/运营/研发等配合，推进优化方案落地执行，带来业务的实际提升增长；
4、负责业务上各类a/b实验设计与分析、产品优化效果评估、市场活动分析评估、核心指标异动分析、客户端版本效果评估等工作。
职位要求：
1、本科及以上学历，熟练掌握sql和excel，数学、统计学、计算机相关专业优先；
2、对互联网行业充满兴趣，希望长期在互联网行业发展；
3、有极强的学习能力和好奇心；
4、能快速理解业务，发掘业务细节和数据之间的联系。
        ",0,1,0,1,0
507,BA数据分析实习生（可留用）,arvato China,上海,2000人以上,本科,不需要融资,广告营销,2.5,不限,,"[""五险一金"",""通讯津贴"",""交通补助"",""带薪年假""]","
        1. 针对客户关系管理项目进行运营报表制作；
2. 针对客户关系管理项目进行月度业务报表制作；
3. 针对客户关系管理项目进行活动tracking报表制作；
4. 针对品牌部门及市场部的需求进行报表制作；
5. 针对ad hoc进行报表制作和开发；

岗位要求：
1. 本科以上学历，统计学，数学，计量学，计算机相关学科学士及以上学历；
2. 熟悉sql server数据库操作，能从sql server数据库中提取数据；
3. 具备较好的人际交往能力、沟通能力，以及独立思考及处理突发事件的应变能力；
4. 每星期保证4天及以上的实习时间，包括寒暑假期间；
5. 有留用机会
        ",0,1,0,0,0
508,风控数据分析师,得物App,上海,500-2000人,本科,B轮,电商,30.0,5-10年,,"[""绩效奖金"",""带薪年假"",""定期体检"",""节日礼物""]","
        岗位描述
1、 深入了解安全业务，依据海量数据和计算平台，识别垃圾注册、虚假身份、账号盗用、交易欺诈、营销作弊等 风险；
2、 整体规划并搭建风控数据架构，指标体系，以及监控告警体系；
3、 熟悉风控业务流程和业务系统，利用数据与算法优化业务流程和进行决策优化，降低业务风险和提升用户体 验；
4、 基于业务的理解和算法的应用，构建高质量的特征，建立完善的特征体系，提升攻防的效率；
岗位要求
1、 具有强烈的责任心，以保障公司资产安全为己任，及时响应线上风控事件；
2、 统计、数学、计算机等相关专业本科以上学历，三年以上数据分析或数据挖掘相关的工作经历；
3、 丰富的大项目经验，优秀的沟通协调能力和项目落地的能力；
4、 对业务有较好的理解能力和敏锐度，善于发现新的机会点；
5、 具有互联网大数据工作经验，特别是具有互联网风控领域大数据工作经验者优先，具有异常检测算法实战经验 者优先
        ",0,0,0,0,0
509,运营数据分析,上海域起,上海,150-500人,本科,不需要融资,游戏,19.5,1-3年,,"[""年底双薪"",""带薪年假"",""年度旅游"",""领导好""]","
        职位描述:
1、跟进游戏项目，满足日常广告投放、运营数据需求，通过用户调研、数据埋点、流失分析等各个专项分析为投放优化、版本调优提供支持；
2、研究用户行为特征，挖掘用户需求、收入增长点，为投放、运营决策提供数据支持；
3、全面分析广告投放、运营活动、游戏版本、市场活动等效果，为活动方案的优化提供数据支持；
4、了解行业动态，对竞品进行深度调研，为新ip、新产品的引进与市场推广方向提供决策支持；
5、通过文本挖掘，分析用户反馈和舆情数据，解决产品问题和分析竞品数据；
6、根据业务发展完善数据分析体系和数据挖掘建设。

任职条件:
1、理论基础扎实，两年以上工作经验；
2、熟练使用下列数据库之一sql server、mysql ；
3、热爱游戏，对游戏行业有一定了解 ；
4、具备良好的逻辑推演能力、报告撰写能力、沟通能力以及团队合作精神 ；
5、能吃苦耐劳，富有创新精神，充满激情，乐于接受挑战 。
        ",0,1,0,0,0
510,高级数据分析师（互联网方向）,上海趣致,上海,150-500人,本科,C轮,电商,15.5,3-5年,,"[""带薪年假"",""通讯津贴"",""交通补助"",""绩效奖金""]","
        岗位职责：
1、 负责趣拿平台的运营数据报表的定期或按需输出，例如用户数据报表、产品质量报表、收入报表等； 对关键业务指标进行人工或自动化监控；
2、 结合对业务的理解，梳理数据需求，确定数据场景，建立数据模型，提供数据结果；
3、 管理业务数据统计分析平台，根据需求进行报表开发；
4、 对关键分析思路和数据运用场景进行产品化梳理，为客户提供数据方案、为业务部门提供数据化建议，以便优化产品、确立运营方案。
5、 使用数据统计分析、数据挖掘工具，收集整理大数据信息，进行数据分析、建模；
6、 协助完成活动结案报告及专题报告撰写。

任职要求：
1、正规院校本科及以上学历， 四年以上相关工作经验。
2、掌握数学、统计学和计算机相关知识， 数学、统计、计算机专业优先。
3、必须具备很强的sql编写和sql调优能力，必须具备很强的excel使用技能。
3、对数据非常敏感，具有良好的数据图表制作、业务分析和报告撰写能力。
4、至少熟悉mysql、mongodb、 oracle等一种常用数据库，掌握高级编程语言者优先。
5、掌握python、shell等脚本语言，拥有海量数据处理和挖掘、数据清洗、数据分析、数据平台搭建等相关工作经验优先。使用过superset等数据平台者优先。
6、具有良好的沟通能力、优秀的分析问题能力、较强解决问题能力；既具有团队合作精神，也具备独立作战能力，能适应移动互联网/物联网行业的企业文化和工作氛围。
7、有管理经验者优先。
        ",1,1,0,1,0
511,数据分析（实习生）,叶檀财经,上海,50-150人,本科,A轮,金融,11.5,不限,,"[""年底双薪"",""专项奖金"",""股票期权"",""绩效奖金""]","
        岗位职责:

对房产价值与房企业价值与风险进行专题研究，协助院长建立房价和房企价值研究模型。


岗位要求：

1、985及以上理工科学历，数学良好；

2、了解基本的宏观经济；

3、对房地产行业和市场有一定的了解；

4、对城市经济发展有一定了解；

5、较好的数据分析能力
        ",0,0,0,0,0
512,商业数据分析师,上海威超广告有限公司,上海,50-150人,本科,不需要融资,电商,12.0,1-3年,,[],"
1.  岗位期望：
通过业务理解和数据理解/数据挖掘，在商业环境中产生的数据里，找到为不同企业提升价值的机会点。
 
2. 工作职能：
      与业务人员/团队沟通，了解业务数据的产生及日常业务运营的流程。
负责分析运营核心数据，发现问题并进行深度诊断，为用户增长、活跃、价值转化提出方案。
      通过运营工作思考与数据分析，制定运营优化策略，能独立对接各团队，协调资源，并对执行结果进行监控分析，不断优化迭代
      通过我们自主研发的大数据挖掘工具，完成数据挖掘及输出结果。
 
3. 候选人要求：
a. 业务理解：我们不一定需要有资深业务经验或行业经验的运营人员，但需要如下
·       逻辑思考能力-能将问题进行拆解，定义，找出其相互关系。
·       关联思考能力-能快速举一反三，将自己熟悉的技能应用在新学习的领域。
·       快速学习能力-清楚如何最快地能找到学习一件新事情的方法。
 
b. 数据理解：我们不一定需要懂r/python/sql/数据库/spark/hadoop的程序猿，更需要数据敏感度-知道如何从宏观及微观的角度理解数据源。
 
 
c. 其它：
·       统招本科及以上 专业不限。以上 [工作职能] 类似经验 为加分项。
·       if you prefer grow strong in feature engineering even more than modeling and algorithms, by understand this sentence with meaning behind in 5 sec. gives you a language plus.
·       我们欢迎应届大学毕业生！
 
4. 我们提供的工具-自主研发数据挖掘产品：
基于分布式存储/计算的大数据挖掘平台，集成前沿的机器学习主流算法。可视化数据挖掘及算法实现过程，简易上手，高效运行，无需懂代码，也能完成数据挖掘和建模。
 
5. 未来和你一起工作的团队：
产品研发及数据团队 来自宇宙中心五道口职业技工学校贵系的 技术大牛数据大牛算法大牛，带你跑数带你飞！业务运营团队搞定过好奇, nike, 麦当劳, 乐高, 德芙, 百事, levi’s, 益达... (此处省略200来号品牌), 等你用数据带着我们飞！
",1,1,0,0,0
513,数据分析工程师,同陆云交通,上海,15-50人,本科,未融资,人工智能,10.5,1-3年,,[],"
职位概要    设计检测数据的数据处理流程；检测数据的处理工作；检测数据的数据分析以及报表和报告制作。工作内容：1、设计数据自动化处理的流程；2、与软件部和数据开发人员对接，搭建和设计平台展示的数据库表；3、检测数据的数据分析与处理；4、编写python脚本进行日常数据处理工作；5、与算法工程师对接，测试算法模型的效果并提出改进意见；6、为市场人员提供检测数据报告支持；任职资质：教育背景：机械设计制造及其自动化专业本科学历。培训经历：接受过数据分析、数据处理、数据可视化等方面的培训。经验：一年半的数据处理和数据分析经验。技能技巧：1、熟练使用python脚本语言进行数据查询、数据清洗、数据处理等工作。2、熟练使用sql数据库语言进行数据库操作。3、熟练使用power bi进行数据可视化操作。4、熟悉linux系统常用命令5、良好的中英文写作、口语、阅读能力；6、具备基本的网络知识、熟练使用办公软件。态度：1、对数据敏感，喜欢从事数据采集,分析和挖掘相关的工作。2、为人干练、踏实；3、有较强的判断能力和执行力；4、良好的敬业精神和职业道德操守和团队合作能力
",1,1,0,0,0
514,资深数据分析师,字节跳动,上海,2000人以上,本科,C轮,文娱丨内容,25.0,3-5年,,"[""扁平管理"",""弹性工作"",""大厨定制三餐"",""就近租房补贴""]","
        职位职责：
1、负责字节跳动教育产品核心业务的各项数据分析工作；
 2、全面分析各项影响产品体验与增长的因素，找到可优化提升的点，协同产品、运营、策略等团队帮助业务快速提升；
 3、独立完成专项分析以及提供日常数据支持，为业务拓展及优化提供决策建议； 
4、有机会带领分析师团队。
职位要求：
1、本科及以上学历，数学、统计学、计算机专业； 
2、3年以上数据分析工作经验，熟练掌握hive/sql/python/r等，精通excel，掌握tableau等bi工具； 
3、好奇心强，求知欲强，有钻研探索精神，对数据分析有强烈兴趣者优先； 
4、对统计学有较深的理解，有 growth hacking、ab 实验、数据建模经验者优先。
        ",1,1,1,1,0
515,BI数据分析工程师,品览Pinlan,上海,50-150人,本科,A轮,数据服务,15.0,1-3年,,"[""股票期权"",""定期体检"",""交通补助"",""午餐补助""]","
职位描述1.对业务数据进行处理和分析，发现和跟踪其中的问题。能够从业务角度出发，利用数据发现业务问题，并提出优化的方案；2.快速并充分理解业务，参与搭建有效自动化监控及可视化体系，用数据来体现业务工作的水平；3.建立各种业务逻辑模型，帮助部门提升运营管理效率；4.支撑业务同事的临时数据需求。任职要求1.计算机、数学、统计相关专业，全日制本科以上学历，有可视化开发、数据看板开发经验优先；2.精通excel，能够熟练使用各办公软件，制作各类数据图表、报告；3.熟练使用python进行数据清洗；4.熟练掌握sql，熟悉mysql，有hive实践经验优先；5.熟悉行业主流bi/数据可视化工具，有tableau、powerbi开发经验（必备）；6.具备数据敏感性和探知欲、分析、解决问题的能力；7.工作认真、负责，具有良好的沟通与协作能力及较强的工作责任心。
",1,1,1,1,0
516,数据分析师,迈泰科技,上海,50-150人,本科,未融资,企业服务 数据服务,19.0,3-5年,,[],"
任职要求：1.统招本科以上学历，计算机、信息管理、数学、统计学相关专业；2.2年以上商业智能与可视化行业经验，包括产品、设计、开发岗位；3.对数据有较强的敏感性，熟悉国内外快速数据可视化bl工具，特别是：qliksense产品；4.较强的沟通能力、学习能力、逻辑思维、独立解决问题能力；5 .精通excel分析的优先。
",0,0,0,1,0
517,数据分析开发工程师,上海炽聚,上海,50-150人,本科,未融资,软件开发,13.5,3-5年,,"[""绩效奖金"",""带薪年假"",""定期体检"",""餐补""]","
        任职资格：
1、三年以上数据开发经验；
2、能够理解和消化业务需求，抽象并输出为数据指标体系，体系具备灵活的可扩展性；
3、熟练掌握数据开发相关技术，至少包括：sql、shell、python；
4、具备熟练的数据报表开发能力，能够基于报表平台进行报表的开发配置。
        ",1,1,0,0,0
518,商业数据分析师,驰骛科技ChiefClouds,上海,50-150人,本科,A轮,数据服务,20.0,3-5年,,[],"
        职位描述： 

1、 负责与客户沟通数据分析需求，确定客户业务问题、目标及抓手，并给予有效的数据化解决方案。 

2、负责项目中的的数据建模、用户标签体系建设及数据报表设计等； 

3、分析用户行为，建立用户画像。 



任职要求： 

1、统招硕士或重点大学统招本科学历，商业分析、统计学、数学、经济学等相关专业，3年以上工作经验。 

2、有扎实的统计学理论功底、掌握机器学习的理论及应用方法； 

3、熟练使用sql，至少熟悉python/r中的一种； 

4、良好的沟通能力及逻辑思维能力，能够快速解读和抽象业务问题； 

5、良好的商业意识，挖掘业务问题和痛点，发现数据创造业务价值的机会； 

6、良好的跨团队沟通及推动能力，强烈的主驱动意识； 

7、勇于创新并拥有持续学习的动力；
        ",1,1,0,0,0
520,风控数据分析师,安心平台,上海,150-500人,本科,B轮,移动互联网,20.0,3-5年,,"[""股票期权"",""扁平管理"",""帅哥多"",""节日礼物""]","
        岗位职责
1、深入了解业务模式，分析客户行为共性及欺诈手段；
2、对多渠道获取的用户和业务数据进行分析挖掘，发现高风险客户存在因素及特征；
3、通过不断监控和优化风控体系，持续迭代风控体系，不断提升产品线安全等级和盈利；
4、参与平台业务风控产品设计、规划和策略制定，建立风险预警系统，及时发现潜在风险
问题并提出解决方案；
5.与产品、技术、业务等部门共同推进风控产品落地。

任职要求：
1、统招本科及以上学历，数学、统计、金融等相关专业；
2、2-4年（优秀应届生可考虑）风控策略经验，熟悉c端欺诈方式，网络黑灰产业，有相
关风控策略设计优先；
3、有参与0搭建风险策略体系经验的优先；
4、熟练掌握以下软件之二：sql、sas、spss、r语言、python、vba等工具；
5、熟练使用excel、powerpoint、visio等办公软件的高级应用；
6、有参与saas平台风控产品项目管理或参与方案设计经验者优先；
7、逻辑能力强，对数据敏感，善于发现数据内在联系，深刻理解业务和风控的辩证关系。
        ",1,1,0,1,1
521,数据分析师,证通股份,上海,150-500人,本科,不需要融资,金融,20.0,3-5年,,"[""节日礼物"",""带薪年假"",""绩效奖金"",""岗位晋升""]","
        工作内容：
1.精通证券行业内外部各类数据的业务含义，研究并理解证券行业的业务需求和痛点，根据公司产品和业务流程需求，使用正确的数据分析方法解决业务问题并提供决策；
2.负责数据质量监控和数据标准制定；
3.负责资本市场行业与监管相关数据模型开发和分析报告编写；
4.负责数据分析类项目中分析模块的实施，通过监控分析及时发现业务数据问题。

任职要求：
1.统计、数学、金融及相关专业本科及以上学历，具备复合型教育背景者优先；
2.3年以上的数据分析、数据治理、数据标准工作经验，具有证券行业从业经验者优先；
3.精通主数据、元数据、数据质量等企业数据治理相关的体系和方法；
4.精通逻辑模型和物理模型建模、中间层模型理论以及多维模型的设计；
5.熟练使用shell、python脚本开发，精通mysql、oracle等数据库开发；
6.具有良好的洞察力，善于分析和解读数字，并将洞察分析和业务逻辑相结合；
7.具有良好的口头和书面表达能力，尤其是与非数据分析背景同事交流的能力，具有良好的团队协作精神。
        ",1,1,0,0,0
522,互联网数据分析实习生,尧信惠达,上海,50-150人,本科,不需要融资,金融,3.5,应届毕业生,,"[""14薪"",""专项奖金"",""带薪年假"",""国企背景""]","
        岗位介绍：
1、负责数据分析；
2、其他上级主管安排的工作。

任职要求：
1、985/211学院在校本科或在读研究生，数学、统计学、计算机等专业优先；
2、熟悉常见的机器学习算法和至少一种编程语言；
3、具有数据敏感性敏感性，逻辑严密，分析思路清晰；
4、工作认真负责，具备较强的沟通协调能力，有责任心；
5、能保证每周3-4天。

你将获得：
1. 团队领导的亲自培养；
2. 直接参与核心项目的机会；
3. 稳定快速的成长曲线；
4. 优秀实习生预备录用。

薪资待遇：
日薪150元/天，优秀者可适当增加。

",0,0,0,0,0
523,游戏数据分析,分众游戏,上海,2000人以上,本科,上市公司,游戏,12.0,1-3年,"[""试用期上社保"",""试用期上公积金"",""年底双薪"",""定期调薪"",""一年调薪1次"",""地铁周边"",""5险1金"",""早十晚七"",""试用享转正工资""]","[""年底双薪"",""股票期权"",""带薪年假"",""扁平管理""]","
【岗位职责】
1、负责游戏日常数据监控、预警和分析工作，对产品调优、产品运营提供有力数据支持；
2、根据公司产品运营需求，对现有数据平台进行整理完善，定期完成日、周、月数据报表；
3、游戏活动以及功能分析，输出数据分析报告，为运营策略提供数据支撑和有效建议；
4、主导和协同数据挖掘和用户调研，进行更深入的数据和用户研究。

【任职要求】
1、本科及以上学历，1年以上游戏或互联网数据分析经验；
2、数据逻辑清晰、数据敏感度高，计算机、数学、统计学专业优先考虑；
3、熟练使用sql语句，实际工作中可直接查询数据库完成需求数据的提取
4、熟练掌握excel、spss、r、sas等其中一种分析工具，完成数据处理，输出数据分析报告；
5、执行力强，高效，细心，能承担压力；
6、具有良好的沟通、表达能力及团队协作精神；
7、热爱游戏，熟悉游戏研发或运营流程优先；
",0,1,0,1,1
524,数据分析实习,联元智能科技,上海,50-150人,不限,A轮,数据服务,5.5,应届毕业生,,"[""绩效奖金"",""带薪年假"",""补充公积金"",""年底双薪""]","
岗位职责
1、 与市场/业务开拓人员配合，参与客户沟通，理解业务需求，理解数据环境，界定数据分析问题，并制定数据分析方案；
2、 与数据开发及etl人员配合，从数据库、服务商或用能企业方，获取数据，并进行相应的数据准备；
3、 深入理解业务需求，基于业务数据进行数据探索、特征提取，选择分析方法或模型，并形成符合业务的分析结果；
4、 与需求部门协作，编写分析报告及其他交付成果，并协助实现数据价值应用；
5、 配合数据开发工程师，完成模型部署后的业务验证、反馈。
岗位要求
学历要求：硕士及以上
专业要求：统计学、数学、应用数学、计量经济学或其他量化分析相关专业，电力背景优先

 
 岗位要求：
 
1、 工作地点在上海或嘉兴，实习岗位要求2周内入职，实习期2个月上。
 
2、 学习能力强、逻辑严谨简洁、工作独立负责、语言流畅（书面、口头）、能够有效阅读中英文文献；
 
3、 熟悉数据结构，熟悉数据探索方法，熟悉数据清洗、降维等数据准备过程，能够结合业务场景和数据条件有效完成数据清洗、数据描述和数据准备；
 
4、 熟悉回归、分类、聚类、关联规则、时间序列、神经网络、决策树及其他常用统计分析和数据挖掘技术，了解其算法原理和适用性，能够根据应用场景选择适当的方法，并通过数据分析工具实现；
 
5、 能够准确把握数据特征，并有效地对数据和分析结果作可视化展示，tableau为必须技能；
 
6、 能够熟练使用至少一种主流关系数据库及结构化查询语言，对hadoop, spark, hive等大数据架构、环境及数据仓库有所了解；
 
7、 熟练掌握python、r、sas、matlab等数据分析工具中的至少一种。
",1,1,1,0,1
525,数据分析实习生 (MJ000174),七牛云,上海,150-500人,本科,D轮及以上,数据服务,6.5,应届毕业生,,"[""年底双薪"",""节日礼物"",""技能培训"",""年度旅游""]","
工作内容：
1、完成数据的清洗整合，日常业务数据整理分析，制作日报、周报及月报，善于制作分析模板；
2、监控跟踪运营数据并提供分析报告，推进数据工作的发展；
3、积极参与运营与产品部门的日常工作及活动，公司活动数据实时播报；
任职要求：
1、 大学本科或以上学历，统计学，数学或计算机专业优先；
2、 对数据具有高度的敏感度和警觉性，较强的逻辑分析能力和文字表达能力；
3、 熟练掌握 excel、sql，有 r、python 等编程语言的使用经验者优先；
4、参与过数学建模优先；
5、强烈的责任心及抗压能力，工作细致有条理，善于学习，具有良好的团队合作精神；
6、良好的沟通及协调能力，思维灵活，思路开拓，乐观开朗；
7、至少3个月的实习期，可长期实习的学生优先；
注：
1）求职学生可添加七牛云2020春季实习生招聘群（群号：*********）；
2）请务必发送好友验证为“姓名+学校+专业+年级”，例：牛小七+南京大学+计算机+大三；
3）以便于同学们实时同步七牛校招最新信息，并与hr小姐姐实时交流。
",1,1,0,1,0
526,数据分析师,上海嘉银金融科技股份有限公司,上海,500-2000人,本科,上市公司,金融,20.0,1年以下,,"[""年底双薪"",""节日礼物"",""技能培训"",""绩效奖金""]","
        岗位：数据分析师（产品数据方向）
主要职责：
1、支持信贷c端产品线的日常数据分析工作；
2、通过对用户行为类数据和业务数据的敏锐洞察以及定性和定量的专题分析，迅速定位内部问题、发现潜在机会，并提出解决方案，推动落地；
3、优化和完善所属方向的数据分析框架，建立完善的指标监控体系，推动业务数字化，并及时发现问题，并协调资源进行跟踪和深入分析，推动解决问题。

任职要求：
1、本科以上学历，统计学、数学、计算机、市场营销等相关专业；
2、2年以上业务分析、咨询分析经验；
3、具备较强的总结汇报能力，能做出深入的业务专项数据分析，并形成数据分析报告；
4、擅长跨部门沟通合作，推动解决业务问题，有大项目经验加分；
5、熟练使用sql、excel、ppt，掌握分析工具如r、spss、sas、python等加分；熟悉业界分析工具如tableau、powerbi等加分；
6、熟悉大数据用户行为分析产品和工具，熟悉无埋点原理，。熟练使用过至少一款用户行为分析工具（growingio、神策、talkingdata、友盟等）。

",1,1,1,1,1
527,品牌营销策划（数据分析）,上海莫凡,上海,50-150人,本科,不需要融资,电商,12.5,3-5年,,"[""五险一金"",""餐饮补贴"",""团建聚餐"",""项目奖金""]","
【需要你做这些】  1、通过与电商客户深入沟通了解客户需求，挖掘商业痛点并形成数据分析需求；  2、通过深入的消费者洞察，熟练运用各种分析工具为客户定制高度个性化的市场线上营销活动提供数据依据，以帮助客户更有效地与其顾客进行沟通；  3、以实现业务目标为导向，支持产品运营日常数据分析需要；深入分析挖掘数据，应用数据分析方法为产品运营以及广告投放策略提供方案与建议，跟踪执行效果；  为业务提供解决方案，能够引导产品运营团队应用正确方法框架进行基于数据的产品运营；  4、关注跟踪电商平台运营及市场营销领域的新玩法和技术发展趋势，跟踪竞争对手动态，分析对标竞争对手的产品组织市场策略等。   【希望你拥有】  1、统计学、数学等相关专业；有三年以上数据分析的经验或品牌企业运营经验；  2、具备统计学和数学知识，掌握sql、excel、ppt、spss、sas、python等优先考虑；  3、良好的数据和业务敏感度，具备商业产品数据背景优先能力强，能独立处理复杂情况下的数据专题分析；  4、良好的文档撰写能力，包括prd、调研分析报告等；  5、 熟悉数据工具，有投放/实际运营经验。   【我们为你提供】  1、朝九晚六，弹性上班制，周末双休；  2、试用期3个月，表现优秀可提前转正；  3、入职即缴纳五险一金，午餐补助，交通补助；  4、年终奖13薪起、旅游补贴、培训、年度体检、下午茶、生日会、团建等福利应有尽有；  5、优越的办公环境，氛围轻松，团队积极努力，同事友善热情；  6、团队年轻，内部扁平化管理，领导公正平等，有晋升机会。 
",1,1,0,1,1
528,商业数据分析师,醇馨信息,上海,2000人以上,本科,上市公司,金融,12.5,1-3年,,"[""绩效奖金"",""股票期权"",""年终分红"",""管理规范""]","
        岗位职责
1、建立推广投入产出指标体系、渠道水分监控体系，为推广投放策略提供数据支持； 
2、建立业务监控指标体系，为业务团队工作进行诊断并提供调整建议； 
3、配合产品运营团队做用户画像、精准营销推送、流失用户挽回等工作，协助运营团队提高产品日活及用户留存率； 
4、其他部门或领导的数据需求。

任职要求
1、本科及以上学历，211或985院校，数学、统计学、信息管理、计算机等专业优先； 
2、有较好的逻辑思维、学习能力与团队协作能力； 
3、能够熟练操作各种办公软件，尤其会运用ms excel、sql(hive)、python，有etl、爬数和数仓经验的优先； 
4、2-3年工作经验，可包含实习工作经历。
        ",1,1,0,1,0
529,数据分析师（算法方向）,平安金服,上海,2000人以上,本科,上市公司,金融,37.5,3-5年,,[],"
        工作职责：
1、负责构建用户标签体系框架，对海量用户行为、交易、公开数据等进行分析，挖掘用户行为特征；
2、针对行业关键客户/典型需求，负责大数据产品的规划，需求分析和产品设计和定义；
3、基于现有真实用户行为数据，能够从数据中发现用户的需求和业务场景；
关注大数据在金融及互联网应用相关方向的前沿研究，并将相关成果快速落地、产品化；监测
4、分析产品运营状况，持续优化产品功能改造和业务拓展方向，提出和落实产品优化改造方案。
撰写专题大数据分析报告。
任职资格：
1、精通spark r hive等软件，建模能力强，有大数据挖掘经历；
2、具备优秀的业务理解能力，对数字敏感，有较强逻辑分析与协调能力。
3、负责平台数据提取、数据挖掘及数据分析，具有良好的商业敏感度和优秀的数据分析技能，能够解决复杂的商业问题。
4、主动好学，具备良好的沟通合作技巧，较强的责任心及团队合作精神，并有一定领导经验
5、熟练掌握数据结构，操作系统，数据库原理等
6、熟悉深度学习和机器学习，能规划公司ai方向，并落实

",0,1,0,0,0
530,智能电商数据分析&amp;算法实习生,明略科技集团,上海,2000人以上,本科,D轮及以上,数据服务,4.0,应届毕业生,,"[""六险一金"",""年底双薪"",""绩效奖金"",""完成E轮融资""]","
        工作内容：
• 电商外送智能运营平台大数据分析和ai场景落地，包括算法探索开发调优
• 分析海量真实交易和用户在线行为数据
• 深入了解业务场景，探索ai在业务场景的实际落地，并通过数据分析，ai模型，验证可行性

任职要求：
• 全日制统招本科及以上学历，3-5年以上餐饮解决方案或互联网产品经理/ba经验
• 熟练掌握sql, hive sql, python
• 熟悉常用数据统计和分析方法，良好的数据分析能力，善于用数据进行分析、归纳、发现、解决问题
• 熟悉回归、分类、聚类、神经网络、图挖掘、nlp等一种或多种机器学习/深度学习算法及原理，有实际建模经验者优先
• 了解hadoop,hive,hbase,spark,storm,kafka或相关一种或多种大数据处理平台
• 了解至少一种编程语言： java、c等
• 熟练使用原型设计工具axrue, ms office,visio, xmind等办公软件
• 较强的逻辑思维，能准确把握需求，规划产品，有创新精神
• 较强的书面表达能力呵口头沟通能力，并独立完成各种文档的编写
• 工作积极、学习能力强，具有较好的沟通协作能力
        ",1,1,0,0,0
531,车辆数据分析专家,NIO蔚来,上海,2000人以上,本科,上市公司,硬件,27.5,3-5年,,"[""年底双薪"",""带薪年假"",""通讯津贴"",""交通补助""]","
        岗位职责：
-熟练掌握各种主流机器学习算法的基础上，分析不同的整车功能测试与释放业务需求；
-寻找并构建有效的整车功能测试与功能释放的行业解决方案；
-承担深度学习相关方面的核心算法的研究与实施、跟踪实验过程，从而提升算法模型的学习效果。

岗位要求：
-计算机、统计、数学或工程类相关专业研究生及以上学历；
-熟悉使用常用的数据分析方法和工具，对数据进行挖掘、统计、建模、分析等；
-熟悉基本的统计概念，能合理应用基本的分类和回归方法，有良好的数据验证习惯；
-在自然语言处理（nlp）、知识图谱、机器学习、文本挖掘、机器翻译、模式识别等领域有一定经验；
-熟练掌握各种深度学习工具；
-对新技术敏感，喜欢探索，有较强的创新意识与责任感；
-有较强的工程能力，对汽车电子功能感兴趣，有车辆功能测试相关数据处理经验者优先。
        ",0,0,0,0,0
532,BI数据分析师（浦东）,策推信息,上海,50-150人,本科,天使轮,数据服务,12.5,1-3年,,"[""带薪年假"",""午餐补助"",""扁平管理"",""五险一金""]","
        技能要求：sql，数据采集，数据挖掘，数据建模，python，行业分析

职责描述：1. 响应业务部门的数据分析、bi报表和数据提取需求，保证准确性、全面性和时效性；2. 定期追踪业绩及其他关键业务指标情况，通过数据分析，洞察业务动作，引领业务变化，提供决策基础；3. 配合项目需求，制定数据分析测试方案，追踪项目进度；
任职要求：1. 本科及以上学历，计算机、数学、统计、金融等相关专业；2. 熟练使用sql 有hadoop hive相关经验，有数仓架构经验更佳3. 熟悉埋点优化、具备拆解梳理业务流程的能力，有行为数据分析经验优先；4. 了解聚类分析、主成份分析（pca）, k-means, knn等分析方法，了解相关算法原理；5. 良好的沟通协调能力、自我学习能力和抗压能力。
        ",1,1,0,0,0
533,大数据工程师-数据分析,上海丙晟科技有限公司,上海,150-500人,本科,未融资,电商,18.5,3-5年,,[],"
        1． 能独立与相关业务需求方、技术系统负责人沟通，获得开发所需的各种信息；
2．通过编写sql等方式实现业务需求，完成数据建模处理加工；
3．参与相关应用项目的开发，完成上级领导分配的各项工作；
4．及时响应所负责系统的维护请求，提供开发支持，确保系统稳定、数据准确；

1、计算机或数学相关专业，本科及以上学历；
2、精通sql，懂hivesql 、sparksql的脚本调优，至少能熟练使用python、java、scala中的一门语言；
3、熟练使用大数据相关开源软件hdfs、hive、spark、hbase、flink等，有过dw与ba的任职经验；
4、具备优良的业务分析沟通能力，具备主动推进业务的意识和能力，具备良好的团队协作能力，能快速迭代和解决问题；
5、思路清晰、逻辑严密、能习惯性的用全局思维、价值思维去思考问题；
        ",1,1,0,0,0
534,中级数据分析师,新浪时金,上海,150-500人,本科,上市公司,金融,14.5,3-5年,,"[""技能培训"",""节日礼物"",""绩效奖金"",""年度旅游""]","
        职位职责： 
1、深入理解业务，负责运营数据分析工作； 
2、跟进运营数据需求，协助搭建日常报表； 
3、通过数据产出分析结果和运营策略。 


职位要求： 
1、数据处理能力强，熟练操作相关软件，熟练使用sql，可以使用 python/r中的一种或多种； 
2、有较好的数据敏感性，有互联网公司用户运营和数据分析经验者优先； 
3、了解并可以使用常见的数据挖掘模型；对数据敏感，有较强的逻辑思维，对商业和市场有一定洞察能 力。 
4、出色的项目推动及落地执行能力，优秀的团队沟通和协助能力
        ",1,1,0,0,0
535,数据分析/数据挖掘工程师,上海趣致,上海,150-500人,大专,C轮,电商,11.5,1-3年,,"[""带薪年假"",""通讯津贴"",""交通补助"",""绩效奖金""]","
        岗位职责：
1、 负责趣拿互联网平台的日常运营数据报表的定期或按需输出，例如用户数据报表、产品质量报表、收入报表等； 对关键业务指标进行人工或自动化监控。
2、 根据对业务的理解，梳理数据需求，建立业务模型；
3、 整理并固化产品运营周期的数据提供方案，根据方案向项目经理提供各种数据报告，管理业务数据统计平台；
4、 使用数据统计分析、数据挖掘工具，收集整理大数据信息，进行数据分析、建模；对关键分析思路进行产品化梳理，提供方案和建议以便优化产品、制定运营方案。
5、 协助完成活动结案报告及专题报告撰写。
有hadoop，spark平台部署和开发经验者优先。
任职要求：
1、有大数据处理、数据清洗、数据分析、数据平台搭建等相关工作经验优先。
2、掌握数学、统计学和计算机相关知识。
3、至少精通excel、r、sas等一种数据分析工具，对数据非常敏感，具有良好的分析报告撰写能力。
4、至少精通mysql、mongodb、 oracle等一种数据库查询语言， 掌握存储过程的编写，掌握高级编程语言者优先。
5、至少精通linux shell、python等一门脚本语言，拥有海量数据处理和挖掘、掌握分布式数据库环境hadoop者优先。
6、优秀的团队合作精神、诚实、勤奋、严谨，能够积极创新，乐于分享，勇于承担，负责敬业。
        ",1,1,0,1,1
536,数据分析师,莉莉丝游戏,上海,500-2000人,本科,不需要融资,游戏,16.0,3-5年,,"[""项目奖金"",""零食无限量"",""牛逼的同事"",""境外旅游""]","
岗位职责
1、帮助游戏业务的各个环节(研发, 运营, 发行)提供决策需要的数据分析支持；
2、提取, 分析数据信息, 并将分析结果以报表,报告形式展示；
3、通过数据分析, 对业务提出优化建议；
4、和业务相关的数据挖掘算法的实现和迭代优化。
岗位要求
1、思维清晰, 逻辑严谨, 有强烈的好奇心和自驱力,善于从数据中发现问题；
2、有良好的沟通能力和团队协作能力,可以与各业务部门顺畅合作；
3、熟练使用sql,python,r等常用数据分析工具和语言,熟悉常用的可视化工具；
4、熟练掌握常用统计分析方法和统计学习模型；
5、统计, 数学, 计算机相关背景; 有游戏, 互联网等相关行业的数据分析经验优先；
6、喜欢玩游戏, 理解游戏的业务逻辑优先。
",1,1,0,0,0
537,数据分析和市场研究员,宝申数字,上海,50-150人,硕士,未融资,软件开发,27.5,3-5年,,[],"
        职责描述：
1、负责商业数字化、智慧零售的数据分析工作，包括数据提取、清洗、计算、分析和报告等工作；
2、根据业务需求，搭建数据分析模型和预测模型，对商业数字化产品进行研究，深入挖掘用户行为、产品、体验等数据价值，包括但不限于消费者分析、竞品分析、市场分析、营销效果分析等，并能为后续运营提供优化建议；
3、 建立并持续优化商业数字化理论体系和分析模型，提炼数据产品需求，赋能业务方法论升级，并推进方案落地执行；

任职要求：
1、985、211高校硕士以上学历，经济学、管理学、统计学、数学、计算机等相关专业优先；
2、具备数据分析和数据挖掘经验，掌握数据分析方法、数据建模知识，能将相关方法应用于实际工作；
3、至少掌握一种编程语言，熟练使用至少一种分析软件（spss、r、python、sas、matlab、stata）；
4、具备券商行业研究、智慧新零售行业或电商行业数据分析工作经验者优先；
5、具备良好的沟通技巧和表达能力，并有较好的报告撰写能力。
        ",1,0,0,0,1
538,商业数据分析,MarcPoint,上海,50-150人,本科,A轮,电商,12.5,1-3年,,"[""活力氛围"",""扁平管理"",""五险一金"",""弹性工作""]","
        岗位职责：
1、理解公司内部或客户的洞察需求，利用结构化和非结构化的大数据进行消费者洞察分析；
2、分析消费者群体的类别、心理及行为规律，撰写洞察报告，为制定市场定位策略、沟通策略、品牌营销策略等提供有价值的洞察发现；
3、独立/或在指导下，理解公司内部或客户的洞察需求，撰写计划书；
4、优化数据分析方法和流程，建立项目分析方法论，提升工作质量和效率。

岗位要求:
1、全日制本科及以上学历，统计学、数学、市场营销、心理学等商科类相关专业；
2、3年以上互联网、快消行业市场、消费者、品牌研究部工作经验；有市场研究公司经验优先；
3、具备较强逻辑思维能力、商业敏感性、营销思维；优秀的信息收集、整合、分析能力；
4、有熟练的ppt excel 技能，如果了解sql、python，并进行数据分析者优先；
5、对ai和机器学习有一定的认识和理解；
6、自我驱动，有强烈的好奇心、责任心与团队沟通能力， 追求结果导向，有一定抗压能力；
7、相信大数据在市场营销领域的应用价值和前景，有消费者洞察项目/实习经验者优先。
        ",1,1,0,1,0
539,数据分析师,微创软件,上海,2000人以上,本科,不需要融资,企业服务,20.0,1-3年,,"[""绩效奖金"",""带薪年假"",""定期体检"",""弹性工作""]","
        项目介绍
微创软件与保时捷中国合作进行数字化应用和其他前瞻性创新服务方面的开发。保时捷作为享誉世界的奢侈汽车品牌，其产品在设计美学、动感和动力性能、技术含量和整体品质等方面都具有丰富的产品内涵。微创和保时捷一起着力在互联移动性、客户数字化体验、智能移动性等领域合作，将全新数字化技术引入到产品和服务、客户体验、贸易手段以及公司内部系统中。
must have:
- 1年以上数据分析经验，熟练使用数据统计工具(ga, growingio等)和excel，有能力对数据及数据指标进行解读，可通过对数据的分析，可以将数据转化为“生产力“，解决产品和商业的问题。有好的presentation skill和跨团队跨部门的协作能力。
- 1-3年业务分析经验，可以辅助product owner, product management, business operation制定产品roadmap, 用户体验的持续优化, 和业务运营效果的不断提升
- 1-3年c端市场营销或电商相关产品设计或运营经验。熟悉微信小程序。
- 熟练的英文读写。

plus:
熟练的英文沟通和会议能力
        ",0,0,0,1,0
544,BI-数据分析实习生（电商直播业务方向）,只二,上海,150-500人,本科,B轮,电商,4.5,应届毕业生,,"[""高于行业薪资"",""职位晋升"",""扁平管理"",""餐补、租房补""]","
我们希望你是你这样的小伙伴：

1.大四在校生；专业：统计学，数学，计算机等相关专业；想要从事互联网行业，理解数据的商业价值；
2.对电商行业以及直播方向感兴趣，对互联网用户行为分析有一定兴趣和了解；
3.能够根据数据变化以及行业趋势，用户心智提出观点和建议；
4.熟悉各大社交平台，如：（小红书，抖音，b站等app ）；
5.工作态度积极认真，爱独立思考，沟通能力及理解能力强，逻辑清晰，有耐心；
6.了解基础互联网指标体系，如：pv/uv/gmv/ctr/roi/转化率/留存率等；
7.纯熟地excel 数据处理能力，有一定sql基础以及第三方数据产品使用基础最佳（如：tableau/ga/友盟/神策等）

我们会提供：
1.高于市场的薪资的水平；
2.留用机会以及完善的发展晋升空间；
3.各类福利补贴及舒适的办公环境。


",0,1,1,1,0
545,高级数据分析师,平安好学,上海,2000人以上,本科,C轮,教育,13.0,3-5年,"[""免费下午茶"",""免费体检"",""地铁周边"",""晋升机制""]","[""技能培训"",""年度旅游"",""岗位晋升"",""扁平管理""]","
职位描述：
1.统计学、应用数学、经济学、应用心理学毕业，三年以上工作经验；
2.熟悉资料库操作、数据挖掘、机器学习领域，且有实际作品者；
3.能建立模型解决问题，具有系统性思维，做事逻辑清晰有步骤，善于规划流程sop；
4.了解数据库后台设计，能与程序员沟通，产出自动化报表，优化数据平台、不断优化完善运营报表、搭建高效率dashboard提升运营管理效率。

任职资格：
1.擅长工具：excel, tableau, ms sql, outlook, visio, r；
2.工作经验3年以上；
3.具备独立思考能力、系统性思维，目标导向人才，勇于改变现状，工作追求结果而非过程；
4.细心，无法忍容分毫错误；追求逻辑分类的穷尽；习惯以数字进行客观判断；
5.本工作非每月重覆固定内容之工作，工作需具备高度的思考、规划及落地执行的能力；
6.习惯系统性的团队管理，提倡高效率、有话直说、说到做到、执行力是一切的团队文化。未受过职场强度挫折及玻璃心勿试；
7.认同客户是老板的工作理念。
",0,1,1,1,0
546,数据分析师,北京理享家,上海,150-500人,本科,D轮及以上,金融,9.0,1-3年,,"[""年底双薪"",""技能培训"",""绩效奖金"",""岗位晋升""]","
岗位职责：
1、承担需求调妍、数据分析、数据挖掘、数据提取等相关工作
2、按时保质地完成领导交办的各项工作任务，确保工作质量和进度达到目标要求
    
任职要求：
1、熟练使用一种或几种分析统计及数据挖掘工具，如：python、r等。对用户需求进行采集并实行相应的调研及分析 
2、能将各类业务需求转化为适合的数学模型 
3、能熟练编写各类业务需求分析、数据分析文档，文档的样式整洁、描述清晰、完整的覆盖分析要求
4、有工作热情和责任心，敢于承受较强的工作挑战
5、工作细心、耐心，具有出色的逻辑能力和对数据的敏感度，思维严谨
6、有较强的理解能力、沟通能力及语言表达能力
7、统计学、计算机等相关专业大学本科（含）以上学历（有证从，基从者优先）；
",1,0,0,0,0
547,高级数据分析师,脉策科技,上海,150-500人,硕士,B轮,数据服务,15.0,不限,,"[""股票期权"",""定期体检"",""弹性工作"",""扁平管理""]","
        职责描述：
1、运用严谨的数学逻辑和思维，解构传统经验主义的研究思路，研究城市发展及房地产市场运行的规律。
2、对业务问题进行拆解，通过数学模型对业务问题进行重构，使用经典统计学模型和机器学习模型进行建模工作，输出稳定的、有价值的业务决策建议。
3、对海量多维度的时空大数据进行分析，挖掘有价值的信息，沉淀对于房地产、城市宏观等方面的独到观点。
4、配合横向团队，将模型结果和分析结论转化为产品，对产品性能进行评估，并提出可行的优化迭代方案。
5、机器学习、深度学习、时间序列、时空分布、自然语言处理等前言技术的研究和创新。

职位要求：
1、硕士及以上学历，计算机、数学、统计、地理信息、城市规划等相关专业；或两年以上数据分析从业经历。
2、能够独立完成问题解构、数据寻源、数据治理、模型搭建、性能优化等工作。
3、扎实的数据分析、机器学习等理论知识和丰富的实践经验。
4、熟练掌握sql、python或r语言。

加分项：
1、有空间数据处理经验的优先，如arcgis、qgis、postgis、mapbox、leaflet等。
2、熟悉地产业务知识、城市研究的优先。

你能收获的：
1、dataatlas上手机会，如果你使用过carto或者tableau，你会发现脉策自主开发的dataatlas也毫不逊色。
2、轻松愉快、相互成就的工作氛围。
3、在业务实战和专业培训中不断修炼，构建体系化的知识网络。
        ",1,1,1,0,0
548,数据分析师,掌门1对1在线教育,上海,2000人以上,本科,D轮及以上,教育,18.0,3-5年,"[""免费体检"",""地铁周边"",""5险1金"",""父母赡养津贴""]","[""技能培训"",""节日礼物"",""绩效奖金"",""岗位晋升""]","
职位描述：
1. 对新媒体推广业务数据进行处理和分析，以目标为导向，主动从业务角度出发，利用数据发现业务问题，并提出具体、可落地的优化方案，推动业绩增长；
2. 快速并充分理解业务，参与搭建自动化监控及可视化体系，用数据来体现业务工作的水平；
3. 数据体系和数据报表的维护和搭建，以及日常运营数据的监控和分析、确保各指标、各数据的准确性及有效性，能及时定位并修复异常数据问题；
4. 建立渠道推广业务逻辑模型，帮助部门提升运营管理效率；
5. 支撑业务同事的临时数据需求；
 
任职要求：
1. 2年以上相关工作经验，统计学、计算机、市场营销、经济学等相关专业，全日制本科及以上学历；
2. 熟悉微信公众号、抖音等新媒体推广方式，具备在线教育、电商平台、o2o等行业的用户运营和渠道推广方向的数据分析/数据挖掘/数据运营等经验；
3. 熟练掌握python进行数据处理及分析，熟悉python数据类型、数据结构和常见工具包；（pandas/numpy/datetime/os），在日常工作中有1年以上使用经验，必备项；
4. 熟练掌握sql，熟悉mysql，有hive实践经验优先；
5. 了解主流bi可视化工具，有tableau、powerbi经验者优先；
6. 具备数据敏感性和探知欲、分析、解决问题的能力；
7. 目标导向，工作认真、负责，具有良好的沟通与协作能力及较强的工作责任心。
",1,1,1,0,0
549,数据分析师,百姓网,上海,500-2000人,本科,上市公司,移动互联网,15.0,3-5年,,"[""节日礼物"",""带薪年假"",""租房津贴"",""妹纸美""]","
        我们是谁：
花样百姓是百姓网旗下“50后青年”时尚生活方式平台，致力于发展更多适用于银发人群的社交及学习场景，建立了针对服务于垂直人群的直播平台。并希望用直播的方式去引领中老年更多元化的生活方式。
在未来5到10年里，新需求，新供给，新业态，新商业模式将推动我国‘银发经济’的蓬勃发展，花样百姓希望做为中老年时尚生活方式的引领者，能够为银发用户提供更优质，更个性化的体验和服务， 促进消费升级，提高社会对广大银发用户的关怀和重视。
工作职责：
1.负责业务目标策略拆解，搭建业务运营在线报表体系，支持业务决策，产品，运营优化迭代；
2.负责创建用户增长分析体系，基于场景输出业务洞察及目标人群属性，支持业务目标达成；
3.负责创建品牌市场大型活动，常规活动运营分析体系，输出洞察，支持活动迭代和项目目标达成；
4.基于应用场景，结合中长期规划，完善数据打点体系，与dw合作构建高效的基础报表体系。

任职要求：
1.本科及以上学历，计算机，数学，统计（包含社科类统计）相关专业优先;
2.3年及以上互联网行业数据分析经验，有社交网络，品牌市场营销分析经验优先（经验潜力佳的1-3年也可）；
3.精通sql等数据查询语言，熟练使用r/python中的一种进行数据分析和挖掘，熟练使用ppt等进行分析报告呈现；
4.具备较为完善的结构化思维，能够对复杂的变量及关系进行结构化提炼，总结，表述。
        ",1,1,0,0,0
550,高级数据分析师,叽里呱啦,上海,500-2000人,本科,B轮,教育,20.0,3-5年,,"[""年底双薪"",""带薪年假"",""出国旅游"",""没有996""]","
        用户体验方向

1. 深入了解业务，搭建完善的用户体验数据监控体系，有效披露业务进展与风险

2. 从市场环境与用户体验出发，分析洞察影响用户体验的问题，提出有价值的业务机会，支持业务决策

3. 独立承担负责的分析任务，擅于运用各类数据分析技术和方法论，实施深度用户体验数据诊断，并能沉淀关键的分析思路，推动产品化进程

4. 积极进行跨部门沟通与协调，主动推动用户体验改善，提升用户满意度



任职要求：

1、希望你是211/985理工科本科及以上学历，3-5年工作经验；

2、希望你对数据敏感，有理工科专业背景；

3、希望你对业务问题充满好奇心，关注细节、刨根问底；

4、希望你善于与人沟通
        ",0,0,0,0,0
551,数据分析师,55海淘,上海,150-500人,本科,上市公司,电商,22.5,3-5年,,"[""股票期权"",""带薪年假"",""绩效奖金"",""岗位晋升""]","
职责描述： ●快速并充分理解产品和业务，构建分析指标体系； ●对业务相关的内外部数据高度敏感，擅长针对公司业务相关进行内外部信息收集、数据整合、研究分析； ●能具体策划和实施用户研究等 (互联网)市场调研活动； ●进行数据可视化呈现，运用图表有效表达分析观点，在数据报告中给出分析结论及策略建议； ●快速高质完成(中)英文数据分析报告，以提供或售卖给第三方参考使用。   职位要求： ●全日制本科及以上学历，数学、统计、市场营销、心理学、社会学等相关专业，具备优秀的英语读写能力； ●3年及以上数据运营、商业咨询、数据分析等相关工作经验，具备数据提取、校验、异常排查、可视化分析和总结归纳能力；熟悉有关市场调研、数据收集、清洗整理和分析相关的一整套流程和方法； ●有市场调研或咨询行业背景，尤其是互联网行业研究经验者优先； ●熟练使用sql，熟悉spss、python、tableau或power bi等分析工具，优秀的excel、ppt等office软件应用技能，数据可视化经验丰富，数据分析技能与报告呈现能力优秀； ●良好的逻辑思考能力、学习能力、沟通协作能力，责任心强。
",1,1,1,1,1
552,数据分析专家,虎扑,上海,500-2000人,本科,D轮及以上,文娱丨内容,37.5,3-5年,,"[""上班看球赛"",""运动俱乐部"",""大神分享会"",""节日礼物""]","
        1、负责部门层面的业务分析工作，通过对数据的收集、统计分析与利用，编制分析报告，提出业务管理的2、跟踪业务/重点项目的发展变化，对业务经营发展状态进行监控分析，提出策略建议报告；3、商业嗅觉灵敏，善于沟通，能够深入了解业务、挖掘业务问题和痛点，通过数据分析为业务决策、产品方向、运营策略提供数据支持；4、研究运营数据和用户反馈，挖掘用户需求，发现运营中的问题并给出解决方案；5、通过专业分析，对业务问题进行深入分析，为公司运营决策、产品方向、商业策略提供数据支持。任职要求：2、具有快速学习和思考能力，优秀的商业分析能力、敏锐的数据洞察力、结构化思维能力；2、5年以上相关工作经历；3、了解hadoop，对大数据的整体流程有较完整的认知体系；4、熟练运用sql、excel，数据可视化工具tableau、finebi，ppt技能优秀。5、优秀的分析问题和解决问题的能力，能够把合理的思路成功应用于实践













",0,1,1,1,0
553,数据分析师,上汽大通,上海,500-2000人,本科,未融资,其他,13.5,1-3年,,[],"
        一、工作职责： 
1. 根据企业数字化转型要求，负责业务数据化工作的日常推进及管理；通过数据化项目，提高业务数据在线完备率；重点关注项目过程中产生的各类流程、管理、组织问题，形成推进清单跟踪解决。
2. 构建业务数据分析体系，帮助确定各项业务数据指标，负责kpi核心指标体系的完善和持续跟踪工作；
3. 深入了解业务需求，为相关业务提供数据支持，包括数据提取、指标定义、数据建模、数据可视化开发等，满足业务部门的日常数据需求； 
4. 深入理解业务系统数据、表结构及业务逻辑；更合理的整合数据，设计数据模型，在数据仓库基础上设计数据集市；根据业务的关注点和分析需求，将数据归纳、整理、划分为不同的主题域，并进行面向主题的数据模型设计；
5. 通过业务数据的分析及洞察，发现业务问题、机会、风险，指导业务的迭代优化；通过数据挖掘、算法应用构建业务模型及数据模型，赋能业务效率提升及业务模式创新，实现数据价值变现；
6. 在公司范围内宣传数据理念，推进数据尖兵项目，组织数据分析相关技能培训，帮助业务部门提高数据处理技能； 
 二、岗位要求
1. 学历要求：大学本科以上
2. 专业要求：数学，统计，计算机相关专业
3. 年龄要求：25－40岁
4. 热情开朗，沟通能力强，有团队合作精神
5. 3年以上数据库、sql、帆软等相关经验优先
6. 有营销、运营、产品、财务等相关数据分析经验优先
7. 具有汽车行业背景，熟悉售前、售后相关业务者优先
        ",0,1,0,0,0
554,数据分析,微创软件,上海,2000人以上,本科,不需要融资,企业服务,11.0,1-3年,,"[""绩效奖金"",""带薪年假"",""定期体检"",""弹性工作""]","
        岗位：bi工程师（数据分析方向） 

与微创软件签合同，在客户方蒂森克虏伯工作 

工作地点：松江工业园区佘三分区勋业路2号 

这是客户方蒂森克虏伯的链接参考：https://www.thyssenkrupp-elevator.com.cn/cn/company/about-us/，蒂森克虏伯集团起源于1811年，是一家多元化的工业集团，全球近78个国家的约16万名员工，2018/2019财年，蒂森克虏伯集团的销售额约为420亿欧元。

项目介绍：负责利用微软商业智能平台和其他领先的商业智能技术提供数据仓库和商业智能解决方案。 

具体需求： 
1.熟练使用微软power bi产品1年以上，开发熟练并有一定图表设计能力 
2.熟练掌握dax，了解power bi 后台设计 
3.熟练掌握在app.powerbi.com中对报表进行发布、管理、权限控制、gateway配置等操作 
4.有和业务人员沟通需求，并将需求转换成可视化图表的能力 
5.良好的编程习惯，熟悉代码规范和过程改进 


岗位职责： 
•支持数据管理和数据分析的数据准备 

•有敏捷方法学的经验和/或理解数据仓库的构建和支持优先 

•提供数据质量度量和异常报告 

•准备管理报告和仪表板 

•执行集成测试，推动用户验收测试，管理和解决技术问题。 

•根据直接主管分配的任务执行任务 

任职要求： 
•技术：power bi、sql、excel、access、power point、ms sql server、数据分析 

•学士学位 

•上进心强、学习速度快、团队合作精神强、责任心强、有品质 


任职要求（加分项）： 
•技术：java、vba、数据质量工具（talend、informatica等）、etl工具（例如ssis、talend、azure data factory）、sap ecc、sap bw 

•其他：数据管理知识、azure平台经验 

•熟悉python、tensorflow/r语言 

•良好的英语口语和书面表达能力

",1,1,0,1,0
558,数据分析实习生,趣头条,上海,500-2000人,本科,上市公司,文娱丨内容,4.0,不限,,"[""专项奖金"",""带薪年假"",""弹性工作"",""管理规范""]","
        岗位职责
1、 与业务方沟通相关需求，承担基础数据统计、数据分析、数据可视化等数据工作；
2 、进行商业数据分析、理顺业务数据链路和指标框架、深入专题分析，为公司运营提供数据策略支持；
3、与业务部门协作进行数据分析工作，推动部门的数据化运营；
4、对数据有敏感性，能够对数据进行深入分析，撰写周报、月报等报告

任职要求
1、 本科或硕士以上学历，统计、数学、计算机相关专业；
2 、熟悉sql/数据库/hive，精通r/python进行数据分析建模；
3、具备良好的沟通过能力；
4、具备良好的数据敏感性以及分析思路；
5 、了解互联网业务数据 或在互联网公司实习过优先；
（4~6个月长期实习优先）
        ",1,1,0,0,0
560,数据分析师,久谦咨询,上海,50-150人,本科,未融资,企业服务,16.0,不限,,"[""专项奖金"",""带薪年假"",""绩效奖金"",""定期体检""]","
【职位描述】：-能够在多变的客户环境及系统中准确获取、加工、分析高度复杂的数据；-负责etl处理、代码编写、数据仓库的建立及维护、数据可视化的实现。

【任职资格】：-计算机科学、应用数学、统计学、经济学、物理学、天文学、商业分析、信息系统、数据科学或相关本科或以上学历； -良好的团队合作精神与沟通能力，做事细心认真。

【技能要求】：-具备etl、数据统计的相关经验，对spark有一定了解；-能够熟练使用数据分析相关工具平台（python\sql）；-有英语阅读能力。

【公司介绍】： -麦肯锡和华为惠普联合团队• 由多位前麦肯锡合伙人以及华为惠普核心工程高管联合创立，打造精品管理咨询传承与科技创新品牌• 同时拥有优质咨询项目资源、丰富咨询经验，及数字化赋能的精尖技术能力，建立从咨询建议到产品/解决方案的全面商业服务模式• 约300位咨询顾问、数据科学家、软硬件工程师常驻北京上海和成都
-多行业多商业领域覆盖•主要服务于企业客户，通过结合管理咨询、大数据分析、算法建模与工程落地的能力帮助企业客户实现业务增长•行业覆盖消费品、零售、金融、互联网、医疗与媒体等•与多行业领先企业深度合作，建立长期合作关系，如沃尔玛（获沃尔玛年度最佳供应商称号）、欧莱雅、联合利华、中国农业银行、腾讯、京东、美团等
-精尖的数据分析/算法/工程师团队• 具备数据清洗与挖掘、算法模型和语义分析方面行业领先技术水平与能力• 具备根据客户业务方向搭建中台/后台的工程技术能力与丰富的项目经验• 具备广受行业认可的成熟产品（含已申请专利技术），帮助客户实现数据驱动的效率提升
-富有竞争力的职业发展与薪酬福利保障•注重人才培养，提供定期培训分享及深度参与项目机会，加入团队的年轻小伙伴们再也不用担心自己沦为职场“小螺丝钉”•注重员工成长空间，每年二次全员review，半年即有机会享受升职加薪•注重福利保障，包括：五险一金、全额理赔商业补充医保、超长带薪年假、超长带薪病假、书费报销、打车报销、无限量零食饮料畅吃、国内外团建旅游等
",1,1,0,0,0
561,03325C-数据分析师,平安产险,上海,2000人以上,本科,上市公司,金融,25.0,3-5年,,"[""绩效奖金 "",""五险一金 "",""带薪年假 "",""年度旅游 ""]","
        工作职责
1.深入理解业务，从数据中挖掘业务特征和潜在机会，给出有效的行动建议并推进业务发展
2.通过大数据分析与数据挖掘建模发现数据背后的市场方向、规律、短板，为业务决策提供依据
3.对接数据需求，及时准确地提供数据支持
4.运营推广数据研究成果，推动数据在实际业务经营中的应用
任职要求
1.本科及以上学历，精算、数学统计、计算机等相关学历，熟悉保险领域业务
2.精通数据建模，熟悉常用机器学习和数据挖掘算法，包括但不限于决策树、回归、gbdt等算法，精通sql/python/r等数据处理语言
3.以技术导向，对数据敏感，具有出色的数据可视化设计能力
4.有数据驱动的意识及主动性，敏锐全面的洞察力，清晰缜密的逻辑思维能力，以及独立的分析调研能力
        ",1,1,0,0,0
562,0831I0-数据分析岗,平安养老保险股份有限公司,上海,2000人以上,本科,上市公司,金融,27.5,1-3年,,[],"
        工作职责
1、负责健康医疗数据的加工、清洗、分析、挖掘、处理及可视化相关工作
2、配合建立健康档案架构、健康评测分析建模、模型评估
3、负责以图表、ppt等形式展示数据分析结果，撰写分析报告
4、结合数据分析结果，提出运营和市场营销建议，并促进消费转化
任职要求
1、病案管理、数据、统计学或相关专业，硕士及以上学历，211/985高校学历优先考虑
2、掌握数据统计/分析技术：python、sql、excel、spss等工具，至少熟练使用一种
3、具有良好的逻辑思维能力和统筹规划能力
4、医疗统计学、公共卫生专业及医疗分析工作经验者优先
        ",1,1,0,1,1
563,393148-资深数据分析师,平安医疗,上海,500-2000人,硕士,A轮,医疗健康,30.0,5-10年,,"[""绩效奖金"",""定期体检"",""带薪年假"",""管理规范""]","
        工作职责
1）在深入理解医保、医疗、商保等业务基础上，结合业务目标，构建分析模型，提供数据驱动的系统化的解决方案
2）根据业务需求建立数据分析模型，执行数据分析，提供数据分析结果
3）根据业务场景独立设计数据产品和算法、设计完成指标、标签体系建设
4）独立设计新产品，引领业务实现数据驱动方案落地
任职要求
1）有带领过项目团队、指导过项目成员完成大型项目开发经验
2）熟练使用excel，ppt，python，有较好的文字，数据，图表呈现能力。
3）能够对多个数据源的数据探索，特征选择、模型训练、模型评估，以及模型调优等工作，输出对应的文档、代码和报告。
4）具备大数据处理能力，熟练使用hive。
5）熟练使用python，熟悉多种数据建模、数理统计、数据分析、数据挖掘以及常用算法
学历要求：
1）计算机科学，统计学，数学，数据挖掘，信息技术等相关专业。硕士及以上 7年，博士5年
        ",1,1,0,1,0
564,数据分析师（产品方向）（上海） (MJ000257),袋鼠云,上海,150-500人,本科,B轮,数据服务,20.0,3-5年,,"[""股票期权"",""弹性工作"",""领导好"",""五险一金""]","
        1、以帮助客户发现业务问题、挖掘数据价值为导向，能深入理解客户业务需求与痛点，确定客户业务问题与目标，并给予有效的数据解决方案。
2、从客户业务需求场景出发，指导/协助客户完成多维度指标体系的梳理和建设，并能完成数据采集、管理、分析与应用全流程工作。
3、以解决客户问题为目标，结合行业经验与方法论，提供咨询服务和专题分析报告。
4、梳理客户成功案例，形成行业指标均值，沉淀领域知识，形成知识库。


岗位要求：
1、本科及以上学历，3年以上数据分析工作经验，统计学/数学/计算机相关专业。
2、有过互联网大数据应用的工作或项目经验，良好的数据敏感度，能从海量数据提炼核心结果，有丰富的数据分析、挖掘、清洗和建模的经验。
3、独立完成业务问题挖掘，需求沟通确认，分析指标体系设计，以及分析场景展现。
4、有良好的沟通表达和项目协调能力，具备极强的学习能力和自我驱动意识，能够发现问题并解决问题。
5、熟练使用oracel、sql、hivesql，熟悉python/r分析工具，掌握tableau、帆软、datav等可视化工具，掌握axure优先。
6、有较强的抗压能力，岗位需要阶段性出差。
        ",1,1,1,0,0
565,高级数据分析师（GA &amp; GTM）,飞书深诺,上海,500-2000人,本科,D轮及以上,社交,20.0,3-5年,,"[""技能培训"",""扁平管理"",""五险一金"",""弹性工作""]","
岗位职责：
1、培训客户部署和实施google analytics、gtm等网站监测工具，解决数据监测过程中的疑难杂症；
2、监测网站运营数据，提供数字化运营分层策略及运营策略；
3、利用开源工具定期为客户生产运营分析、 数据可视化的报表；
4、为公司标准化产品提供策略支持。

任职要求：
1、电子商务、计算机等相关专业本科及以上学历
2、了解html、javascript等前端语言
3、精通在线数据监测的技术环境，进行数据监测的规划并实施；
4、熟练掌握数据平台的api接口，可运用适当的语言导入/导出数据，执行多数据平台的对接；
5、熟悉数据库的技术原理，可以协同数据库工程师完成数据采集和接口维护
6、有对数字化运营的深刻理解；
7、较强的表达能力和较强的学习能力。
",0,0,0,0,0
566,Data Analyst 数据分析,必立弗音乐（上海）有限公司,上海,500-2000人,本科,不需要融资,文化娱乐 广告营销,12.5,3-5年,,"[""弹性工作"",""扁平管理"",""技能培训"",""五险一金""]","
        believe’s mission is to provide the best development for independent labels and artists with passion, innovation, care, and transparency. 

the ideal candidate is an experienced data analyst familiar with big data environments and tech/business relations

as a data analyst, you will be responsible for conducting research and analysis, structuring projects and managing data resources and preparing insights for business. 

the data analyst supports our data engineers, data scientists and business teams on data initiatives and will ensure optimal data is delivered

responsibilities 

• support manager to conduct in depth investigative & intelligence research by gathering various data and information
• develop and maintain bi dashboards and reports according to business requirements
• market size and market trends data mining by gather various data and information, verifying the credibility and quality of the information/data/sources
• analyzing information, drawing implications for our business
• coordinating research and working closely with data team in france
• support all it related activities in greater china 
• other adhoc assigned by manager

qualifications 

• bachelor’s degree or above in computer science or it related majors
• experience with visualization and analytics packages (power bi, tableau or similar) and development of mock-ups and dashboards.
• excellent planning and analytical skills, including logical problem-solving capability
• flexible and adaptable to running day-to-day program administration, while being systems and process orientated.
• self-motivated, pragmatic thinker, capable of working with a highly distributed team
• knowledge about music industry would be a plus

skills 
• big data, sql, python, data management, data quality, aws environment, ms office (excel macro, access, etc.)

",1,1,1,1,0
567,数据分析,爱可生,上海,150-500人,本科,不需要融资,数据服务,18.0,3-5年,,"[""技能培训"",""带薪年假"",""定期体检"",""五险一金""]","
岗位职责：
1.分析实际业务场景，指导数据分析项目实施
2.对航天业务数据进行分析统计，编制分析报表与报告
3.与业务人员沟通交流，发掘业务中数据分析的潜在需求，探索利用数据分析技术解决业务中的实际问题
4.对数据分析技术的发展趋势进行研究，探索将成熟的数据分析技术应用到航天业务中
岗位要求：
1.本科及以上学历，五年以上工作经验；
2.熟悉数据分析流程与方法，具有航天业务数据分析经验者优先；
3.熟悉航天业务，具有航天从业经验者优先；
4.具有良好的沟通表达能力、问题分析能力，能够准确把握行业技术状态和机会；
5.具备良好的责任心和团队精神。
",0,0,0,0,0
568,数据分析师,盛趣游戏,上海,2000人以上,不限,不需要融资,游戏,15.0,不限,,"[""节日礼物"",""带薪年假"",""定期体检"",""交通补助""]","
        岗位职责 ：
1、跟进游戏项目，满足日常运营数据需求，通过用户调研、数据埋点、流失分析等各个专项分析为版本调优提供支持； 
2、研究用户行为特征，挖掘用户需求、收入增长点，为运营决策提供数据支持； 
3、全面分析运营活动、游戏版本、市场活动等效果，为活动方案的优化提供数据支持； 
4、了解行业动态，对竞品进行深度调研，为新ip、新产品的引进与市场推广方向提供决策支持； 
5、通过文本挖掘，分析用户反馈和舆情数据，解决产品问题和分析竞品数据； 
6、根据业务发展完善数据分析体系和数据挖掘建设。
任职资格 ：
1、应用数学、数理统计相关专业，理论基础扎实，硕士以上学历，一年以上工作经验；
2、熟练使用下列数据库之一hive、sql server、oracel、mysql ；
3、熟练掌握至少一种分析工具或语言，r/python/spss ；
4、热爱游戏，对游戏行业有一定了解 ；
5、具备良好的逻辑推演能力、报告撰写能力、沟通能力以及团队合作精神 ；
6、能吃苦耐劳，富有创新精神，充满激情，乐于接受挑战 ；
7、对数据挖掘至少一个领域有深入研究的优先，比如： 统计/机器学习（回归(logistic)，聚类，时间序列，分类树，boosting，svm，random forest，神经网络等）。
        ",1,1,0,0,1
569,高级数据分析师,Gridsum 国双,上海,500-2000人,本科,上市公司,数据服务,15.0,3-5年,"[""购买社保"",""试用期上社保"",""免费休闲游"",""试用期上公积金"",""免费健身房"",""创新人才支持"",""免费体检"",""每月餐补"",""6险1金""]","[""节日礼物"",""年底双薪"",""带薪年假"",""午餐补助""]","
岗位职责：
1、可以独立带公司的系统客户的项目；    
2、利用国双自有的一系列监测工具采集、分析客户网站、app、媒体投放所生成的大数据；    
3、挖掘用户属性、访问行为、网站内容等数据，提出针对性的大数据解决方案；    
4、分析媒体投放前后端数据，全面识别媒体投放效果，提出投放调整建议；    
5、沟通数据监测需求，协调技术提供代码或定制开发，沟通客户部署代码，确保项目正常进行；    
6、学会并精通国双自有监测工具的操作使用，解答客户数据、系统工具使用疑问；    
7、给客户制作并讲解数据分析报告，提供在线业务优化等基于大数据分析的技术解决方案；    
8、给客户培训国双各监测工具。    


岗位要求：    
1、学历：本科或以上学历，计算机、统计、数理科专业优先；  2、工作经验：拥有3年以上广告/网站监测工具使用经验，ga或omniture网站分析工具公司经验者优先；    
3、综合素质：优秀的逻辑分析能力和良好的沟通互动能力，具有团队合作精神，执行力强；具有专业服务意识和工作热情，思路清晰，学习能力强，能承担较大压力；    
4、其他能力：精通office软件使用（word，excel和ppt），英语听说读写流利者优先。    
",0,0,0,1,0
570,数据分析师,上海算酷信息科技有限公司,上海,15-50人,本科,不需要融资,数据服务,8.5,应届毕业生,,"[""绩效奖金"",""弹性工作"",""技能培训"",""五险一金""]","
为大型集团总部提供全过程数据分析服务，良好教育背景、愿意学习、良好沟通协调能力。
",0,0,0,0,0
571,移动端数据分析师,哔哩哔哩,上海,2000人以上,本科,上市公司,文娱丨内容,27.0,1-3年,,"[""带薪年假"",""绩效奖金"",""交通补助"",""午餐补助""]","
        职位职责：
1、负责移动端后台数据分析、建模和评估；
2、负责执行a/b test实验分析，交付给研发侧分析结果，指导技术需求设计，同时探索需重点关注的量化指标；
3、负责相关后台工具的研发。


职位要求：
1、计算机，统计学，应用数学等相关专业本科及以上学历；
2、精通python，r，sql等的一种或多种，有大数据处理经验者优先；
3、热爱数据分析工作、具有高度的数据敏感性与洞察力，高效的团队协作及沟通能力；
4、喜欢挑战开放性问题，能综合运用计算机，统计学，心理学等知识，开创性解决问题。
        ",1,1,0,0,0
572,资深数据分析师,字节跳动,上海,2000人以上,本科,C轮,文娱丨内容,30.0,1-3年,,"[""扁平管理"",""弹性工作"",""大厨定制三餐"",""就近租房补贴""]","
        职位职责：
1、整体负责字节跳动旗下一款产品的各项数据分析相关工作；
2、对互联网某几项领域有深入的了解，能从行业趋势和产品形态等角度，给业务方方向与业务模式的建议；
3、全面分析各项影响产品提升与增长的因素，各项业务细节，结合业务方向，给出可落地的整体的产品优化方案；
4、与产品，运营，研发等配合。推进优化方案落地执行，带来业务的实际提升增长；
5、有机会带团队。

职位要求：
1、好奇心强，求知欲强，有钻研探索精神，对数据分析有强烈兴趣者优先；
2、有过成功业务优化经验者优先；
3、有互联网公司数据分析，产品经理，运营经理，策略经理等多方面经验者优先；
4、创新能力强，面对业务上各种新问题，能创造性的发明新的分析优化方案者优先；
5、性格严谨细致认真。
        ",0,0,0,0,0
573,数据分析师,字节跳动,上海,2000人以上,本科,C轮,文娱丨内容,22.5,1-3年,,"[""扁平管理"",""弹性工作"",""大厨定制三餐"",""就近租房补贴""]","
        职位职责：
1、根据用户行为等数据进行业务分析，帮助业务快速提升；
2、建设业务分析模型，不断评估和优化业务分析模型。
3、支持业务上各种统计分析需求。

职位要求：
1、数学、统计学、计算机相关专业优先，对数据分析有强烈兴趣者优先；
2、有it大数据分析经验，有大型互联网公司数据分析经验、互联网数据建模分析经验者优先；
3、有一线产品或运营业务优化经验者优先；
4、精通 sql，熟练使用 r/python 进行数据清洗、分析；
5、能快速理解业务，发掘业务细节和数据之间的联系；
6、掌握 tableau 等 bi 工具尤佳。
        ",1,1,1,0,0
574,数据分析经理,触宝,上海,500-2000人,本科,上市公司,数据服务,42.5,5-10年,,"[""美股上市"",""行业独角兽"",""年底双薪"",""绩效奖金""]","
        职位职责：
1、负责分析触宝国内外核心业务数据分析工作；
2、根据用户行为数据进行产品/增长/商业化相关分析，搭建指标体系，建立分析模型，建设并迭代报表体系；
3、与产品、运营、研发等紧密配合，推进落地带来业务提升；
4、独立完成专项分析，从数据处理分析、数据指标设计到方案评估的工作闭环。

职位要求：
1、本科及以上学历，数学、统计学、计算机相关专业优先，5年以上数据分析经验，1年以上管理经验优先；
2、熟练使用hive，精通sql/excel/python/r等工具；
3、具备结构化思维，较强学习能力和创造力，有用户同理心以及数据敏感度；
4、对统计学有较深的理解，有 growth hacking、ab 实验、数据建模经验者优先。
        ",1,1,0,1,0
575,高级/资深数据分析师,触宝,上海,500-2000人,本科,上市公司,数据服务,30.0,3-5年,,"[""美股上市"",""行业独角兽"",""年底双薪"",""绩效奖金""]","
        职位职责：
1、负责触宝国内产品的策略相关数据分析工作；
2、梳理业务核心逻辑，构建能够刻画业务当前状态的数据体系；
3、对互联网行业有深入的了解，能从行业趋势和产品形态等角度，给业务方方向与业务模式的建议；
4、全面分析各项影响产品提升与增长的因素，各项业务细节，结合业务方向，给出可落地的整体的产品优化方案；
5、区别传统回答问题型分析师，希望能够解决问题，针对一个业务方向，能够找出其中问题，产出策略，推动落地执行。

职位要求：
1、数学、统计学、计算机相关专业优先，3年以上相关工作经验；
2、好奇心强，求知欲强，有钻研探索精神，对数据分析有强烈兴趣者优先；
3、有互联网公司数据分析，产品经理，运营经理，策略经理等多方面经验者优先；
4、创新能力强，面对业务上各种新问题，能创造性的发明新的分析优化方案者优先；
5、性格严谨细致认真。
        ",0,0,0,0,0
576,商业数据分析师,驰骛科技ChiefClouds,上海,50-150人,本科,A轮,数据服务,22.5,3-5年,,[],"
        职位描述：
1、 负责与客户沟通数据分析需求，确定客户业务问题、目标及抓手，并给予有效的数据化解决方案；
2、负责项目中的的数据建模、用户标签体系建设及数据报表设计等；
3、分析用户行为，建立用户画像。

任职要求：
1、统招硕士或重点大学统招本科学历，商业分析、统计学、数学、经济学等相关专业，3年以上工作经验；
2、有扎实的统计学理论功底、掌握机器学习的理论及应用方法；
3、熟练使用sql，至少熟悉python/r中的一种；
4、良好的沟通能力及逻辑思维能力，能够快速解读和抽象业务问题；
5、良好的商业意识，挖掘业务问题和痛点，发现数据创造业务价值的机会；
6、良好的跨团队沟通及推动能力，强烈的主驱动意识；
7、勇于创新并拥有持续学习的动力。
        ",1,1,0,0,0
577,高级数据分析师,安居客,上海,500-2000人,本科,上市公司,移动互联网,17.5,3-5年,,"[""年底双薪"",""绩效奖金"",""带薪年假"",""五险一金""]","
工作职责：
1、 支持各种常规或临时数据分析需求；
2、 提供各类业务相关的分析及建议；
3、 通过建模深入挖掘用户或产品方面的有价值的信息；
4、 和各部门沟通协调需求并提出各种新的数据分析项目或方案；
5、 持续地改进数据采集、处理、分析、报告等各个流程上的工作。
职位要求：
1、数学、统计、计算机及相关专业本科以上学历；
2、 热爱互联网，喜欢产品；思路活跃，逻辑清晰，快速学习，善于表达；
3、 优秀的洞察力，分析及解决问题的能力；
4、 熟悉一种或者几种数据分析方面的工具，比如sql、business objects、
microstrategy、excel(vba)、spss、sas等；
5、 熟悉一种或者几种主流数据库, 如mysql、oracle、ms sql server 、teradata等；
",0,1,0,1,1
578,数据分析师（新客运营中心）,上海嘉银金融科技股份有限公司,上海,500-2000人,本科,上市公司,金融,20.0,3-5年,,"[""年底双薪"",""节日礼物"",""技能培训"",""绩效奖金""]","
主要职责:1、负责存量新客的运营规划，以一定的费率最大化增量业绩，帮助完成公司业绩目标2、通过业务数据分析以及数据挖掘手段，将客户分类&分层3、优化配置不同的营销工具（电销、ai、短信）4、通过数据分析优化各项营销工具5、主动探索，发现各项业绩(利润)增长点岗位要求：1、逻辑思维清晰，沟通表达能力强2、3年以上数据分析经验3、熟练使用sql。
",0,1,0,0,0
579,11217R-高级数据分析师（GBD）,平安科技,上海,2000人以上,本科,不需要融资,金融,22.5,3-5年,,"[""六险一金"",""扁平化管理"",""丰厚年终"",""丰富技术交流""]","
        工作职责
1 负责金融、健康等不同领域的大数据分析工作。进行特定应用项目的需求分析、商业数据分析、测试检验、咨询顾问、实施落地等工作。
2 深入理解商业流程及商业逻辑； 充分应用数据分析技术，与数据挖掘工程师密切合作，深入挖掘不同商业场景中能够应用数据模型提升商业效益的关键节点。运用数据分析提供商业洞见，辅助商业决策。
3 将业务领域的知识和数据（例如营销理论、消费者的消费行为数据等）与算法模型特点相结合，与业务团队合作进行创新性的业务逻辑架构及系统架构设计。
任职要求
1 业背景为统计、数学、计算机、物理、电子工程等理工类专业，或者金融、财会、经济学类专业。在以下领域之一的从业经验：电商、金融、医疗、物联网等。在金融及保险业类行业的工作经验优先。
2 熟练掌握各类基本的数据分析工具或语言，例如excel, r, spss，python等。
3 较熟练地掌握数据的提取、整合、加工，熟练应用sql, 对hadoop生态的工具有所了解。拥有数据工程经验（etl, 清洗、加工等）或软件开发经验者优先。
4 具有算法建模背景的优先：了解机器学习常见算法或技术（例如决策树，svm, 随机森林、线性回归、k-means，朴素贝叶斯，nlp, 文本挖掘等）；参与过以下一个或者多个机器学习应用场景或者系统（例如智能搜索、智能推荐、金融风控、社交网络、精准营销、智能crm、用户画像等）研发的优先。
5 具有项目需求调研、策划及组织的能力，具有较强的业务沟通能力。能熟练编写各类业务需求分析、数据分析文档，能够快速高质量地完成数据分析报告，具有较强的ppt编辑写作技能及演示能力。
        ",1,1,0,1,1
580,资深数据分析师,GeexFinance,上海,150-500人,本科,A轮,金融,15.0,3-5年,,"[""互联网金融"",""技能培训"",""五角场"",""年度旅游""]","
参与建立和完善稽核和操作风险管理体系、制度及流程，针对不同风险特点提出解决方案，负责全国项目和风险管理部自身的稽核管理工作，提高公司整体的业务操作的标准化和流程化。
 
职位描述
1、参与消费金融业务流程的设计,授信政策的制定和调整,在把 控风险的同时优化前端客户体验;
2、承担数据分析和风险模型的开发,包括但不限于信用评分模 型、行为评分模型、逾期催收模型等;
3、搭建消费金融数据分析平台;
 
职位要求
1、本科以上学历,五年以上数据挖掘分析业务相关工作经验;
2、熟练运用sas或r等统计分析软件,熟悉逻辑回归,决策树, 神经网络等算法,具备数据挖掘相关项目的工作经验;
3、关注消费金融、互联网金融,具有很强的学习研究能力;
4、对新技术有浓厚的兴趣,乐于接受挑战;
",0,0,0,0,1
581,数据分析师,GeexFinance,上海,150-500人,本科,A轮,金融,20.0,3-5年,,"[""互联网金融"",""技能培训"",""五角场"",""年度旅游""]","
岗位职责：
1.监控各项业务数据指标，编制业务报告。
2.紧密关注数据变化，及时发现背后原因。
3.深入挖掘数据背后价值，提出业务发展建议。
任职要求：
1.统计、计算机相关专业本科以上学历
2.具有3年以上从业经验；具有大型互联网公司、知名互联网金融公司工作经验优先。
3.熟练使用sql，掌握至少一种统计工具（spss、sas、r等）；熟悉大数据挖掘、机器学习等相关技术优先。
4.高度数据敏感性和优秀的逻辑分析能力，具有团队合作精神。
",0,1,0,0,1
582,数据分析师,SAS,上海,2000人以上,硕士,不需要融资,企业服务,13.0,应届毕业生,,[],"
岗位职责：  1. 负责sas eg/em/viya等统计分析软件的需求调研、数据探查与预处理，模型设计开发、部署等； 2. 负责sas ci/sfm/fna/ifrs 9等解决方案的应用开发。任职要求：   1. 统计学/计算机相关专业，硕士以上学历，英语口语流利者优先； 2. 熟练掌握一种编程语言，python或java优先；3. 熟练掌握一种数据库系统，sql熟练者优先； 4. 熟练linux操作系统及shell/perl脚本，对操作系统、网络和安全、存储、中间件、ha等有全面的认识； 5. 熟悉hadoop/spark的系统架构设计；理解大数据处理技术及实现方法，如流计算、分布式计算、分布式存储等； 6. 具有良好的表达和沟通能力，善于解决问题，能够承受较大的工作压力。
",1,1,0,0,1
583,奇秀-数据分析经理,爱奇艺,上海,2000人以上,本科,上市公司,文娱丨内容,30.0,3-5年,,"[""绩效奖金"",""五险一金"",""交通补助"",""带薪年假""]","
        职位职责：1、全面负责业务的数据运营管理，根据数据分析结果完成包括业务规划、平台优化、资源整合等；2、研究运营数据和用户反馈，挖掘用户需求，发现运营中的问题并给出解决方案；3、构建全面、准确、能反映业务特征的监控指标体系、并基于业务指标体系，及时发现与定位问题；4、通过专业分析，对业务问题进行深入分析，为公司运营决策、产品方向、商业策略提供数据支持。任职要求：1、本科及以上学历，5年以上互联网行业数据相关经验，有直播行业背景优先；2、熟练独立建立商业数据分析框架、具有数据敏感度，能从海量数据中分析挖掘问题，提炼洞察；3、优秀的分析问题和解决问题的能力，能够把合理的思路成功应用于实践。温馨提醒：如果 7 天内您没有收到爱奇艺的面试邀请，那么目前我们不会安排您参加后续的面试环节，感谢您的理解和对爱奇艺的关注与认可。

",0,0,0,0,0
584,数据分析师,企鹅吃喝,上海,15-50人,本科,天使轮,电商,11.0,不限,,[],"
        工作内容：
 • 负责渠道的专业数据分析，完善运营指标体系，提升业务效率，位运营、产品、活动等提供数据支持。
 • 负责各部门业务线的周、月、季的核心分析数据报告。
 • 分析用户行为，输出用户画像，并分析报告，为运营、选品提供优化方案。

任职要求：
 • 统计学、数学、计算机相关专业优先。
 • 有it大数据分析经验，有互联网数据分析经验者优先。
 • 良好的数据敏感度，思维敏锐，具有发散性，能举一反三。
 • 良好的跨部门沟通能力。

",0,0,0,0,0
585,资深数据分析师,i云保,上海,150-500人,本科,B轮,金融,22.5,5-10年,,[],"
        岗位职责：
1.深入业务实际，负责和业务部门沟通，理解业务流程、理解业务策略目标、理解数据需求，并能基于对业务数据的分析，挖掘有价值的信息，为精细化运营提供数据支持和决策支持
2.基于对业务的流程理解，规划、建设基本数据指标体系，并实施长期监控
3.理解保险行业，主导搭建业务分析模型，负责分析结果的验证和产品效果的持续评估，优化产品体验
4.为业务提供业务数据分析、数据报表、可视化分析、业务监控等

【任职要求】：
1.本科及以上学历，统计学、数学、计算机相关专业优先，有3年及以上业务分析经验者优先，有成功分析案例，特别是保险行业案例者优先；
2.熟练使用hive、mysql提数数据，特征预处理；
3.熟练使用excel、tableau等分析工具，有r或python编程开发经验者优先；
4.有数据挖掘，机器学习等相关基础，熟悉基本算法，有相关项目实际经验者优先；
5.敏锐的业务洞察力，能很好地和业务结合发挥数据的价值；
6.较强的执行力，有责任心，积极上进，自我驱动。



",1,1,1,1,0
586,数据分析师,萨摩耶数科,上海,150-500人,本科,C轮,金融,12.5,1-3年,,"[""技能培训"",""年度旅游"",""岗位晋升"",""五险一金""]","
        岗位职责：
1、协助风控团队完成项目、例如数据分析、数据建模等工作；
2、能够快速根据项目需要学习并理解行业知识，并能在项目经理指导下完成部分数据分析工作；
3、配合完成各部门的数据需求，协助解决问题。
任职要求：
1、全日制本科及以上学历，数学、统计学、计算机等理工科背景优先；
2、掌握sql等数据库语言、能熟练操作数据库者优先；
3、有python使用经验优先；
4、认真负责，有强烈的好奇心与探索精神，善于接受新鲜事物，学习能力强；
5、逻辑清晰，书面与口头表达能力。
        ",1,1,0,0,0
587,风控数据分析师,小花科技,上海,150-500人,本科,不需要融资,金融,9.0,应届毕业生,,"[""节日礼物"",""专项奖金"",""带薪年假"",""绩效奖金""]","
        风控数据分析

职位描述：
1. 整合海量多元数据，参与搭建风控模型，满足各类分期产品的决策模型需求
2. 与风险政策、产品、技术等合作部门沟通协作

任职要求：
1. 经济、金融、数学、统计、计算机等相关专业本科以上学历
2. 对特征衍生、特征筛选、数据建模过程有一定的了解，熟悉常用的机器学习方法（xgboost，逻辑回归等）
3. 英语具备阅读文档的基本要求，精通python、sql优先，熟练使用pandas等数据包
4. 有coding背景，重视代码质量和处理效率
5. 加分项：有过相关建模比赛经历加分
        ",1,1,0,0,0
588,数据分析师,百姓网,上海,500-2000人,本科,上市公司,移动互联网,12.5,1-3年,,"[""节日礼物"",""带薪年假"",""租房津贴"",""妹纸美""]","
        工作职责:

1、核查各销售团队业绩，计算各销售团队的绩效提成，并进行成本分析。
2、定期对各业务线的指标数据进行跟踪和播报，及时发现问题进行深入分析。
3、对销售和业务团队核心项目展开深度分析，提供有参考价值的数据分析报告。
4、支持业务报表体系的搭建，并推动数据报表的系统化沉淀。


工作经验：

1.全日制本科或以上学历，一年以上相关工作经验。
2.熟练使用excel；熟悉一种bi或报表工具；熟悉sql优先；
3.工作严谨仔细、有较好的沟通能力，有良好的跨团队协作能力

",0,1,0,1,0
589,1231GP-大数据分析师,平安金服,上海,2000人以上,本科,上市公司,金融,20.0,1-3年,,[],"
        工作职责
1.深入了解金融业或线上教育业的服务流程，能够从数据中发现经营问题，能够独立完成专项的数据分析报告；
2.负责业务流程的梳理、数据漏斗的建立、问题原因的定位、业务落地的对接等；
3.能够根据经营数据，设定业务目标、实施路径和管理工具；
任职要求
1. 数学、统计、计算机、大数据等相关专业硕士及以上学历；985、全球前100院校优先
2. 1-3年大数据从业经验，有ai项目实施经验者优先
3. 熟练使用sql进行数据库查询； 
4. 较强的主人翁意识，良好的业务沟通能力、团队协作能力；
        ",0,1,0,0,0
590,0231CO-数据分析岗,平安人寿,上海,2000人以上,本科,上市公司,金融,12.5,1年以下,,"[""绩效奖金"",""带薪年假"",""定期体检"",""节日礼物""]","
        工作职责
1.搭建线上学习、培训平台指标图谱，完善数据体系，开发报表并推进it团队开发上线。
2.完善报表及追踪体系，结合业务开展各类数据分析，包括漏斗模型、用户行为建模等方式，提升用户学习活动率和学习时长
任职要求
1.本科学历，计算机类、数学类、金融学类等相关专业
2.1-3年相关工作经验
        ",0,0,0,0,0
592,25210V-数据分析师,陆金所,上海,2000人以上,本科,B轮,金融,19.5,3-5年,,"[""年底双薪"",""专项奖金"",""股票期权"",""绩效奖金""]","
        工作职责
1.分析用户交易行为、网站行为数据， 为业务部门提供数据、报表、分析专题等支持。
2.负责监控平台的建设，以及数据分析平台的建立
3.负责安全大数据挖掘与分析，进行风险建模，挖掘潜在的安全风险
任职要求
全日制大学本科，计算机、电子信息类优先
3年以上相关工作经验
1、 精通大数据分析和平台建设，如elk stack 、hadoop、spark、kafka等
2、 熟悉pythonjavascala等语言的数据处理和分析方法
3、 熟悉常用机器学习模型
4、 学习能力强团队合作意识好
        ",1,0,0,0,0
593,25316A-数据分析师,陆金所,上海,2000人以上,本科,B轮,金融,12.5,1-3年,,"[""年底双薪"",""专项奖金"",""股票期权"",""绩效奖金""]","
        工作职责
1、负责建立日常运营数据监控指标,设计数据产品,搭建看板体系,帮助各业务部门及时发现问题把握运营方向。
2、负责专项报告的撰写,提供决策支持和优化建议;把握各项分析工作中的重点,并转化为数据产品。
3、负责持续动态的挖掘日常的业务数据,发现业务的风险和机会点
4、负责推进部门数据产品体系究善及优化升级,追踪反馈及文档整理险。
5、应用各种机器学习、数据挖掘技术进行数据分析与数据挖掘。
任职要求
1、全日制本科以上学历，有3-5年数据分析师工作经验，国内外名核计算机,统计,数学,金融等专业；
2、3-5年数据分析相关工作经验；
3、熟练使用sql, python ，r, tableau等；
4、熟悉常用的统计学习方法；
5、有完整的数字化经营项目经验者优先；
        ",1,1,1,0,0
594,奇秀-数据分析经理--3058,爱奇艺,上海,2000人以上,本科,上市公司,文娱丨内容,35.0,5-10年,,"[""绩效奖金"",""五险一金"",""交通补助"",""带薪年假""]","
岗位职责:
1、全面负责业务的数据运营管理，根据数据分析结果完成包括业务规划、平台优化、资源整合等； 2、研究运营数据和用户反馈，挖掘用户需求，发现运营中的问题并给出解决方案；  3、构建全面、准确、能反映业务特征的监控指标体系、并基于业务指标体系，及时发现与定位问题；  4、通过专业分析，对业务问题进行深入分析，为公司运营决策、产品方向、商业策略提供数据支持。 
任职要求:
1、本科及以上学历，5年以上互联网行业数据相关经验，有直播行业背景优先；  2、熟练独立建立商业数据分析框架、具有数据敏感度，能从海量数据中分析挖掘问题，提炼洞察；  3、优秀的分析问题和解决问题的能力，能够把合理的思路成功应用于实践。  温馨提醒： 如果 7 天内您没有收到爱奇艺的面试邀请，那么目前我们不会安排您参加后续的面试环节，感谢您的理解和对爱奇艺的关注与认可。
",0,0,0,0,0
595,数据分析师-上海,神策数据,上海,500-2000人,本科,C轮,数据服务,20.0,5-10年,,"[""节日礼物"",""年底双薪"",""股票期权"",""带薪年假""]","
工作职责：
1、以帮助客户发现业务问题，发挥数据价值为导向，深入理解客户业务需求与痛点，确定客户业务问题与目标，并提供有效的数据解决方案；
2、从客户业务需求场景出发，指导或协助客户完成多维度指标体系的梳理和建设，并完成数据采集、管理、分析与应用全流程工作；
3、以提升客户满意度为基本，配合项目经理，完成客户培训，帮助客户实现数据驱动业务的落地与迭代；
4、以解决客户问题为目标，结合行业经验与方法论，提供咨询服务和专题分析报告；
5、总结梳理垂直领域标准化实施流程，并形成文档，提升内部数据工作效率；
6、梳理客户成功案例，形成行业指标均值，沉淀领域知识，形成知识库；
7、与产品、技术部门配合不断提升数据产品的易用性，形成产品改进文档；

岗位要求：
1、五年以上金融、新零售、互联网、咨询行业数据分析经验，本科及以上学历；
2、具备优秀的数据分析能力及业务感觉，有丰富的数据驱动业务的实战经验；
3、熟练使用统计分析工具，逻辑严谨，能够独立分析和解决问题；
4、具备优秀的沟通意识，良好的现场表达能力，能够独立负责和跟进项目；
5、具备极强的学习能力和自我驱动意识，能够发现问题并解决问题；
6、熟悉数据平台的整体搭建，熟练使用 sql/r/python/excel 等工具；
7、积极主动，学习能力强，对大数据行业感兴趣。
",1,1,0,1,0
596,大数据分析师,平安好学,上海,2000人以上,本科,C轮,教育,16.5,1-3年,"[""免费下午茶"",""免费体检"",""地铁周边"",""晋升机制""]","[""技能培训"",""年度旅游"",""岗位晋升"",""扁平管理""]","
工作职责：
1.深入理解商业流程与逻辑，挖掘营运数据，提出洞见与经营策略建议等
2. 规划日常数据报表、仪表板，和完成周期性营运报告
3. 藉由数据挖掘与分析方法，建立营运预测模型，作为商业决策参考 

任职资格：

1年以上营运数据分析、数据挖掘项目实际经验
计算机科学、数学、统计或相关学科，国内知名院校(985/211)优先。硕士以上尤佳。
至少专精一种数据分析语言如 python/r。sql为必要技能，并对数据库有一定认识。若精通数据可视化工具 (如tableau, powerbi等)为加分项。
优秀的口头和书面表达与沟通能力5. 有机器学习/nlp相关经验更佳

",1,1,1,0,0
597,数据分析实习生,51JOB,上海,2000人以上,不限,上市公司,企业服务,2.5,应届毕业生,,[],"
岗位职责: 
1.负责定时整理清洗公司数据，包括字段标准化、分离字段内容、生成新表等 操作;
2.统计各个渠道的相关数据，提供分析报告; 
3.根据业务需求，筛选目标数据;
4.协助师傅跟进其他项目。

岗位要求:
1.熟练使用python，会使用pandas 进行数据分析;
2.熟悉网络爬虫，掌握正则表达式; 
3.2021年毕业，计算机专业和统计学专业优先。 
",1,0,0,0,0
598,数据分析师（数据工程方向）,脉策科技,上海,150-500人,本科,B轮,数据服务,10.0,不限,,"[""股票期权"",""定期体检"",""弹性工作"",""扁平管理""]","
        岗位描述：
1、根据要求完成数据调取，入库，etl抽取等数据工程工作
2、根据要求从数据源提取相关的统计数据、空间数据等进行多种交叉分析、建模分析等；对分析结果进行可视化呈现；
2、对数据分析结果进行解释和解读；
3、完成数据分析报告；
4、配合开发团队完成其他数据的工程化工作。

岗位要求：
1、本科及以上学历，地理信息系统、计算机、统计、等相关专业；
2、熟练使用sql语言，熟悉postgresql数据库操作。
3、熟悉python、r等至少一项数据分析工具。具备较强的逻辑分析能力、数据敏感性；有处理gb级别数据处理经验者优先。至少掌握常用的数据处理工具包，例如：pandas、numpy（python），dplyr（r）等；
4、熟悉常用机器学习算法，具有一定的工程实现能力的优先；
5、了解地理信息和有城市大数据行业经验的优先。

",1,1,0,0,0
599,2021028 数据分析专员（秋季校招）,众安保险,上海,2000人以上,不限,上市公司,金融,11.5,应届毕业生,,"[""定期体检"",""每天下午茶"",""六险一金"",""年度体检""]","
        主要职责：
1、深入业务，从业务经营角度出发，提供数据分析平台建设方案，为业务提供全面数据分析支撑；
2、对重点业务问题进行专项分析，并协调产品、开发、业务等各方资源，推动分析结果落地；
3、深入了解行业动态，收集行业数据;
岗位要求：
1、熟悉hive、sql开发；
2、至少掌握tableau、cognos、finebi、powerbi等分析报表工具的一种；
3、敏锐全面的洞察力，清晰缜密的逻辑思维能力，以及独立的分析调研能力；
4、良好的数据分析能力，善于总结问题并能积极推进问题的解决。
        ",0,1,1,0,0
600,数据分析师,微盟,上海,2000人以上,本科,上市公司,企业服务,22.5,5-10年,,"[""绩效奖金"",""年底双薪"",""五险一金"",""带薪年假""]","
        1、根据业务实际情况，准确提供各指标数据报表，包括日报、周报、月报等数据报表；
2、针对所负责的业务线做有针对性的数据分析，独立产出数据分析报告；
3、独立负责数据分析项目，推动项目顺利完成；
4、参与数据产品设计和实现，支持数据仓库搭建；
5、完成上级交付的其他数据相关内工作。

任职资格：
1、学历要求：本科及以上学历，统计学、数学、计算机等相关专业优先；
2、经验要求：3年以上数据分析经验，至少2年以上python数据运营分析经验；
 有saas行业数据分析、互联网数据分析经验者优先；
3、技能要求：熟练掌握sql/excel/ppt，熟练掌握power bi，熟悉kettle等etl工具优先；
 熟练掌握python的pandas、numpy、matplotlib、flask、sklearn等数据分析工具包；
4、其他要求：良好的沟通能力，有一定抗压能力。

必要条件：
1）学历：本科及以上（本科在国内上） 2）专业：计算机、统计学、数学及相关专业 3）工作年限：3-10年
        ",1,1,0,1,0
601,数据分析师,51talk 无忧英语,上海,2000人以上,本科,上市公司,教育,12.5,3-5年,"[""试用期上社保"",""打车报销"",""免费体检"",""地铁周边"",""7险1金""]","[""股票期权"",""绩效奖金"",""定期体检"",""节日礼物""]","
岗位职责1、负责公司各业务模块的数据分析工作；2、搭建并完善业务的报表及监控体系，通过对数据的敏锐洞察，迅速定位内部问题或发现机会，针对异常情况协调资源进行跟踪和深入分析；3、建设与完善数据分析体系方法论，关注业务动态，解决业务的核心诉求，通过数据驱动业务增长的同时，挖掘流量、产品、策略的商业变现机会，驱动商业化业务发展. 岗位要求：1、本科以上学历，一年及以上大数据相关工作经验； 2、熟练使用sql，hive等技术，了解hadoop工作原理；3、熟练使用linux操作系统，精通shell/python编程；4、熟练掌握数据分析工具（r、python等），能够独立产出数据报告，熟悉数据采集到报表展示的全流程；5、有一定的业务数据敏感度，较强的数据分析能力、逻辑思维能力，以及分析问题、解决问题的能力。
",1,1,0,0,0
602,数据分析经理,怡途集团,上海,150-500人,本科,不需要融资,电商,27.5,5-10年,,[],"
        岗位职责：
1、负责公司电商渠道的每日运营、销售数据的收集和汇总；
 2、搭建业务监控与数据分析体系，分析、定位问题和原因，帮助管理层、业务部门及时发现问题把握运营方向；
 3、负责公司数据产品建设，管理和分析业务方数据需求，沉淀分析思路与框架，提炼数据产品需求，搭建层次合理、灵活、可扩展的数据产品平台；
 4、 基于数据使用场景，对数据进行梳理，推动底层数据建设，负责制定数据采集方法、数据使用规范、口径管理、原数据管理、数据清洗等工作。
 任职要求
1、 5年以上数据分析经验，丰富的电商行业数据分析、数据产品经验；
2、具有较强的商业、数据和业务的敏感性，具备良好的逻辑分析能力，能够系统性的思考和分析问题，同时具有较好的分析总结能力和数据报告呈现能力； 
3、 熟悉使用相关工具，能熟练编写数据产品相关文档； 
4、熟练掌握excel表格各类函数，并利用透视表分析数据；有较强的逻辑分析能力，对数字敏感； 
5、工作细心，执行能力强，能承受一定的工作压力。
        ",0,0,0,1,0
603,BI数据分析师,华尔街见闻,上海,150-500人,本科,B轮,金融,23.0,1-3年,,"[""技能培训"",""节日礼物"",""岗位晋升"",""年度旅游""]","
        岗位职责
1. 负责规划业务分析点，为产品和业务部门提供准确、灵活、便捷的数据分析和决策支持；
2. 负责业务报表体系，输出准确的报告，提出业务改进的方向和策略；
3. 帮助业务部门理解规范数据使用，支持各部门的数据需求，提高部门数据的能力；
4. 参与产品用户生命周期的全过程 ，包括留存分析、漏斗分析等；
5. 帮助建立用户画像，支持增长的a/b测试。

任职要求
1. 两年以上工作经验，有统计、计算机、数学相关专业背景；
2. 具备良好的逻辑思维能力，对用户增长和业务逻辑有较深的认识；
3. 熟练掌握并精通sql，熟悉hive sql、python、spark等技术；
4. 使用过 tableau、growingio等工具者优先。
        ",1,1,1,0,0
604,医药数据分析师(疫苗方向),医药魔方,上海,15-50人,硕士,天使轮,医疗丨健康,12.0,1-3年,,"[""股票期权"",""带薪年假"",""领导好"",""帅哥多""]","
        o 密切关注行业内疫苗类产品的临床开发、注册、以及市场销售情况，根据数据产品或项目需求，负责疫苗类药物信息调研和梳理，支持数据产品维护和更新；
o 深入理解医药魔方数据产品，主导疫苗类药物数据标准的优化，支持数据迭代升级或项目咨询服务，主导部门学习&研究、行业研究报告以及项目咨询服务；

任职条件
o 药学、生物类等相关专业硕士及以上学历，具有扎实的理论基础
o 理解疫苗主要品类、开发技术和以及相关疾病领域，能够熟悉全球重要疫苗类产品的开发进展和市场情况
o 理解全球主要国家地区疫苗开发的关键政策，明确中国生物批签发政策和流程
o 优异的文献调研和分析能力，精通药物信息调研，能快速读写中英文资料
o 有疫苗类药品研发、立项调研工作经历者优先考虑
o 工作态度积极认真，具有良好的团队协作、沟通表达和写作能力，较强的excel数据处理和ppt制作能力。

工作地点：上海张江，南京玄武区
        ",0,0,0,1,0
605,数据分析师（创新药方向）,医药魔方,上海,15-50人,硕士,天使轮,医疗丨健康,15.0,不限,,"[""股票期权"",""带薪年假"",""领导好"",""帅哥多""]","
        岗位职责
1.关注并研究企业研发管线和开发进展，整合医药行业国际前沿资讯，跟踪政策、产品、公司及行业发展；
2.理解医药魔方数据库产品，根据数据产品升级/迭代以及医药项目需求，主导相关医药数据产品日常维护，同时支持项目调研；
3.行业数据、政策和研发趋势的深度挖掘与分析，支持数据新一代产品开发，参与到部门学习&研究、行业研究报告以及项目咨询服务中。

任职条件
1.药学、化学、生物类等相关专业硕士及以上学历，具有扎实的理论基础
2.具有较强的医药信息收集和分析能力，精通药物信息查询常用网站及商业数据库，能快速读写中英文资料
3.熟悉国内外药品研发趋势，能够快速跟进行业热点
4.有药物研发、医药信息调研或医药市场分析工作经历优先
5.工作态度积极认真，具有良好的团队协作、沟通表达和写作能力，较强的excel数据处理和ppt制作能力。
        ",0,0,0,1,0
606,数据分析师,上海小牛互娱智能科技有限公司,上海,500-2000人,本科,未融资,移动互联网,25.0,5-10年,,"[""年底双薪"",""带薪年假"",""扁平管理"",""领导好""]","
        职位描述：
 1、负责部门层面的业务分析工作，通过对数据的收集、统计分析与利用，编制分析报告；
2、跟踪业务/重点项目的发展变化，对业务经营发展状态进行监控分析，提出策略建议报告；
3、商业嗅觉灵敏，善于沟通，能够深入了解业务、挖掘业务问题和痛点，通过数据分析为业务决策、产品方向、运营策略提供数据支持；
4、研究运营数据和用户反馈，挖掘用户需求，发现运营中的问题并给出解决方案；
5、通过专业分析，对业务问题进行深入分析，为公司运营决策、产品方向、商业策略提供数据支持。
任职资格：
1、具有快速学习和思考能力，优秀的商业分析能力、敏锐的数据洞察力、结构化思维能力；
2、5年以上相关工作经历；
3、了解hadoop，对大数据的整体流程有较完整的认知体系；
4、熟练运用sql、excel，数据可视化工具tableau、finebi，ppt技能优秀；
5、优秀的分析问题和解决问题的能力，能够把合理的思路成功应用于实践。
        ",0,1,1,1,0
607,游戏数据分析师,上海域起,上海,150-500人,本科,不需要融资,游戏,24.0,3-5年,,"[""年底双薪"",""带薪年假"",""年度旅游"",""领导好""]","
        职位概述: 
参与游戏产品的研发全流程，提供用户研究工作支持
岗位职责: 
1. 参与游戏产品的研发全流程，提供用户研究工作支持；
2. 熟练运用各种用户研究方法，跟进游戏产品研发各个阶段，提供客观的产品体验度量结果以及合理的用户体验提升策略；
3. 关注运营数据和用户反馈，评估、跟进、促使产品提升用户体验；
4. 跟进产品用户体验设计标准，跟踪和监督产品用户体验等的改进，提升产品质量；
任职条件: 
1.本科或以上学历，数据挖掘、机器学习、计算机、统计、数学等相关专业优先；
2.3年以上互联网产品数据挖掘或分析经验，游戏行业背景优先；
3.有linux环境下工作经验，了解分布式结构，熟悉sqlpythonr相关技术优先；
4.充分的数据敏感度，能从海量数据中提炼核心结论并形成专业报告，及时反馈数据中隐含的变化和问题；
5.优秀的分析问题和解决问题的能力，能够把合理的思路成功应用于实践；
6.表达能力强，具备优秀的快速学习能力、沟通协调能力及团队精神。
        ",1,1,0,0,0
608,BI数据分析师,虎扑,上海,500-2000人,本科,D轮及以上,文娱丨内容,22.5,3-5年,,"[""上班看球赛"",""运动俱乐部"",""大神分享会"",""节日礼物""]","
        职责描述：

1. 响应业务部门的数据分析、bi报表和数据提取需求，保证准确性、全面性和时效性；

2. 定期追踪业绩及其他关键业务指标情况，通过数据分析，洞察业务动作，引领业务变化，提供决策基础；

3. 配合公司项目需求，制定数据分析测试方案，追踪项目进度；





任职要求：

1. 本科及以上学历，计算机、数学、统计、金融等相关专业；

2. 熟练使用sql 有hadoop hive相关经验，有数仓架构经验更佳

3. 熟悉埋点优化、具备拆解梳理业务流程的能力，有行为数据分析经验优先；

4. 了解聚类分析、主成份分析（pca）, k-means, knn等分析方法，了解相关算法原理；

6. 良好的沟通协调能力、自我学习能力和抗压能力。

",0,1,0,0,0
609,数据分析主管,微创软件,上海,2000人以上,本科,不需要融资,企业服务,5.5,1-3年,,"[""绩效奖金"",""带薪年假"",""定期体检"",""弹性工作""]","
工作内容：1、熟悉了解数据的录入整理方式，2、把控各种数据报告录入的准确性，3、负责外包团队人员培训4、逐步开发数据系统完成常规数据报告的自动化，可视化。任职要求：1、本科或以上2、英语读写熟练3、比较熟练的excel使用技巧，熟悉常用功能及excel公式 工作4、精通excel，access最好懂数据库、数据系统的搭建（加分）上班时间：9：30-18：00   周末双休
",0,0,0,1,0
610,数据分析,掌门集团,上海,500-2000人,本科,B轮,消费生活,17.5,1-3年,,"[""年度旅游"",""绩效奖金"",""带薪年假"",""弹性工作""]","
        岗位职责:

1、互联网产品与内容相关分析，搭建指标体系，建立分析模型； 
2、与产品、运营、研发等紧密配合，梳理埋点与指标口径；
3、独立完成专项分析，从数据处理、数据指标设计到方案评估的工作闭环；


任职资格:

1、3年以上互联网数据分析工作经验 
2、本科以上学历，统计学、应用数学、计算机、计量经济等相关专业优先； 
3、熟练掌握和运用相关数据分析软件，至少掌握一种常用统计工具，熟悉python优先； 
4、具备较强的逻辑思维能力、决策判断力及较强的学习能力； 
5、具备简洁清晰呈现数据分析结论报告的能力。 
6、具备良好的跨团队沟通、合作能力与推动能力。

",1,0,0,0,0
611,数据分析工程师,证通股份,上海,150-500人,本科,不需要融资,金融,15.0,应届毕业生,,"[""节日礼物"",""带薪年假"",""绩效奖金"",""岗位晋升""]","
岗位职责：
1、参与数据产品需求分析及设计，发掘数据价值；
2、评估数据厂商产品质量；
3、制定数据标准并完成标准的落地和实施；
4、制定数据质量提升方案，并对数据质量进行持续监控。

任职要求：
1、2020届全日制本科及以上学历，计算机软件、数学、统计学等相关专业；
2、熟练使用sql及其他数据分析的工具；
3、具有良好的洞察力，善于分析和解读数据，并将洞察分析和业务逻辑相结合；
4、有参与数据处理、分析等相关论文或项目者优先。
",0,1,0,0,0
612,数据分析师,乐其电商,上海,500-2000人,本科,不需要融资,电商,9.5,1-3年,,"[""绩效奖金"",""带薪年假"",""年度旅游"",""弹性工作""]","
乐其x-lab的使命是以数据为驱动，帮助客户获得生意增长。我们整合数据，从数据中获得洞察，进而制定市场战略。我们通过快速测试验证假设，对战略进行修正和改善，最终帮助客户找到最佳增长路径。职责描述：1. 项目前期数据和市场信息的收集。2. 通过分析多维度数据，包括店铺销售数据，电商平台行业数据，消费者需求调研，行业趋势数据等，为客户业务增长找到机会点。3. 对项目时间表有很好的把控，及时提交阶段性报告。4. 对数据质量和准确性负责。5. 参与撰写阶段性和最终研究报告，并提供可执行可落地的建议。6. 对于项目在店铺各板块的落地提出指导并跟进，反复验证和优化。7. 参与日常的客户会议和讨论，参与最终结果的演示。任职要求：1、 本科及以上学历，社会学、经济学、统计学、心理学、管理学、营销学、金融学等专业；2、 有agency 或者客户端的消费者洞察经验，用户研究或者商业分析经验；3、有极强的逻辑分析能力，判断能力和文档写作能力；4、优秀的语言表达能力，具备一定的英文读写能力；5、熟练使用office工具；能使用爬虫，spss，数据库工具为佳。
",0,0,0,0,1
613,数据分析师,上海金大师网络科技有限公司,上海,500-2000人,本科,上市公司,金融,11.5,1-3年,,[],"
        工作职责：
1. 深入业务场景，从数据分析的角度明确定义业务问题，开展数据分析工作； 
2. 基于数据分析成果，提供业务优化建议，持续改进运营效果； 
3. 寻找如何用数据驱动业务，提升数据支持运营能力； 
4. 负责数据分析产品的设计，带领团队一起开发完成;

岗位要求：
1. 计算机，应用数学，或统计学专业，能够灵活应用概率论和统计学方法解决实际业务问题，能熟练使用python，r，sas等的优先； 
2. 对用户行为分析有一定的理解，熟悉神策，友盟等的加分； 
3. 熟练使用sql，有sql优化经验的加分。
4. 精通至少一种bi工具如tableau、powerbi、finebi、excel等。
5. 对投资、理财、直播、短视频等至少其中一项的指标有一定认知。
        ",1,1,1,1,1
614,数据分析师,阅文集团,上海,500-2000人,本科,上市公司,文娱丨内容,15.0,3-5年,,"[""年底双薪"",""五险一金"",""带薪年假"",""定期体检""]","
        工作职责:
参与业务目标设定，挖掘业务增长空间；
构建全面的、准确的、能反映业务线特征的指标体系,及时发现与定位业务问题；
通过专题分析，对业务问题进行深入探究，为公司运营决策、产品方向、销售策略提供数据支持；
建立数据化用户运营体系，实现用户的获取、留存、变现全流程的数据监控和数据驱动；
任职资格:
统计、数学、信息技术、本科及以上学历，3年及以上相关工作经历；
熟练独立编写数据分析报告，及时发现和分析其中隐含的变化和问题；
好的数据敏感度,能从海量数据提炼核心结果，有丰富的数据分析、清洗和建模的经验；
良好的业务协同能力，能快速的了解业务，同时能够非常好的和业务协同拿结果目标。
对网文行业有了解，或热爱网文的优先
        ",0,0,0,0,0
615,高级数据分析师 (MJ000188),极光,上海,500-2000人,本科,上市公司,企业服务,17.5,5-10年,,"[""五险一金"",""文体活动"",""团建旅游"",""美味晚餐""]","
        职位描述：
1.对产品进行数据分析，发现问题并配合提出解决方案
2.跟踪并进行竞品分析，找出产品优劣势 
3.产品运营及推广，销售或客户线索跟踪反馈
4.产品功能点创新与颠覆

职位要求：
1.至少有一段工作经历超过2年，且与数据分析或产品相关工作经验；
2.了解概率论与数理统计的原理及方法，
3.了解数据分析，数据挖掘基本算法和数学模型，有大量数据搜集、整理分析与推断预测的经验；
4.熟练一种统计软件(r, spss, sas等)，有数据处理，统计分析，数据建模，机器学习等相关算法应用经历；
5.掌握一定的关系数据库知识，熟悉sql语言；
        ",0,1,0,0,1
616,高级数据分析师,易居克而瑞,上海,500-2000人,本科,上市公司,消费生活,15.0,3-5年,,"[""年底双薪"",""节日礼物"",""带薪年假"",""月度绩效奖金""]","
岗位职责：
1. 熟悉上海的资产市场尤其是商业、写字楼市场，组织资产市场研究工作，定期发布市场报告。
2. 组织研究所需的数据建设工作，合理安排数据建设任务，前期协助总部进行数据库建设。
3. 持续监测业务相关的项目，并定期组织数据更新工作。
4. 完成重点项目市场调研及竞品研究，参与项目诊断工作，并协助完成诊断报告。
5. 参与数据库研发，搭建数据管控体系，并参与管控体系的实施落实。
6. 完成领导安排的其他相关工作。

任职资格：
1. 本科及以上学历，房地产、经济学、金融相关专业优先。
2. 三年及以上房地产相关管理经验，至少三年以上房地产商业或写字楼招商中心/租赁部或五大行相关工作经验。
3. 商业、酒店、写字楼、产业园区四个细分领域有运营经验或咨询公司经验。
4. 具备一定的分析能力和市场洞察力，具备较强的组织统筹能力。
5. 抗压能力强，忠诚度高，较强的执行力和团队合作精神。
",0,0,0,0,0
617,数据分析师,易居克而瑞,上海,500-2000人,本科,上市公司,消费生活,11.5,1-3年,,"[""年底双薪"",""节日礼物"",""带薪年假"",""月度绩效奖金""]","
工作职责:
1、 负责内部数据管理平台规划和建设，完成数据采集与解析处理和入库；
2、 负责内部数据管理及数据调用；
3、 负责数据抓取、需求数据购买、市场数据调研；
4、 负责数据的定向爬取、深度提取和挖掘配合数据清洗、整理、去重和合并工作；
5、 完成上级领导安排的各类数据有关的工作。
 
任职资格: 
1、数学、统计、计算机等相关理科专业，全日制本科及以上学历；
2、二年以上数据分析相关工作经验；
3、熟练运用python、sql等数据爬虫、数据处理工具；
4、有房地产领域经验的优先考虑。
",1,1,0,0,0
618,数据分析助理,金可国际集团-品牌眼镜事业群,上海,500-2000人,本科,上市公司,消费生活,6.5,应届毕业生,,[],"
        【岗位描述】 
1、从不同的数据库中提取数据做分析、提供分析结果，并以合适的方式呈现； 
2、提供有效的数据分析预测； 
3、定期提供给各销售团队及客户各种报表； 
4、参与业务会议 

【岗位要求】 
1、1年以上相关工作经验，可接受应届生（统计学或数学专业）； 
2、逻辑思维能力非常清晰，对数据特别敏感； 
3、对 excel 的相关函数使用非常熟练，会vba者优先考虑； 
4、能有独立开发设计统计分析模板的能力； 
5、有一定抗压能力，学习能力比较强，具有团队意识。
        ",0,0,0,1,0
619,数据分析专员,天邦股份,上海,2000人以上,本科,上市公司,其他,5.5,1-3年,,"[""年底双薪"",""五险一金"",""岗位晋升"",""定期体检""]","
岗位职责：
1、负责各版块大数据平台报表表样设计、取数逻辑整理、用户权限梳理等，与外包技术团队合作，完成大数据平台可视化报表展示。
2、对开发完的报表进行数据测试、核对，确保数据准确并交付验收。
3、根据其对应所负责板块的业务发展需求持续优化大数据平台报表，监控并解读业务异常数据，及时反馈运营问题。

岗位要求：
1、计算机、统计学、数学、金融学、会计学等相关专业本科及以上学历。
2、一年以上相关职位工作经验，有较好的逻辑思维和沟通意识。
3、
了解数据统计、数据显示、数据可视化以及探索性数据分析。
               掌握基本的数据分析及展示工具：microsoftexcel、spss、tableau、ppt、word等。
",0,0,1,1,1
620,数据分析师,互盾科技,上海,150-500人,本科,不需要融资,电商,22.5,1-3年,,"[""绩效奖金"",""交通补助"",""年终红包"",""五险一金""]","
 
工作职责：
1. 根据产品需求设计数据埋点，收集、整理、分析用户操作数据，提炼有价值的内容分析并调研，通过不断的创新迭代，制定长期的用户增长策略；
2. 对用户转化的各关键节点进行把控，对用户转化、留存、活跃度的各环节持续优化；
3. 挖掘用户行为特征，做用户分层，打用户标签预测用户购买力；
4. 建立合理有效的数据监控机制，并进行周期性团队内部数据反馈分享，对异常数据及时进行相关通知及预警。
 
能力要求、知识与技能：
1. 本科及以上学历，应用数学、统计学、计量经济学或相关专业；
2. 熟练使用神策、google analytics、百度统计、友盟等第三方数据平台；
3. 熟练掌握sql；
4. 熟悉业务埋点方式、后台&api采集数据方式；
5. 熟悉互联网产品常用的数据分析方法论（aarrr、a/b test等），具有结构化思维；
6. 对市场营销、广告投放有一定认识；
7. 较强的人际沟通能力&工作规划能力。

办公地址：
宝山（总部）：上海市宝山区陆翔路111弄绿地6号楼310室
长宁（分部）：上海市长宁区愚园路1258号绿地商务大厦1803室
",0,1,0,0,0
621,数据分析师,CLPS,上海,500-2000人,硕士,未融资,数据服务,20.0,3-5年,"[""免费体检""]","[""专项奖金"",""带薪年假"",""定期体检"",""交通补助""]","
        1. 3y+数据分析工作经验
2. 英文听说读写流利
3. 技术sql must，python是big plus；
4. 有一定的统计学模型的sense；
        ",1,1,0,0,0
622,数据分析师,醇馨信息,上海,2000人以上,本科,上市公司,金融,16.0,3-5年,,"[""绩效奖金"",""股票期权"",""年终分红"",""管理规范""]","
1、负责产品与运营线，日常数据报表的设计、报送；
2、梳理产品数据埋点需求，监督埋点流程，确保数据采集完整、准确；
3、对接运营，包括不仅限于活动运营、用户运营、视音频运营等，为精细化运营提供数据支持；
4、对接产品，如用户路径分析等，为产品功能迭代优先级提出合理化建议；
5、不定期专题项目分析，自主撰写数据分析报告；
6、负责数据产品需求规划，如用户预警系统、营销监控面板等。7、协助大数据平台建设与维护，如用户特征指标梳理、宽表逻辑梳理等。
",0,0,0,0,0
623,数据分析师--SQL,arvato China,上海,2000人以上,不限,不需要融资,广告营销,9.5,3-5年,,"[""五险一金"",""通讯津贴"",""交通补助"",""带薪年假""]","
岗位职责
1. 利用公司运营数据以及专业分析工具对公司网站数据进行深入分析，提出解决方案
2. 探究用户行为习惯特征，优化公司产品收益
3. 为客户提供可行性研究，形成报告
4.与其他部门共同沟通、讨论，进而高效解决问题
 
 
岗位要求
1. 有相关数据分析经验，希望向运营及数据分析方向发展
2. 思路严谨，专注力强，考虑问题全面
3. 熟练使用常见的统计分析软件(sql.excel.等），sql语句熟练者优先
4. 良好的理解能力、人际沟通能力和报告撰写能力
",0,1,0,1,0
624,数据分析师,上海定卓,上海,15-50人,本科,A轮,房产家居,17.0,3-5年,,[],"
        岗位职责：
1. 负责部门核心产品数据结果分析，结果清晰，逻辑严谨；并能对产品优化形成有益的帮助；
2. 基于数据分析，对运营部门的工作提出优化及改善建议，完善数据分析服务流程规范；
3. 撰写日常数据分析报告、周报、月报，根据需求提供相关统计数据；
4. 精通access,sqlserver数据库，精通excel vba编程.

任职要求：
1. 985或211大学本科及以上学历优先考虑，3年以上数据分析经验；
2. 有客户执行相关工作经验优先，有房地产相关工作经验优先；
3. 逻辑思维清晰；沟通准确，问题描述清晰。
4. 对业务有强感知，能够基于业务场景展开分析，不仅只做后端工作。

",0,1,0,1,0
625,数据分析实习,云鹊医疗,上海,150-500人,不限,不需要融资,医疗丨健康,3.5,应届毕业生,"[""早九晚六"",""新婚红包"",""定期调薪"",""生子红包"",""免费体检"",""弹性工作"",""6险1金""]","[""年底双薪"",""股票期权"",""带薪年假"",""领导好""]","
1. 协助公司平台/产品中数据预处理、可视化、统计建模等分析内容的设计和实现，协同数据分析师、数据开发人员等设计完善公司平台/产品的逻辑、架构与功能；
2. 支撑项目需求，协助项目过程中数据梳理、数据预处理、统计建模、可视化等一系列分析内容的设计、实现与汇报。

认知要求：
1. 本科三年级及以上，统计、数学、信息管理、计算机等相关专业优先；
2. 具备一定的数据基础（sql、r、python、spss等），熟练使用fine bi，excel，有相关项目经验者优先；
3. 逻辑清晰，思维缜密；
",1,1,0,1,1
626,数据分析师-digital-广告监测方向,明略科技集团,上海,2000人以上,本科,D轮及以上,数据服务,6.5,不限,,"[""六险一金"",""年底双薪"",""绩效奖金"",""完成E轮融资""]","
        ◆职位描述
1. 熟练使用秒针系统相关软件进行广告监测，提取相关数据并制作报告；
2. 分析数据并对数据进行多角度挖掘，为客户提供数据层面的策略指导；
3. 负责客户的定制化需求，提供相关数据支持，满足客户的潜在及延展性需要；
4. 与客户及相关执行人员的协调沟通，保证监测活动数据的准确及有效达成；


◆职位要求
1. 对数字敏感，踏实，重视细节，逻辑能力与学习能力强；
2. 具有团队协作精神，协调能力强，能在压力下保证工作效率；
3. 善于从数据中发现规律，有一定的总结概括能力，具备较强的沟通与表达能力；
4. 熟练使用excel、powerpoint、word等办公软件，对flash软件有一定的了解；
5. 有广告公司数字营销工作背景优先，无相关经验但认为自己能够胜任这份工作的，同样欢迎。
6.一周5天，全勤

",0,0,0,1,0
627,数据分析师,信用生活,上海,50-150人,本科,A轮,金融,30.0,3-5年,,"[""年底双薪"",""股票期权"",""绩效奖金"",""带薪年假""]","
【主要职责】
1、数据处理工作：清洗、整合数据；
2、根据项目目标进行数据分析和挖掘工作，并撰写分析报告；
3、结合分析经验和业务知识，开发并落地相应的业务策略。

【任职要求】
1、数学、统计、计算机、金融等相关专业全日制本科以上学历，并有1年以上银行或消金数据分析工作经验（本要求可根据个人能力无视）；
2、至少熟悉sql/python/sas其中之一，并能运用上述工具独立完成数据清洗工作；
3、熟悉常用的数据分析方法，能快速的构建问题框架和分析框架；
4、熟悉基本统计算法，如决策树、逻辑回归等；
5、能够接受出差；
6、良好的沟通能力和团队协助能力。
",1,1,0,0,1
628,数据分析实习生,意臣信息,上海,150-500人,本科,未融资,电商,3.5,应届毕业生,,"[""年底双薪"",""技能培训"",""专项奖金"",""带薪年假""]","

统招本科及以上在读，计算机或者数学统计学等相关行业。
有半年的数据报表相关项目经验，了解商业bi.
具备一定的数据分析能力以及良好地数据敏感度。
熟悉tableau。
有sql能力优先。
良好的理解沟通能力；良好的学习能力。
良好团队协作能力。
优秀实习生提供转正机会（短期实习请不要投递）。

",0,1,1,0,0
629,初级数据分析师,至数,上海,15-50人,不限,A轮,数据服务,7.5,应届毕业生,,"[""弹性工作"",""扁平管理"",""专项奖金"",""领导好""]","
数据分析师(行业研究方向)
 
岗位描述：
 
1、负责医疗器械的数据产品（数据仓库和知识图谱）日常运营，并协助完成不同行业领域/主题的调研项目，进行数据分析并撰写报告。
 
2、通过专题分析，对业务问题进行深入分析，能对关键分析思路进行产品化，形成研究结果提给研发中心进行数据应用开发；
 
 
3、日常数据报告制作，包括日常业务数据的收集、整理、核对，异常数据的核查，日常规报表的制作与更新完成业务相关统计报表及报告；
 
 
岗位要求：
1.本科以上学历，统计、数学、机器学习、数据挖掘、运筹学、信息技术等专业，211、985、国外知名高校优先；
 
2、有资料与信息解锁能力，并具有良好的沟通能力及策划能力；
 
3、熟悉医疗行业的品牌，具备基础的商业素养，有刨根究底意识，能够快速获取最新信息、主动选取有用信息、深度挖掘准确信息；
 
4、熟练使用sql、hql等数据库语言，能熟练使用python或其它编程语言，编写自动化脚本者优先；
 
5、对数据分析和算法设计有比较强烈的兴趣，具有统计学、运筹学、数据分析相关知识和工作经验优先考虑；
 
6、有医疗行业经历优先考虑；
",1,1,0,0,0
630,数据分析师,字节跳动,上海,2000人以上,本科,C轮,文娱丨内容,22.5,3-5年,,"[""扁平管理"",""弹性工作"",""大厨定制三餐"",""就近租房补贴""]","
职位职责：1、负责今日头条广告销售类数据分析工作，结合业务特点，建立数据预警与预测模型，实时发现问题。
 2、进行运营指标监测、拆解核心指标至过程指标，并以此为基础进行问题诊断进而输出业务建议，跟进执行落地表现，形成数据策略反馈。 
3、配合战略运营人员进行行业及销售类人员分析，理解需求及痛点，对广告消耗额，行业渗透率，竞品市场占有率等进行专项分析。
职位要求：1、统计学、应用数学相关专业优先，本科及以上学历，1~3年行业工作经验。
 2、调研、咨询行业中拥有广告行业研究、广告主研究、广告数据挖掘经验者，以及从事销售数据分析者优先。（呼叫中心对口的） 
3，熟练掌握excel、sql、spss、sas等统计分析软件，具备独立进行数据分析及应用或数据挖掘等工作经验。
",0,1,0,1,1
631,数据分析师,字节跳动,上海,2000人以上,本科,C轮,文娱丨内容,20.0,3-5年,,"[""扁平管理"",""弹性工作"",""大厨定制三餐"",""就近租房补贴""]","
        职位职责：
1、专注字节跳动信息流营销服务，对广告数据进行跟踪和分析，提出优化及改进方案；
2、负责搭建业务指标增长体系，监控业务进展并及时发现问题；
3、负责维护数据仓库，依据业务需求开发数据报表；
4、跟踪及收集市场及行业信息，对业务相关产品进行监控及数据分析
职位要求：
1、本科以上学历，数学、统计学、商业分析相关专业优先；
2、3年以上数据分析工作经验，熟练掌握hive/sql，精通excel，掌握tableau等bi工具；
3、具有快速的业务理解及学习能力，逻辑思维、自我驱动、抗压能力强；
        ",0,1,1,1,0
632,数据分析师校招,至数,上海,15-50人,本科,A轮,数据服务,2.5,应届毕业生,,"[""弹性工作"",""扁平管理"",""专项奖金"",""领导好""]","
数据分析师(行业研究方向)
 
岗位描述：
 1、负责医疗器械的数据产品（数据仓库和知识图谱）日常运营，并协助完成不同行业领域/主题的调研项目，进行数据分析并撰写报告。
 2、通过专题分析，对业务问题进行深入分析，能对关键分析思路进行产品化，形成研究结果提给研发中心进行数据应用开发；
 3、日常数据报告制作，包括日常业务数据的收集、整理、核对，异常数据的核查，日常规报表的制作与更新完成业务相关统计报表及报告；
 
 岗位要求：
1. 本科以上学历，统计、数学、机器学习、数据挖掘、运筹学、信息技术、医疗等专业，211、985、国外知名高校优先；
*此岗位为实习岗，能保证每周来上班3天者优先， 欢迎在校大学生投递
 
2.有资料与信息解锁能力，并具有良好的沟通能力及策划能力；
 
3.熟悉医疗行业的品牌，具备基础的商业素养，有刨根究底意识，能够快速获取最新信息、主动选取有用信息、深度挖掘准确信息；
 
4.熟练使用sql、hql等数据库语言，能熟练使用python或其它编程语言，编写自动化脚本者优先；
 
5.对数据分析和算法设计有比较强烈的兴趣，具有统计学、运筹学、数据分析相关知识和工作经验优先考虑；
 
",1,1,0,0,0
633,数据分析经理,Gridsum 国双,上海,500-2000人,本科,上市公司,数据服务,20.0,3-5年,"[""购买社保"",""试用期上社保"",""免费休闲游"",""试用期上公积金"",""免费健身房"",""创新人才支持"",""免费体检"",""每月餐补"",""6险1金""]","[""节日礼物"",""年底双薪"",""带薪年假"",""午餐补助""]","
岗位职责：    
1、快速学习一个行业的知识，并且结构化；用1-2周的时间可以制作行业研究报告，并能将洞察转化为可落地执行的策略；    
2、以客户为中心，能够与客户高层对话，问出有质量的问题，深度了解业务需求和痛点，并能结合公司的产品和服务，提供解决方案；    
3、能够设计调研问卷，结合线上数据，进行建模、数据分析，以推导出适合业务需求的理论体系；    
4、建立标准和机制，在执行过程中确保数据的完整性、客观性以及实用性，实现可售卖报告的交付。    

岗位要求：    
1、大学本科及以上学历，硕士优先，计算机、数学、统计学、mba专业优先；    
2、5年以上数据分析、市场调研、产品经理、研究经理等相关经验，有管理经验优先；    
3、有数据分析和建模能力，擅长行业研究、数据库行销等；    
4、熟悉数字营销，快速学习、自我学习能力极强；    
5、精通办公软件；    
6、极强的自我学习能力、领导力以及沟通能力，懂英文优先。  
",0,0,0,0,0
634,风险数据分析师,联众金融,上海,500-2000人,本科,B轮,金融,14.0,1-3年,,[],"
岗位描述:
1. 负责贷前、贷中及贷后政策策略在决策引擎系统中的规则配置、测试、流程管理与优化，以及定期的维护和改进工作
2. 结合业务发展需要, 就现有流程规则和信贷政策提出改进建议，并提供优化方案。
3. 完成各类统计分析, 日常报告的生成以及报告流程的优化。
4. 负责与产品及it部门沟通，推动系统及决策引擎项目上线。
岗位要求：
1. 大学本科及以上学历，金融、经济学、数学、统计学或计算机类相关专业优先。 
2. 具备较强的数据分析能力，有统计或编程工具（sas，sql等)应用经验，java开发工作经验优先
3. 有信贷系统需求管理及决策引擎开发经验者优先。
4. 拥有blaze、smg3、crif决策引擎经验的优先。
5. 具备清晰严谨的逻辑思维、较强的沟通表达能力，工作认真、负责，有较强的沟通、应变能力、团队合作能力及良好的心理素质。
",0,1,0,0,1
635,高级数据分析师（上海） (MJ000045),百融云创,上海,500-2000人,硕士,C轮,金融,22.5,不限,,"[""技能培训"",""股票期权"",""带薪年假"",""定期体检""]","
岗位职责:
1.完成数据测试及匹配结果分析工作；
2.使用建模工具进行信用模型及反欺诈模型开发，包括数据准备.建模及数据分析.模型的选取与优化.模型验证等工作；
3.对海量业务数据进行分析，深度挖掘内部数据，构建风控指标体系并具备开发特征库及解释相应衍生变量.规则的能力；
4.熟悉风控审批.额度.定价策略的制定方法及相应建模流程；
5.针对不同金融机构和业务给出相应的风控建模方案，向客户进行阐释并参与实施；
6.针对客户痛点进行业务引导并提供技术支持；
7.具备探索新业务场景的能力与热情，对于知识与技术向新场景迁移和应用有独立的见解。

岗位要求：
1.两年以上相关领域工作经验，统计.数学.计算机.金融工程等相关专业硕士及以上学历，有较好数学或代码基础者优先；
2.至少能熟练运用sas.r.python中的一种进行数据分析或建模，熟练掌握数据库操作（如sql语句）；
3.掌握逻辑回归.决策树.机器学习等算法，了解算法的原理；
4.具备独立思考的能力，逻辑严谨，对数据敏感，善于发现.探索并解决问题，自我驱动力强；
5.有较强的责任心及抗压能力；
6.有建模大赛经验优先；
7.同等条件下表达能力强者优先。
",1,1,0,0,1
636,数据分析师(BI方向),信也科技,上海,2000人以上,本科,上市公司,金融,12.5,1-3年,,"[""绩效奖金"",""五险一金"",""带薪年假"",""午餐补助""]","
        岗位职责：
1、参与贷后运营监控分析，通过数据分析，给出策略优化建议，并追踪优化效果；
2、负责贷后自动化分案体系维护及持续优化，提升分案准确性及效率；
3、与业务团队紧密配合，充分沟通，接收业务团队数据提取需求，能判断需求合理性并且及时高效交付数据结果；

任职要求：
1、本科及以上学历，数学、计算机，统计学或金融等相关专业；
2、熟练使用excel, sql, python，出色的工作汇报及总结能力；
3、具备较高的数据逻辑和数据敏感性，有较强的数据及用户行为分析能力，在互联网/金融/咨询行业有1年以上数据分析经验者优先；
4、过往工作经历中，具备利用数据分析结果或者模型在提升利润指标、优化成本、提升人力效率方面有成功经验；
5、具备良好沟通能力，学习能力，和团队协作精神；
6、有强烈的学习和提高欲望，有创新和冒险精神，渴望在快节奏的创业公司提升自己，创造价值。
        ",1,1,0,1,0
637,高级数据分析师（上海） (MJ000045),百融云创,上海,500-2000人,硕士,C轮,金融,22.5,不限,,"[""技能培训"",""股票期权"",""带薪年假"",""定期体检""]","
        岗位职责:
1、完成数据测试及匹配结果分析工作；
2、使用建模工具进行信用模型及反欺诈模型开发，包括数据准备.建模及数据分析.模型的选取与优化.模型验证等工作；
3、对海量业务数据进行分析，深度挖掘内部数据，构建风控指标体系并具备开发特征库及解释相应衍生变量.规则的能力；
4、熟悉风控审批.额度.定价策略的制定方法及相应建模流程；
5、针对不同金融机构和业务给出相应的风控建模方案，向客户进行阐释并参与实施；
6、针对客户痛点进行业务引导并提供技术支持；
7、具备探索新业务场景的能力与热情，对于知识与技术向新场景迁移和应用有独立的见解。


任职要求：
1、两年以上相关领域工作经验，统计.数学.计算机.金融工程等相关专业硕士及以上学历，有较好数学或代码基础者优先；
2、至少能熟练运用sas.r.python中的一种进行数据分析或建模，熟练掌握数据库操作（如sql语句）；
3、掌握逻辑回归.决策树.机器学习等算法，了解算法的原理；
4、具备独立思考的能力，逻辑严谨，对数据敏感，善于发现.探索并解决问题，自我驱动力强；
5、有较强的责任心及抗压能力；
6、有建模大赛经验优先；
7、同等条件下表达能力强者优先。
        ",1,1,0,0,1
638,数据分析全栈顾问,上海算酷信息科技有限公司,上海,15-50人,本科,不需要融资,数据服务,10.0,3-5年,,"[""绩效奖金"",""弹性工作"",""技能培训"",""五险一金""]","
岗位职责：为地产集团提供数据分析服务，需要你理解地产专业人员的需求，快速草拟出要点，评估关键环节的不同技术路径，亲自去搭建系统去收集数据，利用etl工具去整理数据，利用tableau塔谱可视化工具去监控数据或生成报表成果，要能动笔完成系统的操作手册，去培训操作者快速上手使用模型。要让平时数天数周完成的工作，在你手里只要数分钟时间自动生成。任职要求：大学本科及以上学历，毕业两年内的最好，但也不**。理科专业，真心喜欢数据分析这个行业，快速地学习能力，给点颜色你就能开染房的那种人是我们需要的。如果能翻墙查外文资料，我们喜欢。良好地沟通能力能够让客户愿意与你交流，让你快速理解客户的需求。长期在电脑旁工作，我们希望你对自己的健康有明确的要求。优先以客户的需要当成自己的使命去尽力完成。
",0,0,1,0,0
639,业务数据分析,旺旺集团,上海,2000人以上,大专,上市公司,电商,7.0,不限,,[],"
岗位职责：
1、 按时、准确的提供各指标的日数据报表；针对相关联报表进行有效整合；
2、 针对相关日报、周报、月报等不定期数据报表制作的准确性与及时性；
3、 针对每日追踪产生异常数据进行深入分析，提供产生差异线别；及时提报异常数据至相关追踪人员；
4、 对销售预估作业进行规范；定期对系统相关数据进行维护；定期出具销售预估相关数据；不定期对销售预估异常作业进行通报与提醒；
5、 数据报告分析的可参考性；合理的对问题点进行深入分析；
6、 准确及时提供战情会议数据并制作会议报告；
7、 不断优化相关报表设计，提高工作效率；提供深入的分析指标及分析方法，保证营运追踪的更加高效；
8、 不定期收集各事业部相关预估销售数据与政策明细；与各单位相关人员保持有效沟通。
 
任职要求：
1、 大专（含）以上学历，男女不限。
2、 有1年（含）以上快消品行业工作经验者优先；
3、 熟悉使用excel、ppt软件，具有对数据分析，判断能力；
4、 能使用简单的公式优先，如：vlookup,sumif等；
5、 符合旺旺有心、用心、道德心、细心之用人原则。
",0,0,0,1,0
640,数据分析工程师,上海游盾,上海,15-50人,本科,不需要融资,移动互联网,15.0,1-3年,,"[""带薪年假"",""午餐补助"",""扁平管理"",""交通便利""]","
岗位职责：1. 建设数据分析体系，对数据进行整理和挖掘2. 结合业务对数据进行分析，对结果进行展示3. 分析数据的深层原因并提出决策建议岗位要求：1. 熟悉互联网应用的数据分析业务，如用户指标、转化率指标等2. 精通 sql 分析和数据可视化工具3. 熟练使用 hadoop/spark 生态圈，可开发数据分析相关应用程序4. 对数据正确性负责，能对数据作出合理性的解释5. 具备良好的沟通和理解能力，可以快速理解业务需求
",0,1,0,0,0
642,境外数据分析 (MJ000102),上海米哈游,上海,500-2000人,不限,不需要融资,游戏,22.5,不限,,"[""技术宅团队"",""发展空间大"",""简单有爱文化"",""弹性工作制""]","
岗位职责：
1. 构建并完善游戏项目运营数据分析体系，提供日常游戏业务相关的数据支持；
2. 针对游戏项目进行专项数据分析，包括并不限于用户价值、流失、游戏生态、活动版本效果等；
3. 通过数据挖掘和探索分析用户行为数据、游戏数值设计合理性等信息，为游戏设计和产品设计提供指导；
4. 研究游戏的用户精细化运营，如用户画像分析等。
岗位要求：
1. 3年以上工作经验，至少2年以上从事游戏数据分析工作，对数据分析感兴趣；
2. 对数据敏感，熟悉数据收集、数据分析方法，掌握数据建模基本原理和数据挖掘算法，了解服务器构架模式、数据库操作；
3. 拥有手游完整项目数据分析经验，能够独立开展研究项目；
4. 具备良好的逻辑思维能力和分析能力，具有良好的团队协作能力。
",0,0,0,0,0
643,COE专家（HRIS，数据分析方向）,上海米哈游,上海,500-2000人,本科,不需要融资,游戏,25.0,3-5年,,"[""技术宅团队"",""发展空间大"",""简单有爱文化"",""弹性工作制""]","
        岗位职责：

1、负责员工生命周期管理的深入研究，包括体验设计、效率提升、流程设计等，深入业务满足不同形态的需求，为组织能力提升提供价值。

2、协议机制的建立，包括发生的问题或前瞻性可能会发生的问题，洞察并发起协议制定，协同相关部门达成一致，解决问题，并形成长效机制。

3、人才保留及吸引政策的研究，包括分层福利设计、高层/外籍服务设计、落户机制等。

4、er产品的设计及运营，包括员工服务、新手教程、员工调研、考勤产品、leader教程等。



岗位要求：

1、全日制本科以上学历。

2、5年以上的员工关系coe工作经验，同时具备其他hr模块工作经验优先。

3、大型互联网公司背景，有过创新的项目经验。

4、务实并善于深度思考，喜欢研究，日常生活中是善于做安排的角色。

5、有较强的逻辑思维、产品思维，能精准定位用户需求，并找到有效途径实现。
        ",0,0,0,0,0
644,数据分析-虹口区,网达软件,上海,500-2000人,本科,上市公司,电商,13.0,1-3年,,"[""股票期权"",""带薪年假"",""绩效奖金"",""岗位晋升""]","
        任职要求 
（1）本科及以上学历，计算机专业； 
（2）具备2年及以上数据库相关工作经验，有大数据、互联网公司工作经验优先； 
（3）能独立进行oracle数据库开发； 
（4） 良好的sql优化能力，监控数据库并能定位、解决运行中发现的各种异常； 
（5） 熟练linux环境基本命令，使用shell开发； 
（6）优秀的沟通能力、理解能力、书面表达能力，具备良好的团队协作精神，善于思考，具有创新思维； 
（7）具有较好的学习力、能够适应多项新能力的学习； 
（8）具有较强的抗压能力。 

",0,1,0,0,0
645,数据分析师,上海众调科技,上海,50-150人,本科,A轮,移动互联网,14.0,3-5年,,"[""带薪年假"",""弹性工作"",""节日礼物"",""领导好""]","
        职位职责： 
1、根据用户行为等数据进行业务分析，帮助业务快速提升； 
2、建设业务分析模型，不断评估和优化业务分析模型。 
3、支持业务上各种统计分析需求。 
职位要求： 
1、数学、统计学、计算机相关专业优先，对数据分析有强烈兴趣者优先； 
2、有it大数据分析经验，有大型互联网公司数据分析经验、互联网数据建模分析经验者优先； 
3、有一线产品或运营业务优化经验者优先； 
4、精通 sql，熟练使用 r/python 进行数据清洗、分析； 
5、能快速理解业务，发掘业务细节和数据之间的联系； 
6、掌握 tableau 等 bi 工具尤佳。
        ",1,1,1,0,0
646,商业数据分析师-华东,GrowingIO,上海,150-500人,本科,B轮,企业服务,22.5,3-5年,,"[""股票期权"",""绩效奖金"",""扁平管理"",""弹性工作""]","
职位描述：
1、 深入了解互联网业务，针对客户的业务需求与痛点，提供基于业务场景的数据分析解决方案；
2、 基于客户各业务部门的分析监控需求，配合项目经理完成分析咨询交付；
3、 熟悉用户增长的框架和分析方法，针对拉新、留存、转化优化等进行深入的专题分析；
4、 充分利用各种 growingio 产品/服务， 与客户合作制定出最佳的数据分析策略与增长落地建议；
5、 根据客户分析咨询项目，结合用户调研、第三方研究等，提炼面向行业场景的共性分析需求，提炼规模化、产品化解决方案；
6、 基于数据分析，与客户销售、服务、产品管理、工程团队以及其他主要相关方开展跨职能协作，助力相关产品/服务取得成功。

职位要求：
1、本科以上学历，经济学、统计学、计算机等和数据处理高度相关专业，3年及以上互联网公司或咨询行业数据分析经验；
2、具备优秀的分析能力、优秀的商业敏感度，在推动业务/产品运营优化方面拥有丰富的经验；
3、擅长与内部及外部合作团队交流沟通，具有优秀的报告讲解及沟通能力，能够独立负责和推进项目；
4、熟悉hive，熟练使用sql，熟练使用至少一门编程语言者优先，有数据建模经验者优先；
5、熟悉growingio或其他数据分析产品者优先 ；
6、有数据运营、数据产品经理或咨询行业相关经验者优先；
7、有金融/零售/运营商等行业分析经验者优先。
",0,1,0,0,0
647,资深大数据分析师,百联全渠道电商,上海,500-2000人,本科,不需要融资,电商,32.5,5-10年,,"[""节日礼物"",""岗位晋升"",""五险一金"",""午餐补助""]","
        岗位职责
1、负责集团大数据体系建设，通过数据+工程化的能力来处理和萃取数据，赋能应用和产品；
2、根据数据现状，业务运营规划和发展目标，负责bi数据服务业务的规划设计，需求分析和工作流程；
3、负责集团bi报表平台和报表体系的建设。

任职要求
1. 本科及以上学历；8年以上bi开发相关工作经验(数仓、etl、bi等) ；
2. 熟悉零售行业和电商业务，熟悉供应链流量，并在相应业务板块有丰富的专业知识和行业洞见；
3. 掌握大型数据库开发技术，如oracle、mysql等，灵活运用sql实现海量数据加工处理并有sql优化能力；熟悉mpp数据库者优先；
4. 熟悉基本的数据分析方法与模型，至少熟练掌握一项数据分析或挖掘工具，如r，python，sas等；
5. 熟悉 hadoop 生态相关技术，对数据处理、数据架构等有一定理解和认识；
6. 优秀的商业分析思维，善于思辨，敢于决断；能够针对某项业务，完成分析课题；
7. 具有丰富的bi报表开发经验，熟练使用tableau，帆软bi等商业分析软件。
        ",1,1,1,0,1
648,高级大数据分析师,百联全渠道电商,上海,500-2000人,本科,不需要融资,电商,25.0,3-5年,,"[""节日礼物"",""岗位晋升"",""五险一金"",""午餐补助""]","
        岗位职责
1、根据数据现状，业务运营规划和发展目标，负责bi数据服务业务的规划设计，需求分析和工作流程；
2、围绕公司的各项业务，对本公司业务以及行业内进行数据分析并形成报告；
3、负责基于帆软bi平台进行报表的开发。

任职要求
1. 计算机、统计、商业等相关专业本科以上学历；
2. 3年以上数据处理工作经验，有丰富的大数据分析项目经验;有零售行业（商超百货）数据类项目经验优先；有咨询公司经验者优先；
3.对商业和业务逻辑敏感，具备良好的逻辑分析能力和系统性思维能力，良好的跨团队的沟通能力；
4. 了解数仓架构，熟练掌握数据查询语言，包括但不限于mysql/hivesql；
5. 有创建bi报表等经验：会tableau，帆软bi等商业分析软件；
6. 了解基本的数据分析方法与模型，至少熟练掌握一项数据分析或挖掘工具，如r，python，sas等； 
7. 精通ppt、高级图标应用、仪表盘等，能够恰当的做好数据可视化，有逻辑且有说服力。
        ",1,1,1,0,1
649,数据分析师,得物App,上海,500-2000人,不限,B轮,电商,37.5,5-10年,,"[""绩效奖金"",""带薪年假"",""定期体检"",""节日礼物""]","
        1、负责部门层面的业务分析工作，通过对数据的收集、统计分析与利用，编制分析报告，提出业务管理的
2、跟踪业务/重点项目的发展变化，对业务经营发展状态进行监控分析，提出策略建议报告；
3、商业嗅觉灵敏，善于沟通，能够深入了解业务、挖掘业务问题和痛点，通过数据分析为业务决策、产品
方向、运营策略提供数据支持；
4、研究运营数据和用户反馈，挖掘用户需求，发现运营中的问题并给出解决方案；
5、通过专业分析，对业务问题进行深入分析，为公司运营决策、产品方向、商业策略提供数据支持。


任职要求：
2、具有快速学习和思考能力，优秀的商业分析能力、敏锐的数据洞察力、结构化思维能力；
2、5年以上相关工作经历；
3、了解hadoop，对大数据的整体流程有较完整的认知体系；
4、熟练运用sql、excel，数据可视化工具tableau、finebi，ppt技能优秀。
5、优秀的分析问题和解决问题的能力，能够把合理的思路成功应用于实践
        ",0,1,1,1,0
650,数据分析师,信用飞/首付游,上海,150-500人,本科,B轮,移动互联网,27.5,3-5年,,"[""节日礼物"",""带薪年假"",""岗位晋升"",""年度旅游""]","
        岗位职责：
1、根据业务实际情况，准确提供各指标数据报表，包括日报、周报、月报等数据报表；
2、针对所负责的业务线做有针对性的数据分析，独立产出数据分析报告；
3、独立负责数据分析项目，推动项目顺利完成；
4、参与数据产品设计和实现，支持数据仓库搭建；
5、完成上级交付的其他数据相关内工作。
6、与产品/研发团队以及其他主要相关方开展跨职能协作，助力相关产品/服务取得成功。 
7、对业务数据保持高度关注，能够独立负责业务数据分析工作，能够针对数据指标建立相关数据监控机制；


任职资格：
1、数学、统计学、计算机等相关专业，全日制本科及以上学历；
2、具有较强的业务理解和分析能力；
3、熟悉掌握sql、python，熟练使用power bi、tableau、finereport等可视化工具；
4、擅长与内部及外部合作团队交流沟通，具备较强的表达和沟通能力；
5、具备良好的逻辑思维和组织能力，能够独立分析和解决问题。
【更多福利】
定期分享：组织行业或专业分享会，共同学习才能有进步
职业发展：优秀员工、优秀团队、灵活的晋升与调薪机制
丰厚奖金：项目奖金、年终奖、期权计划
员工关怀：年度体检、生日会、节日礼物、team building、结婚生育礼金、抚恤金
节日假期：法定假期、额外补充年假、带薪病假、姨妈假、“38”节假期


【公司介绍】
信飞数科是一家以数字化ai服务为核心的科技企业，以大数据、人工智能等时代前沿技术为基础，建立并发展成为拥有大数据风险管理能力、用户运营能力和产业理解能力的数字化解决方案公司。公司秉承“从数据中来，到实体中去”的理念，致力于通过数字化科技服务赋能航旅科技，金融科技、营销科技领域，实现成本降低、运营高效、体验优化、模式升级，助力产业实现互联网化、数字化和智能化。

信飞数科业务发展战略定位：
依托航旅客户构建开放式用户生态圈，围绕航旅消费场景、金融和用户权益展开业务布局，成长为行业内头部的“科技+金融+航旅+生活”四轮驱动的数字科技公司。

目前公司核心板块有：
金融*数字科技，包含个人消费金融、公司金融、资管科技业务，主要面向持牌机构及核心企业；
航空*数字科技，主要包含航空酒店的消费分期、信用支付、飞行钱包产品，以及航旅新分销渠道ndc项目的推进；
营销*数字科技，主要通过飞行分对4亿航旅高价值用户进行用户画像评级，实现数字化精准营销，同时打通权益及积分体系，实现权益和积分的开放平台。

旗下产品及服务矩阵：
c端产品有首付游/信用飞/飞行卡；
开放平台产品有信用支付sdk，社交分销工具sdc，消费信贷飞行贷api；
核心能力有灯塔风控系统、航空金融云、飞行信用分等大数据产品。

公司成立于2015年1月，京东数科为战略股东，目前为中外合资结构（已完成b轮融资），2018年已全面实现盈利，年营收过亿。目前已经和东航、国航、南航三大航展开合作，国内航空市场占有率超过70%，持牌机构合作了数10家城商行、消费金融公司及信托保险机构，c端授信用户超过8000万。

【工作地点】
长宁区淮海西路432号凯利大厦4楼
（地铁3号线、4号线、10号线虹桥路站4号出口步行400米
        ",1,1,1,0,0
651,资深数据分析师,哔哩哔哩,上海,2000人以上,本科,上市公司,文娱丨内容,32.5,3-5年,,"[""带薪年假"",""绩效奖金"",""交通补助"",""午餐补助""]","
        岗位职责： 
1、负责规划业务分析点，并负责例行化分析报告和专项深入分析报告的撰写； 能快速了解行业，深入分析行业生态。
2、通过用户行为进行深度分析，挖掘业务问题和路径机会，推动产品功能迭代、产品运营方案优化，设计实验并复盘效果；
3、梳理业务数据链路和指标框架，为业务的运营决策 提供数据支持，推动部门内数据体系的发展和完善；
4、通过数据报告、产品、模型等多种输出手段沉淀分析思路与框架，提炼数据产品需求，推动数据产品的落地。
5、能够将业务数据模型化，通过数学模型，预估模型，挖掘算法等提供深入的数据支持能力。
6、熟悉数据治理内容，对数据上报到数据报告产出的全数据链路负责
岗位要求 ：
1、应用数学、统计学等数理背景本科及以上学历。具有实践经验有三年以上互联网行业数据处理、分析经验优先。
2、具有较强的业务sense。主动驱动业务改进。
3、熟悉数据治理相关内容，有指标体系0到1搭建经验者优先。
4、熟悉hsql，python，excel工具，熟悉常用的数据分析算法模型。
5、抗压能力强，积极主动。
        ",1,1,0,1,0
652,数据分析师,瑛麒动漫,上海,50-150人,本科,A轮,文娱丨内容,20.0,3-5年,,"[""年底双薪"",""股票期权"",""专项奖金"",""带薪年假""]","
        岗位职责：
1-负责跟踪发现数据问题并多维度分析定位问题；
2-支持各业务部门的数据需求，建立分析模型，优化部门工作开展；
3-对产品数据、活动效果的数据分析，从海量数据中发现价值，为公司运营决策、产品优化提供数据支持；
4-建立业务特征的指标体系和相应的数据监测体系，撰写数据分析报告，为业务提供有质量的数据支持。

岗位要求：
1-本科及以上学历，信息、管理科学、统计、应用数学等相关专业优先；
2-4年以上互联网行业经验，熟练使用sql、r、python等数据分析编程语言，独立且高效地完成数据的提取及分析，有处理海量数据的经验；
3-有数据建模、数据报表等相关经验优先；
4-逻辑思维清晰，严谨细致，有良好的沟通理解能力和跨团队协作精神。
        ",1,1,0,0,0
653,数据分析师,猛犸科技,上海,15-50人,本科,未融资,金融,15.5,1-3年,,"[""带薪年假"",""餐补"",""定期团建"",""五险一金""]","
        岗位职责：
1、理解公司内部或客户的需求，利用结构化和非结构化的数据进行分析；
2、有效整合数据分析结果，撰写逻辑严谨、结论清晰的数据分析报告；
3、优化数据分析方法和流程，建立数据分析模型，提升工作质量和效率；
4、结合数据分析结果，提出运营和市场营销建议，并促进消费转化。
5、跨部门沟通协作，将数据分析结果快速落地；
6、监测分析产品运营状况，持续优化产品功能和拓展业务方向；

任职条件：
1、理工科专业的本科或以上学历，数理基础扎实；
2、对数据敏感，逻辑严谨，责任心强，工作主动，沟通能力强；
3、熟练使用sql、python语言；
4、量化模型开发、金融行业风险管理或相关工作，有经验者优先。
        ",1,1,0,0,0
654,数据挖掘工程师/数据分析师,友保,上海,50-150人,本科,未融资,企业服务,40.0,5-10年,,"[""绩效奖金"",""五险一金"",""年度旅游"",""弹性工作""]","
        岗位职责：
1、运用大数据分析工具和技术解决风险管理、营销等业务中遇到的实际问题，如信用风险评估、反欺诈、交叉销售、推荐等，包括对模型进行设计、开发、验证、测试、部署及监控、优化；
2、基于海量用户数据和特征，发现用户属性，建立数据挖掘模型，对用户进行评估，包括但不限于：用户风险评分、用户价值评分、用户偏好预测、用户个性化推荐等；
3、评估数据源的质量和价值，能结合业务需求和场景，从各种数据维度中挖掘数据价值，并设计不同的模型，应用于不同的业务场景中；
4、协助策略团队提出完整的业务解决方案。

任职要求：
1、统计学、数学、人工智能、数据挖掘、机器学习、计算机等相关专业，985/211院校本科及以上学历；
2、2年以上数据分析、建模、机器学习和算法实施相关工作经验，有零售银行/互金机构信用风险、精准营销、个性化推荐相关工作经验优先；
3、熟练掌握基本的数据挖掘模型算法（如逻辑回归、决策树、svm、神经网络、随机森林、深度学习等）；
4、熟练掌握python或r语言，熟悉常用机器学习库，如sklearn等；
5、熟悉大数据分析平台及分布式计算，如hive、hadoop、spark等优先；
6、有较强的逻辑思维能力、优秀的沟通表达能力及团队合作能力。
        ",1,1,0,0,0
655,BI数据分析师,西部证券,上海,150-500人,硕士,上市公司,金融,20.0,3-5年,,[],"
        工作职责
1、负责内部运营及bi系统的产品解决方案架构规划与产品功能设计，支持多业务部门的数据分析需求和未来扩展性，完成需求调研、产品规划、prd文档等输出；
2、协助业务团队，确认数据需求和指标口径，协调数据团队进行数据处理和接口开发；
3、协助业务团队，搭建运营指标体系，使体系能反映和驱动业务，能及时发现业务机会和问题。

岗位要求
1、本科及以上学历，5年以上产品或相关职位的工作经历；
2、参与过管理系统、数据分析相关项目，熟悉此类产品的框架体系，具备规划能力；
3、较强的数据处理能力，能熟练使用sql、r、python等优先；
4、有良好的沟通能力和团队协作精神，有较强的分析和解决问题能力，富有责任感。
        ",1,1,0,0,0
656,数据分析师,微盟,上海,2000人以上,本科,上市公司,企业服务,15.0,3-5年,,"[""绩效奖金"",""年底双薪"",""五险一金"",""带薪年假""]","
        岗位职责：
1、根据业务实际情况，准确提供各指标数据报表，包括日报、周报、月报等数据报表；
2、针对所负责的业务线做有针对性的数据分析，独立产出数据分析报告；
3、独立负责数据分析项目，推动项目顺利完成；
4、参与数据产品设计和实现，支持数据仓库搭建；
5、完成上级交付的其他数据相关内工作。

任职资格：
1、学历要求：本科及以上学历，统计学、数学、计算机等相关专业优先；
2、经验要求：3年以上数据分析经验，至少2年以上python数据运营分析经验；
 有saas行业数据分析、互联网数据分析经验者优先；
3、技能要求：熟练掌握sql/excel/ppt，熟练掌握power bi，熟悉kettle等etl工具优先；
 熟练掌握python的pandas、numpy、matplotlib、flask、sklearn等数据分析工具包；
4、其他要求：良好的沟通能力，有一定抗压能力。
        ",1,1,0,1,0
657,数据产品经理（数据分析方向）,阅文集团,上海,500-2000人,本科,上市公司,文娱丨内容,30.0,3-5年,,"[""年底双薪"",""五险一金"",""带薪年假"",""定期体检""]","
        工作职责:
负责阅文集团重点业务线的用户新增、渠道价值、用户分层数据体系搭建；
承接业务需求，进行常规和专项数据分析，产出有价值的分析结果；
跟踪产品发展，负责用户路径模型构建，挖掘路径中异常流失点击优化向，提供指向配合产品功能的落地；
针对阅读类产品，系统性监测业务的日常数据并能够及时分析和解读数据异常；进行健康度监控，提供业务决策支持。
构建数据体系，并通过数据分析进行数据价值挖掘、建模，提供策略支持

任职资格:
本科及以上学历，理科背景， 计算机科学、数据科学、统计学等专业优先 ；
3年以上互联网数据分析经验，具备数据生成、校验、可视化分析、异常排查、总结归纳能力；
工作积极主动，细心踏实，具备高度的工作责任心，逻辑清楚，思维缜密，数据敏感度高；
掌握一定的数理统计、数据分析、挖掘建模方法，熟悉使用sql语句；较好的总结和报告撰写能力，熟练使用excel、word、ppt等工作软件。


",0,1,0,1,0
658,高级数据分析师G01127,诺亚（中国）控股有限公司,上海,2000人以上,本科,上市公司,金融,21.0,5-10年,,"[""技能培训"",""节日礼物"",""绩效奖金"",""年度旅游""]","
        岗位职责：
1、参与对接业务方的数据分析工作，形成深度分析报告，组织与业务部门的定期沟通交流；
2、至少熟悉营销、用户、产品一个模块的深度数据分析，能沉淀业务价值，树立分析体系 ；
3、配合完成相关业务部门其他数据分析的需求，推动并协调开发团队完成后续开发工作；
4、参与数据部门的数据产品孵化工作，有能力撰写产品prd文档，配合开发，推动产品落地。

任职要求：
1、具备资管公司、券商、银行、保险等金融机构数据统计分析工作经验并能输出相关分析报告，具有数据驱动和产品思维；
2、保持开发心态， 对数据洞察保持热情；
3、具备良好的沟通能力，能够站在业务部门视角体会业务需求洞察业务痛点；
3、熟悉mysql/hdfs/hive的数据库使用，具备较强的数据库及sql能力；
4、熟悉常用办公软件的使用，如：excel、word、ppt，文字功底扎实；
5、至少熟悉一种数据分析工具，如python、r、sas；
6、工作态度认真负责，积极主动，拥抱变化。
        ",1,1,0,1,1
659,数据分析（高级/资深/专家）(J13547),哈啰出行,上海,2000人以上,本科,D轮及以上,硬件,37.5,5-10年,"[""购买社保"",""一年调薪2次"",""5险1金""]","[""绩效奖金"",""年底双薪"",""股票期权"",""交通补助""]","
        工作职责:
1.负责顺风车线上业务数据分析与基于数据的运营优化工作
2.完成产品运营项目效果评估等分析工作
3.负责日常分析报告撰写，平台运营开展，以及产品优化提供决策依据与分析建议
4.负责产品和业务、用户日报、周报及相关的各类指标监控，对数据价值化有深刻的理解，支撑精细化运营、日报、周报、月报的优化和分析；
5、 快速响应，处理业务相关的临时需求，能够针对重点需求进行数据项目立项；
任职资格:
1、 5年-8年工作经验，具有互联网行业经验者优先；本科以上学历，有大型互联网工作经验优先；
2、 具有良好的商业敏感度和数据分析技能，能够进行高效而实际的分析方法以解决各类的业务问题；
3、 熟悉sql和hive，熟悉excel软件，熟悉数据挖掘的常用算法，拥有海量数据处理和挖掘经验者优先；
4、 具有较强的逻辑思维、清晰的沟通表达、项目管理及组织协调能力；
5、 具有优秀的团队合作精神；诚实、勤奋、严谨；有独立思考的能力。
        ",0,1,0,1,0
660,数据分析师,小红书,上海,500-2000人,本科,D轮及以上,消费生活,22.5,不限,,"[""年度旅游"",""节日礼物"",""专项奖金"",""带薪年假""]","
        岗位职责：
1、基于用户增长与渠道推广，建立为团队提供反映产品和运营状况的分析模型； 
2、持续跟踪业务数据，监测业务发展态势，为业务指标异常提供预警、监测和解读； 
3、深入理解产品细节，推动基于对照试验的产品和策略迭代； 
4、与产品，渠道，研发等配合。推进优化方案落地执行，带来业务的实际提升增长；
5、结合行业数据、业界观点和市场趋势，为长期业务发展方向提供战略层面的意见和建议。
岗位要求：
1、计算机/统计学/数学等相关专业统招本科及以上学历，在用户增长/产品优化/商业分析/广告投放方向上具有3年以上相关经验者优先； 
2、对数据敏感，逻辑严谨，结构化思维，工作自驱，擅长沟通； 
3、有互联网或咨询从业经验，对互联网产品兴趣浓厚，深入理解业务逻辑 4、熟练使用sql/excel/python/tableau等数据分析和统计分析工具。

",1,1,1,1,0
661,资深游戏产品运营（数据分析向）,字节跳动,上海,2000人以上,本科,C轮,文娱丨内容,32.5,不限,,"[""扁平管理"",""弹性工作"",""大厨定制三餐"",""就近租房补贴""]","
        职位职责：
对游戏数据相关工作负责，通过数据分析和数据挖掘，找出游戏问题，给予建议和方向。具体内容包括：
1、 深入游戏研发团队，了解产品设计和优化方向，负责游戏业务的数据分析工作；
2、 搭建用户行为数据指标体系，并深度挖掘用户行为分析、用户画像分析的系统；
3、 较好的自驱力，针对游戏版本、系统玩法、活跃活动、商业化等内容，积极探索专题数据研究，通过数据驱动游戏体验优化和用户增长；
4、 跟进和监督各游戏的目标完成情况，定期进行游戏的优化效果复盘，有效提供改进商业化的策略和实施建议；
5、关注行业前沿动态，研究和分析行业发展趋势，量化分析价值和影响，产出专业行业分析报告
职位要求：
1、 本科或以上学历，5年以上游戏运营经验，可以适应游戏行业快速敏捷的工作节奏；
2、 了解和掌握数据全周期，包括埋点、数据提取和清洗、数据建模、报表及可视化、业务分析等；
3、 优秀的信息搜集、数据分析、撰写报告及结构化的分析思考能力，能够形成清晰的业务观点；
4、 熟悉掌握和使用excel，会使用查询工具（sql、hive）和分析工具（spss、r语言、sas等）者优先；
5、 主观能动性强，具有优秀的抗压能力和沟通协调能力；
6、 有成功项目的经验优先，不限品类；
        ",0,1,0,1,1
662,国际化数据分析师,字节跳动,上海,2000人以上,本科,C轮,文娱丨内容,30.0,3-5年,,"[""扁平管理"",""弹性工作"",""大厨定制三餐"",""就近租房补贴""]","
        职位职责：
1、面向国际化商业变现团队，负责国际化商业变现业务的业务分析，敏锐洞察海外市场、关注行业动态和客户诉求，为业务团队提供决策支持；
2、负责搭建国际化变现业务的分析框架，针对实际业务问题形成专题分析，可以给出具体解决方案并有效落地；
3、负责搭建国际化变现业务的监控体系，通过对于用户和客户数据的深入挖掘，迅速定位内部问题或发现变现机会，驱动商业化业务发展。
职位要求：
1、统计学、数学、经济学等相关专业，扎实的机器学习或数据挖掘理论和技术基础，具有相关领域较深入的技术应用的经验和能力； 
2、至少熟练使用r、sas、matlab、python、sql中的一种，熟悉常用数据统计和分析方法； 
3、具备良好的沟通能力和英文交流能力、团队合作精神、工作规划能力和主动意识； 
4、良好的逻辑思维能力、业务解读能力和快速学习能力，能够独立领导完整的数据分析项目； 
5、对数字比较敏感，热爱数据分析工作。
        ",1,1,0,0,1
663,数据分析师,DaDa,上海,2000人以上,本科,D轮及以上,教育,13.0,1-3年,,"[""技能培训"",""节日礼物"",""带薪年假"",""岗位晋升""]","
        一、岗位职责：
1、深入业务、基于业务理解，完善公司销售、班主任等业务端薪酬、绩效管理体系及职级体系；
2、定期输出业务端薪资结果，保证数据的精确性及效率性；
3、基于业务端薪资表现情况，输出薪酬分析报告，及时反馈可供参考的薪酬策略导向及预警风险；
4、负责建立承接业务部门薪酬、绩效指标库及对应的定义、测算、范围和计算公式，实施绩效考核管理，并负责对绩效考核过程进行培训和指导；
5、根据相关模型，建立薪酬及招聘体系的成本测算链；
6、负责开发绩效考核相关报表，并定期迭代维护。

二、任职要求：
1、统招本科及以上学历，数学、统计、经济学、计算机专业优先；
2、1-3年以上相关工作经验，精通业务端kpi考核指标；
3、精通sql、excel等办公软件，对数据敏感度好，善于进行数据分析，结果导向；
4、严谨细致，具有较强的学习能力。
        ",0,1,0,1,0
664,数据分析师,蓝标传媒,上海,500-2000人,本科,不需要融资,广告营销,16.0,1-3年,,"[""专项奖金"",""带薪年假"",""绩效奖金"",""扁平管理""]","
        工作职责:
1.构建全面、准确、能反映业务线特征的整体指标体系，对多种数据源进行深度诊断性组合分析、挖掘、深度分析；
2.reporting，通过对数据的挖掘和分析，形成报告，为部门战略指标规划提供有效的数据依据及支撑；
3.独立完成数据分析、具备大数据分析方向的视野，结合分析结果以及对业务需求的深入理解，协助团队完成部门任务，
4.负责部门数据指标体系及分析模型的建设与优化，推动部门数据化运营；
5.对核心项目进行专题分析，针对业务现状进行专题分析，给出出现数据偏差问题运营解决方案，推动优化上线迭代，以数据驱动业务增长；
任职资格:
1.本科及以上学历；统计学、数学、数据科学、计算机科学与技术等相关专业优先;
2.对数据敏感，具备优秀的分析技巧以及报告展示能力；
3.熟练操作数据提取、处理、分析及可视化软件，如sql/hql、excel、spss、tableau等;
4.熟悉使用r/python/sas等分析工具优先
        ",1,1,1,1,1
665,资深/高级数据分析师,得物App,上海,500-2000人,本科,B轮,电商,27.5,3-5年,,"[""绩效奖金"",""带薪年假"",""定期体检"",""节日礼物""]","
        岗位职责：
1. 负责交易线数据分析，根据算法、业务及产品等不同业务方的业务现状主动发现数据分析需求，通过数据指标拆解和数据逻辑分析有所洞察，给出业务方可执行的建议，最终实现业务的正向转化；
2. 对核心的业务数据进行规划和整理，高效能完成业务核心数据在业务侧的展示和使用；
3. 分析行业、竞争等外部环境变化，为业务问题定位、趋势分析等提供专业见解；
4. 通过分析用户行为、站内转化路径、转化周期等数据得出对业务有推动价值的用户标签，并且将此类逻辑性标签重复循环应用到后续的业务分析中；
5. 配合各业务部门项目，给予数据支持，从多种数据源组合数据进行深度诊断分析，完成业务专题分析，输出核心业务报告。


任职要求：
1. 全日制本科及以上学历，985，211优先；
2. 精通hive ,sql,excel ,ppt , 熟练掌握常用统计分析方法及模型，会使用python 或 r等分析软件优先；
3. 3年以上数据分析相关经验，熟悉掌握统计学，运筹学相关知识，有商业数据分析经验的优先；
4.有良好的数据敏感度、具备较强的数据分析能力、逻辑思维能力、沟通能力，能够跨部门协调，有效整合资源推动业务发展；
5. 思路清晰，工作严谨，产出高效，能从海量数据提炼核心结果并用简洁明了的语言描述产出，并且通过个人的分析结果获得业务方的认同以推动策略落地及迭代，得到相应的收益和效果。
        ",1,1,0,1,0
666,【算法】高级数据分析/数据挖掘,得物App,上海,500-2000人,本科,B轮,电商,40.0,5-10年,,"[""绩效奖金"",""带薪年假"",""定期体检"",""节日礼物""]","
        职位描述
1.基于用户数据和内容数据进行数据挖掘和建模、画像，配合策略提升业务转化;
2.基于用户偏好和消费习惯进行数据挖掘和建模，实现精准营销；
3.对业务模式的实验和探索，进行数据分析和模型预测，通过分析对比以往模型，总结和提炼业务改进方向


岗位要求：
1.本科以上计算机或统计相关专业背景，本科5年以上工作经验,硕士3年以上经验;
2.熟练掌握lr、svm、gbdt、rf、xgboost等机器学习算法、推荐算法、nlp算法，并有相关应用经验；
3.了解至少一种机器学习框架，包括不限于tensorflow、mxnet、pytorch等；
4.熟练掌握python，并有大数据处理经验；
5.自我驱动，善于解构问题并快速实践，且具备良好沟通和学习能力；
6.有电商背景者优先。知名机器学习竞赛获奖者优先。受顶会论文收录者优先。
7.有商业分析经验者优先
        ",1,0,0,0,0
667,数据分析师,G7,上海,500-2000人,本科,D轮及以上,物联网,17.5,3-5年,,"[""节日礼物"",""技能培训"",""专项奖金"",""绩效奖金""]","
        工作职责：1、负责分析平台车辆运营数据，输出客户车辆运营数据分析报告；2、负责分析用户，通过一系列相应的指标来评价和监测客户对平台系统的使用情况，并输出可视化报表和分析报告；3、负责分析各产品线相关指标，检测分析用户对产品的使用成熟度及效果，并对产品优化提出合理化的建议；4、负责分析应用平台数据指标，对其有一定的数据挖掘和应用；5、负责利用bi工具进行报表、仪表盘等前端展现的产品设计，实现报表生成自动化。任职要求：1、大学本科毕业以上，统计学、数学等相关专业，有一定的数据分析经验、2年以上工作经验优先；2、有较强的数据敏感度，逻辑分析能力强，思维清晰敏捷，有一定的创新力；3、熟练使用excel/spss/r 等分析软件，熟练ppt、有一定的报告撰写能力；4、掌握至少一种报表工具，对流行智能bi工具有一定了解；5、熟悉sql编程，python/r中至少一门编程语言，有一定的建模能力；6、了解互联网产品数据分析原理，有清晰的数据分析的思路和方法； 7、具备良好的抗压能力、沟通能力和团队精神，有独立开展分析研究项目经验。

",1,1,0,1,1
668,数据分析主管,瑞妮丝医疗美容门诊部,上海,500-2000人,本科,不需要融资,电商,25.0,3-5年,,[],"
工作职责：
1.负责公司数据仓库的设计，搭建和监控；
2.开发搭建数据产品；
3.根据业务逻辑提炼用户标签体系，制作用户画像；
4.完成业务方的提数和分析需求
职位要求：
1. 从事数据仓库或者挖掘领域至少3年以上，熟悉数据仓库模型设计，可独立完成etl工作；
2. 有数据产品研发经验（tableau,dash,shiny等），对数据产品有深入理解，并有成功搭建案例；
3. 能够对专题问题进行深入分析，撰写分析报告，为运营决策、产品方向提供数据支持；
4. 熟练shell，sql和python语言;
",1,1,1,0,0
669,数据分析师（2021校招）,达达集团,上海,2000人以上,本科,上市公司,消费生活,20.0,应届毕业生,"[""免费班车"",""新婚红包"",""定期调薪"",""电脑补贴"",""生子红包"",""地铁周边"",""超长年假"",""定期团建"",""6险1金""]","[""弹性工作"",""股票期权"",""扁平管理"",""技术氛围浓厚""]","
        工作职责：
1、搭建业务关键指标体系，并及时监控指标，针对指标异动，分析定位问题；
2、深入参与业务重点项目，提供数据分析洞察，识别关键的问题与机会点，推动分析建议的落地，帮助业务达成目标；
3、针对公司关键指标以及运营各业务线输出专项分析报告, 为运营决策、用户营销等提供决策支持和优化方向。 


岗位要求：
1、所学专业是数学、统计、商业分析、或计算机相关专业；
2、熟练掌握excel、sql，喜欢从数据中发现规律，学习能力强，对新事物保有好奇心，并能快速适应新环境，抗压能力强；
3、有良好的沟通能力，能与他人合作，共同完成目标。
        ",0,1,0,1,0
670,资深数据分析师(J10061),德邦,上海,2000人以上,本科,不需要融资,物流丨运输,20.0,3-5年,,"[""技能培训"",""绩效奖金"",""岗位晋升"",""管理规范""]","
        工作职责:
1、通过数据分析、监控和日常数据挖掘，诊断业务问题，并提供相应的运营建议，并推动改善
2、完善标签画像体系，并通过多种价值模型做业务主体分群、分类
3、定期进行数据分析报告撰写及数据汇报工作；
4、辅助开发团队部分成员转型数据分析师，提高分析能力
任职资格:
1、3年以上相关工作经验(数据/业务分析、决策支持、数据挖掘、用户画像)；   
2、数学、统计、计算机、经济学等相关专业本科及以上学历   
3、对数据驱动业务有深入理解,对数据与业务方面有足够的敏感性,有较强的逻辑分析能力和独立思考；   
4、有产品、运营、用户相关业务分析经验，能独立完成数据分析报告 
5、精通sql/hive等，能独立提取分析所需数据,能精通操作excel、powerpoint等软件 
6、熟悉python语言优先；有物流行业经验优先  
        ",1,1,0,1,0
671,数据分析师,易得碧计算机,上海,150-500人,本科,不需要融资,金融,19.0,3-5年,,[],"
工作内容：1.针对内部和外部数据源数据进行分析和挖掘，帮助业务发现和分析问题，并且需要为决策提供必要且有效的参考建议，具体来说业务包括竟品关注、运营、用户增长和产品优化，表现形式是竟品分析、运营活动分析和用户在使用产品上的行为流分析等；2.为业务方提供数据分析服务，与业务部门合作开展业务专题分析，撰写的分析结果能帮助业务方解决实际问题；3.基本了解核心业务常规指标和数据评价体系，比如拉新活动评价指标、促活或交易活动评价指标等；4、其他临时性业务数据需求任职要求： 1、本科及以上学历，数学、计量经济学、计算机科学、信息管理、软件工程、统计学和心理学等理工科专业优先2、熟练使用sql、excel、r/python或其他数据处理工具，有ga和tableau使用经验尤佳，3、2年及以上数据处理和数据分析经验。3、英语为必需，需要沟通交流无障碍。4、了解区块链和相应业务者优先，有股票交易所行业经验者与此条件等同。
",1,1,1,1,0
672,商业数据分析师,叮咚买菜,上海,2000人以上,本科,B轮,消费生活,24.0,3-5年,,"[""弹性工作"",""扁平管理"",""股票期权"",""带薪年假""]","
        工作职责：
1、深入业务，基于业务理解，建立公司数据分析体系；
2、通过分析与解读数据，转化成商业洞察与决策建议；
3、与大数据开发团队紧密合作，确保数据收集完整，模型合理，质量有保证；
4.、沉淀数据分析思路与方法，提炼数据产品或工具。
任职资格：
1、统计、数学、信息技术相关专业本科以上学历，3年以上（专家须5年以上）数据分析或挖掘相关经验；
2、具有数据敏感度和商业sense，商业分析报告撰写能力；
3、熟悉sql，python语言；
4、优秀的逻辑思维、系统思维和结构化思维能力；
5、性格方面：好奇心，学习力，诚实，沟通能力，团队合作，抗压能力。
加分项：
1、具有零售电商数据分析经验；
2、熟悉spss或sas；
3、具有咨询公司工作经验。
        ",1,1,0,0,1
673,数据分析师,店宝宝电商,上海,500-2000人,本科,不需要融资,电商,20.0,3-5年,,"[""绩效奖金"",""带薪年假"",""弹性工作""]","
        我们需要你（岗位职责）：
1、通过数据分析支持产品改进及新模式的探索；
2、构建业务数据分析体系，帮助确定各项业务数据指标；
3、与业务方沟通相关需求，并独立承担基础数据处理、报表开发、数据调研分析等数据工作；
4、分析业务中存在的问题，提出改进的建议和措施，推动分析落地。

我们希望你（任职要求）：
1、统招本科及以上学历，统计学、应用数学、计算机等相关专业，211及以上院校优先；
2、熟练掌握多种统计和挖掘方法，了解python、r等语言，了解各种数据挖掘算法；
3、较强的数据敏感度，逻辑分析能力和文档写作能力；
4、有责任心，良好的沟通能力和组织管理能力以及心理承受能力，勇于接受挑战。

我们的团队：积极 上进 勤奋 务实 感恩 细节

加入我们，你将体验到：
1、氛围活跃的年轻团队，我们提倡简单直接，积极分享的工作和生活；
2、和优秀的伙伴们一起工作，与热爱技术的朋友们一同进步；
3、与公司一同成长，畅通无阻的晋升通道。

期待你的加入，和我们共同成长！
        ",1,0,0,0,0
674,数据分析专员,掌门1对1在线教育,上海,2000人以上,本科,D轮及以上,教育,20.0,3-5年,"[""免费体检"",""地铁周边"",""5险1金"",""父母赡养津贴""]","[""技能培训"",""节日礼物"",""绩效奖金"",""岗位晋升""]","
职位描述：
1. 对新媒体推广业务数据进行处理和分析，以目标为导向，主动从业务角度出发，利用数据发现业务问题，并提出具体、可落地的优化方案，推动业绩增长；
2. 快速并充分理解业务，参与搭建自动化监控及可视化体系，用数据来体现业务工作的水平；
3. 数据体系和数据报表的维护和搭建，以及日常运营数据的监控和分析、确保各指标、各数据的准确性及有效性，能及时定位并修复异常数据问题；
4. 建立渠道推广业务逻辑模型，帮助部门提升运营管理效率；
5. 支撑业务同事的临时数据需求；
 
任职要求：
1. 2年以上相关工作经验，统计学、计算机、市场营销、经济学等相关专业，全日制本科及以上学历；
2. 熟悉微信公众号、抖音等新媒体推广方式，具备在线教育、电商平台、o2o等行业的用户运营和渠道推广方向的数据分析/数据挖掘/数据运营等经验；
3. 熟练掌握python进行数据处理及分析，熟悉python数据类型、数据结构和常见工具包（pandas/numpy/datetime/os），在日常工作中有1年以上使用经验，必备项；
4. 熟练掌握sql，熟悉mysql，有hive实践经验优先；
5. 了解主流bi可视化工具，有tableau、powerbi经验者优先；
6. 具备数据敏感性和探知欲、分析、解决问题的能力；
7. 目标导向，工作认真、负责，具有良好的沟通与协作能力及较强的工作责任心。
",1,1,1,0,0
676,数据分析师,掌门1对1在线教育,上海,2000人以上,本科,D轮及以上,教育,20.0,1-3年,"[""免费体检"",""地铁周边"",""5险1金"",""父母赡养津贴""]","[""技能培训"",""节日礼物"",""绩效奖金"",""岗位晋升""]","
职位描述：
1. 对新媒体推广业务数据进行处理和分析，以目标为导向，主动从业务角度出发，利用数据发现业务问题，并提出具体、可落地的优化方案，推动业绩增长；
2. 快速并充分理解业务，参与搭建自动化监控及可视化体系，用数据来体现业务工作的水平；
3. 数据体系和数据报表的维护和搭建，以及日常运营数据的监控和分析、确保各指标、各数据的准确性及有效性，能及时定位并修复异常数据问题；
4. 建立渠道推广业务逻辑模型，帮助部门提升运营管理效率；
5. 支撑业务同事的临时数据需求；

任职要求：
1. 2年以上相关工作经验，统计学、计算机、市场营销、经济学等相关专业，全日制本科及以上学历；
2. 熟悉微信公众号、抖音等新媒体推广方式，具备在线教育、电商平台、o2o等行业的用户运营和渠道推广方向的数据分析/数据挖掘/数据运营等经验；
3. 熟练掌握python进行数据处理及分析，熟悉python数据类型、数据结构和常见工具包（pandas/numpy/datetime/os），在日常工作中有1年以上使用经验，必备项；
4. 熟练掌握sql，熟悉mysql，有hive实践经验优先；
5. 了解主流bi可视化工具，有tableau、powerbi经验者优先；
6. 具备数据敏感性和探知欲、分析、解决问题的能力；
7. 目标导向，工作认真、负责，具有良好的沟通与协作能力及较强的工作责任心。
",1,1,1,0,0
677,数据分析师,小红书,上海,500-2000人,本科,D轮及以上,消费生活,20.0,1-3年,,"[""年度旅游"",""节日礼物"",""专项奖金"",""带薪年假""]","
        工作职责:
1、全面分析各项影响审核人效增长的因素，改良审核侧业务绩效，并结合业务方向，给出可落地的整体的优化方案；
2、参与目标设定，帮助挖掘人效增长空间，对人效优化提供数据支持;
3、梳理策略、审核团队数据化运营需求，取数、搭建可视化报表及看板
4、构建全面的、准确的、能反映审核业务线特征的指标体系, 及时发现与定位业务问题；


任职资格:
1、两年及以上互联网行业大数据相关分析经验；本科及以上学历，计算机，数学，统计相关专业优先2、能熟练独立编写分析报告，及时发现和分析其中隐含的变化和问题；
3、熟练使用sql，hive，熟悉hive常用函数，熟练使用bi可视化图表工具（tableau/观远/神策等）
4、知名互联网公司有内容审核或风控相关背景的同学优先考虑
        ",0,1,1,0,0
678,数据分析师,上海域起,上海,150-500人,本科,不需要融资,游戏,22.5,3-5年,,"[""年底双薪"",""带薪年假"",""年度旅游"",""领导好""]","
岗位职责:1、对接游戏项目，满足日常运营数据需求2、分析运营活动、游戏版本、市场投放等效果，并提出优化建议3、完善数据分析体系和数据挖掘建设任职条件:1、统计/计算机相关专业，理论基础扎实，阅读英文文档无压力2、熟练使用sql，熟悉python，熟悉tableau3、热爱游戏，对游戏行业有一定了解4、具备良好的逻辑能力、报告撰写能力、沟通能力5、加分项：有数据挖掘相关经验，有广告投放相关经验
",1,1,1,0,0
679,数据分析师,拼多多,上海,2000人以上,本科,上市公司,电商,22.5,不限,,"[""股票期权"",""专项奖金"",""弹性工作"",""扁平管理""]","
岗位职责：
1. 理解电商平台智能服务业务，通过数据分析和挖掘，实现服务体系的系统化和智能化；
2. 负责服务业务的指标体系建立，分析和制定智能策略，并持续迭代优化；
3. 负责知识推荐、智能问答系统等算法分析，建立a/b test迭代体系；
3. 与研发、算法、产品、业务团队一起推进智能客服产品最终落地，实现商业价值。
 
任职要求：
1. 本科以上学历，数学、统计学、计算机、信息技术等相关专业，逻辑能力强，对数据敏感并有极大兴趣；
2. 熟练掌握sql开发，熟悉数据仓库系统，有hive、python、机器学习算法基础者加分；
3. 具有良好的沟通能力、逻辑分析能力，在知识推荐、智能问答系统项目经验者加分。

公司包三餐，可提供员工宿舍，欢迎其他城市的小伙伴加入！
",1,1,0,0,0
680,数据分析师,上海嘉银金融科技股份有限公司,上海,500-2000人,本科,上市公司,金融,20.0,3-5年,,"[""年底双薪"",""节日礼物"",""技能培训"",""绩效奖金""]","
        主要职责:
1、负责存量新客的运营规划，以一定的费率最大化增量业绩，帮助完成公司业绩目标
2、通过业务数据分析以及数据挖掘手段，将客户分类&分层
3、优化配置不同的营销工具（电销、ai、短信）
4、通过数据分析优化各项营销工具
5、主动探索，发现各项业绩(利润)增长点

岗位要求：
1、逻辑思维清晰，沟通表达能力强
2、3年以上数据分析经验
3、熟练使用sql
        ",0,1,0,0,0
681,高级数据分析师,海尔集团,上海,2000人以上,不限,上市公司,物联网,30.0,5-10年,,"[""节日礼物"",""带薪年假"",""扁平管理"",""五险一金""]","
职责：数据分析、挖掘、建模，支撑业务场景运用
1、针对业务数据，分析需求及数据情况，进行数据分析、数学建模、数据挖掘等工作；
2、负责探索机器学习、深度神经网络、知识图谱等新技术在创新数据产品中的应用；
3、负责规划并实施大数据产品的研究、设计、实施及推广任务
4、具备敏锐的数据业务洞察力和良好的沟通、文档、表达能力，能与业务部门顺畅地沟通合作
四、关键能力/经验
1、五年以上数据挖掘/数据建模相关工作经验，有hadoop、hive、spark等使用和开发经验；
2、掌握逻辑回归、决策树、svm、神经网络、深度学习等基本的经典统计和机器学习建模理论与方法；
3、熟练掌握数据分析工具（r、python、matlab 等之一），能够独立产出数据报告，熟悉数据采集到报表展示的全流程
4、掌握数据清洗和常用数据挖掘/机器学习算法，有丰富的实际项目经验。
5、基于海量数据运行数据分析，制定多维度获取相关数据的策略；通过对数据和业务的挖掘，持续给出优化、升级方案。
6、良好的沟通交流能力，较好的逻辑分析能力，善于理解和分析业务，对数据敏感。
7、具备较强的数据分析能力和良好的需求理解力，能独立撰写解决方案、项目技术文档
",1,1,0,0,0
682,数据分析师,点融,上海,150-500人,不限,D轮及以上,金融,11.5,不限,,"[""节日礼物"",""带薪年假"",""岗位晋升"",""扁平管理""]","
岗位职责
1、负责借款客户分析（如客户行为、客户购买情况、还款情况等），对业务问题进行深入分析，为管理层提供数据支持；
2、制作日报、月报等各项日常数据报表以及临时报表。
3、了解借贷业务及风控指标，通过探索性数据分析，快速制作业务分析报告。
 
任职条件
1、 二年以上数据分析工作经验，掌握至少一门数据分析工具软件，并对数据结构和算法设计有一定理解。
2、 精通excel熟练使用sql，熟悉hive、hadoop。
3、 掌握数据库、具有良好的逻辑思维能力，对数据敏感，能够发现关键数据、发现关键问题。
4、 较强的沟通能力。
",0,1,0,1,0
683,高级数据分析师,浦发信用卡,上海,2000人以上,硕士,上市公司,金融,25.0,3-5年,,"[""专项奖金"",""绩效奖金"",""定期体检"",""带薪年假""]","
1.应用数学、统计及相关专业硕士以上学历。
2.熟悉常用的数据分析、机器学习的相关理论，有独立完成专题分析的经验，熟悉hive、hadoop大数据处理技术优先。
3.至少熟悉一种常用关系型数据库（oracle、db2、ms sql server等）。
4.有较强的责任心，良好的组织协调能力、优秀的团队合作能力、沟通能力、分析报告撰写能力，有强烈的学习意愿和自学能力。
5.有数据分析相关5年以上工作经验，有金融类工作经验者优先；有上云经验者优先。
",0,1,0,0,0
684,数据分析师,拉勾猎头,上海,500-2000人,本科,D轮及以上,企业服务,27.5,5-10年,,"[""一手内推信息"",""猎头专业服务"",""名企保面试"",""精准高效对接""]","
﻿1、负责部门层面的业务分析工作，通过对数据的收集、统计分析与利用，编制分析报告；  
2、跟踪业务/重点项目的发展变化，对业务经营发展状态进行监控分析，提出策略建议报告；  
3、商业嗅觉灵敏，善于沟通，能够深入了解业务、挖掘业务问题和痛点，通过数据分析为业务决策、产品 方向、运营策略提供数据支持；  
4、研究运营数据和用户反馈，挖掘用户需求，发现运营中的问题并给出解决方案；  
5、通过专业分析，对业务问题进行深入分析，为公司运营决策、产品方向、商业策略提供数据支持。


1、具有快速学习和思考能力，优秀的商业分析能力、敏锐的数据洞察力、结构化思维能力；
2、5年以上相关工作经历；
3、了解hadoop，对大数据的整体流程有较完整的认知体系；
4、熟练运用sql、excel，数据可视化工具tableau、finebi，ppt技能优秀；
5、优秀的分析问题和解决问题的能力，能够把合理的思路成功应用于实践。


",0,1,1,1,0
685,数据分析师,永洪科技,上海,150-500人,本科,C轮,企业服务,12.5,3-5年,,"[""期权股激励"",""领导好"",""五险一金"",""巨大成长空间""]","
职位描述 
1.分析研究国内外大数据发展及应用趋势及金融、制造、零售等行业大数据应用和技术方案发展趋势；
2.根据客户需求和项目实施内容总结提炼行业或应用领域（财务、供应链、生产等）大数据应用方案，并设计、推广提出的方案。
3.负责公司ka客户的拜访、方案讲解，引导客户的思考方向，为公司销售人员做好业务、技术层面的支持； 
4.回复和响应客户的业务或技术需求，与客户进行业务交流、技术交流，关注市场竞争信息，进行市场信息的收集和分析； 
5.规划金融、制造、零售等行业或领域（财务、供应链、生产等）大数据条线产品发展策略；
任职资格 
1.理工科相关专业毕业，2年以上金融、制造、零售等行业（具备1个行业的经验即可）数据挖掘、数据仓库、数据集市、数据治理、bi类项目实施或系统开发经验，或者erp实施售前经验。 
2.熟悉大数据相关技术和应用。有bi实施经验或者开发经验。 
3.熟悉金融、制造、零售等行业（熟悉1个行业即可）的核心相关业务和it系统架构者优先。 
4.较强的沟通协调能力、文档表达能力、学习能力以及主动性，能够承受较大工作压力。
",0,0,0,0,0
686,数据分析师,明略科技集团,上海,2000人以上,不限,D轮及以上,数据服务,8.0,1年以下,,"[""六险一金"",""年底双薪"",""绩效奖金"",""完成E轮融资""]","
岗位职责：
1. 通过数据及时发现问题并提出合理的优化解决方案及建议；
2. 深入理解公司各产品线功能和工作原理，独立解答客户对产品及应用场景的咨询
3. 独立撰写项目日常周报及月报，并能够协助团队负责人向客户进行报告提案；
4.support完成项目的执行和沟通工作，主要负责dmp/及策客户各数字触点数据的收集、整理、筛选与用户行为分析；
5. 协助团队维护现有客户关系，定期为客户分享最新行业动态；
 
任职要求：
1. 本科及以上学历，数学、统计学、广告，市场营销等相关专业优先；
2. 有数据分析、网站分析、微信活动运营相关工作经验优先
4. 具备优秀的沟通能力，良好的演讲能力；
5. 有责任心，对数字敏感，良好的服务意识和团队合作精神；
6. 对数据分析、大数据、互联网行业、广告行业具备热情，有较强的耐压能力；
7. 具备英文听说读写能力;
8. 能熟练使用 ppt和 excel。
 
",0,0,0,1,0
687,高级数据分析师,诺亚（中国）控股有限公司,上海,2000人以上,本科,上市公司,金融,21.0,3-5年,,"[""技能培训"",""节日礼物"",""绩效奖金"",""年度旅游""]","
岗位职责：
1、参与对接业务方的数据分析工作，形成深度分析报告，组织与业务部门的定期沟通交流；2、至少熟悉营销、用户、产品一个模块的深度数据分析，能沉淀业务价值，树立分析体系 ；3、配合完成相关业务部门其他数据分析的需求，推动并协调开发团队完成后续开发工作；4、参与数据部门的数据产品孵化工作，有能力撰写产品prd文档，配合开发，推动产品落地。

岗位要求：
1、具备资管公司、券商、银行、保险等金融机构数据统计分析工作经验并能输出相关分析报告，具有数据驱动和产品思维；
2、保持开发心态， 对数据洞察保持热情；3、具备良好的沟通能力，能够站在业务部门视角体会业务需求洞察业务痛点；3、熟悉mysql/hdfs/hive的数据库使用，具备较强的数据库及sql能力；4、熟悉常用办公软件的使用，如：excel、word、ppt，文字功底扎实；5、至少熟悉一种数据分析工具，如python、r、sas；6、工作态度认真负责，积极主动，拥抱变化。
",1,1,0,1,1
688,数据分析师,知掘教育,上海,150-500人,硕士,不需要融资,数据服务、教育,13.5,应届毕业生,,[],"
        【工作内容】根据要求用spss、eviews、matlab、python、r、stata等软件进行数据分析何处理；
【上班时间】兼职，线上工作，根据分析师的时间接单
【工作地点】线上
【工作要求】擅长并可以熟练使用至少下列一种软件：spss、eviews、matlab、python、r、stata等；理工科软件，如fpga，ansys，workbench，gis等也可以考虑
        ",1,0,0,0,1
689,短视频数据分析师,字节跳动,上海,2000人以上,本科,C轮,文娱丨内容,30.0,3-5年,,"[""扁平管理"",""弹性工作"",""大厨定制三餐"",""就近租房补贴""]","
        职位职责：
1、搭建短视频产品的核心指标体系，进行指标和业务的拆解；
2、深入理解短视频、直播业态，结合定性、定量的分析方法解决用户、市场及战略相关的问题。结合项目，可以在指导下完成策略设计、数据分析、方案评估的相关工作；
3、对内外部数据进行深入专题分析，挖掘影响业务规模和增速的核心驱动因素，探索改进策略并推进落地；
4、深入理解业务战略目标及实现策略、执行抓手，发挥主观能动性，提升业务战略方向的精准，加强策略的有效性，确保执行有力。
职位要求：
1、1-3年数据分析工作经验，可以适应互联网行业快速敏捷的工作节奏；
2、很强的好奇心、钻研精神、数据敏感性及逻辑思维能力；
3、熟悉hive sql，熟悉python/r等分析工具，有较强的快速学习能力；
4、对统计学有较深的理解，有增长、ab实验、数据建模经验者优先；
5、有互联网公司数据分析，商业分析，策略经理等经验者优先。
        ",1,1,0,0,0
691,商业化数据分析师,字节跳动,上海,2000人以上,本科,C轮,文娱丨内容,30.0,3-5年,,"[""扁平管理"",""弹性工作"",""大厨定制三餐"",""就近租房补贴""]","
        职位职责：
1、通过对数据的敏锐洞察以及定性和定量分析，迅速定位内部问题或发现机会； 
2、负责商业化日常数据分析及监控，针对异常情况协调资源进行跟踪和深入分析； 
3、能根据实际业务完成较深入的专项数据分析，并形成数据分析报告； 
4、负责数据分析体系建设和完善，挖掘流量、产品、策略方面的商业变现机会，驱动商业化业务发展；

职位要求：
1、统计学、数学、经济学等相关专业，扎实的机器学习或数据挖掘理论和技术基础，具有相关领域较深入的技术应用的经验和能力； 
2、至少熟练使用r、sql、sas、matlab、python中的一种，熟练掌握sql，熟悉常用数据统计和分析方法； 
3、良好的沟通能力、团队合作精神、工作规划能力和主动意识； 
4、良好的逻辑思维能力、业务解读能力和快速学习能力，能够独立领导完整的数据分析项目； 
5、对数字比较敏感，热爱数据分析工作；
        ",1,1,0,0,1
693,数据分析实习生,上海一里井,上海,少于15人,大专,未融资,广告营销,2.5,应届毕业生,,[],"
职位描述

1）负责产品数据资源的收集、整理、储存以及管理工作，熟练使用excel（函数和vba）（或者sql、python等工具）对数据进行提取、整理工作；

2）具备业务敏感度和数据思维，能够较好的理解用户需求、业务场景和流程、数据应用场景等，利用统计学和数据分析工具解决实际业务中的运营指标体系监控，市场分析，竞品分析，用户分析，业务洞察等工作；

3）参与项目的数据应用需求调研工作，包括用户调研，价格测试，产品体验调研，需求调研，用户访谈等用户研究工作。

4）参与项目推进过程中的业务优化，能够结合分析报告和调研报告，为相关业务提供可落地的决策意见和执行方案。

任职要求

1、2年以上互联网从业经验，1年以上数据分析工作经验；

2、本科以上学历，统计学/计算机/市场营销学/心理学等专业优先；

3、熟练掌握office办公软件，会使用xmind/visio等沟通软件。至少熟练掌握excel/spss/python等其中一门数据分析工具；

4、具备一定的数据编程语言基础，能够使用python爬虫，抓取并整理数据（加分项）；

5、具备有一定数据可视化分析能力（会用power bi/tableau等可视化软件）（加分项）；

6、拥有良好的业务sense，优秀的沟通能力，学习能力，和团队合作沟通能力，工作以结果为导向，自我价值驱动，能够积极主动的发现问题，思考问题和解决问题。

一周至少能工作4天，公司上班时间周一到周六。大三或研二学生优先。工资：100-150元/天。
",1,1,1,1,1
694,数据分析师（供应链）,永辉云创科技有限公司,上海,2000人以上,本科,D轮及以上,电商,30.0,5-10年,,"[""股票期权"",""带薪年假"",""扁平管理"",""管理规范""]","
        岗位职责：

1、构建供应链业务数据分析体系，搭建数据指标体系。打造供应链数据中台，全流程数字化，快速灵活支持业务数据应用。

2、负责支持供应链各业务部门对数据的分析&产品化需求，能够敏锐的捕获供应链数据的应用价值，并从业务监控角度沉淀出供应链数据产品；

3、独立完成价值判断、业务规划、prd以及和数据开发团队及其他业务团队合作，推动项目落地拿到结果；

4、能够跨部门协调运营中遇到的各种问题，并通过持续性的解决问题沉淀分析思路与框架， 提炼数据产品需求形成完整的数据产品解决方案。

任职要求：

1、全日制大学本科以上学历，5年以上数据产品或分析经验，有基本的供应链运营概念，有过类供应链或物流相关方面的从业背景优先；

2、具备良好的数据敏感度、业务视野、调研分析能力及深度思考能力，能够敏锐的捕获用户需求，提供相匹配的数据解决方案；

3、熟悉数据采集及集成、数据仓库、数据集市，对数据生产流程、数据资产管理以及数据库有深入理解；

4、富有创业精神，充满激情，乐于接受挑战。责任心强、重视团队合作，具有良好的项目推动能力、沟通协调能力，能承受较大的压力。

",0,0,0,0,0
695,数据分析师（会员营销方向）,永辉云创科技有限公司,上海,2000人以上,本科,D轮及以上,电商,30.0,3-5年,,"[""股票期权"",""带薪年假"",""扁平管理"",""管理规范""]","
        岗位职责：


 构建会员与营销业务数据分析体系，搭建数据指标体系，监控关键指标数据变化，及时对数据波动总结归纳，对重点问题进行深入分析，定位原因，提供可落地的解决方案。 


 搭建会员及营销管理整体数据看板以及可视化实现，在会员分层分群运营层面支持整体业务，并跟进落地；


 深入会员及营销进行数据分析，通过分析、预测、聚类等挖掘数据价值，得到可落地的分析报告；


 沉淀分析思路与框架， 提炼数据产品需求，与相关团队协作并推动数据产品和决策系统的落地；




任职要求：


 大型互联网3年以上数据分析/挖掘相关工作经验，电商零售相关领域优先，应用数学，统计学，计算机, 经济学相关专业优先，熟练使用sql/tableau；


 在数据建模以及数据分析方面有积累方法论，具备业务的高度敏感度和较强的思维逻辑能力，能从流量、用户行为、产品、市场等方面为会员业务线提供行动建议；


 具有ownership以及高度的责任心和自驱力；对数据有钻研精神能提出独到见解，能独立完成从提出问题、定义问题到数据分析、报告撰写、展示汇报等全部工作；


 有良好的沟通能力，善于合作、能够跨部门/团队跟合作团队达成一致目拿到结果。有批判性思维，愿意接受不同意见帮助自己和团队共同成长


 具有依托数据分析驱动运营优化的成功案例或专题分析项目经验优先。




",0,1,1,0,0
696,数据分析,上海怡高科技服务有限公司,上海,500-2000人,不限,未融资,企业服务,10.0,3-5年,,[],"
数据分析（bi报告）etl + python + bi工具
责任： 
实施端到端报告系统，开发业务逻辑并可视化仪表板。 
为来自不同部门的业务请求者执行bi报告。
与business data analyst合作，以实施数据模型。 
确定新兴技术和工具以增强报告功能。 
支持制定管理决策和管理报告。 
生产经理分配的其他任务
资质： 
1、2-3年的脚本语言python经验 
2、4-6年的使用传统dbms（sql server，oracle）和bi功能的经验，以及hadoop生态系统（hadoop / spark）的经验。 
3、nosql知识 敏捷软件开发过程的知识。 
4、具有与powerbi合作的经验，优先考虑 有效沟通和有效协作的能力。 
5、快速学习者。能够根据需要学习新技术。 
6、优秀的团队合作伙伴，具有强烈的责任感，并在需要时担任领导角色。 
",1,1,0,0,0
697,数据分析师,雅通数据,上海,50-150人,本科,未融资,电商,10.0,1年以下,,"[""股票期权"",""带薪年假"",""专项奖金"",""弹性工作""]","
        岗位职责：
1. 在上级的指导下，完成报告撰写及者数据分析任务，包括：项目设计及项目计划书撰写，项目相关的准备工作，数据挖掘，数据分析洞察，报告撰写等
2. 积极参与公司内部的各种创新活动，包括但不限于新的数据技术的应用、新研究模型讨论和网络新趋势洞察
3. 参与报告演示，需求沟通的给客户交流

职位要求：
1.本科及以上学历，专业不限。经济学，市场营销，统计学，社会学，新闻学，心理学，广告学，电子商务等相关专业优先
2.责任心强，做事仔细，主动解决问题
3.独立思考，对数字敏感，逻辑性强
4.具有良好的中英文表达能力优先
5.熟练使用各类办公软件优先
6.数据分析，市场研究，咨询公司，广告公司，媒介公司等相关工作经验优先
        ",0,0,0,0,0
698,数据分析专家,上海识致信息科技有限责任公司,上海,150-500人,本科,不需要融资,电商,35.0,5-10年,,[],"
        职位描述：
1、负责部门层面的业务分析工作，通过对数据的收集、统计分析与利用，编制分析报告，提出业务管理的
2、跟踪业务/重点项目的发展变化，对业务经营发展状态进行监控分析，提出策略建议报告；
3、商业嗅觉灵敏，善于沟通，能够深入了解业务、挖掘业务问题和痛点，通过数据分析为业务决策、产品
方向、运营策略提供数据支持；
4、研究运营数据和用户反馈，挖掘用户需求，发现运营中的问题并给出解决方案；
5、通过专业分析，对业务问题进行深入分析，为公司运营决策、产品方向、商业策略提供数据支持。

任职要求：
2、具有快速学习和思考能力，优秀的商业分析能力、敏锐的数据洞察力、结构化思维能力；
2、5年以上相关工作经历；
3、了解hadoop，对大数据的整体流程有较完整的认知体系；
4、熟练运用sql、excel，数据可视化工具tableau、finebi，ppt技能优秀。
5、优秀的分析问题和解决问题的能力，能够把合理的思路成功应用于实践
        ",0,1,1,1,0
699,数据分析师,掌门1对1在线教育,上海,2000人以上,本科,D轮及以上,教育,16.5,3-5年,"[""免费体检"",""地铁周边"",""5险1金"",""父母赡养津贴""]","[""技能培训"",""节日礼物"",""绩效奖金"",""岗位晋升""]","
岗位职责：
1. 对新媒体推广业务数据进行处理和分析，以目标为导向，主动从业务角度出发，利用数据发现业务问题，并提出具体、可落地的优化方案，推动业绩增长；
2. 快速并充分理解业务，参与搭建自动化监控及可视化体系，用数据来体现业务工作的水平；
3. 数据体系和数据报表的维护和搭建，以及日常运营数据的监控和分析、确保各指标、各数据的准确性及有效性，能及时定位并修复异常数据问题；
4. 建立渠道推广业务逻辑模型，帮助部门提升运营管理效率；
5. 支撑业务同事的临时数据需求；

任职要求：
1. 2年以上相关工作经验，统计学、计算机、市场营销、经济学等相关专业，全日制本科及以上学历；
2. 熟悉微信公众号、抖音等新媒体推广方式，具备在线教育、电商平台、o2o等行业的用户运营和渠道推广方向的数据分析/数据挖掘/数据运营等经验；
3. 熟练掌握python进行数据处理及分析，熟悉python数据类型、数据结构和常见工具包（pandas/numpy/datetime/os），在日常工作中有1年以上使用经验，必备项；
4. 熟练掌握sql，熟悉mysql，有hive实践经验优先；
5. 了解主流bi可视化工具，有tableau、powerbi经验者优先；
6. 具备数据敏感性和探知欲、分析、解决问题的能力；
7. 目标导向，工作认真、负责，具有良好的沟通与协作能力及较强的工作责任心。
",1,1,1,0,0
700,数据分析师,拓端数据,上海,少于15人,本科,未融资,数据服务,21.5,1-3年,,"[""数据服务""]","
        1、了解移动行业基础知识，熟练使用一种数据统计分析工具，能快速有效的给出数据分析方法并给出结论；

2、熟悉sql语言，对大数据进行筛选过滤，快速处理数据；熟悉相关数据分析和挖掘工具，如：python、r、sas、weka、spssmodeler；

3、具备一定的互联网产品知识及思路，能够将常规定向数据处理逻辑演变成为具有一定商业价值的互联网数据产品；

4、思维敏捷、对大数据具有敏锐的洞察和分析能力，与创新意识，能独立提出挖掘方案和思路；

5、逻辑性强，能独立编写专业的行业数据分析报告，及时发现业务中隐含的漏洞变化和问题；

6、了解互联网趋势，熟悉大数据发展方向及市场现状。

",1,1,0,0,1
701,数据分析师,拓端数据,上海,少于15人,本科,未融资,数据服务,17.5,1-3年,,"[""数据服务""]","
        1、了解移动行业基础知识，熟练使用一种数据统计分析工具，能快速有效的给出数据分析方法并给出结论；

2、熟悉sql语言，对大数据进行筛选过滤，快速处理数据；熟悉相关数据分析和挖掘工具，如：python、r、sas、weka、spssmodeler；

3、具备一定的互联网产品知识及思路，能够将常规定向数据处理逻辑演变成为具有一定商业价值的互联网数据产品；

4、思维敏捷、对大数据具有敏锐的洞察和分析能力，与创新意识，能独立提出挖掘方案和思路；

5、逻辑性强，能独立编写专业的行业数据分析报告，及时发现业务中隐含的漏洞变化和问题；

6、了解互联网趋势，熟悉大数据发展方向及市场现状。
        ",1,1,0,0,1
702,数据分析专家,上海嘉银金融科技股份有限公司,上海,500-2000人,本科,上市公司,金融,30.0,5-10年,,"[""年底双薪"",""节日礼物"",""技能培训"",""绩效奖金""]","
        职位描述:
1、分析用户行为和用户特征，发现用户痛点，研究解决方案。为产品、ued改进提供数据支持，打磨现有产品使用流程优化及用户体验；
2、以数据为基础进行跨部门分享，推动相关结论的落地并追溯复盘后的效果，形成真正的数据提升闭环链路；
3、深入了解互联网业务，熟练将各种数据分析模型灵活运用至业务场景，并将形成的方法分享至本部门/跨部门；

岗位职责要求：
1、本科以上学历，5年及以上互联网数据分析经验，至少2年用户行为数据分析工作经验；熟练使用ab测工具，有gio、神策、百度统计等使用经验者优先，或者用户增长的经验者优先；
2、具有主人翁意识，有一定的大型项目合作经验。擅长与内部及外部合作团队交流沟通，具有优秀的报告讲解及沟通能力，能够独立的分析和解决问题。在推动业务拓展方面拥有丰富的经验；
3、熟练使用sql、python/r，有数据建模实践经验（2年以上相关工作经验）者优先； 
4、具有较强结构化思维、逻辑思维能力，对数据敏感，具备优秀的信息整合和分析能力，能够形成清晰的业务观点和前瞻判断；
        ",1,1,0,0,0
703,高级数据分析师,SAS,上海,2000人以上,硕士,不需要融资,人工智能,40.0,5-10年,,[],"
职责：
1、 作为数据分析带头人，带领数据科学团队进行大数据挖掘与建模项目研发；
2、 基于海量数据，应用统计建模、数据挖掘、机器学习、深度学习等方法建立模型，持续优化模型和代码实现，并推进大数据平台升级迭代；
3、 跟踪、学习、掌握前沿的数据分析挖掘分析技术，落实数据产品的策略分析与设计规划；结合应用场景，探索业务创新模式；
4、 对接沟通业务部门的相关系统研发团队，提供数据驱动方面的专业咨询方案，并对业务的大数据应用场景提出建设性意见。
要求：
1、 统计学、数学等相关专业硕士及以上学历，8年以上工作经验，有相关大数据项目实施经验者优先；
2、 熟练掌握sas、spss、python、r中的一种或者多种语言，熟悉keras、caffe、theano、tensorflow、torch中的一种或者多种深度学习开源框架
3、 沟通流利，能够用深入浅出地阐述各种算法，与非数据分析专业背景人员沟通讲解
4、 逻辑思维清晰严密，对团队成员做到传、帮、带，负责大数据挖掘与建模专家团队建设；
5、 工作有激情、勤学习，善钻研。具备良好的团队协作能力和执行力。
",1,0,0,0,1
704,高级数据分析师,Shopee,上海,500-2000人,本科,上市公司,电商,26.5,3-5年,,"[""外企氛围"",""蓝海市场"",""大牛多多"",""15天年假""]","
        职责描述：


1、 负责跨境电商业务相关的数据提取、数据分析、商业洞察及优化方案等工作；

2、 构建多角度、多层次的业务分析指标看板和监控报表；

3、与业务团队有效沟通，准确理解和把握数据分析需求；针对模糊需求，能基于经验，帮助业务团队定位问题，并对数据需求进行拆解和梳理；在沟通过程中，能起到一定的引导作用；

4、从多角度分析模型构想、数据收集准备到模型实现和商业洞察，开展端到端的数据管理和分析；

5、有效地向业务团队呈现分析结果和解决方案，推动业务优化。



岗位要求：


1.3 - 5年互联网领域数据分析师工作经验，电商/o2o相关领域分析师优先考虑；

2.对数据驱动业务有深入理解，对数据和商业有很强的敏感性；

3. 数学、统计、计算机软件、电子商务等相关专业本科或以上学历；

4. 较强的数据处理能力，精通sql、python、r、spss等一种或多种，有过spark和海量数据分析经验优先考虑；

5. 善于观察与学习，耐心且具有良好的沟通能力与团队协作意识；

6. 具备英语听读写能力，cet6或以上。

",1,1,0,0,1
705,数据分析专家,特赞|Tezign,上海,150-500人,本科,C轮,移动互联网,40.0,3-5年,,"[""技能培训"",""扁平管理"",""弹性工作"",""全员持股""]","
工作职责：
1.以发现业务问题、发挥数据价值为导向，能深入理解业务需求与痛点，确定业务问题与目标，参与需求及数据调研，并给予有效的数据解决方案；
2.从业务需求场景出发，指导完成多维度指标体系的梳理和建设，参与标签、画像、推荐等新产品的探索与验证，并能完成数据采集、管理、分析与应用全流程工作；
3.参与项目实施工作，协助客户完成数据处理、数据导入工作；
4.参与机器学习的特征工程及数据流建设；
5.负责/协助数据导入工具的研发维护，解决使用 api 以及数据处理工具时遇到的问题；
6.准确地将需求传达给产品研发团队，并进行必要的整理和归纳；与产品部门、技术部门配合不断提升产品的易用性，输出产品改进文档；总结梳理垂直领域以及标准化实施流程/手册/文档，提升内部数据工作效率；
7.结合行业经验与方法论，提供咨询服务和专题分析报告；梳理成功案例，形成行业指标均值，沉淀领域知识，形成行业知识库

工作要求：
1.3年以上数据可视化工具和创建数据可视化仪表板相关工作经验（包括tableau，power bi，qlikview，qilksense，e_chart）；
2.能够基于需求进行报表技术方案设计，相关数据的抽取和数据建模，并熟练进行报表界面的交付开发；
3.深入了解bi相关知识，包括：etl，数据仓库，olap，多维数据模型等；深入了解分区和索引方法；
4.了解敏捷软件及企业软件开发过程；
5.具有大型关系数据库的性能调优经验；强大的调试，解决问题和调查能力；
6.良好的沟通能力、善于学习、积极向上，喜欢数据分析行业；
7.有服务、咨询大型客户经验，能够根据客户需求，定制解决方案并传达产品价值者优先；
8.etl开发和维护相关背景者优先；
9.有cdp/dmp等相关经验背景优先。
",0,0,1,0,0
706,资深数据分析师,MobTech,上海,150-500人,硕士,未融资,数据服务,32.5,5-10年,,[],"
岗位职责：1、负责精准营销人群拓展模型的开发研究，利用数据挖掘经验为业务策略制定、效果评估和策略优化提供洞见；2、对于业务重点拓展行业能够设计完整的营销数据策略达到业务预期；3、具备很强的数据分析能力和数据可视化能力，能独立完成的数据分析、数据挖掘建模等需求；4、负责项目专项复盘，通过数据找到影响目标达成的关键节点、主要因素，帮助客户有效提升经营指标；任职需求：1、有电商/营销/游戏/汽车/保险/金融 等相关行业经验，从事营销数据挖掘方面工作经验者优先2、计算机、统计学、数学相关专业本科及以上学历3、3年-5年数据挖掘工作经验，精通excel和hivesql，熟悉r、python4、具备较强的数据分析能力、业务洞察力、逻辑思维能力、沟通能力、学习能力。5、思维敏捷，能快速理解业务目标，并为结果负责。
",1,1,0,1,0
707,高级数据分析师（天气王）(J12297),2345.com,上海,500-2000人,本科,上市公司,数据服务,17.5,3-5年,,"[""鼓励内部创业"",""互联网百强"",""亿万用户"",""提倡男女恋爱""]","
        工作职责:
1、负责2345天气项目的bi报表、自动邮件、常规监控的设计，满足业务、推广、商业化等的关键指标追踪。
2、负责产品版本及运营活动的相关分析并提出改进意见。
3、负责项目的数据埋点，数据资产的整理规划及挖掘，为产品运营研发提出改进建议。
4、与中台、用户增长、商业化等部门做好数据信息的打通及标准统一。

任职资格:
1、全日制本科及以上学历，数学、统计、计算机等相关专业优先；
2、2年以上数据分析工作经验；
3、熟练掌握excel，并掌握一种以上主流的统计分析工具：sql/sas/spss/r/python 等；
4、逻辑严谨细致，有探索精神，工作踏实认真，有较强的沟通推动能力。
        ",1,1,0,1,1
708,数据分析（销售管理）,收钱吧,上海,2000人以上,本科,C轮,移动互联网,10.0,1-3年,"[""5险1金""]","[""工程师文化"",""年轻朝气"",""专项奖金"",""午餐补助""]","
        我们需要你：
1、负责市场中心各渠道数据需求，提供数据。
2、负责市场中心的数据平台优化，数据安全管理。
3、基于数据的底层逻辑，进行总结、分析、预测，为业务赋能。
4、负责市场中心的绩效数据分析。
5、其他日常数据相关支持工作。
我们希望你是：
1、本科及以上学历，1-2年数据处理，数据分析相关工作。计算机、统计、数学等相关专业。
2、熟练应用sql、r、python等一种或多种数据工具。熟练掌握excel的分析功能
3、拥有较强的主观能动性，对数据分析有热情，善于从数据中发现问题和风险，并提出解决方案和优化建议。
4、工作积极主动，具备团队意识，具有高度的责任心，能承受较强的工作压力。
        ",1,1,0,1,0
709,数据分析师（DA02）,收钱吧,上海,2000人以上,本科,C轮,移动互联网,22.5,1-3年,"[""5险1金""]","[""工程师文化"",""年轻朝气"",""专项奖金"",""午餐补助""]","
        职责描述：
1. 负责金融领域相关的数据挖掘，建立面向产品及业务的数据模型

任职要求：
1. 本科及以上学历，机器学习、计算机、统计、数学相关专业
2. 熟练应用包括逻辑回归，聚类，随即森林等常用建模方法；对特征选择，模型评价指标等基础概念有准确理解
3. 熟练应用sql、r、python等一种或多种数据工具
4. 有自然语言处理相关经验优先,有实际建模经验优先，具备从原始数据加工到模型发布端到端的能力的有限
5. 对数据分析有热情，对业务目标达成有使命感

",1,1,0,0,0
710,数据分析师,哔哩哔哩,上海,2000人以上,本科,上市公司,文娱丨内容,27.5,3-5年,,"[""带薪年假"",""绩效奖金"",""交通补助"",""午餐补助""]","
工作职责：
1、参与业务目标设定，帮助业务挖掘增长空间；
2、构建全面的、准确的、能反映业务线特征的指标体系, 及时发现与定位业务问题；
3、通过专题分析，对业务问题进行深入探究，为公司运营决策、产品方向、销售策略提供数据支持；
4、建立数据化用户运营体系，实现用户的获取、留存、变现全流程的数据监控和数据驱动；
5、沉淀分析思路与框架， 提炼数据产品需求，与数据产品经理、开发 协作推动数据产品的落地；

职位要求：
1. 统计、数学、信息技术、生物统计等相关专业，本科及以上学历，3年及以上相关工作经历；
2. 熟练独立编写数据分析报告，及时发现和分析其中隐含的变化和问题；
3. 良好的数据敏感度,能从海量数据提炼核心结果，有丰富的数据分析、清洗和建模的经验；
4. 熟练运用sql，能高效的与数据技术团队进行沟通；
5. 良好的业务协同能力，能快速的了解业务，同时能够非常好的和业务协同拿结果目标。
",0,1,0,0,0
711,数据分析专家,饿了么,上海,2000人以上,本科,D轮及以上,消费生活,36.0,3-5年,"[""试用期上社保"",""试用期上公积金"",""免费体检"",""5险1金""]","[""节日礼物"",""绩效奖金"",""年度旅游"",""岗位晋升""]","
岗位职责：
1、企业经营管理相关分析，构建指标体系，通过数据发现业务的异常并提交给相关的业务方参考；
2、将业务数据、人事数据、财务等相关数据结合起来分析，基于需求给出专业的数据分析报告 
3、与开发人员一起，将日常通用的分析报表以可视化的形式进行呈现； 
4、其他相关项目性工作。

任职要求：
1、企业经营管理相关分析，构建指标体系，通过数据发现业务的异常并提交给相关的业务方参考；
2、将业务数据、人事数据、财务等相关数据结合起来分析，基于需求给出专业的数据分析报告
3、与开发人员一起，将日常通用的分析报表以可视化的形式进行呈现； 
4、其他相关项目性工作。
",0,0,0,0,0
712,数据分析师,易得碧计算机,上海,150-500人,本科,不需要融资,金融,22.5,3-5年,,[],"
岗位职责：1. 负责制作、整理、汇总、统计分析客服部各种相关数据报表；
2. 负责相关业务数据拉取与整理，对多种数据源进行深度诊断性组合分析、挖掘，出具数据报告，为客服部整体运营提供数据支持；
3. 以客服部为中心挖掘分析主题，开展数据分析工作，基于数据分析成果，为管理层和相关业务部门提供商业策略分析和业务优化建议，持续改进客服运营效果。

任职要求：
1. 本科及以上学历，数学或统计学相关专业；
2. 熟练运用word/excel/ppt/visio等软件，熟悉excel函数公式及数据透视表使用并制作各类报表；
3. 具备数据统计整合工作经验 ，对互联网电商或金融行业有一定的认知和理解；
4. 具备较强的数据分析及处理能力，能够熟练运用excel、ppt软件，特别是公式及函数运用，能够制作专业数据分析报表及汇报ppt；
5. 对数据敏感、逻辑性强，分析问题客观有依据；
6. 具备较强的抗压能力、沟通表达能力，能够在工作中独挡一面；
7. 诚信正直、积极主动、做事细心。
",0,0,0,1,0
713,资深数据分析师,趣头条,上海,500-2000人,本科,上市公司,文娱丨内容,37.5,5-10年,,"[""专项奖金"",""带薪年假"",""弹性工作"",""管理规范""]","
工作职责：
1、深入理解业务，负责数据报表的搭建及可视化展现，能从日常报表中解读商业数据，支持运营决策
2、负责数据分析工作，编写数据分析报告，对投放拉新的运营效果进行分析，并能提出改进策略建议 
3、负责ab测试的效果分析
4、参与用户行为分析，对产品优化提供数据支持

工作要求：
1、统计学、数学、计算机、信息管理等相关专业，3年以上数据分析工作经验，有互联网工作经验者优先;
2、精通oracle/mysql/sqlserver等至少一种关系型数据库，精通excel（透视与常用公式），熟悉r、pyhton等软件更佳;
3、精通tableau; 
4、熟悉常用的定性、定量分析方法，具备严谨的逻辑思维能力，高度的数据和商业敏感性； 
5、熟悉ab测试的效果分析，且有实际操作经验者，优先考虑
6、有较强的文字功底和表达能力，优秀的信息搜集、整合、分析能力。自我驱动，有强烈的好奇心与责任心，追求结果导向，有抗压能力强
",0,1,1,1,0
714,数据分析师,数数科技,上海,15-50人,本科,A轮,游戏,16.0,1-3年,,"[""节日礼物"",""股票期权"",""带薪年假"",""年终分红""]","
职位描述：
1.   负责数据后台的实施落地，引导客户了解产品使用方法，传递数据驱动价值；
2.   深入理解客户产品的业务场景，发掘客户的数据远景，以此为目标制定客户的长期使用方案；
3.   对客户的使用数据进行分析，获知客户使用状态及生命周期，对不同状态的客户提供相应的支持；
4.   收集客户的成功案例以及产品最佳实践，协助构建产品使用知识库；
5.   完成日常维护工作，包括后台使用咨询、问题解答、培训提升等支持类服务；
6.   收集客户反馈，协助推进产品优化迭代。
岗位要求：
1.   具备良好的沟通能力、抗压能力以及文档编写能力；
2.   拥有数据收集、数据分析经验以及良好的数据分析意识；
3.   具备企业级数据服务经验者优先、有大数据相关技术基础者优先；
4.   有一年（含）以上相关经验，数学、计算机或相关专业本科学历。
工作地址
",0,0,0,0,0
715,数据分析师,同济转移服务,上海,15-50人,硕士,不需要融资,企业服务,20.5,不限,,[],"
职位描述： 
1） 参与中心新一代智能规划大数据分析体系研发； 
2） 理解规划需求，建立完善的大数据分析体系；
3） 完成数据分析项目中的数据收集、数据分析和数据展示工作； 
4） 不断完善和优化数据分析方法和模型，确保先进性和实用性。 
 
任职资格： 
硕士及以上学历，统计学、应用数学、计算机相关专业。
 
技能要求： 
1） 熟练掌握多种统计和数据挖掘方法，熟练使用python、r、spss等分析工具；
2） 熟悉聚类、knn、朴素贝叶斯和神经网络等基本的机器学习算法；
3） 一年以上工作经历，具备独立完成统计分析建模、可视化图表呈现和文档写作的能力； 
4） 具有城市数据处理、空间数据建模、数据可视化、数据库等相关经验者优先。 
 
简历邮箱：*******************
",1,0,0,0,1
716,业务数据分析,旺旺集团,上海,2000人以上,大专,上市公司,电商,8.0,1-3年,,[],"
岗位职责：
1、 提供各指标的日数据报表；整合关联报表进行
2、 准确及及时制作日/周/月报等不定期数据报表
3、 每日分析及追踪产生异常数据，提供产生差异线别
4、 规范销售预估作业进行、维护系统数据、提供销售预估数据及销售预估异常通报
5、 提供战情会议数据并制作会议报告
7、 优化相关报表设计；提供深入分析指标及方法
8、 收集市场预估销售数据与政策，提供优化方案

任职要求：
1、 大专（含）以上学历，男女不限。
2、 有1年（含）以上快消品行业工作经验者优先；
3、 熟悉使用excel、ppt软件，具有对数据分析，判断能力；
4、 能使用简单的公式优先，如：vlookup,sumif等；
5、 符合旺旺有心、用心、道德心、细心之用人原则。
",0,0,0,1,0
717,数据分析师,哈啰出行,上海,2000人以上,本科,D轮及以上,硬件,20.0,3-5年,"[""购买社保"",""一年调薪2次"",""5险1金""]","[""绩效奖金"",""年底双薪"",""股票期权"",""交通补助""]","
岗位职责：
1. 对接业务，通过同业务方沟通，深入了解需求本质，并将业务问题转化为数据问题
2. 针对出行行业特定的业务主题（用户、订单、车辆、网点等），采用数据分析和数据建模等方法，为提高运营效率、提升客户价值提供数据支持策略和解决方案
3. 将分析结果/模型结果进行沟通、呈现，并促进分析策略、数据模型的落地，快速迭代更新，共同促进业务发展
任职要求
1. 211/985学校统计学、数学、计算机等相关专业，本科以上学历
2. 5年以上互联网行业业务分析、数据建模相关经验，有出行行业经验优先考虑
3. 精通常用模型算法，有机器学习/深度学习实际建模、实施全流程经验优先考虑
4. 熟练使用sql、python/r等数据分析建模工具，熟练使用arcgis，具有空间建模经验
5. 对数据敏感，主动性强，有数据驱动业务的意识及主动性，能够快速学习新东西且对学习新事物充满热情
6. 良好的团队合作精神，责任感
",1,1,0,0,0
718,数据分析总监,微盟,上海,2000人以上,本科,上市公司,企业服务,30.0,不限,,"[""绩效奖金"",""年底双薪"",""五险一金"",""带薪年假""]","
主要职责：
1、全面负责公司的各个业务线业务模型的开发和维护;
2、为管理层制定策略和设定目标提供数据支持;
3、为各个业务部门提供有洞见的数据分析；包括：制作常规报表和专题报告，为数据变化的原因提供分析和挖掘，为业务决策提供可靠的依据；合作部门包括产品，运营，市场，投放等;
4、项目管理。能有效地理解业务部门的目标，为数据需求排列优先级，带领数据分析团队确保按期交付；对于常规的数据需求进行产品化;
 
任职要求：
1、有10年以上数据分析经验，互联网行业优先;
2、了解大数据处理流程，能根据业务需要设计数据处理管道;
3、能用sql在多个数据库熟练查询，并且能基于查询需求，自主设计、建立sql数据表;
4、精通数据可视化；熟练掌握excel, ppt；有r或python经验；熟悉数据仓库系统;
5、学习能力强，能迅速了解业务，对完全陌生的问题能很快形成分析思路;
",1,1,0,1,0
719,数据分析师,途虎养车网,上海,2000人以上,本科,D轮及以上,汽车丨出行,30.0,5-10年,,"[""技能培训"",""节日礼物"",""岗位晋升"",""领导好""]","
岗位职责：1、根据公司业务方向，对产品、运营、市场数据进行分析，建立和完善运营指标体系；2、主动深入业务，理解业务运作逻辑，能结合公司规划，推动发现新的业务优化点、增长点，为决策提供数据支持；3、主动向运营部门输入自己的观点，提升其使用数据的频率，进行常规报表解读、数据可视化工具使用的培训；4、深入理解产品的使用场景，为产品部门在可用性、成本方面更好的设计做参考；5、根据分析结果编写ppt，向决策层输出方案报告。岗位要求：1、熟悉数据仓库数据分层及模型理论，1年以上相关领域实践经验；2、熟悉以下数据库中至少一个：oracle、hive/spark、mysql，或者其他mpp数据库；3、熟练编写sql脚本；4、熟练使用excel、mysql，有spss、sas等分析统计工具经验优先；5、良好的逻辑思维能力，能够发现关键数据、关键问题，从数据中发现有价值的规律；6、思路清晰，具备良好的沟通能力和理解能力，较强的学习能力以及快速解决问题的能力。
",0,1,0,1,1
720,数据分析师（数仓方向）,DaDa,上海,2000人以上,本科,D轮及以上,教育,18.0,1-3年,,"[""技能培训"",""节日礼物"",""带薪年假"",""岗位晋升""]","
        工作职责：
1、优化并完善现有的数仓模型，有电销行业数据仓库建模经验优先考虑；
2、深入理解数据业务，能根据业务需求快速设计出数据仓库模型；
3、梳理业务逻辑，搭建业务指标监控体系，并利用finebi/finereport搭建可视化报表及看板；
4、针对日常数据波动及指标异常，能及时定位问题及解决方案；

任职要求：
1、2年及以上互联网大数据相关工作经验，本科及以上学历，计算机，数学，统计相关专业优先
2、熟练使用sql，hive，熟悉hive常用函数，熟悉数仓建模及常用的报表工具，例如finebi，finereport，tableau
3、具备优秀的逻辑思维及业务增长分析及问题定位分析能力
4、良好的沟通能力和逻辑能力，能够很好的理解需求并规划需求


",0,1,1,0,0
721,数据分析师（风控建模方向-上海）,中诚信征信,上海,150-500人,硕士,不需要融资,数据服务,22.5,1-3年,,[],"
岗位职责：
1）负责信贷业务数据处理、变量加工和建模等工作；
2）与产品、技术的同事沟通协作，推动信用评估模型在具体业务层面和风控系统中的落地使用；
3）参与数据源接入的相关需求和数据测试工作；
4）跟踪、监测、维护及优化信用评估模型体系，确保模型的有效性；
5）参加和跟进与风险管理相关的系统项目开发和测试工作。
 
任职要求：
1）1年以上风险建模相关经验；
2）熟悉建模流程和原理，能够围绕业务和产品特征建模解决实际问题；
3）熟练使用r/python其中一种统计分析软件即可，熟练使用 sql，熟悉java者优先录用；
4）硕士及以上学历，数学、统计、计算机等相关专业均可。
",1,1,0,0,0
722,bi数据分析师,ezbuy,上海,500-2000人,本科,C轮,电商,20.0,3-5年,,"[""技术前沿"",""股票期权"",""外企"",""公司稳定""]","
        1、对相关业务单元（商品部门、供应链部门）做有效的基础数据和报表支持，从数据上辅助业务决策。 
2、对多种数据源进行深度诊断性组合分析、挖掘、构建分析模型，监控和预测业务走向。 
3、数据化的业务思路，协助相关部门同事制定业务策略和规划，优化业务模型。 
4、共同承担业务部门kpi，为达成kpi目标做必要的数据支持。
任职资格描述qualifications
1、3年以上电商、或零售、或互联网行业数据分析经验，在商品分析、供应链分析上有成功项目经验。
2、有较强的逻辑思维能力，善于总结和发现问题，优秀的分析能力，较强的业务sense，并能够提出有针对性和可行性的方案。
3、具备大数据的处理能力，掌握hive、sql等相关数据提取工具，熟练使用excel、ppt、python等工具。
4、认真负责、有良好的沟通能力、协调技巧和执行能力强。
        ",1,1,0,1,0
723,数据分析师,天鲜配,上海,150-500人,本科,未融资,移动互联网,10.0,3-5年,,[],"
任职资格：1、本科及以上学历统计学、经济、数理、信息和计算机等相关专业，2年以上数据分析工作经验(财务方向）；2、数据逻辑性强，敏感度高，具备良好的逻辑分析、系统性思维能力及文字表达能力，优秀的数据思维和强烈的数据决策意识，且思维缜密，做事认真严谨；3、强烈的责任心，工作细致，有条理，善于学习，具有良好的团队合作精神，能够承担一定的工作压力；4、精通excel、ppt等常用分析软件，善于与it部门沟通；熟悉常规的数据分析方法和手段、常用数据分析工具，能独立撰写分析报告；5、有业务分析、客户管理分析等方面有数据分析经验，熟悉数据分析方法及数据模型搭建的优先。工作职责1、根据本公司业务模式向it部门提出开发需求，并跟进开发结果；2、负责客户还款数据整理、核对，确保数据准确无误；3、及时跟进客户还款数据，到期账款及时提醒相关职能部门进行催收。定期对逾期账款进行通报；4、定期对客户还款进行分析，尤期是逾期账款；5、参与公司数据管理，并从财务角度提出合理化建议；6、上级安排的其他事项。
",0,0,0,1,0
725,数据分析师,路诚数据,上海,15-50人,本科,不需要融资,金融,6.5,1年以下,,"[""技能培训"",""绩效奖金"",""年度旅游"",""岗位晋升""]","
        1.主要从事运营商信用评分产品的开发和维护工作，参与产品及业务需求评审，深入分析通信数据、金融数据、互联网数据；

2.基于大数据基础平台或并行计算环境，应用统计学、机器学习、数据挖掘等技术建立模型，实现对于数据分析、挖掘的需求；

3.基于数据分析和案例分析，构建客户行为的特征标签，包括各种动静态特征、时序行为、风险网络和地理位置识别标签等；

4.参与各类信用评分模型的设计、开发、验证、监控以及优化工作； 

5.跟踪研究数据挖掘的新技术、新算法、新实践，提出适合征信、风控领域的模型实施方案；

6.配合项目计划，负责驻场建模项目，完成客户需求的任务；



任职要求：

1.统计、数学或应用数学等专业大学本科或硕士学历，具备扎实的统计理论知识，欢迎应届生；

2.熟练使用数理统计、数据分析、数据挖掘工具软件（python、r、sas等的一种或多种）

3.熟悉在不同操作系统与不同中间平台下的数据处理,精通sql编写；

4.热爱数据分析/数据挖掘事业，对数据敏感；

5.具备较强的沟通能力，较强的文字和语言表达能力以及英文读写能力；

6.工作认真负责，吃苦耐劳，勤恳踏实；
        ",1,1,0,0,1
726,高级数据分析师（王牌联盟）(J12292),2345.com,上海,500-2000人,本科,上市公司,数据服务,16.0,1-3年,,"[""鼓励内部创业"",""互联网百强"",""亿万用户"",""提倡男女恋爱""]","
        工作职责:
1、**联盟反作弊相关工作，每日数据审核、反作弊查处、反作弊字段及规则优化。
2、日常监控**联盟各项核心数据，分析数据变化原因并提供策略建议。
3、配合产运及线下部门取数需求，提供固定报表模板和取数模板。
4、梳理后台报表字段，与中台对接参与制定后台数据报表展示标准，完善报表后台。
任职资格:
1、本科及以上学历，热爱互联网行业，熟悉互联网运营方法论，具备丰富的互联网运营分析经验尤佳。
2、1年以上互联网数据分析经验，熟练掌握数据分析软件(excel/sql/python等)，具备一定的数据库基础。
3、出色的数据分析、总结归纳能力，逻辑清楚，思维缜密，数据敏感度高。
4、强烈的责任感和目标导向，自我驱动，优秀的沟通协调能力、项目管理能力，良好的团队合作精神。
        ",1,1,0,1,0
727,数据分析,博万,上海,500-2000人,本科,未融资,企业服务,8.5,1-3年,,[],"
        1、配合项目经理完成汽车市场策略与规划类项目的计划和组织工作，协助撰写项目设计方案
2、协助或独立完成项目问卷及访谈大纲的设计，执行数据采集和深度访问
3、负责收集和整理行业资讯与数据，洞察行业发展趋势
4、承担监测数据的基础性处理和分析工作，把握市场终端表现
5、协助项目经理完成客户咨询工作，协助撰写项目分析报告
6、协助部门领导，负责与客户和与公司内部其他部门的日常沟通，如例行会议、工作报告、业务培训等

",0,0,0,0,0
728,数据分析师,集奥聚合（GEO）,上海,150-500人,本科,C轮,数据服务,20.0,3-5年,,"[""五险一金"",""节日礼物"",""弹性工作"",""定期体检""]","
        岗位职责：
1、运用大数据分析工具和技术解决风险管理、营销等业务中遇到的实际问题，如信用风险评估、反欺诈、交叉销售、推荐等，包括对模型进行设计、开发、验证、测试、部署及监控、优化；
2、基于海量用户数据和特征，发现用户属性，建立数据挖掘模型，对用户进行评估，包括但不限于：用户风险评分、用户价值评分、用户偏好预测、用户个性化推荐等；
3、评估数据源的质量和价值，能结合业务需求和场景，从各种数据维度中挖掘数据价值，并设计不同的模型，应用于不同的业务场景中；
4、协助策略团队提出完整的业务解决方案。

任职要求：
1、统计学、数学、人工智能、数据挖掘、机器学习、计算机等相关专业，985/211院校本科及以上学历；
2、2年以上数据分析、建模、机器学习和算法实施相关工作经验，有零售银行/互金机构信用风险、精准营销、个性化推荐相关工作经验优先；
3、熟练掌握基本的数据挖掘模型算法（如逻辑回归、决策树、svm、神经网络、随机森林、深度学习等）；
4、熟练掌握python或r语言，熟悉常用机器学习库，如sklearn等；
5、熟悉大数据分析平台及分布式计算，如hive、hadoop、spark等优先；
6、有较强的逻辑思维能力、优秀的沟通表达能力及团队合作能力。

",1,1,0,0,0
729,数据分析 (MJ000137),沐瞳游戏,上海,500-2000人,本科,不需要融资,游戏,22.5,3-5年,,"[""技能培训"",""股票期权"",""带薪年假"",""绩效奖金""]","
【任职要求】
211/985本科或以上学历优先，数据挖掘、机器学习、计算机、统计、数学等相关专业优先；
热爱游戏，具有较深的moba游戏经历，熟悉游戏的研发和运营工作者优先；

两年以上互联网产品数据挖掘或分析经验，其中至少一年以上游戏数据分析经验；
具备良好的数据敏感度和基本的商业思维，能从数据中发现隐含的规律，提炼出有价值的关键点；
掌握数据挖掘建模的基本原理和方法；
至少熟练掌握一种查询工具（sql/hive）；
至少熟练掌握一项分析工具（python、r、spss等），有技术bi、大数据、数据可视化等相关工作经验；
有较强的逻辑思维和数据分析能力，报告撰写能力，良好的团队合作能力和表达沟通力；
",1,1,0,0,1
730,数据分析师,京东,上海,500-2000人,本科,上市公司,电商,22.5,3-5年,,"[""年底双薪"",""技能培训"",""带薪年假"",""绩效奖金""]","
职责：1、通过数据发现业务存在的安全风险和问题，设计和完善基于数据的业务风险监控机制和监控指标，对风险问题的解决提出有效建议。2、通过对用户行为数据的深入分析和挖掘，了解非正常用户的行为模式和特征，建立多维度的分析模型，依此制定异常行为检测规则和控制策略，并完成策略数据模拟、效果评估、及持续优化运营的工作。3、参与业务风险数据分析和监控平台的设计和搭建。要求：1、全日制本科及以上学历，计算机或相关专业；2、熟练掌握数据库语言，及至少一种脚本语言，能独立进行离线数据开发；3、对数据分析有兴趣，有较强的学习能力和愿望；4、思维活跃，逻辑思维强，较好的分析和解决问题的能力；5、3年以上数据方向工作经验，有安全风控或海量数据分析、挖掘相关工作经验者优先。
",0,0,0,0,0
731,数据分析实习生,趣头条,上海,500-2000人,本科,上市公司,文娱丨内容,5.5,不限,,"[""专项奖金"",""带薪年假"",""弹性工作"",""管理规范""]","
        岗位职责
1、 与业务方沟通相关需求，承担基础数据统计、数据分析、数据可视化等数据工作；
2 、进行商业数据分析、理顺业务数据链路和指标框架、深入专题分析，为公司运营提供数据策略支持；
3、与业务部门协作进行数据分析工作，推动部门的数据化运营；
4、对数据有敏感性，能够对数据进行深入分析，撰写周报、月报等报告。


任职要求
1、 本科或硕士以上学历，统计、数学、计算机相关专业；
2 、熟悉sql/数据库/hive，精通r/python进行数据分析建模；
3、具备良好的沟通过能力；
4、具备良好的数据敏感性以及分析思路；
5 、了解互联网业务数据 或在互联网公司实习过优先；
（4~6个月长期实习优先）
        ",1,1,0,0,0
732,数据分析师,文启优思,上海,15-50人,本科,B轮,教育,13.0,3-5年,,[],"
主要工作职责：1、对文启优思、天天陪读业务数据进行处理和分析，以目标为导向，主动从业务角度出发，利用数据发现业务问题，并提出具体、可落地的优化方案，推动业绩增长；
2、快速并充分理解业务，参与搭建可视化体系，用数据指标来体现业务工作的水平；
3、数据体系和数据报表的维护和搭建，以及日常运营数据的监控和分析、确保各指标、各数据的准确性及有效性，能及时定位并修复异常数据问题；
4、建立渠道推广业务逻辑模型，帮助部门提升运营管理效率；
5、支撑业务同事的临时数据需求；（二）任职资格要求：1、全日制985、211高校本科及以上学历，数学、统计学、经济学、会计学等相关专业；2、3年及以上在线教育、电商平台、o2o等互联网行业，数据分析/数据挖掘等相关经验；3、熟练掌握python进行数据处理及分析，熟悉python数据类型、数据结构和常见工具包；
4、熟悉linux开发环境，熟练掌握sql，熟悉mysql，有数据库优化经验；
5、具备数据敏感性和探知欲、分析、解决问题的能力；
6、目标导向，工作认真、负责，具有良好的沟通与协作能力及较强的工作责任心
",1,1,0,0,0
733,数据分析师,上海算酷信息科技有限公司,上海,15-50人,本科,不需要融资,数据服务,8.5,1-3年,,"[""绩效奖金"",""弹性工作"",""技能培训"",""五险一金""]","
【岗位职责】1、作为项目成员参与完成基于数据挖掘/分析的商业咨询项目的部分模块工作；2、通过数据分析挖掘、模型固化、体系搭建、数据可视化与业务分析对运营商业务的进行分析、洞察、建议；3、能进行有效的沟通，独自负责部分分析工作的完成；【岗位要求】1、90后，性别不限；2、计算机、统计学等专业，重点院校本科或硕士及其以上学历；3、一年（含）以上数据分析或地产相关行业工作经验；可考虑优秀应届毕业生；4、精通excel、熟练使用etl工具；会tableau、powerbi者优先，面试可带自己作品；了解sqlbi、会sql server、oracle者优先；5、有良好的逻辑思维及沟通能力、良好的团队合作精神。责任心、配合度强，可接受加班；
",0,1,1,1,0
734,数据分析师,好车伯乐,上海,50-150人,本科,B轮,消费生活,14.0,3-5年,,"[""绩效奖金"",""交通补助"",""帅哥多"",""领导好""]","
职位描述：
1、 利用python语言，对新能源汽车运行数据建立机器学习模型；
2、 熟练掌握机器学习基本算法，如随机森林、神经网络、gbdt、决策树等，同时能够针对预测结果进行修正校验；
3、 熟练掌握统计学基本方法，如线形/非线性回归、距离计算、特征提取等等；
4、 擅长运用python进行数据清洗及特征值提取。
5、对于数据模型和数据应用场景熟悉，对模型可视化开发、模型性能有自己的见解，善于从数据中发现问题。

岗位要求：
1、 学历要求：本科以上学历，工作3年以上；
2、 年龄要求：25-35岁左右；
3、 熟练掌握python语言及机器学习算法；
4、 有新能源汽车行业经历优先。
",1,0,0,0,0
736,数据分析师,博虎科技,上海,50-150人,本科,未融资,移动互联网,22.5,1-3年,,"[""专项奖金"",""年底双薪"",""股票期权"",""定期体检""]","
职位描述：  

分析广告业务流程中指标变化，对异常情况进行问题排查
广告投放中的案例分析、形成案例报告; 支持运营和pm；

  3. 建设和完善分析报表。

职位要求：  
1.良好的数据开发能力，掌握hive/mysql等工具；
2. 熟悉1-2种分析工具； 
3. 掌握一定的分析方法论和统计知识。
",0,1,0,0,0
737,SLG手游高级数据分析师,腾讯,上海,2000人以上,本科,上市公司,社交,30.0,3-5年,"[""免费班车"",""年轻团队"",""学习机会"",""mac办公"",""定期团建"",""开工利是红包""]","[""免费班车"",""成长空间"",""年度旅游"",""岗位晋升""]","
        岗位职责： 
对游戏数据相关工作负责，通过数据分析和数据挖掘，找出游戏的问题，调优建议和方向； 负责游戏数据分析体系搭建，包括tlog埋点、日志上报、分析系统的规划等； 负责游戏目标用户分析、数据预估、用户调研等，为运营计划及市场方案提供依据； 负责游戏上线及版本更新时的效果分析，包括：留存及流失分析、付费分析、功能玩法分析、用户满意度调研等； 通过数据监控游戏中的各种动向与产品健康度，及时发现不良运营情况。
岗位要求： 
两年以上游戏行业及slg手游数据分析经验，熟练掌握spss、sas、r、sql等分析工具提取，处理和分析数据。对用户建模、用户调研等有一定的了解； 对数据敏感，有较强的逻辑思维和数据分析能力。 熟悉手游产品运营工作，了解用户行为模式和心理； 较强的总结和报告撰写能力；良好的沟通能力和合作意识，抗压能力强； 热爱游戏，具有丰富的手游产品经验；并对slg品类兴趣爱好者优先。 

",0,1,0,0,1
738,游戏数据分析师,腾讯,上海,2000人以上,本科,上市公司,社交,22.5,不限,"[""免费班车"",""年轻团队"",""学习机会"",""mac办公"",""定期团建"",""开工利是红包""]","[""免费班车"",""成长空间"",""年度旅游"",""岗位晋升""]","
        岗位职责 通过数据分析对游戏运营提供数据支撑，包括并不限于拉新、价值提升、流失挽回、游戏生态、活动效果评估等；
构建完善的游戏项目运营数据分析体系，为日常游戏运营提供相关的数据支持和洞察；
通过数据挖掘和探索分析用户行为数据（如用画像分析，用户生态等）、游戏数值设计合理性等信息，根据分析结果，推动协调研发调整、运营方向、内容规划、资源投放等关键业务；
推进现有数据后台的优化及新功能的搭建；
能够对平台发行的各产品制定对应的整合的数据分析体系，全盘整合用户画像和生命周期及价值，给予发行部门提供决策思路。

岗位要求 计算机科学，信息科学，统计学等相关专业本科及以上；
3 +年数据分析建模的相关工作经验，熟悉数字化营销和crm方面的数据分析应用，有手游分析经验者优先；
至少熟练使用以下任一种分析工具sas/r/python；
有海量数据分析处理经验及大数据分析平台的使用经验，至少熟练掌握一种查询工具（sql、hive）；
工作细致耐心、积极主动，有强烈的责任感，有较好的ppt报告撰写能力，善于沟通、合作，有出色的理解力和执行能力。
        ",1,1,0,0,1
739,大数据分析师,百布,上海,500-2000人,本科,D轮及以上,移动互联网,31.0,5-10年,,"[""行业翘首"",""扁平管理"",""领导NICE"",""美女多""]","
        职责描述：
1.基于海量纺织行业生产和运营数据，根据业务场景和目标进行数据建模
2.结合多种分析手段，如统计、专家经验、机器学习或深度学习等优化数据模型
3.参与数据模型与业务系统整合迭代的设计和优化
4.参与数据平台数据清洗与优化逻辑设计和优化

任职要求：
1.专业要求：计算机相关专业优先考虑，优秀人选可放宽要求
2.学历要求：统招本科学历及以上学历
3.有5年以上数据建模或算法开发经验，对各类算法有一定的了解
4.有制造、能源、车联网、物流、智能设备等行业的数据建模项目经验优先考虑
5.有通过数据优化排产、派单、供需匹配等环节的数据建模项目经验优先考虑
        ",0,0,0,0,0
740,游戏数据分析师 (MJ000813),叠纸游戏,上海,500-2000人,不限,B轮,游戏,15.0,不限,,"[""带薪年假"",""弹性工作"",""年度旅游"",""午餐补助""]","
        岗位描述：
1.对游戏数据相关工作负责，通过数据分析和挖掘，发现产品当前的问题，给出调优建议和方向；
2.负责完善运营指标，输出游戏日报、周报、月报等各项日常运营数据；
3.通过数据分析对产品优化方向提供数据支撑和预估，不断优化产品的各项数据表现；
4.辅助支撑数据后台和捞数工具的优化，搭建完善的数据分析体系；
5.负责数据分析基础搭建类工作，如埋点规划等；
6.配合版本活动运营，设定并完成各版本的数据分析报告，并反向推动运营策划完成版本调优。


岗位要求：
1.热爱游戏行业，对主流游戏的核心玩法、商业化设计、经济系统、社交系统等，都有一定的了解；
2.有较成熟的数据分析经验，熟练掌握和使用excel；熟悉sql加分；
3.具备较强的推进能力，优秀的运算能力，思路清晰，逻辑严谨；
4.具备独立思考能力，有高度的责任心，具有较强学习能力和攻坚能力，有良好的沟通水平和团队合作精神。
        ",0,1,0,1,0
741,高级数据分析师（海外业务）,触宝,上海,500-2000人,本科,上市公司,数据服务,40.0,5-10年,,"[""美股上市"",""行业独角兽"",""年底双薪"",""绩效奖金""]","
        职位描述：

1、通过对数据的敏锐洞察以及定性和定量分析，迅速定位内部问题或发现机会； 

2、负责app业务全链路日常数据分析及监控，针对异常情况协调资源进行跟踪和深入分析； 

3、能根据实际业务完成较深入的专项数据分析，并形成数据分析报告； 

4、负责数据分析体系建设和完善，挖掘流量、产品、策略方面的机会，驱动业务发展。



职位要求：

1、熟悉c端产品业务数据分析及市场推广效果跟踪的优先，具备3年以上数据分析经验；

2、至少熟练使用r、sql、sas、matlab、python中的一种，熟练掌握sql，熟悉常用数据统计和分析方法； 

3、良好的逻辑思维能力、业务解读能力和快速学习能力，能够独立领导完整的数据分析项目； 

4、对数字比较敏感，热爱数据分析工作。
        ",1,1,0,0,1
742,数据分析专家/高级专家,饿了么,上海,2000人以上,本科,D轮及以上,消费生活,37.5,5-10年,"[""试用期上社保"",""试用期上公积金"",""免费体检"",""5险1金""]","[""节日礼物"",""绩效奖金"",""年度旅游"",""岗位晋升""]","
岗位职责：1、对业务部门进行数据需求支持，深入进行业务专题主题分析，基于数据分析成果，为业务部门提供商业策略分析和业务优化建议，持续改进运营效果，含用户留存分析，商户运营及品类分析，物流分析，经营规划等；2、优化和完善所属方向的数据分析体系，包括 kpi 指标体系、报表体系、搭建分析框架，并进行核心指标监控，撰写数据分析报告；3、通过专题数据分析来发现问题，实现数据驱动，提升交易运营效率，扩大市场份额，提升交易、物流的协同联动；4、提升团队的整体数据分析、财务分析、数据运营等能力。任职资格：1、计算机相关、数学/统计学、信息技术，社会科学等与数理统计、应用统计、计算编程相关的专业本科及以上学历，有互联网相关、咨询相关行业数据分析3年以上工作经历；2、掌握hive、sql等相关数据提取工具，熟练操作excel、sas/spss/tableau、ppt等工具；3、优秀的商业分析思维，善于思辨，敢于决断；能够针对某项业务，搭建整个数据分析体系；4、通过专题/项目分析，对业务进行深入分析，提供有效的策略建议，并能推动策略方案落地；5、优秀的沟通能力和项目管理能力，强大的自驱力和抗压力，具备分享精神，能带动小伙伴们一起提高；
",0,1,1,1,1
743,数据分析师-直播短视频方向(T010639),拼多多,上海,2000人以上,本科,上市公司,电商,40.0,3-5年,,"[""股票期权"",""专项奖金"",""弹性工作"",""扁平管理""]","
        岗位职责：
1.负责拼多多直播/短视频业务的数据分析工作；
2.基于对业务的支持和理解，搭建出可以准确反映业务运作状况的数据指标体系；
3.商业嗅觉灵敏，善于沟通，能够深入了解业务、挖掘业务问题和痛点，通过数据分析为业务决策、产品方向、运营策略提供数据支持；
4.针对不同的业务策略制定和完善a/b test方案，辅助业务运营和产品经理做出决策。
任职资格：
1. 统计学、数学、计算机等相关专业本科及以上学历；2年+ bi/数据分析相关工作经验；
2. 具备扎实的数据分析技能。熟练使用python编程语言，熟练使用tableau，hive等相关数据分析工具；
3. 对数字敏感，熟练运用常见的数据分析框架和方法。熟练掌握a/b test方法论，具备良好的逻辑分析能力；
4. 良好的沟通能力、自驱力。 结果导向，强烈的责任感和团队合作精神；
5. 有直播/短视频分析经历的优先，熟练运用机器学习的基本算法的优先。
        ",1,1,1,0,0
744,广告数据分析,掌门集团,上海,500-2000人,本科,B轮,消费生活,13.0,1-3年,,"[""年度旅游"",""绩效奖金"",""带薪年假"",""弹性工作""]","
        岗位职责:

1. 围绕广告部门目标，梳理业务逻辑、构建业务指标体系，并基于指标主动发现业务风险、定位并协助问题解决；
2. 根据业务所处阶段和面临问题，能够输出专题分析报告，为运营决策、产品优化提供策略和建议；
3. 与产品经理、工程师合作，深度参与产品a/b实验，提炼数据产品需求，实现数据驱动业务增长。


任职资格:

1. 2年以上相关经验，信息技术、统计、数学或其他相关专业本科及以上学历；
2. 熟悉数据库技术，熟练运用hive等工具，了解至少一种脚本语言（加分项：能熟练使用tableau等可视化软件）；
3. 良好的商业嗅觉，有丰富的数据分析、挖掘、建模经验，互联网广告相关经验者优先；
4. 能独立编写商业数据分析报告，及时发现和分析其中的深层次问题。

",0,1,1,0,0
745,数据分析运营,Webpower,上海,50-150人,本科,不需要融资,电商,9.0,1-3年,,"[""五险一金"",""带薪年假"",""节日礼物"",""定期体检""]","
we can give u


五险一金&生日及周年等节日福利
补充医疗保险&年度体检
走心团建&境外旅游

 
we need u
 

根据客户需求独立制作邮件，及短彩信的标准数据报告以及crm维度的相关报告；根据单次的营销活动绘制报告纬度及统计标准，并制作报告
基于数据结果总结趋势，需要能发现统计结果中的异常值
需根据客户模糊的数据需求，理解意图并将其转化为量化的指标
需了解数据背后商业价值，从数据维度为客户营销活动提供建议
有较强的学习能力，可以快速深度了解并使用webpower营销平台，以及针对平台功能及体验提出一定的想法及优化建议

 
our requirement
 

熟练使用office，可以熟练运用excel函数
对数据敏感，具备逻辑思维，能根据数据进行归纳总结
能结合数据实际观测结果，对假设的进行验证
具备可视化数据分析工具使用能力（power bi/ growing io/海致bdp等)
有工程数学类背景的优先
能够合理分配工作时间，可以同时承担多任务，能够根据工作的重要性并做优先级排序

",0,0,0,1,0
746,数据分析(实习生),上海花楸餐饮管理有限...,上海,15-50人,本科,未融资,消费生活,2.5,应届毕业生,,[],"
领域：社交媒体、电商及餐饮数据挖掘。岗位职责：1）协助爬虫工程师开发商业级爬虫，包含数据获取、入库、清洗2）参与数据分析工作，包含统计、自然语言处理等，并可对业务提出自己的见解和解决对策希望你：1）目前在读，专业统计学、数学、计算机相关专业。如果非相关专业，请证明你有相关的研究、实操经验2）熟悉计算机网络相关知识，有扎实的编程基本功3）良好的沟通能力和理解能力职位诱惑：直接接触一线品牌的商业数据分析工作技能关键词（非全部要求，相关亦可）：python、nlp、mongodb、selenium、jeb、xposed工作时间及地点：每周至少三天。根据情况可远程或onsite（坐标长宁）。关于我们：我们是一个年轻的数据科学团队，致力于用数据驱动商业的精细化运营与决策。我们的产品服务国内外知名的企业和品牌。团队成员来自上海交大、南京大学、东南大学等。
",1,0,0,0,0
747,数据分析经理,青年良品,上海,500-2000人,本科,D轮及以上,电商,40.0,5-10年,,[],"
        1.负责数据维护综合性事务
-负责外部数据质量及稳定性的运营保障工作，能够及时定位问题和原因，与技术/风控沟通针对性策略
2.负责供应链项目数据验证
-在供应链项目中，对包括商品、企业等多方数据源进行梳理，挖掘内部数据关联，通过交叉验证提取有效数据进行分析
3. 构建标签体系及分析框架
-针对海量数据构建标签体系及分析框架，满足日常指标分析提取需求，每月定时提供专业分析报告；
4.数据关注和预警工作
-关注供应链业务日常数据变化情况，从数据分析的角度出发向业务/风控部门提出关注、预警等建议
5. 公司领导交办的其他工作
        ",0,0,0,0,0
748,高级数据分析师（用户分析）,快牛智能,上海,500-2000人,本科,B轮,其他,20.0,5-10年,,"[""节日礼物"",""股票期权"",""绩效奖金"",""年度旅游""]","
        岗位职责: 
1、 搭建推广、产品、运营各部门的指标体系，完成各项指标的监控及预警工作，及时发现业务运营中的问题，辅助业务部门把握运营方向； 权重20%，数据敏感、分析能力、沟通能力 
2、 挖掘各业务部门的深层分析需求，探索业务的问题点与机会点，制定实施分析方案，为业务部门提供有价值的优化建议与决策支持，并推进分析结果的的落地执行，帮助业务部门优化运营策略； 权重30%，自驱力、沟通能力、分析能力 
3、 构建各部门乃至公司全局的分析框架，基于公司自建的 bi 系统，协调 etl 工程师、可视化工程师完成数据报告的自动化输出，致力于提高公司商务智能化的深度及广度。 权重50%，擅于总结、结构化思维、分析能力、沟通能力

任职要求: 
1、 统计学、应用数学、计算机等相关专业，本科及以上学历； 
2、 三年以上数据分析、挖掘、清洗、建模、商业分析等经验，有互联网金融/互联网/商业咨询行业经验者优先； 
3、 熟练使用 sql及 r 语言；有数据仓库设计和开发、shiny数据可视化开发经验者优先； 
4、 优秀的学习能力、沟通能力、协作能力、强烈责任心；
        ",0,1,0,0,0
749,数据分析师（商业/用户分析）,快牛智能,上海,500-2000人,本科,B轮,其他,20.0,3-5年,,"[""节日礼物"",""股票期权"",""绩效奖金"",""年度旅游""]","
        岗位职责: 1、 搭建推广、产品、运营各部门的指标体系，完成各项指标的监控及预警工作，及时发现业务运营中的问题，辅助业务部门把握运营方向； 权重20%，数据敏感、分析能力、沟通能力 2、 挖掘各业务部门的深层分析需求，探索业务的问题点与机会点，制定实施分析方案，为业务部门提供有价值的优化建议与决策支持，并推进分析结果的的落地执行，帮助业务部门优化运营策略； 权重30%，自驱力、沟通能力、分析能力 3、 构建各部门乃至公司全局的分析框架，基于公司自建的 bi 系统，协调 etl 工程师、可视化工程师完成数据报告的自动化输出，致力于提高公司商务智能化的深度及广度。 权重50%，擅于总结、结构化思维、分析能力、沟通能力
任职要求: 1、 统计学、应用数学、计算机等相关专业，本科及以上学历； 2、 三年以上数据分析、挖掘、清洗、建模、商业分析等经验，有互联网金融/互联网/商业咨询行业经验者优先； 3、 熟练使用 sql及 r 语言；有数据仓库设计和开发、shiny数据可视化开发经验者优先； 4、 优秀的学习能力、沟通能力、协作能力、强烈责任心；
        ",0,1,0,0,0
750,数据分析（高级/资深/专家）J13547,拉勾猎头,上海,500-2000人,本科,D轮及以上,企业服务,35.0,5-10年,,"[""一手内推信息"",""猎头专业服务"",""名企保面试"",""精准高效对接""]","
1、负责顺风车线上业务数据分析与基于数据的运营优化工作 
2、完成产品运营项目效果评估等分析工作 
3、负责日常分析报告撰写，平台运营开展，以及产品优化提供决策依据与分析建议 
4、负责产品和业务、用户日报、周报及相关的各类指标监控，对数据价值化有深刻的理解，支撑精细化运营、日报、周报、月报的优化和分析； 
5、 快速响应，处理业务相关的临时需求，能够针对重点需求进行数据项目立项；

﻿1、 5年-8年工作经验，具有互联网行业经验者优先；本科以上学历，有大型互联网工作经验优先； 
2、 具有良好的商业敏感度和数据分析技能，能够进行高效而实际的分析方法以解决各类的业务问题； 
3、 熟悉sql和hive，熟悉excel软件，熟悉数据挖掘的常用算法，拥有海量数据处理和挖掘经验者优先； 
4、 具有较强的逻辑思维、清晰的沟通表达、项目管理及组织协调能力； 
5、 具有优秀的团队合作精神；诚实、勤奋、严谨；有独立思考的能力。

",0,1,0,1,0
751,高级数据分析师（风控方向）,梦饷集团,上海,500-2000人,本科,B轮,电商,26.5,3-5年,,"[""弹性工作"",""团队年轻"",""免费班车"",""中晚餐免费""]","
岗位职责:1、负责风控数据指标体系的建设，结合业务理解，通过数据清洗、转换、集成等操作，输出高质量的风控指标变量，为风控策略、算法模型、风控画像等提供数据支持；2、负责与产品、技术、业务部门沟通协作，从风控视角梳理业务风险点，结合数据分析，给出业务流程、产品设计优化改造建议和方案；3、负责平台各类业务风险场景恶意用户画像标签体系的建设，通过数据分析与建模，识别不同风险类型用户并制定差异化风险管控策略；4、与策略、算法团队合作，共同推进制定业务风控策略，快速响应与解决业务风控痛点。任职要求：1、有互联网/金融等行业风控政策与策略制定方面工作经验者优先；2、三年以上数据分析与建模工作经验，计算机、统计学、数学、信息技术相关专业本科及以上学历优先；3、熟练使用hivesql、python、sas、r等数据分析处理工具，具备产出数据分析报告的能力；4、具备较强的逻辑思维能力、沟通能力、快速学习能力，能够有效整合团队资源推动风控工作进展；5、具备数据挖掘、机器学习背景，善于用数据和算法解决实际问题的优先考虑。
",1,1,0,0,1
752,数据分析师 - Data Analyst,琅槐商务咨询,上海,50-150人,本科,不需要融资,金融,15.0,1-3年,,"[""专项奖金"",""股票期权"",""年终分红"",""带薪年假""]","
岗位职责：

1，深入了解公司业务和项目，构建业务分析的维度和逻辑
2，协助数据开发人员搭建数据仓库
3，根据业务的需要，进行数据报表开发，提供支持业务的数据报表
4，用bi工具对需要分析的数据进行可视化展现

能力要求：

1，1-2年以上数据分析的工作经验，统招本科及以上学历，应用数学、统计学或计算机专业毕业
2，加分项：1年以上tableau或其他bi软件使用经验；已取得tableau证书认证者优先
3，熟练使用excel中的函数，掌握sql语句，有数据库使用经验
4，对bi及数据可视化感兴趣，对数据敏感，熟悉各类数据分析的方法
5，工作积极主动、善于沟通，出色的逻辑思维能力、学习能力，具有团队合作精神。
",0,1,1,1,0
753,电商数据分析师,Uni-Win,上海,15-50人,本科,未融资,电商,12.0,3-5年,,"[""年底双薪"",""股票期权"",""绩效奖金"",""年终分红""]","
职位诱惑：
扁平管理,电商3.0,学习成长快,老板好
职位描述：

uni-win 全域营销领先公司——域迪电商招募小伙伴啦：

1、快速、广阔的晋升空间

在我们这家迅猛发展的电商策略营销运营公司中，你可以亲身经历一个品牌的发展壮大，随之而来的是快速、广阔的晋升空间。

2、广阔的视野与历练

通过每周复盘、商业思维的培训，让每一个成员都能够对全公司、品牌拥有更加全局观的认识，了解整个价值链的运作。

3、优于同行的全薪酬水平

高于同行平均水平的薪资水平。
按能力付薪，月薪金、奖金、年终奖励应有尽有。

4、福利

五险一金是必须的，各类奖励、生日福利、节日红包等福利应有尽有。

5、开心、轻松的工作氛围

我们邀请的是创造型、智慧型人才，我们极为看重为每一位成员创造坦诚沟通、轻松愉快的工作氛围，如此，才能最大地发挥成员的创造力和智慧。

职位描述：
电商数据分析师根据公司电商发展业务战略，编制数据分析报表，进行行业、产品等各类经营数据分析、销售预测以及制定各类分析模型，为销售经营策略提供数据依据，提升电商业务效益！
 
岗位职责:
1、负责电商各品类数据的的统计分析，报表编制；
2、负责对品牌电商店铺的uv、pv、人均访问页数、用户行为、销量、跳出率、地域分布、转化率等做出专业的数据分析；
3、负责分析店铺各类推广数据，并针对各类问题提出解决方案和营销方案；
4、负责对行业数据、竞品及top商家运营情况进行监控跟踪与分析，并编制报表；
5、负责对日常及促销活动销售进行科学预测；
6、负责对商品模型建立，以及对商品及库存数据进行分析并提出建议；
7、准时完成日常报表，做好各类活动ppt数据方案及总结，对营销管理及优化提供数据支持；
8、公司新客户新业务所需的数据支持以及完成其他领导交办的事宜.
 
任职要求：
1、对数据敏感度高，思维敏捷，分析能力强，工作细致耐心，有责任感；
2、熟悉电商相关的数据产品，熟悉电商规则，精通tmall京东等主要电商平台相关指标及提升方法， 具快速反应和领悟新信息的能力，并对电商运营有一定的理解
3、有快消行业数据分析经验优先：美妆、个护、食品等优先
4、有很强的 数据提取、分析、报告、ppt能力，有很强的沟通能力，对接客户和团队内部
5、熟练掌握excel表格各类函数，并利用透视表分析数据；有较强的逻辑分析能力，对数字敏感；
6. 熟练使用统计分析工具，如sass、spss、r等一种或几种数据统计分析工具，必须能熟练使用sql类sql语言以及excel，对统计原理、常用数据挖掘算法有一定了解；
7、有咨询报告行业从业经验优先，如：金融、证券分析大快消行业优先
8、计算机相关专业，统计学习有关优先考虑；
9、3年以上数据分析经验，从事过电商数据分析岗位2年以上优先考虑
排斥创业环境的慎投
",0,1,0,1,1
755,数据分析师（业务方向）,忒亚珠宝,上海,15-50人,本科,不需要融资,电商,20.0,1-3年,,[],"
职位描述： 1. 负责规划业务分析点，并负责例行化分析报告和专项深入分析报告的撰写； 能快速了解行业，深入分析行业生态； 2. 通过用户行为进行深度分析，挖掘业务问题和路径机会，推动产品功能迭代、产品运营方案优化，设计实验并复盘效果； 3. 梳理业务数据链路和指标框架，为业务的运营决策 提供数据支持，推动部门内数据体系的发展和完善； 4. 通过数据报告、产品、模型等多种输出手段沉淀分析思路与框架，提炼数据产品需求，推动数据产品的落地； 5. 能够将业务数据模型化，通过数学模型，预估模型，挖掘算法等提供深入的数据支持能力； 6. 熟悉数据治理内容，对数据上报到数据报告产出的全数据链路负责。 职位要求： 1. 应用数学、统计学等数理背景211、985本科及以上学历。具有实践经验，有2年以上互联网电商行业数据处理、分析经验优先； 2. 具有较强的业务sense。主动驱动业务改进； 3. 熟悉数据治理相关内容，有指标体系从0-1搭建经验者优先； 4. 熟悉hsql，python，excel工具，熟悉常用的数据分析算法模型； 5. 抗压能力强，积极主动。
",1,1,0,1,0
756,数据分析师（风险建模）,冰鉴科技,上海,150-500人,本科,C轮,信息安全,26.5,3-5年,,"[""福利关怀丰厚"",""组织管理扁平"",""年终奖金丰厚"",""技术实力强大""]","
工作职责：
1.     负责金融风险管理相关的数据分析，对风险预警异常情况进行深入分析，对业务风险指标进行跟踪分析及优化；
2.     负责机器学习模型的构建、维护、和评估；
3.     参与公司征信评分模型和征信系统的研发，包括但不局限于反欺诈模型、申请评分、行为评分、催收评分等模型设计开发；
4.     对于部门内产品、需求提供数据支持，对于风险规则策略提供建议；
5.     配合项目计划，负责建模驻场项目，完成客户需求的任务。
职位要求：
1) 统计、数学、计算机等理工科相关专业本科及以上学历，至少2年金融业相关工作经验（做过个人征信和企业征信者最佳）；
2) 熟悉常用数据挖掘算法与模型，熟悉逻辑回归、神经网络、决策树、聚类等建模方法；
3) 熟练使用python、r等数据处理工具，熟悉sql、hive、spark，hadoop，了解mapreduce分布式计算，具备扎实的数据分析功底；
4）对数据敏感且对处理大量数据有强烈兴趣，喜欢探索钻研，有独立思考的能力；
5) 思维活跃，有创新思考能力，具有良好的逻辑分析能力，能够快速学习新方法，责任心强；
6) 注重团队协作，有独立承担项目的经验和能力，具有优秀的职业素养和抗压能力；
7）具有良好的编码能力，具备产品思维，可适应短期出差者优先考虑。
",1,1,0,0,0
758,资深数据分析师（客户中台）,众安保险,上海,2000人以上,本科,上市公司,金融,37.5,3-5年,,"[""定期体检"",""每天下午茶"",""六险一金"",""年度体检""]","
        岗位描述：整合公司客户数据，搭建整个公司的客户中台体系，并通过数据驱动公司客户价值增长，包括但不仅限于以下职责：
 1) 客户数据标签挖掘，梳理，开发
 2) 用户行为轨迹，联系轨迹，营销轨迹挖掘与开发，完成公司客户档案平台搭建，推动平台在客服、风控场景应用落地
 3) 客户营销规范制定，落地，效果监控
 4) 推动客户中台与各业务部门对接，数据推送，回流，效果监控
 5) 客户价值分析，数据驱动客户价值增长


岗位要求：
1、3年及以上数据分析师经验，熟练掌握sql语言或其他数据分析软件，熟练使用sas、r、python等分析软件中的一种
2、具有较强的商业洞察能力，善于利用数据分析主动驱动业务增长与优化
3、思维清晰，逻辑性强，勇于创新和面对挑战，对工作充满激情，并有优秀的沟通能力和团队协作精神
4、有客户营销分析，客户数据挖掘，数据产品经理等相关经验，或具备快速学习能力，充满好奇心
5、能够适应高强度、快节奏的工作氛围
        ",1,1,0,0,1
759,Data Analyst数据分析工程师,WISH CHINA,上海,50-150人,本科,D轮及以上,电商,30.0,3-5年,,"[""带薪年假"",""午餐补助"",""定期体检"",""通讯津贴""]","
工作职责:wish is revolutionizing the ecommerce experience by providing the most efficient way to sell products on mobile. our easy to use platform powers over 100,000 stores, fulfills hundreds of thousands of orders daily, and manages a catalogue of millions of products. we’re looking for a talented individual who wants to make an immediate impact on a fast-growing company. we're looking for data analysts to work on our china team. if you love fetching, analyzing, and presenting data, you’re a great fit for wish. wish is data driven from the ground up. as a data analyst you will drive informed decisions on core systems like: shipping and logistics, customer support, product catalogue, and much more. we’re looking for a smart and scrappy analyst to help accelerate the rate of development.responsibilitiesapply your expertise in quantitative analysis, data mining, and the presentation of data to see beyond the numbers and understand how our users interact with our core/business productspartner engineering and operational teams to solve problems and identify trends and opportunitiesinform, influence, support, and execute our product decisions and product launches任职资格:required skills and experience1+ years’ experience doing quantitative analysis preferably for a social web companyba/bs in math, statistics, economics, computer science, or other quantitative field. advanced degrees preferred but not requiredfluency in sql or other programming languages. some development experience in at least one ""script""ing language (php, python, perl, etc.)experience with large data sets and distributed computing (hive/hadoop) a plusability to initiate and drive projects to completion with minimal guidancehave good business sensegood communication skill both in chinese and english
",1,1,0,0,0
760,数据分析师（海外）,冰鉴科技,上海,150-500人,本科,C轮,信息安全,20.0,3-5年,,"[""福利关怀丰厚"",""组织管理扁平"",""年终奖金丰厚"",""技术实力强大""]","
        1. 负责日常的数据分析工作，包括数据整理、数据清洗、数据分析，并将分析结果形成对内或对外的分析报告；
2.负责金融风险管理相关的数据分析，对风险预警异常情况进行深入分析，对业务风险指标进行跟踪分析及优化；
3.参与公司标准化模型的开发，包括但不局限于反欺诈模型、申请评分、行为评分、催收评分等模型开发过程中的数据分析和特征工程工作；
4.对于部门内外的需求提供数据支持，对于风险规则策略提供建议；
5.配合项目计划，参与驻场项目，完成客户需求。
职位要求：
1)统计、数学、计算机等理工科相关专业本科及以上学历
2)熟悉常用数据挖掘算法与模型，熟悉逻辑回归、随机森林、gbdt等建模方法；
3)熟练使用python、r等数据处理工具，熟悉sql、hive、spark，hadoop，了解mapreduce分布式计算，具备扎实的数据分析功底；
4）对数据敏感且对处理大量数据有强烈兴趣，喜欢探索钻研，有独立思考的能力；
5)思维活跃，有创新思考能力，具有良好的逻辑分析能力，能够快速学习新方法，责任心强；
6）具有良好的编码能力，具备产品思维，可适应短期出差者优先考虑
        ",1,1,0,0,0
761,运营数据分析,微屏游戏,上海,150-500人,本科,B轮,游戏,9.0,1-3年,,[],"
职责/描述
1、负责游戏日常数据监控、预警和分析工作，对产品调优、产品运营提供有力数据支持；2、针对竞品，新功能，新活动的效果，进行数据分析，并提炼为产品需求；3、根据公司产品运营需求，对现有数据平台进行整理完善，定期完成日、周、月数据报表；4、游戏活动以及功能分析，输出数据分析报告，为运营策略提供数据支撑和有效建议；5、主导和协同数据挖掘和用户调研，进行更深入的数据和用户研究；
职位要求
1、本科及以上学历，1年以上游戏或互联网数据分析经验；2、数据逻辑清晰、数据敏感度高，计算机、数学、统计学专业优先考虑；3、熟练使用sql语句，熟练掌握excel；4、执行力强，高效，细心，能承担压力；5、具有良好的沟通、表达能力及团队协作精神；6、热爱游戏，熟悉游戏研发或运营流程优先。
",0,1,0,1,0
763,大数据分析师,兰桂骐农业科技,上海,50-150人,本科,不需要融资,其他,15.0,3-5年,,[],"
        职责：

1、负责部门大数据分析的工作，应用大数据分析工具来探索、分析制成过程的相关参数的模型建立、迭代寻优，不断推进工艺参数的最优化，追求品质、效率、产出的最优解决方案； 

2、协助公司大数据相关项目的调研和落地，负责内部大数据项目的开发及导入，协调需求方与设计人员的交流，能指导协同设计方法；

3、全程参与大数据项目实施，负责系统相关现场硬件及软件的规划、实施、测试、验收和交付；

4、负责用户培训，指导用户操作，制作用户使用手册；

5、负责产线文件及其他相关品质文件的维护及优化；

6 负责大数据产品的定位和研发；

7 负责公司内部大数据项目的立项、方案撰写和实施



要求：

 1、本科及以上学历，数学、计算机等相关专业，有农业背景优先；

2、熟悉大数据分析的工具和软件，如sas、jmp、oracle、spss、tableau等；

3、熟练使用excel、minitab、jmp等软件来处理数据（公式运用/宏开发等），及做ppt报告；

4、性格开朗，具有较强的统筹协调能力和团队协作精神；工作热情高，能承受工作压力，有很强的自学能力。
        ",0,0,1,1,1
764,到店技术-数据分析师,美团点评,上海,2000人以上,本科,上市公司,消费生活,37.5,1-3年,"[""早九晚六"",""学习机会"",""免费体检"",""bat背景"",""定期团建"",""生日聚会"",""免费休闲游"",""带薪病假"",""交通补助"",""生子红包"",""弹性工作"",""地铁周边"",""5险1金"",""晋升机制"",""6险1金""]","[""技能培训"",""绩效奖金"",""岗位晋升"",""领导好""]","
        岗位职责：
1.深入业务部门，与业务方形成合作伙伴关系，主动发现流量供给等领域的提升机会点，协助业务核心指标的提升；
2.作为核心成员参与数据应用项目，通过数据分析和挖掘，深度理解用户与商户的行为特征，提供有效的策略方案，并协调相应开发资源确保项目落地，后续不断迭代提升应用效果；
3.基于数据应用项目需要，完成应用层模型的开发，并协助数据开发团队优化基础数据模型；
4.针对复杂的业务状况，科学制定指标评估体系，并适当运用数据产品或者报表工具进行可视化呈现。

任职要求：
1.计算机、统计学、数学、信息技术等相关的专业本科及以上学历，互联网行业数据分析3年以上工作经历；
2.有丰富的数据分析经验，具备大数据处理能力，精通常用统计分析方法，至少掌握一款bi工具。有数据挖掘技能及经验者优先；
3.业务感知能力强，可快速把握业务重点，形成分析框架，逻辑清晰，思维缜密；
4.良好的团队精神和沟通能力，学习意愿和抗压能力强。有项目管理经验者优先。

岗位亮点：
数据团队内部算法、数仓、分析和工程闭环，培养全栈的数据科学家。


",0,0,0,0,0
765,数据分析经理(J17406),易鑫集团,上海,2000人以上,本科,上市公司,移动互联网,16.0,5-10年,,"[""购车福利"",""绩效奖金"",""交通补助"",""通讯津贴""]","
工作职责:1、通过对业务要求的理解，建立各类数据分析报表，2、负责相关数据报表的收集、汇总、分析、发布等工作；对数据敏感，能够从数据中发现问题，提出解决方案。3、协助领导搭建整体数据分析体系，为决策提供数据支持；4、定期输出业务数据分析报告，保证数据的100%准确；5、完成上级领导安排的其他工作任务，任职资格:1、全日制本科及以上，金融、统计、数学相关专业，具有数据分析5年左右工作经验；2、有数据分析及报表体系搭建经验，有银行、信托、互联网金融背景者优先；3、精通excel各类函数、ppt等办公软件。具备bi数据分析、报表体系规划、搭建能力者优先考虑；4、数据逻辑思维能力强，具有较强的业务学习能力，能快速对新业务进行学习和了解；5、较强的人际、团队合作和沟通能力。
",0,0,0,1,0
766,数据分析实习,楷青,上海,少于15人,不限,未融资,数据服务,2.5,应届毕业生,,[],"
先请确认你会python，同时这个是实习岗位，并且你能到我司实习，才投简历，谢谢

会按照需求，从互联网获取相应数据 
会获取，下载，整理数据
理解客户的痛点来反馈需求

职位要求
熟练的python技术，能独立完成对网页的编码分析，并通过pathon来下载数据，并很好的组织好数据，保存数据. 会pandas处理数据。
熟练掌握sql，数据库的构建
熟练使用excel、ppt
数据敏感度高，逻辑分析能力强，良好的沟通能力

加分项
学习并会使用tensorflow, sklearn等
会使用分布式计算
",1,1,0,1,0
767,电商数据分析经理,arvato China,上海,2000人以上,不限,不需要融资,广告营销,17.5,3-5年,,"[""五险一金"",""通讯津贴"",""交通补助"",""带薪年假""]","
电商数据分析经理
1：根据业务需求，利用阿里、京东大数据工具，为品牌客户提供电商数据咨询服务，包括但不限于消费者分析、竞品分析、市场分析、营销效果分析等
2：参与或负责电商数据咨询项目，对交付成果负责：与团队成员共同协作推动项目完成，输出洞察与策略报告
3： 具备良好的数据sense，能为业务问题的解决定制针对性的数据研究、提出切实可行的解决方案，推动业务发展。有成功案例者优先。
4：有丰富的专项市场研究或策略咨询经验，在结构主义分析、价值链分析、波士顿矩阵以及实证与规范、统计与比较分析、swot分析等策略性研究方面具备丰富的经验；
4：熟练掌握定性、定量研究方法并有实践案例；

任职要求：
1：本科及以上学历，统计学、数学、经济学、市场营销专业优先；拥有商业分析类、市场营销类海外硕士教育背景优先大数据分析相关工作经验4年及以上。
2：具备以下行业经验优先：2年左右电商、零售、市场营销、消费者分析、或媒介数据分析工作经验
3：具备结构化思维，逻辑性强，学习主动性高，自我驱动；同时具备良好的沟通能力、抗压能力
4：熟练掌握阿里/京东数据分析后台操作，ppt与excel；掌握python、sql、powerbi、tableau为加分项
",1,1,1,1,0
768,资深产品数据分析专员,西域网,上海,500-2000人,本科,D轮及以上,电商,17.5,1-3年,,"[""年底双薪"",""绩效奖金"",""带薪年假"",""交通补助""]","
工作职责：
1，价格数据管理，价格审批，折扣权限管理，定期价格报表，竞争对手价格分析等2，产品数据管理，产品目录、货期、品牌数据等，产品个性化数据库3，www.ehsy.com西域网站数据管理，it联动项目，客户对接数据，品牌商流量数据等4，产品数据分析以及kpi数据月度报表5，跨部门数据项目：销售、财务、研发以及pmo等
任职资格：
1，踏实，严谨，聪明且勤奋2，精通excel各种功能和操作3，有数据分析的工作经验，如相关互联网企业数据分析的经验加分，比如阿里巴巴、腾讯等4，有一些编程能力或经验加分5，希望在工业行业深耕
",0,0,0,1,0
769,高级数据分析咨询顾问,数道科技,上海,15-50人,本科,不需要融资,数据服务,20.0,3-5年,,"[""专项奖金"",""年终分红"",""定期体检"",""免费班车""]","
工作职责：
1）负责参与项目技术路径的设计，以及项目过程中的执行管控，能够带领团队实现数据梳理、数据预处理、分析建模/可视化等一系列分析环节；
2）支撑项目/产品的售前工作，深度把握客户需求，挖掘引导客户潜在需求，主导完成解决方案、项目建议书等内容的设计与编制；
 
职位要求：
1）本科及以上学历，统计、数学、信息管理、计算机等相关专业优先；
2）熟悉分析挖掘的完整流程环节，且熟练掌握至少一种数据分析工具（r、python、spss、spark等），具备多工具能力者优先；
3）有丰富数据项目执行经验，有团队管理经验者优先，具备工业、能源、通信等行业经验者优先；
4）具有优秀的逻辑思维能力、业务理解能力和沟通能力，能够将业务问题高效转化为数据问题；
5）熟悉特征工程和各类主流挖掘算法，有深度学习背景者优先；
6）工作积极主动、善于沟通，具有良好的团队意识和协作精神；
 
",1,0,0,0,1
770,BI数据分析师 (MJ000630),食亨,上海,500-2000人,不限,B轮,消费生活,15.0,3-5年,,"[""绩效奖金"",""专项奖金"",""节日礼物"",""领导好""]","
        工作职责

1. 根据业务方需求，进行数据整合和分析，输出分析报告
2. 基于对业务和行业的了解，带领团队对业务问题进行深入分析、数据挖掘，为业务策略、产品设计提供数据支持
3. 带领团队协调各部门资源完成项目制需求


任职资格

1. 统计学、数学、社会学等相关专业大学本科（含）以上学历；
2. 3-5年以上数据分析经验，有电商行业分析经验者佳；
3. 良好的逻辑分析能力，在数据挖掘、数据探索项目有积累；
4. 拥有良好的沟通协调能力，对内对外做好上传下达；
        ",0,0,0,0,0
771,电商数据分析师,联蔚数据,上海,150-500人,本科,不需要融资,数据服务,10.5,1-3年,,[],"
职位描述：1、对品牌电商表现的进行分析，交付数据分析结果，协助出具分析报告；2、负责基于品牌的要求，进行基于电商平台的工具进行多维度的分析和洞察；3、将研究及项目成果以数据可视化形式产出，并将用户洞察交付外部或内部使用；岗位要求：1、市场营销、会计、计算机等相关专业本科以上学历；2、具有良好的沟通能力；3、责任心强，良好的语言表达能力，擅长与人沟通；4、性格积极，注重工作细节，富有团队精神
",0,0,0,0,0
772,数据分析应用开发工程师-应届生招聘,比孚,上海,150-500人,本科,未融资,数据服务,12.5,1年以下,,"[""年底双薪"",""绩效奖金"",""专项奖金"",""五险一金""]","
        数据分析应用开发工程师-应届生招聘

岗位描述：
负责数据湖、数据分析应用和数据仓库的开发与优化。

岗位要求：
1、统招本科及以上学历，计算机软件相关专业优先。
2、至少熟悉java、python、javascript中的一种开发语言，扎实的编程能力。
3、扎实的sql编写能力，对sql查询优化经验者优先。
4、掌握1个以上主流数据库的使用，如：sql server、oracle、mysql或postgresql。
5、了解公有云平台以及主要应用与数据服务。
6、积极主动，具有清晰的逻辑思维能力，良好的沟通能力和较强的自学能力以总结能力。

具有以下经验或能力，有限考虑：
1、在实际项目中使用过hive和spark大数据计算框架，具有相关etl和数据处理过程的开发经验。
2、具有javascript前端开发经验，使用过主流可视化库，例如：echart、chartjs等。
3、具有aws从业者以上或者公有云认证证书

",1,1,0,0,0
776,数据分析师,掌门1对1在线教育,上海,2000人以上,本科,D轮及以上,教育,15.0,1-3年,"[""免费体检"",""地铁周边"",""5险1金"",""父母赡养津贴""]","[""技能培训"",""节日礼物"",""绩效奖金"",""岗位晋升""]","
        岗位描述
1. 理解业务部门的需求，通过与业务需求部门和管理层挖掘需求，确认需求，并达成一致。
2. 负责业务需求分析体系建设，以及仪表盘等分析结果交付。
3. 指标体系建设，建立业务团队认可的业务指标标准体系，将相对业务数据统一对应到指标体系中，并完成仪表盘，数据产品，分析报表等交付数据统一。
4. 能跨部门和产品，工程师，以及其他团队合作，一起促使一个项目的完成。
能力要求：
1. 本科以上学历, 2年以上工作经验，对数据有敏感性，有统计、数学、工程、或者经济专业背景。
2. 有互联网公司大数据分析的经验。
3. 具有很强协调沟通能力，能应对不同级别和岗位角色工作沟通，具有跨部门合作经验为佳。
4. 有较好的产品和业务思维。
5. 能熟练运用sql语言, 和例如tableau等可视化软件。
        ",0,1,1,0,0
777,高级数据分析师,哔哩哔哩,上海,2000人以上,本科,上市公司,文娱丨内容,22.5,3-5年,,"[""带薪年假"",""绩效奖金"",""交通补助"",""午餐补助""]","
工作职责

1. 独立理解商业目标和运营过程，对互联网产品和技术有全面的认识。建立业务分析框架体系，为b站业务提供有质量的数据支持，并在数据层面上给出定性的业务解读；
2. 基于关键商业问题，拆析和提炼业务当前的核心痛点，将数据转化为可落地的和有说服力的洞察，辅助推进业务决策;
3. 对业务(运营、市场)各环节产生的数据，做采集整理、统计与深度分析，监控与发现问题、提出改进方向、给出数据结论；
4. 主动思考、主动输出，持续保持科学、严谨态度，从数据角度助力业务增长；

职位要求:
1. 大型互联网3-5年数据分析/挖掘相关工作经验，互联网相关领域优先，应用数学，统计学，计算机, 经济学相关专业优先；
2. 具备大数据的处理能力，掌握hive、sql等相关数据提取工具，熟练使用r或python、excel、sas/spss、ppt等工具；有相关机器学习背景者优先；有数据仓库实际经验者优先。
3. 具有较强的思维逻辑能力，良好的数据敏感度，能从海量数据提炼核心结果；有丰富的数据分析、挖掘、建模的经验
4. 有独立开展分析研究项目经验；能有效的推动数据结论的落地；
5. 一定的抗压能力和和团队精神；具备良好的沟通协调能力。
6. 有基于数据搭建业务增长体系经验者优先。
",1,1,0,1,1
778,数据分析师,哈啰出行,上海,2000人以上,本科,D轮及以上,硬件,32.5,3-5年,"[""购买社保"",""一年调薪2次"",""5险1金""]","[""绩效奖金"",""年底双薪"",""股票期权"",""交通补助""]","
工作职责：1、推动经营分析相关数据建设，统一集团财务、数据口径，保障各业务统一理解；2、从集团财务盈亏、经营策略方向开展相关工作,对业务关键指标、重点项目进行独立评估；3、对业务kpi落实和指标完成状况进行跟踪，评价和分析，按时提供相关分析报表；4、主动思考业务，通过项目、跨团队协作、专业报告等方面推动业务有切实落地的效果。
任职资格：1.统招本科或者以上学历；3年以上咨询/互联网运营/财务分析经验；2.有从事业务预算与决算分析相关工作、建立盈亏分析体系、目标制定与考核、经营数据分析经历者优先；有明确的业务量化指标者优先；3.熟练tableau，sql，excel，ppt使用技能；4.学习能力和洞察力突出，具备优秀的逻辑思维能力、表达能力、沟通协调能力，能够高效推动与各部门的合作。
",0,1,1,1,0
779,数据分析实习生,趣头条,上海,500-2000人,本科,上市公司,文娱丨内容,4.5,应届毕业生,,"[""专项奖金"",""带薪年假"",""弹性工作"",""管理规范""]","
岗位职责：1、 与业务方沟通相关需求，承担基础数据统计、数据分析、数据可视化等数据工作；2 、进行商业数据分析、理顺业务数据链路和指标框架、深入专题分析，为公司运营提供数据策略支持；3、与业务部门协作进行数据分析工作，推动部门的数据化运营；4、对数据有敏感性，能够对数据进行深入分析，撰写周报、月报等报告。岗位要求：1、 本科或硕士以上学历，统计、数学、计算机相关专业；2 、熟悉sql/数据库/hive，精通r/python进行数据分析建模；3、具备良好的沟通过能力；4、具备良好的数据敏感性以及分析思路；5 、了解互联网业务数据 或在互联网公司实习过优先；
",1,1,0,0,0
782,高级数据分析师G01117,诺亚（中国）控股有限公司,上海,2000人以上,本科,上市公司,金融,21.0,5-10年,,"[""技能培训"",""节日礼物"",""绩效奖金"",""年度旅游""]","
        岗位职责：
1、参与对接业务方的数据分析工作，形成深度分析报告，组织与业务部门的定期沟通交流；
2、至少熟悉营销、用户、产品一个模块的深度数据分析，能沉淀业务价值，树立分析体系 ；
3、配合完成相关业务部门其他数据分析的需求，推动并协调开发团队完成后续开发工作；
4、参与数据部门的数据产品孵化工作，有能力撰写产品prd文档，配合开发，推动产品落地。

任职要求：
1、具备资管公司、券商、银行、保险等金融机构数据统计分析工作经验并能输出相关分析报告，具有数据驱动和产品思维；
2、保持开发心态， 对数据洞察保持热情；
3、具备良好的沟通能力，能够站在业务部门视角体会业务需求洞察业务痛点；
3、熟悉mysql/hdfs/hive的数据库使用，具备较强的数据库及sql能力；
4、熟悉常用办公软件的使用，如：excel、word、ppt，文字功底扎实；
5、至少熟悉一种数据分析工具，如python、r、sas；
6、工作态度认真负责，积极主动，拥抱变化。
        ",1,1,0,1,1
783,数据分析岗经理G01086,诺亚（中国）控股有限公司,上海,2000人以上,本科,上市公司,金融,25.0,3-5年,,"[""技能培训"",""节日礼物"",""绩效奖金"",""年度旅游""]","
        岗位职责：
1. 负责全集团客户数据体系的搭建和系统化实施；
2. 建立客户全生命周期的数据报表与分析体系，结合自动化营销提升客户转化率；
3.建立客户资产配置、综合服务及权益使用等的追踪分析体系；
4.完成领导安排的其他工作。

任职要求：
1.全日制本科及以上学历，相关工作经验3年-8年，985或211毕业学校优先。
2.性格活泼，具有较强的沟通协调能力和数据处理能力。
3.细致主动，责任心强，有团队协作精神，能吃苦。
4.具有金融行业背景和基金从业资格者优先。
        ",0,0,0,0,0
784,数据分析专家(助力车)(J12502),哈啰出行,上海,2000人以上,本科,D轮及以上,硬件,30.0,不限,"[""购买社保"",""一年调薪2次"",""5险1金""]","[""绩效奖金"",""年底双薪"",""股票期权"",""交通补助""]","
        工作职责:
1. 对接业务，通过同业务方沟通，深入了解需求本质，并将业务问题转化为数据问题
2. 针对出行行业特定的业务主题（用户、订单、车辆、网点等），采用数据分析和数据建模等方法，为提高运营效率、提升客户价值提供数据支持策略和解决方案
3. 将分析结果/模型结果进行沟通、呈现，并促进分析策略、数据模型的落地，快速迭代更新，共同促进业务发展
任职资格:
1. 211/985学校统计学、数学、计算机等相关专业，本科以上学历
2. 5年以上互联网行业业务分析、数据建模相关经验，有出行行业经验优先考虑
3. 精通常用模型算法，有机器学习/深度学习实际建模、实施全流程经验优先考虑
4. 熟练使用sql、python/r等数据分析建模工具
5. 对数据敏感，主动性强，有数据驱动业务的意识及主动性，能够快速学习新东西且对学习新事物充满热情
6. 良好的团队合作精神，责任感
        ",1,1,0,0,0
785,社区数据分析师-生态方向,小红书,上海,500-2000人,本科,D轮及以上,消费生活,30.0,3-5年,,"[""年度旅游"",""节日礼物"",""专项奖金"",""带薪年假""]","
        工作职责：
1.同生态部门一起研究业务逻辑，通过数据分析，帮助其制定相关策略
2. 数据洞察诊断分析，发现业务问题，并进行专题分析，输出有效的结论
3. 对接数据工程师团队，搭建数据宽表和日常监控dash，并能及时发现后台数据系统存在的问题，与数据工程师合作进行修正，确保数据的准确性
4. 能独立协同跨部门产品，工程师，以及运营团队合作，一起促使一个项目的完成

任职资格：
1. 本科以上学历，3年以上工作经验，对数据有敏感性，有统计、数学、工程、或者经济专业背景
2. 有互联网公司大数据分析的经验
3 能非常熟练运用sql语言（加分项：会python/r，能熟练使用tableau等可视化软件）
        ",1,1,1,0,0
786,人力数据分析师（HRBI）,得物App,上海,500-2000人,不限,B轮,电商,27.5,3-5年,,"[""绩效奖金"",""带薪年假"",""定期体检"",""节日礼物""]","
职位描述：
1. 组织规划：负责集团及各子公司的人力资本分析，通过数据分析支持并驱动组织发展和业务目标的达成。包括hc规划、人力成本预算、人效预测模型建设等；
2. 数据分析：负责对接人力资源团队各个部门，深入了解每个hr模块的工作流程和管理要求，支持各模块的运营分析，定期出具人力资源相关分析报告，包括但不限于人才结构、组织效能、人员效率（roi），为业务线及hrbp提供决策支持；
3. 数据产品：梳理人力资源数据底层结构，构建人力资源分析框架与指标体系并建设hr仪表盘；
4. 与hrbp/od团队及业务leader结对，对组织和业务问题进行深入研究，促进组织变革与业务发展;
5. 建立人力资本分析模型，通过数据发现和解决组织挑战，并提升hr自身的运营能力;

为什么要加入我们？
1. hr分析是继商业和财务之后快速崛起的分析分支领域，可供发挥和发展的空间较大；
2. 团队内外在分析、hr等相关领域同学经验都相对丰富，可以促进相互的学习和进步；
3. 公司业务和组织呈指数级发展态势，提供了无限的事业发展可能。

任职资格：
  1. 3年以上数据分析项目相关的工作经验，负责过商业分析、行业研究、管理咨询、人力资本分析等项目；
  2. 较强的数据分析和业务洞察能力，能够通过数据对组织进行诊断，并发现管理问题；
  3. 良好的沟通和协作能力，能够快速响应并准确把握分析需求，有能力把业务和组织挑战拆解为对应的分析课题并协助实施落地，极强的保密意识和良好的职业道德；
  4. 本科以上学历，数学与应用数据、统计、应用心理学、信息与信息管理等；
  5. 熟练使用常用办公软件和基本函数、熟悉2种及以上主流的数据分析和数据产品等工具，如excel（必备技能）、spss、tableau、power bi 、r、python等，具备分析建模经验；
  6. 对hr或企业管理领域有深入的研究和案例实践（加分项）；
  7. 了解数据分析过程中的数据准备情况，具备实际的加工处理数据的it能力（加分项）。 
",1,0,1,1,1
787,Business Analyst 商业数据分析,易得碧计算机,上海,150-500人,本科,不需要融资,金融,22.5,3-5年,,[],"
⼯作内容：

1.针对内部和外部数据源数据进⾏分析和挖掘，帮助相关业务⽅发现和分析问题，并且需要为决策提供必要且有效的参考建议，具体来说业务包括各产品核⼼指标、运营、⽤户增⻓和产品优化，表现形式是核⼼指标数据监测、运营活动分析和⽤户在使⽤产品上的⾏为流分析等；

2.为相关业务⽅提供数据分析服务，需要与各业务⽅定期合作，发现问题并提出潜在解决⽅案，撰写分析报告帮助业务⽅解决实际问题；

3.基本了解核⼼业务常规指标和数据评价体系，⽐如⽤户核⼼流程转化率、留存、⽤户⾏为分析等，协助业务⽅成体系的优化现有产品；

4、其他临时性业务数据需求。

任职要求：

1、本科及以上学历，数学、计量经济学、计算机科学、信息管理、软件⼯程、统计学和⼼理学等理⼯科专业优先；

2、熟练使⽤sql、excel、r/python或其他数据处理⼯具，有ga和tableau以及其他bi 工具的使⽤经验尤佳；

3、2年及以上数据处理和数据分析经验；

3、英语为必需，需要⼝语流利，交流⽆障碍；

4、了解区块链和相应业务者优先，有股票交易所⾏业经验者与此条件等同。
",1,1,1,1,0
788,数据分析师（新用户投放增长方向）,得物App,上海,500-2000人,不限,B轮,电商,30.0,不限,,"[""绩效奖金"",""带薪年假"",""定期体检"",""节日礼物""]","
        部门介绍
负责公司不同生命周期5个产品的投放推广，包括世界**大潮流交易平台得物。2019年获得公司年度优秀团队、年度最佳新人、年度业务先锋等多项奖励，聚集了一群有理想有冲劲的年轻人。2020年负责公司整体多产品业务投放推广的用户投放增长，多个电商潮流产品，在受**影响的情况下，依然名列互联网全行业用户增长增速top3、top5，开创了具有差异化的投放增长方式，帮助公司快速增长。
岗位描述：
1、参与投放部门决策：
base投放部门，根据公司不同业务线的实际数据情况、数据问题、数据趋势，参与公司5个产品的重要投放方向、思路、调整决策，实时参与制定、调整、讨论、优化投放策略。
2、参与投放部门管理：
通过对数据的敏锐洞察以及定性和定量的专题分析，迅速定位内部问题、发现潜在机会，并提出解决方案，推动落地、优化；
3、投放业务分析：
优化和完善投放增长的数据分析框架，建立完善的指标监控体系，推动业务数字化，并及时发现问题，并协调资源进行跟踪和深入分析，推动解决问题。
4、数据驱动投产增长：
通过深入了解投放部门各产品工作，掌握各媒体、渠道、产品的投放增长效果、总结、发现、研究规律，找到可行的增长方向，驱动投放增长整体提升。
5、投放建模：
参与与媒体深度合作的投放核心人群建模，通过广告私域模型的建立，提升投放整体投入产出比。深入研究短视频、直播等新型广告形式，与资深投放人员合作，进行复杂投放形式建模。
岗位要求：
1、本科以上学历，三年以上数据分析师相关工作经验，统计学、数学专业优先，热爱数据分析行业
2、负责过互联网电商或app产品，生命周期、投放分析等相关工作，并有一定的长期深入研究发展的兴趣
3、愿意接受新事物，对短视频、直播等新的投放新兴投放增长方式感兴趣，愿意base在一个具体中台部门长期发展，伴随各业务线成长发展
4、熟练使用sql、excel、ppt，掌握分析工具如r、spss、sas、python等加分，熟悉业界分析工具如tableau、powerbi、growingio等加分。
5、具备较强的总结能力，能做出深入的业务专项数据分析，并形成数据分析报告；
6、 擅长跨部门沟通合作，推动解决业务问题，有大项目经验加分
        ",1,1,1,1,1
789,商业数据分析,饿了么,上海,2000人以上,本科,D轮及以上,消费生活,22.5,3-5年,"[""试用期上社保"",""试用期上公积金"",""免费体检"",""5险1金""]","[""节日礼物"",""绩效奖金"",""年度旅游"",""岗位晋升""]","
岗位职责：
1.按照公司数据管理流程规范，根据项目策略完成数据接入、提取、统计等数据管理相关工作；
3.根据项目及大盘需要搭建项目策略数据看板
3.解决日常工作中碰到的数据问题，比如对数据进行数据清洗、数据处理、格式转化等；
4.配合公司其他数据及业务相关团队，持续优化数据管理和标注相关流程和方法，提高工作质量和效率。
任职资格：
1.本科及以上学历，专业不限
2.需熟练使用sql，excel处理及商业分析数据，具有数据处理相关经验、熟练使用ppt输出策略者优先；
3.有优秀的表达和沟通能力，良好的团队配合能力，能跟进项目需求以及优化工作流程；
4.思维活跃、责任心强、主观能动性强、执行能力好。
",0,1,0,1,0
790,DPI数据分析师,MobTech,上海,150-500人,本科,未融资,数据服务,27.5,5-10年,,[],"
        工作内容：
1.负责智能增长线的dpi类数据方案的设计以及出数策略的规划；
2.有效利用dpi数据设计行业级知识库，例如汽车、教育等行业，并且及时进行知识的有效沉淀，帮助业务进行快速拓展达成业务目标；
3.结合dpi数据以及sdk数据能够给出满足智汇项目的数据解决方案。

任职要求：
1.2年及以上数据分析挖掘相关工作经验，有营销、广告、汽车、保险行业相关经验优先，作为加分项；
2.有一定的数学建模经验，有较强业务洞察能力，能够很好的结合业务场景找到数据解决方案；
3.逻辑清晰，思维敏捷，抗压力强，有很强的韧性，学习能力强，责任心强；
4.本科以上。
        ",0,0,0,0,0
791,数据分析经理（审核方向）,哔哩哔哩,上海,2000人以上,不限,上市公司,文娱丨内容,12.0,不限,,"[""带薪年假"",""绩效奖金"",""交通补助"",""午餐补助""]","
        工作职责：
1. 梳理业务逻辑，搭建指标体系、建设并迭代报表体系，监控服务过程中业务指标达成情况，深度挖据服务指标异常原因，提出改善和优化方案并实施
2. 收集并深入了解团队对数据的需求，为提升团队的效能提供数据支持和指导改进策略
3. 带领团队以业务为核心导向，进行专项数据挖掘及分析，并输出具有结论性、指导性的报告
4. 搭建可视化数据报表，缩短和弱化日常周期性报表工作


任职资格：
1. 有4年以上数据分析经验，至少有1年带领团队经验，有大型互联网公司数据分析经验优先。
2. 对数据有深刻的认识，并有提出独特的见解
3. 具备结构化思维，较强的学习能力， 良好的洞察力和数据敏感度，较强的提炼总结能力
4. 精通sql，熟练使用hive、tableau、berserker、excel、ppt
5. 具备良好的沟通协调能力，团队合作意识，有较强的责任心，行动力强
        ",0,1,1,1,0
792,bi数据分析师,饿了么,上海,2000人以上,本科,D轮及以上,消费生活,33.0,5-10年,"[""试用期上社保"",""试用期上公积金"",""免费体检"",""5险1金""]","[""节日礼物"",""绩效奖金"",""年度旅游"",""岗位晋升""]","
【工作职责】: 1、对交易履约业务部门进行数据需求支持，深入进行业务专题主题分析，基于数据分析成果，为业务部门提供商业策略分析和业务优化建议，持续改进运营效果，含用户留存分析，商户运营及品类分析，物流分析，经营规划等； 2、优化和完善所属方向的数据分析体系，包括 kpi 指标体系、报表体系、搭建分析框架，并进行核心指标监控，撰写数据分析报告； 3、通过专题数据分析来发现问题，实现数据驱动，提升交易运营效率，扩大市场份额，提升交易、物流的协同联动； 4、提升团队的整体数据分析、财务分析、数据运营等能力。 【任职要求】： 1、数学、统计学、计算机等专业本科及以上学历，985院校或国外名校毕业者优先，数学+计算机+财务专业者更佳； 2、 5年以上互联网相关领域/咨询相关行业数据分析的工作经验、； 3、熟练掌握sql，熟练掌握excel，了解python、 r中至少1-2种工具方法，熟悉thinkcell者优先； 4、优秀的商业分析思维，善于思辨，敢于决断；能够针对某项业务，搭建整个数据分析体系； 5、优秀的沟通能力和项目管理能力，强大的自驱力和抗压力，具备分享精神，能带动小伙伴们一起提高。
关键词：数据分析、业务分析、商业分析、sql、专题分析
",1,1,0,1,0
793,Stata数据分析师,上海链牍科技有限公司,上海,15-50人,本科,A轮,教育,8.0,应届毕业生,,[],"
        我们需要你：
1、 协助项目负责人参与客户需求评估与确认；
2、 参与stata数据分析、金融计量模型等咨询业务，进行快速响应的数据分析，撰写分析报告。
我们期望你：
1、 一线名校本科、研究生、博士在读生，利用课余，闲散时间，进行线上工作；
2、 本科及以上学历，统计、数学、电气等工科相关专业优先；
3、 有扎实的统计分析功底和快速精准的分析能力，能够大数据计算与建模；具备数学建模或大数据建模实际项目经验者优先；
4、 精通统计分析和编程软件，包括但不限于：stata、matlab、python、r、spss、sas、eviews等；
5、 具有较强的逻辑分析能力和优秀的文字表达能力，对研究分析工作具有较强兴趣；
6、 品行良好，公正诚实，具有良好的职业道德，工作责任心强，吃苦耐劳，具备团队精神，善于与他人协作，有良好的沟通能力。
        ",1,0,0,0,1
794,金融数据分析远程实习生,上海链牍科技有限公司,上海,15-50人,本科,A轮,教育,8.0,应届毕业生,,[],"
        我们需要你：
1、 协助项目负责人参与客户需求评估与确认；
2、 参与金融数据分析、金融计量模型等咨询业务，进行快速响应的数据分析，撰写分析报告。
我们期望你：
1、 一线名校本科、研究生、博士在读生，利用课余，闲散时间，进行线上工作；
2、 是本科及以上学历，金融、计量、经济等相关专业优先；
3、 有扎实的统计分析功底和快速精准的分析能力；
4、 精通统计分析和编程软件，包括但不限于：stata、python、r、eviews等；
5、 具有较强的逻辑分析能力和优秀的文字表达能力，对研究分析工作具有较强兴趣；
6、 品行良好，公正诚实，具有良好的职业道德，工作责任心强，吃苦耐劳，具备团队精神，善于与他人协作，有良好的沟通能力。

",1,0,0,0,0
795,大数据分析师,SAS,上海,2000人以上,硕士,不需要融资,人工智能,13.5,应届毕业生,,[],"
岗位职责：  1. 负责sas eg/em/viya等统计分析软件的需求调研、数据探查与预处理，模型设计开发、部署等； 2. 负责sas ci/sfm/fna/ifrs 9等解决方案的应用开发。任职要求：   1. 统计学/计算机相关专业，硕士以上学历，英语口语流利者优先； 2. 熟练掌握一种编程语言，python或java优先；3. 熟练掌握一种数据库系统，sql熟练者优先； 4. 熟练linux操作系统及shell/perl脚本，对操作系统、网络和安全、存储、中间件、ha等有全面的认识； 5. 熟悉hadoop/spark的系统架构设计；理解大数据处理技术及实现方法，如流计算、分布式计算、分布式存储等； 6. 具有良好的表达和沟通能力，善于解决问题，能够承受较大的工作压力。
",1,1,0,0,1
796,见习数据分析师,迈哲华投资管理咨询,上海,15-50人,不限,不需要融资,企业服务,3.0,应届毕业生,,[],"
        岗位职责：
1、 参与公司数据业务策略设计，开展多维度业务分析工作
2、 协助建立公司咨询服务大数据平台
2、通过数据挖掘，进行市场与产品资源分析，新的数据产品形态
3、协助开展数据产品的商务开拓工作
4、协助完成公司内部其他业务团队的数据支持工作

岗位要求
1、 统计学，应用数学，计算机相关专业大专（含）以上学历
2、 有数据分析及建模相关经验，诸如客户画像与分类，产品市场表现的预测等
3、 可熟练使用sql,excel,ppt,spss等工具者优先，独立编写数据分析报告并完成数据产品设计
4、 良好的沟通交流能力，较好的逻辑分析能力

该岗位表现良好可转正
21届毕业生如表现出色，毕业后将留用，可提前签署三方协议，有意者请将简历发送至：***************************
邮件主题为：姓名+专业+年级+应聘职位+可开始实习日期
发送邮件是请注明招聘信息来源（from 拉勾网）
        ",0,1,0,1,1
797,数据分析经理,易居房友,上海,2000人以上,本科,上市公司,其他,15.0,1-3年,,"[""五险一金"",""绩效奖金"",""带薪年假"",""定期体检""]","
岗位职责：
1、负责研究二手房区域成交数据并进行量化分析；
2、负责数据的更新与维护；
3、完成市场分析数据采集、汇总、分析、审核及周、月报制作等管理工作。
任职要求：
1、本科及以上学历，数学、计算机、统计学相关专业优先；
2、3年以上房地产公司数据分析相关工作经历；
3、熟练掌控sql等结构化查询语言，能够独立完成数据获取与分析；
4、熟练掌握excel、ppt等办公软件；
5、逻辑思维严谨、清晰，对数据敏感；
6、认真负责，具有良好的团队合作能力及沟通能力。
",0,1,0,1,0
798,贷后数据分析,奇虎360金融,上海,500-2000人,本科,上市公司,金融,16.0,1-3年,,"[""年底双薪"",""股票期权"",""带薪年假"",""定期体检""]","
岗位职责：
1、建立和完善贷后报表体系，负责数据的收集整理，制作和维护日常报表；
2、监控风险指标，跟进和分析策略执行情况，提出策略优化建议；
3、对于指标波动等情况进行数据分析，出具分析报告，提出有效建议。

任职资格:
1、本科及以上学历，数学、统计、金融等理工类专业；
2、2年以上金融行业或银行风险管理或数据分析相关工作经验；3、精通各类office办公软件，能熟练使用sql、excel，擅长excel vba操作；
4、有较强的逻辑分析能力、数据敏感性，工作严谨，认真负责。
",0,1,0,1,0
799,大数据分析岗JK2010,太平金科,上海,500-2000人,本科,不需要融资,金融,20.0,1-3年,,"[""技能培训"",""节日礼物"",""免费班车"",""带薪年假""]","
        工作职责:
负责数据搜集、整理、统计，并根据数据分析方案进行数据分析，做出相关研究报告等。
1.指导建立数据处理，算法支持的相关解决方案，提供算法说明文档；
2.参与制定数据开发与分析的年度及年中分解计划；
3.研究和分析用户行为，建立数据分析方法和模型；
4.针对各业务线建立数据分析模型，书写专业的数据分析报告，为用户提供运营策略和建议；
5.定期追踪客户行为，洞察客户使用规律，建立模型提供决策基础；
6.建设数据分析平台，对公司各部门进行精细化数据分析；
7.协助相关部门完成数据整理、分析与利用，及时提供支持方面的工作；
8.定期检验数据，保证数据的准确性、稳定性、全面性；
9.定期检验、监测和追踪数据异常波动情况，及时对应；
10.完成领导交办的其他工作事项
任职资格:
1.本科及以上学历，数学、统计学等相关专业；
2.2年及以上数据挖掘或数据分析经验、数据仓库、文本挖掘、自然语言处理、机器学习等相关经验；
3.掌握sas、spss、r、excel等分析工具及数据分析、数据挖掘及机器学习相关算法； 
4.数据分析能力、逻辑思维能力、执行力。
        ",0,0,0,1,1
801,数据分析/商业咨询顾问,联蔚数据,上海,150-500人,本科,不需要融资,数据服务,12.5,3-5年,,[],"
职位描述：1、统筹阿里数据银行与策略中心从数据采集实现到分析汇报的全流程数据工作；2、负责基于品牌的要求，进行基于电商平台的工具进行多维度的分析和洞察；3、将研究及项目成果以数据可视化形式产出，并将用户洞察交付外部或内部使用；4、可独立完成品牌方一系列营销方案的策划与制定；5、可带领团队进行方法论沉淀及新老客户的售前方案支持。岗位要求：1、市场营销、会计、数学、统计学、电子商务、计算机等相关专业本科以上学历；2、具有良好的沟通能力；3、责任心强，良好的语言表达能力，擅长与人沟通；4、性格积极，注重工作细节，富有团队精神。
",0,0,0,0,0
802,数据分析项目经理,行动贝果,上海,50-150人,本科,A轮,人工智能,17.5,1-3年,,"[""股票期权"",""带薪年假"",""弹性工作"",""硅谷文化""]","
        1. 参与多项软件系统型项目(制造、零售、电信、政府领域)
2.责任心强，主动追踪客户使用体验并推动项目进度；
3.曾经参与过数据分析型项目，具数据分析或机器学习背景；
4.具软件外包管理及软件系统分析(systemanalysis)之经验；
5.投递履历时，请检附证明完成以下kaggle比赛中任一项
a.[regression](https://www.kaggle.com/c/house-prices-advanced-regression-techniques)
 b.[classification](https://www.kaggle.com/c/titanic)
 c.[time-seriesprediction](https://www.kaggle.com/c/rossmann-store-sales/data)
7. [加分项]管理过单笔经费千万元以上的客户案件；
8.[加分项]各项信息专题竞赛、黑客松、书卷奖；
9. [加分项]英文语言能力佳或具备其他流利外语能力（或母语者）。
        ",0,0,0,0,0
803,广告数据分析/商业咨询顾问,联蔚数据,上海,150-500人,本科,不需要融资,数据服务,12.5,1-3年,,[],"
职位描述：
1、统筹阿里数据银行与策略中心从数据采集实现到分析汇报的全流程数据工作；
2、负责基于品牌的要求，进行基于电商平台的工具进行多维度的分析和洞察；
3、将研究及项目成果以数据可视化形式产出，并将用户洞察交付外部或内部使用；
4、可独立完成品牌方一系列营销方案的策划与制定；
5、可带领团队进行方法论沉淀及新老客户的售前方案支持。

岗位要求：
1、市场营销、商业分析、会计、数学、统计学、电子商务、计算机等相关专业本科以上学历；
2、具有良好的沟通能力；
3、责任心强，良好的语言表达能力，擅长与人沟通；
4、性格积极，注重工作细节，富有团队精神。
",0,0,0,0,0
804,数据分析师 (MJ000923),上海嘉银金融科技股份有限公司,上海,500-2000人,本科,上市公司,金融,6.5,应届毕业生,,"[""年底双薪"",""节日礼物"",""技能培训"",""绩效奖金""]","
        岗位职责：
1、基于信贷业务理解，搭建并维护业务监控
2、根据业务理解，全面描述客户，挖掘客户特征，构建宏观客户画像，驱动业务发展
3、理解业务逻辑和底层数据逻辑，搭建并维护数据中间层，提高数据分析和决策效率
任职要求：
1.、工科背景优先
2、强大的学习能力、创新意识
3、具有责任感、踏实的工作态度
4、具备良好的数据敏感性，熟练使用sql，r，python，sas等至少一门分析语言
5、逻辑清晰，注重细节；良好的书面与口头表达、沟通能力；熟练使用powerpoint、excel，wps，visio等常用工具。
        ",1,1,0,1,1
805,数据分析助理,扩博智能,上海,50-150人,本科,B轮,数据服务,3.5,应届毕业生,,"[""股票期权"",""弹性工作"",""扁平管理"",""年度旅游""]","
        工作职责：
1.主要负责公司数据运营团队的数据整理以及分析，包括但不限于收集以及整理部门内部以及外包团队的执行量，效率，成本，质量等各方面的数据，
2.提供各个维度的数据分析和数据支持给到相关人员
3.查找业务异常，根据数据分析结果找出问题，并能提出业务改善的方法和建议
4.数据库的基础整理和维护
5.其他部门领导给出的工作


岗位要求：
1.大专或本科，计算机信息，应用数学，统计等专业优先
2.懂得基本的数据收集以及分析的方法，对数字敏感
3.熟练使用excel，做事认真负责有条理，逻辑思维能力强
4.心思细腻，有一定抗压性
        ",0,0,0,1,0
806,资深数据分析工程师-Visualization,NVIDIA(英伟达),上海,2000人以上,本科,上市公司,硬件,30.0,5-10年,,"[""技能培训"",""节日礼物"",""年度旅游"",""帅哥多""]","
are you interested in solving the most complex data science problems for gaming platforms? as a data analyst in gaming platform team, you would help us understand and drill down into gaming session experience using data. you will work closely with our leadership team, internal partners and engineering, providing them insight and data that enables effective business decisions. as a data visualization person, you would use the industry standard visualization tools to render actionable dashboards for engineering.

what you will be doing:

visualize gaming data intuitively. represent funnels, clickstream data. visualizations needs to tell a story
analyze gaming data to provide rich analysis on user behaviour, gaming issues, quality of service issues, customer life time value, cohort analysis
develop frameworks for data ingestion and processing
you will act as a link, working within and coordinating between multiple distributed teams for end-to end feature delivery. you will prepare documentation for the processes, policies, data formats, test cases and the expected results within the scope of your projects.


what we need to see:

bachelor's degree in computer science or statistics or related field
7+ years professional experience in software development and building successful production software systems
3+ years’ experience in doing visualization using tableau, kibana or other visualization tools
4+ industrial experience with common tools for data storage and processing (e.g. spark, hadoop map/reduce, hive, cassandra). you will have to drill into the problems of running large-scale software in a big network3+ years experience in doing data analysis, cohort analysis, customer ltv
experience with one or more general purpose programming languages including python, java, javascript
ability to write efficient query with common rdbms and nosq

",1,1,1,0,0
807,数据分析师/GA 线上媒体,石网商务咨询（上海）有限公司,上海,15-50人,本科,不需要融资,广告营销,12.5,1-3年,,[],"
本职位上海，深圳各招一名

职位内容
1. 执行具有特定或多种目标的分析开发，制作分析报告（ppt或excel）。
2. 分析网站流量模式、订单量、转换通道、导航行为和产品选择的数据，进行利益相关者的特定分析，包括活动分析、客户细分和分析、保留分析、终身价值分析和竞争市场研究。
3. 通过报告创建、管理和分发数据和见解
4. 提出、实施和跟踪再定位战略
5.维护页面标记标准并构建业务流程，以简化跨web属性的标记约定工作，并与it团队和it第三方公司进行沟通，以创建业务需求、测试实施并持续监控web分析部分的数据完整性。

职位要求： 
至少2年工作经验。能够使用google analytics分析工具（ga），包括基本代码设置、自定义报告设置、目标设置、utm代码设置等。
有实际项目经验.
具有学习和探索的能力，能解决跨域跟踪、跨设备跟踪等特殊需要。熟练使用微软办公软件，尤其是excel。能够独立制作报告，最好是有陈述能力。
英语读写流利
会html5, css, javascript者优先。 

key areas of responsibility 
1.implement analysis development with the specific and various goals in order to support 
the projects and commercial decisions 
2.analyze website data on traffic patterns, order volume, conversion tunnel, navigation 
behavior, and product selection  conduct stakeholderspecific analyses including campaign
analysis, customer segmentation and profiling, retention analysis, and lifetime value 
analysis and competitive market research 
3. create, manage and distribute data and insights via reporting 
4. propose, implement and follow re-targeting strategy 
5.maintain page tagging standards and build business processes to streamline tagging
conventions across web properties work and communicate with it teams and it 3rd party 
companies to create business requirements, test implementations and continuously monitor
data integrity for web analytics part 

what we are looking for 
at least 6 months working experience. ability to use google analytics, including base code
settings, custom report settings, goal settings, utm code settings, and more. 
have the ablility to learn and explore, can solve cross-domain tracking, cross-device 
tracking and other special needs. proficiency in microsoft office, especially excel. 
ability to produce reports independently, preferably with presentation.  
being able to use adobe omniture and baidutongji is a plus. 
",0,0,0,1,0
808,数据分析专家+上海-浦东新区,上海际链,上海,50-150人,本科,不需要融资,企业服务,27.5,5-10年,,"[""年底双薪"",""绩效奖金"",""午餐补助"",""定期体检""]","
               工作职责：
1.      和业务团队及产品经理一起，深入理解智慧园区/智慧仓库 运营管理、业务背景、面临的问题和需求等。
2.      对接业务方分析需求，准确理解业务并完成需求分析、需求实现和跟进反馈，给出有价值的的结论及业务洞见。
3.      协助产品经理，运用产品分析手段给出产品优化建议。
4.      运用大数据和数据库技术，进行数据查询和处理；运用统计分析工具，进行数据分析和建模；运用报表等工具，进行分析结果展示和可视化。
5.      跟进数据分析挖掘、大数据相关技术的业界发展，并合理运用到实际工作中。
 
 
·         任职资格：
1.      统招本科以上学历，统计学/数学/计算机等专业。熟悉统计学理论知识。对数据敏感，喜欢并善于从数据中发现规律。
2.      熟练掌握数据库sql查询技术，如hive、my sql等。
3.      熟练掌握数据分析技术和工具，如python、r、excel透视表等。
4.      熟悉统计建模和机器学习算法，如logistic regression、决策树等
5.      在业务分析、产品分析和运营分析等方向有应用经验。基于分布式及大数据平台的优化考虑。
 
        ",1,1,0,1,0
809,战略数据分析专家,武汉悦莱,上海,150-500人,本科,不需要融资,企业服务,30.0,5-10年,,[],"
        1、根据公司管理信息系统的数据和报表，结合公司的经营指标，制定业绩达成目标和计划，善于从数据中发现问题，优化计划解决问题，达成目标。
2、负责公司的预算，经营管理分析，给管理层合理化建议；
3、构建和完善公司体系，完善优化管理流程及授权的相关规则；
4、监督指导区域公司，专业公司的经营管理，负责对经营存在的问题的片区、项目、专业公司进行介入监管；
5、各部门的沟通协调，给予公司战略提供财务专业数据和意见；
        ",0,0,0,0,0
810,数据分析师—RTC方向,字节跳动,上海,2000人以上,本科,C轮,文娱丨内容,20.0,不限,,"[""扁平管理"",""弹性工作"",""大厨定制三餐"",""就近租房补贴""]","
        职位职责：
1. 负责实时音视频rtc数据的监控、分析，为运营和研发提供高效的数据分析支持
2. 全面分析影响音视频通话的各个环节，结合数据分析，给出可落地的优化方案
3. 基于一致性、准确性的要求不断优化相关数据产品建设，支持业务的快速发展
职位要求：
1. 计算机相关专业本科及以上学历，熟悉计算机网络，扎实的计算机基础
2. 熟悉sql 、python, 理解hive/sparksql
3. 有webrtc工作经验者优先
4. 良好的业务分析沟通能力，逻辑清晰，自驱力强，善于思考，有快速学习和解决问题为导向的思维方式
        ",1,1,0,0,0
811,高级数据分析师-音乐,字节跳动,上海,2000人以上,本科,C轮,文娱丨内容,22.5,1-3年,,"[""扁平管理"",""弹性工作"",""大厨定制三餐"",""就近租房补贴""]","
        职位职责：
1、负责音乐业务的数据分析工作；
2、分析各项影响产品提升与增长的因素、各项业务细节，结合业务方向，给出可落地的整体的产品优化方案；
3、与产品/运营/研发等配合，推进优化方案落地执行，带来业务的实际提升增长；
4、负责业务上各类a/b实验设计与分析，产品优化效果评估，市场活动分析评估，核心指标异动分析，客户端版本效果评估等工作；
5、负责业务上特化模型的建设工作。
职位要求：
1、本科及以上学历，数学、统计学、计算机相关专业优先；
2、对互联网行业充满兴趣，希望长期在互联网行业发展；
3、有极强的学习能力和好奇心；
4、能快速理解业务，发掘业务细节和数据之间的联系。
        ",0,0,0,0,0
812,高级数据分析师-教育,字节跳动,上海,2000人以上,本科,C轮,文娱丨内容,22.5,1-3年,,"[""扁平管理"",""弹性工作"",""大厨定制三餐"",""就近租房补贴""]","
        职位职责：
1、负责教育业务的数据分析工作；
2、分析各项影响产品提升与增长的因素、各项业务细节，结合业务方向，给出可落地的整体的产品优化方案；
3、与产品/运营/研发等配合，推进优化方案落地执行，带来业务的实际提升增长；
4、负责业务上各类a/b实验设计与分析，产品优化效果评估，市场活动分析评估，核心指标异动分析，客户端版本效果评估等工作；
5、负责业务上特化模型的建设工作。
职位要求：
1、本科及以上学历，数学、统计学、计算机相关专业优先；
2、对互联网行业充满兴趣，希望长期在互联网行业发展；
3、有极强的学习能力和好奇心；
4、能快速理解业务，发掘业务细节和数据之间的联系。
        ",0,0,0,0,0
813,数据分析师-用户增长,字节跳动,上海,2000人以上,本科,C轮,文娱丨内容,22.5,1-3年,,"[""扁平管理"",""弹性工作"",""大厨定制三餐"",""就近租房补贴""]","
        职位职责：
1、基于用户增长与渠道推广，建立为团队提供反映产品和运营状况的分析模型；
2、持续跟踪业务数据，监测业务发展态势，为业务指标异常提供预警、监测和解读；
3、深入理解产品细节，推动基于对照试验的产品和策略迭代；
4、与产品，渠道，研发等配合。推进优化方案落地执行，带来业务的实际提升增长；
5、结合行业数据、业界观点和市场趋势，为长期业务发展方向提供战略层面的意见和建议。
职位要求：
1、计算机/统计学/数学等相关专业统招本科及以上学历，在用户增长/产品优化/商业分析/广告投放方向上具有3年以上相关经验者优先；
2、对数据敏感，逻辑严谨，结构化思维，工作自驱，擅长沟通；
3、有互联网或咨询从业经验，对互联网产品兴趣浓厚，深入理解业务逻辑；
4、熟练使用sql/excel/python/tableau等数据分析和统计分析工具。
        ",1,1,1,1,0
814,市场与用户研究经理——数据分析方向,字节跳动,上海,2000人以上,本科,C轮,文娱丨内容,30.0,3-5年,,"[""扁平管理"",""弹性工作"",""大厨定制三餐"",""就近租房补贴""]","
        职位职责：
1、深度参与游戏从设计开发到发行运营的全流程，评估并不断提升游戏的用户体验水平；
2、在海量用户和数据的支持下，通过数据挖掘和数据分析等专业的方法开展市场分析和用户研究，为游戏提供优化方案和指导意见；
3、深入了解国内和海外市场，关注行业前沿动态，为公司在相应业务上的战略决策提供支持。
职位要求：
1、本科及以上学历，专业不限，心理学、计算机、统计学，自动化，金融，经济等相关专业优先；
2、外语能力强优先；
3、具备良好的问题分析和解决能力，有很好的逻辑思维能力，有很好的数据敏感度；
4、熟悉各类研究方法和数据分析方法，精通数据库理论和sql语言，掌握至少一门计算机语言，如c/c++、python、r等。
5、沟通和表达能力强，能够清晰的讲解分析方法、过程和结论；
6、热爱游戏，有丰富的游戏经验，有志于投身游戏行业；
7、2年以上相关领域工作经验，具备独立主导项目的经验。
        ",1,1,0,0,0
815,游戏业务中台数据分析师,字节跳动,上海,2000人以上,本科,C轮,文娱丨内容,27.0,3-5年,,"[""扁平管理"",""弹性工作"",""大厨定制三餐"",""就近租房补贴""]","
        职位职责：
1、深入理解业务，利用数据进行刻画。说明问题，发现潜力和机会。
2、和数据研发工程师，算法工程师，后端研发工程师一起；构建产品增长的指标体系；数据驱动业务增长。
3、结合对业务的理解和业务分析方法，抽象，沉淀业务增长的模型，借此预见性的发现字节跳动各产品增长的隐患。
4、针对各个产品的各种增长手段，做好事前的潜力预估，指标设计；事中利用数据发现问题，指导跌打；事后整理效果指标，和业务一起制定新目标。
职位要求：
1、数学/统计等相关专业本科以上学历，有相关工作经验优先。
2、熟悉各种数据统计的方法，有较强的数据获取能力和呈现能力，能够利用现有数据发现问题。
3、强的业务和数据理解能力，能够快速的进行分析工作。
4、强的逻辑分析能力，能够利用现有数据，对将来或其他不确定问题进行预估；并且能够设计多种指标相互验证。
        ",0,0,0,0,0
816,资深数据分析师（漫画）,哔哩哔哩,上海,2000人以上,本科,上市公司,文娱丨内容,30.0,5-10年,,"[""带薪年假"",""绩效奖金"",""交通补助"",""午餐补助""]","
工作职责：
1、协助构建全面的、准确的指标体系, 并基于业务监控指标体系，及时发现与定位业务问题；
2、通过专题分析，对业务问题进行深入分析，为业务与技术团队决策提供数据支持；
3、与相关团队协作进行数据建模工作，推动部门的数据化运营；
4、搭建埋点体系，分析用户行为数据，推动产品改进；
5、搭建abtest体系，分析产品差异数据，提供分析报告；

职位要求：
1、统计、数学、信息技术、生物统计本科以上学历，5年以上相关工作经历；
2、熟练独立编写商业数据分析报告，及时发现和分析其中隐含的变化和问题；
3、良好的数据敏感度,能从海量数据提炼核心结果，有丰富的数据分析
4、熟练运用sql，能高效的与数据技术团队进行沟通；经验；
5、熟练运用分析工具（如python、r等），掌握各种算法应用优先。
",1,1,0,0,0
817,数据分析专家(J12265),哈啰出行,上海,2000人以上,本科,D轮及以上,硬件,30.0,3-5年,"[""购买社保"",""一年调薪2次"",""5险1金""]","[""绩效奖金"",""年底双薪"",""股票期权"",""交通补助""]","
工作职责:
1. 通过数据洞察业务各环节，构建指标体系，评估进展、剖析问题，用量化分析提供决策支持；2. 围绕用户增长、体验，资产效率等进行专项分析和研究，挖掘问题与提升路径，指引业务改进；
3. 通过分析报告、数据模型等方式沉淀数据应用场景，规划数据产品需求，并跨团队推动落地。

任职资格:
1. 本科及以上学历，5年及以上互联网数据分析相关经验，拥有出色的数据分析、结构化思维、归纳与沟通能力；
2. 精通sql，熟悉互联网常见的分析工具和数据分析方法论，有丰富的统计、预测和建模的经验；
3. 业务敏感度强，自驱力强，有团队协作精神；
4. 有团队管理经验者优先。
        ",0,1,0,0,0
818,数据分析专家（P7）,饿了么,上海,2000人以上,本科,D轮及以上,消费生活,37.5,5-10年,"[""试用期上社保"",""试用期上公积金"",""免费体检"",""5险1金""]","[""节日礼物"",""绩效奖金"",""年度旅游"",""岗位晋升""]","
岗位描述：
1、通过对数据的敏锐洞察以及定性和定量的专题分析，迅速定位内部问题、发现潜在机会，并提出解决方案，推动落地，拿到结果；
2、沉淀分析思路与框架，建立完善的能反应业务特征的指标监控体系，推动业务数字化，并基于业务指标监控体系，能及时发现与定位业务问题，并协调资源进行跟踪和深入分析，推动解决问题；
3、与业务团队协作，深入业务，挖掘深度价值，输出业务提升策略，帮助改善业务问题、提升业务效率；
4、从战略上深刻理解业务，发现业务潜在增长机会，并沉淀业务和数据分析能力，赋能团队。

任职要求：
1、本科以上学历，统计学、数学、计算机、市场营销等相关专业，5年以上业务分析、咨询分析经验；
2、具备较强的总结汇报能力，能做出深入的业务专项数据分析，擅长策略分析，并形成数据分析报告；
3、善于思考，逻辑思维能力强，较强的业务和行业洞察；责任心强，对业务有想法和热情，能够引领团队伙伴，具备良好的抗压能力、沟通能力和团队精神；
4、善于跨部门沟通合作，推动解决业务问题，有大项目经验和跨团队、部门项目资源整合经验加分；
5、熟练使用sql、ppt，掌握分析工具如r，spss、sas、python等加分。
",1,1,0,0,1
819,数据分析师（直播）,哔哩哔哩,上海,2000人以上,本科,上市公司,文娱丨内容,22.5,3-5年,,"[""带薪年假"",""绩效奖金"",""交通补助"",""午餐补助""]","
岗位要求：     
1、本科及以上学历，计算机、应用数学、统计等专业硕士优先；
2、扎实的统计基础，突出的逻辑分析和归纳能力，优秀的业务理解力和洞察力，善于沟通和表达；
3、熟练使用excel、精通sql，至少可以熟练使用一种数据可视化分析工具（r语言/python/tableau） ，了解从数据埋点到数据可视化各环节的关键节点；
4、熟悉回归分析模型、分类和聚类算法等统计模型和挖掘算法，具有实践经验有两年以上互联网行业数据处理、分析经验优先。

岗位职责：     
1、负责规划业务分析点，并负责例行化分析报告和专项深入分析报告的撰写； 能快速了解行业，深入分析行业生态。
2、通过用户行为进行深度分析，挖掘业务问题和路径机会，推动产品功能迭代、产品运营方案优化，设计实验并复盘效果；
3、梳理业务数据链路和指标框架，为业务的运营决策 提供数据支持，推动部门内数据体系的发展和完善；
4、通过数据报告、产品、模型等多种输出手段沉淀分析思路与框架，提炼数据产品需求，推动数据产品的落地。
",1,1,1,1,0
820,高级数据分析专家，阿里本地生活,饿了么,上海,2000人以上,本科,D轮及以上,消费生活,50.0,5-10年,"[""试用期上社保"",""试用期上公积金"",""免费体检"",""5险1金""]","[""节日礼物"",""绩效奖金"",""年度旅游"",""岗位晋升""]","
        职位描述：
1. 负责ka的分析策略，通过各种数据源整合并产出商业洞察，为各业务部门提供优化建议
2. 对接相关数据团队已优化竞争数据结构及数据精度
3. 承接管理团队的议题型分析，搭建分析框架，产出分析报告；
4. 团队管理，提升团队的数据分析能力。

任职要求：
1. 本科及以上，有互联网相关、咨询投资相关行业数据分析2年以上工作经历；
2. 了解hadoop，掌握sql, ms office等工具；
3. 优秀的商业分析思维，善于思辨，敢于决断；能够针对某项业务，搭建整个数据分析体系；
4. 通过专题/项目分析，对业务进行深入分析，提供有效的策略建议，并能推动策略方案落地；
5. 熟悉产品功能及业务数据，了解各数据逻辑关系，通过数据分析及数据报表的搭建，发现问题并快速需求解决方案；
6. 优秀的沟通能力和项目管理能力，强大的自驱力和抗压力，具备分享精神，能带动小伙伴们一起提高

",0,1,0,0,0
821,高级数据分析师,还呗-智能信贷领先者,上海,500-2000人,本科,B轮,金融,22.5,5-10年,,"[""股票期权"",""通讯津贴"",""交通补助"",""午餐补助""]","
岗位职责：
1、负责部门层面的业务数据分析工作，通过对数据的收集、统计分析与利用，编制分析报告；
2、跟踪产品/重点项目的发展变化，对业务经营发展状态进行监控分析；
3、商业嗅觉灵敏，善于沟通，能够深入了解业务、挖掘业务问题和痛点，通过数据分析为业务决策、产品方向、运营策略提供数据支持；
4、研究运营数据和用户反馈，挖掘用户需求，发现运营中的问题并给出解决方案；
5、通过专业分析，对业务问题进行深入分析，为产品运营决策、产品方向提供数据支持。
任职要求：
1、具有快速学习和思考能力，优秀的数据分析能力、敏锐的数据洞察力、结构化思维能力；
2、5年以上相关工作经历；
3、了解hadoop，对大数据的整体流程有较完整的认知体系；
4、熟练运用sql、excel，数据可视化工具tableau、finebi，ppt技能优秀；
5、优秀的分析问题和解决问题的能力，能够把合理的思路成功应用于实践。
",0,1,1,1,0
822,高级数据分析经理,达达集团,上海,2000人以上,本科,上市公司,消费生活,40.0,5-10年,"[""免费班车"",""新婚红包"",""定期调薪"",""电脑补贴"",""生子红包"",""地铁周边"",""超长年假"",""定期团建"",""6险1金""]","[""弹性工作"",""股票期权"",""扁平管理"",""技术氛围浓厚""]","
工作职责：

1.定期追踪公司关键指标,并从业务层面解析开展情况,洞察业务动作，提出指导改进策略；
2.基于对业务的深度理解,通过数据挖掘与分析,针对公司关键指标以及运营各业务线输出专项分析报告,及时发现问题,为运营决策、用户营销等提供决策支持和优化方向；
3.搭建数据分析体系，为公司制定和提升数据应用的价值；
4.根据具体业务需要，对业务策略、产品优化提供数据支持；

岗位要求：
1.本科以上学历，统计、数学、计算机相关专业优先；
2.具有5年以上数据分析经验，有互联网经验优先；
3.精通sql、excel等，熟悉python；了解sas、spss、r等优先；
4.工作严谨，责任心强，有较强的沟通技巧，善于从数据中发现、分析问题；思路清晰，逻辑性强，能独立分析问题和解决问题。
",1,1,0,1,1
823,数据分析实习生,VHS 好人生,上海,50-150人,本科,C轮,医疗丨健康,3.5,应届毕业生,,"[""节日礼物"",""技能培训"",""绩效奖金"",""年度旅游""]","
        工作职责：
1.能有效应用统计学技能，独立完成数据清洗、入库、分析、展示等工作；
2.能有效应用爬虫等信息化技术手段，完成市场观察和分析；
任职资格：
1.本科全日制以上学历，计算机、数学、统计学相关专业优先；
2.熟练掌握python、sql（mysql、oracle、sql server至少一种）。
        ",1,1,0,0,0
824,数据分析专家（流量）,途虎养车网,上海,2000人以上,本科,D轮及以上,汽车丨出行,37.5,5-10年,,"[""技能培训"",""节日礼物"",""岗位晋升"",""领导好""]","
        岗位职责：
1、流量分析：web/app/小程序流量分析
2、渠道归因：用于公司渠道投放的价值评估
3、广告投放分析：包括app/web等不同形式广告投放、广告推广、广告策略评估分析及改进投放策略。
岗位要求：
1. 大学本科以上学历，数学系、统计系、计算机、工程学等相关专业。
2. 3年以上商业决策、数据分析等相关工作经验。
3. 熟练使用sql，优秀的excel、ppt技能，有r语言python基础优先。
4. 良好的跨团队沟通能力、推动能力，推动结论并参与决策落地。
5. 极强的数据敏感性、逻辑能力，能建立分析模型，独立撰写报告。
6. 对数据采集、无埋点、web/app/小程序广告监测服务、第三方广告对接及第三方数据对接服务，有经验者优先。

",1,1,0,1,0
826,数据分析师（孚创项目）,途虎养车网,上海,2000人以上,本科,D轮及以上,汽车丨出行,22.5,3-5年,,"[""技能培训"",""节日礼物"",""岗位晋升"",""领导好""]","
        1、快速并充分理解产品和业务，搭建分析指标监控体系；
2、以数据驱动业务，挖掘业务策略和流程的可优化点，提供有效的数据分析结果；
3、在跨部门业务分析项目中，能独立或协调bi内/外部资源，完成最后的报告交付。给到业务负责人分析结论及相关策略。
4、参与分析框架讨论、分析方法论指导、报告交付审核的工作。
【职位要求】
1. 大学本科以上学历，数学系、统计系、计算机、工程学等相关专业。
2. 3年以上商业决策、数据分析等相关工作经验，有行业研究、战略研究经验的优先考虑。
3. 熟练使用sql，优秀的excel、ppt技能，有r语言python基础优先。
4. 良好的跨团队沟通能力、推动能力，推动结论并参与决策落地。
        ",1,1,0,1,0
827,大数据分析师,算话智能科技有限公司,上海,50-150人,本科,B轮,数据服务,13.5,1-3年,,"[""股票期权"",""交通补助"",""绩效奖金"",""优秀团队""]","
岗位职责：
 
（1）研究挖掘数据特征，分析衍生客户的行为特征描述；
（2）对多种数据源进行深度诊断、组合分析，评估数据价值，并对反欺诈策略进行优化；
（3）深入挖掘分析海量用户行为数据，并在新业务领域中推进应用。
   

任职资格：
 
（1）掌握常用的数据挖掘算法（决策树、回归、聚类、svm、神经网络等），并有实际数据挖掘项目经验者优先；
（2）具有数据挖掘、自然语言处理、信息检索、机器学习经验者优先；
（3）精通sql语言，熟悉python；
（4）两年以上工作经验，有金融行业风险管理、数据挖掘分析经验者优先；
（5）全日制本科以上学历，统计、计算机或数学系相关专业优先。
",1,1,0,0,0
828,数据分析工程师,算话智能科技有限公司,上海,50-150人,本科,B轮,数据服务,22.5,3-5年,,"[""股票期权"",""交通补助"",""绩效奖金"",""优秀团队""]","
岗位职责：
1、基于数据分析、机器学习、文本挖掘等技术，对征信大数据进行分析及挖掘；
2、参与大数据征信评分模型及应用策略的设计与开发，负责指导客户对征信产品的正确应用；
3、负责对大数据、模型、策略进行监控、异常分析与验证；
3、利用数据分析结果帮助客户解决实际问题，指导业务发展。
任职要求：
1、 数学、统计、金融工程、计算机、计量经济学等相关专业，全日制本科及以上学历；
2、 熟悉各类大数据的需求发掘、数据清洗和分析、评分建模、策略应用、it需求等，熟悉神经网络方法建模者优先；
3、 熟练掌握sas、sql、r、python等分析工具中至少一个，excel应用、文档写作、ppt制作能力较强；
4、 有连续3年（含）以上大数据分析、评分建模、应用策略经验；有互联网金融产品的分析、评分、策略经验者优先；有大型数据分析项目经验者优先；
5、良好的团队合作精神，较强的沟通表达能力、执行力；
6、工作作风严谨踏实，逻辑清晰，具备较强的责任心和抗压性，较强的收集、分析信息的能力，愿意在创业类公司做较长期的职业规划。
",1,1,0,1,1
829,数据分析实习(可留用),算话智能科技有限公司,上海,50-150人,不限,B轮,数据服务,4.0,不限,,"[""股票期权"",""交通补助"",""绩效奖金"",""优秀团队""]","
        岗位职责：

1、参与评分模型及应用策略的数据分析、变量设计与衍生、模型开发和验证、实施上线、外部机构对算话产品的测试工作；

2、参与维护、监控、优化公司内部特定数据产品或评分产品，配合其他团队的工作服务外部机构客户；


任职资格：

1、数学、统计、金融工程、计算机、计量经济学等相关专业，全日制在校本科生或者研究生；

2、懂得数据分析和基本建模，熟练掌握python或sas分析工具；

3、熟练使用数据库，掌握sql或hive语言；

4、服从工作安排，能够加班，愿意在每个新的工作任务中学习和成长，具备较强的责任心和抗压能力，在数据分析咨询方向做认真长期的职业规划。
        ",1,1,0,0,1
830,数据分析经理,企鹅杏仁,上海,500-2000人,本科,B轮,消费生活,32.5,5-10年,,"[""五险一金"",""弹性工作"",""岗位晋升"",""顶尖团队""]","
        岗位职责：
1、负责处理数据分析需求，制定并实施分析方案，并根据数据分析结果为业务的改进提出合理化建议；
2、负责搭建和维护业务指标体系，并持续迭代优化，为产品改进、运营决策、营销推广策略提供数据支持，推动业务部门数据驱动业务决策的转化；
3、负责搭建和维护公司的数据平台，相关 etl、bi 报表等的开发和优化，并且根据公司的业务和运营需求，优化平台数据模型，支持深入的数据分析和挖掘。


任职要求：
1、统计学、数学或计算机相关专业本科以上学历，互联网 3 年以上数据分析/挖掘相关经验；
2、具有良好的数据敏感度，丰富的数据分析、挖掘、清洗和建模的经验；
3、熟悉 sql 和 sql 查询优化，熟悉数据可视化工具如 tableau；
4、熟悉 python，理解 dw/bi 相关的知识，包括 etl 数据仓库、olap、多维数据模型等；
5、善于沟通，有良好的跨团队、跨部门沟通及推动能力，能够独立领导完整的数据分析项目。


数不清的福利欢迎：
# 开放的办公环境
# 自由的技术氛围
# 注重工程师的学习和成长
工作地址
        ",1,1,1,0,0
831,数据分析师（实习）,一面数据,上海,50-150人,本科,A轮,数据服务,4.5,应届毕业生,,"[""技能培训"",""海归精英团队"",""Geek分享"",""绩效奖金""]","
        ▪ 与资深分析师合作，撰写、交付分析报告；

▪ 协助维护公司内部数据，监控问题并跟进解决；

▪ 负责与公司合作伙伴日常沟通和关系维护工作。


【任职要求】：

 ▪ 熟练使用 excel 和 powerpoint，能熟练使用 sql 和 tableau 者优先；

 ▪ 本科及以上学历，至少能实习两个月以上（请在简历上标明实习时长及一周几天）；

▪ 有良好的沟通能力，做事认真、负责、有耐心，有较强的服务意识、团队合作意识和主观能动性。


【公司福利】：

▪ 有竞争力的薪酬：工资、一年一次调薪机会、五险一金、商业保险、季度奖金包、年终奖、节假日福利、生日礼物等。既有情怀，又有钱途；

▪ 合理的工作时间：我们有弹性工作时间制度，并追求使用技术去高效解决问题，不提倡加班；

▪ 团队活动：yimba系列课程、每周的篮球和羽毛球运动，每周分享会，每月聚餐、生日会等。我们是一个有凝聚力的团队；

▪ 年度体检：豪华体检，健康强壮的身体是工作的基础；

▪ 零食饮料：不间断的供应丰富优质的零食饮料；

▪ 年度旅游：前脚去巴厘岛后脚去日本韩国，随着团队的壮大，以后能去的地方更丰富多彩；

▪ 舒适的工作环境：我们有一个漂亮的办公室，开放式的设计和十分开阔壮观的窗景




",0,1,1,1,0
832,数据分析工程师（校招）,途虎养车网,上海,2000人以上,本科,D轮及以上,汽车丨出行,12.0,应届毕业生,,"[""技能培训"",""节日礼物"",""岗位晋升"",""领导好""]","
        岗位职责：
1、参与构建能反映业务线特征的整体指标体系, 完成相应报表，将业务监控体系进行落地，推进业务发展；
2、与业务团队紧密合作，深入了解业务商业逻辑及底层数据架构，完成分析项目，给出可落地执行的方案；
3、沉淀分析思路与框架，快速响应业务部分各项数据数分析及报表需求。
任职要求：
1、985/211院校背景优先、本科及以上学历、数学、统计相关专业；
2、熟练掌握excel/ppt/tableau/sql等工具，有相关实习经验优先；
3、对数据非常敏感，能够独立对业务数据进行分析并产出报告；
4、学习能力强，沟通能力强，能承受高强度工作压力。
        ",0,1,1,1,0
836,空间数据分析师,脉策科技,上海,150-500人,本科,B轮,数据服务,10.0,不限,,"[""股票期权"",""定期体检"",""弹性工作"",""扁平管理""]","
        职责描述
1、根据要求从数据库提取数据；
2、进行常规的数据清洗；
3、进行常规的数据统计分析、交叉分析，建立经典统计学模型；
4、进行地理制图、地理标识、核密度分析等常规的空间数据处理；
5、对分析结果进行可视化呈现，制作数据分析报告；
6、与业务管理团队紧密合作，探索技术创新点。

任职要求：
1、全日制本科以上学历，地理信息，智慧城市，统计学等专业等相关专业优先。
2、具备基本的统计学知识；
3、熟练掌握基于arcgis或python的空间数据处理、空间计算及空间分析功能；
4、熟悉python、r等至少一项数据分析工具（掌握常用的数据处理工具包，例5、如：pandas、numpy（python），dplyr（r）等）。

加分项
熟悉postgresql，有postgis、pgrouting等相关模块的使用经验者优先。
        ",1,1,0,0,0
837,初级数据分析师,脉策科技,上海,150-500人,本科,B轮,数据服务,7.0,不限,,"[""股票期权"",""定期体检"",""弹性工作"",""扁平管理""]","
        职责描述：
本职位包含基础数据收集整理、初级的数据分析。
* 基础数据收集整理
 * 城市开源数据的收集整理 
 * 自然资源、地理交通相关的数据收集
* 生活相关数据的收集整理
* 数据分析
 * 简单的数据聚合、拼接
 * 简单的建模工作

任职要求：
* 因接触到数据工作，保密性要求高
* 工作重复性高，需要人踏实
* 有一定的数据分析软件的使用经验
* 对数据库有基础的了解

### 技术面试内容
* 课堂项目/毕业论文介绍说明(应届)
* 过往工作经验/项目经验介绍说明
* 时长15min~30min，1~2轮
        ",0,0,0,0,0
838,数据分析师（咨询方向）,脉策科技,上海,150-500人,硕士,B轮,数据服务,15.0,不限,,"[""股票期权"",""定期体检"",""弹性工作"",""扁平管理""]","
        职责描述：
参与公司数据模型类咨询项目工作，包括但不限于——
1、理解和分析项目需求，运用各类工具和知识进行研究，输出结论，完成项目报告；
2、能解决一部分数据分析的技术工作（数据提取、清洗、分析处理等）；
3、根据项目需要，进行建模工作
任职要求：
1、研究生及以上学历，统计、城市规划、地理信息系统、应用数学等相关专业，或两年以上空间地理数据分析从业经历；
2、熟悉python或r的主要数据处理模块包，建模分析模块包，有独立进行时间序列预测、空间价值预测、选址推荐等方面的建模经验；
3、熟练使用excel、powerpoint、word软件或markdown类报告撰写软件；
4、对商业和业务逻辑敏感，具备良好的逻辑分析能力和系统性思维能力;
加分项：
有跨行业的咨询项目经验或行业研究经验。
熟悉sql语言，有postgresql数据库的使用经验。
熟练掌握基于arcgis或python的空间数据处理、空间计算及空间分析功能。
        ",1,1,0,1,0
839,高级数据分析师,字节跳动,上海,2000人以上,硕士,C轮,文娱丨内容,22.5,3-5年,,"[""扁平管理"",""弹性工作"",""大厨定制三餐"",""就近租房补贴""]","
        职位职责：
1、梳理业务逻辑，构建业务指标体系，并基于指标及时发现与定位业务问题；
2、对业务数据进行分析，找到业务增长的改进点，利用数据驱动业务提升；
3、与产品经理、工程师协作，共同完成改进点的上线实施，迭代式地实现数据驱动业务增长。

职位要求：
1、研究生及以上学历，计算机、统计、数学相关专业优先，精通 sql 以及至少一种脚本语言，熟练使用常见的数据分析工具；
2、对全生命周期的数据工作有深刻理解，包括：埋点与日志解析、数据仓库建模、数据可视化、数据分析与建模；
3、能独立完成数据提取与清洗，分析业务问题，并基于分析结论提出产品改进方向，有跟进方案上线项目经验者优先；
4、能与工程师配合，完成业务埋点、数仓建设与可视化工作；
5、有团队管理经验优先。
        ",0,1,0,0,0
841,高级数据分析师（流量增长方向）,虎扑,上海,500-2000人,本科,D轮及以上,文娱丨内容,20.0,3-5年,,"[""上班看球赛"",""运动俱乐部"",""大神分享会"",""节日礼物""]","
岗位职责：1.结合公司投放计划，对投放过程、结果、上下游数据、用户生命周期、回收效率、用户价值等，进行数据监控，建立数据模型，进行投放分析，并建立过程指标与预警机制，如发现异常快速定位问题原因，提出建议2、具有较强的主动性，能够根据业务现状主动发现问题，形成有效的数据分析方案，推动数据分析结果的应用落地；3、建立用户增长模型，对流量增长及结合产品创新落地有丰富的落地经验，指导公司用户增长、流量增长；4、对于不可直接监测的短视频、新媒体、事件营销等新型投放方式，建立监测方法、评估模型，并具有一定的业务能力，能够参与业务并提炼分析5、能够结合不同投放方式的效果分析，形成基于数据分析的投放策略，投放方法、优化方案，并能输出給团队成员岗位要求：1.3年以上互联网流量获取及电商等行业分析经验；深入理解流量增长模型，及有较强推动力经验者优先；2.具有一定的投放实操经验，一定的业务增长能力，并有较强的数据分析、提炼能力3.具备敏锐的洞察、分析能力，有严谨客观的分析态度和良好的沟通表达能力、具备时间管理能力。4.对新鲜事物较为敏锐，如有短视频、新媒体、事件营销等分析经验者优先考虑;5.对增长黑客模型有深刻认知并实践者优先考虑；
",0,0,0,0,0
842,高级数据分析师 (MJ000312),虎扑,上海,500-2000人,本科,D轮及以上,文娱丨内容,27.5,3-5年,,"[""上班看球赛"",""运动俱乐部"",""大神分享会"",""节日礼物""]","
        主要工作职责
1、 利用社区数据进行用户行为的探索分析，提高搜索、产品、内外部广告投放的用户体验和留存； 
2、 了解常见的画像技术，设计和落地社区的用户和内容画像内容，实现画像的产品化落地； 
3、 主动创新，发现数据驱动点，具有分析能力，能够撰写常规的策略运营和分析报告； 
4、 和各业务需求洽谈、抽象出数据应用点，利用分析技巧和的建模规划项目的实施路线，保证分析策略效果； 
5、 针对算法类项目，训练算法，部署算法上线并持续优化算法的效果;


任职要求
1. 3年以上工作经验，最高学历要求985/211； 
2. 有一二线互联网从业经历、具备用户流量分析，用户生命周期管理，运营分析成功案例者优先考虑； 
3. 精通sql、ppt、excel、python，r等各种分析工具建模工具优先； 
4. 优秀的团队合作能力和沟通能力;
        ",1,1,0,1,0
843,【识货】数据分析师,虎扑,上海,500-2000人,本科,D轮及以上,文娱丨内容,22.5,3-5年,,"[""上班看球赛"",""运动俱乐部"",""大神分享会"",""节日礼物""]","
        岗位工作描述：
1、参与投放部门决策：
base投放部门，根据公司不同业务线的实际数据情况、数据问题、数据趋势，参与公司5个产品的重要投放方向、思路、调整决策，实时参与制定、调整、讨论、优化投放策略。
2、参与投放部门管理：
通过对数据的敏锐洞察以及定性和定量的专题分析，迅速定位内部问题、发现潜在机会，并提出解决方案，推动落地、优化；
3、投放业务分析：
优化和完善投放增长的数据分析框架，建立完善的指标监控体系，推动业务数字化，并及时发现问题，并协调资源进行跟踪和深入分析，推动解决问题。
4、数据驱动投产增长：
通过深入了解投放部门各产品工作，掌握各媒体、渠道、产品的投放增长效果、总结、发现、研究规律，找到可行的增长方向，驱动投放增长整体提升。
5、投放建模：
参与与媒体深度合作的投放核心人群建模，通过广告私域模型的建立，提升投放整体投入产出比。深入研究短视频、直播等新型广告形式，与资深投放人员合作，进行复杂投放形式建模。
岗位要求
1、本科以上学历，三年以上数据分析师相关工作经验，统计学、数学专业优先，热爱数据分析行业
2、负责过互联网电商或app产品，生命周期、投放分析等相关工作，并有一定的长期深入研究发展的兴趣
3、愿意接受新事物，对短视频、直播等新的投放新兴投放增长方式感兴趣，愿意base在一个具体中台部门长期发展，伴随各业务线成长发展
4、熟练使用sql、excel、ppt，掌握分析工具如r、spss、sas、python等加分，熟悉业界分析工具如tableau、powerbi、growingio等加分。
5、具备较强的总结能力，能做出深入的业务专项数据分析，并形成数据分析报告；
6、 擅长跨部门沟通合作，推动解决业务问题，有大项目经验加分；
        ",1,1,1,1,1
844,【识货】投放增长数据分析师,虎扑,上海,500-2000人,本科,D轮及以上,文娱丨内容,24.0,3-5年,,"[""上班看球赛"",""运动俱乐部"",""大神分享会"",""节日礼物""]","
        岗位工作描述：

1、参与投放部门决策：

base投放部门，根据公司不同业务线的实际数据情况、数据问题、数据趋势，参与公司5个产品的重要投放方向、思路、调整决策，实时参与制定、调整、讨论、优化投放策略。

2、参与投放部门管理：

通过对数据的敏锐洞察以及定性和定量的专题分析，迅速定位内部问题、发现潜在机会，并提出解决方案，推动落地、优化；

3、投放业务分析：

优化和完善投放增长的数据分析框架，建立完善的指标监控体系，推动业务数字化，并及时发现问题，并协调资源进行跟踪和深入分析，推动解决问题。

4、数据驱动投产增长：

通过深入了解投放部门各产品工作，掌握各媒体、渠道、产品的投放增长效果、总结、发现、研究规律，找到可行的增长方向，驱动投放增长整体提升。

5、投放建模：

参与与媒体深度合作的投放核心人群建模，通过广告私域模型的建立，提升投放整体投入产出比。深入研究短视频、直播等新型广告形式，与资深投放人员合作，进行复杂投放形式建模。



岗位要求

1、本科以上学历，三年以上数据分析师相关工作经验，统计学、数学专业优先，热爱数据分析行业

2、负责过互联网电商或app产品，生命周期、投放分析等相关工作，并有一定的长期深入研究发展的兴趣

3、愿意接受新事物，对短视频、直播等新的投放新兴投放增长方式感兴趣，愿意base在一个具体中台部门长期发展，伴随各业务线成长发展

4、熟练使用sql、excel、ppt，掌握分析工具如r、spss、sas、python等加分，熟悉业界分析工具如tableau、powerbi、growingio等加分。

5、具备较强的总结能力，能做出深入的业务专项数据分析，并形成数据分析报告；

6、 擅长跨部门沟通合作，推动解决业务问题，有大项目经验加分；
        ",1,1,1,1,1
845,数据分析师实习生,脉策科技,上海,150-500人,本科,B轮,数据服务,4.5,应届毕业生,,"[""股票期权"",""定期体检"",""弹性工作"",""扁平管理""]","
        职位描述：
1、根据要求从数据源提取相关的统计数据、空间数据等进行多种交叉分析、建模分析等；对分析结果进行可视化呈现；
2、对数据分析结果进行解释和解读；
3、完成数据分析报告；
4、配合开发团队进行模型的工程化。
任职要求：

1、熟练使用arcgis者优先；
2、熟悉python、r等至少一项数据分析工具。具备较强的逻辑分析能力、数据敏感性；有处理gb级别数据处理经验者优先。掌握常用的数据处理工具包，例如：pandas、numpy（python），dplyr（r）等优先；
3、熟悉postgresql，有postgis、pgrouting等相关模块的使用经验者优先；
4、熟悉常用机器学习算法，具有一定的工程实现能力者优先。
5、地理信息，应用统计，人文地理，产业经济，旅游等相关专业优先；

我们喜欢这样的你：
1、全日制本科及以上学历，研究生优先；
2、工作认真细致有责任心，逻辑条理清晰；
3、愿意团队协作，愿意与人沟通；
4、自驱自觉，愿意团队协作，有较强的表达和沟通能力。

我们可以提供您：
1、了解相关职业发展需求和方向的机会；
2、了解当前互联网、人工智能、大数据等热门行业的发展形势和动态的机会；
3、正式毕业后，优先入职留用的机会。
        ",1,1,0,0,0
846,数据分析师（实习） (MJ000456),虎扑,上海,500-2000人,本科,D轮及以上,文娱丨内容,7.0,应届毕业生,,"[""上班看球赛"",""运动俱乐部"",""大神分享会"",""节日礼物""]","
        岗位职责：
1、利用社区数据进行用户行为的探索分析，提高用户精细化运营、广告投放的效果；
2、具有分析能力，能够撰写常规的运营策略分析报告；
3、和各业务需求洽谈、抽象出数据应用场景，利用分析技巧和的建模规划项目的实施路线，保证策略效果；
4、利用建模能力，训练算法，部署算法上线并持续优化算法的效果;


技能要求：
1. 数学、计算机、营销、商业分析等专业方向；
2. 精通sql、ppt、excel、python，r等各种分析工具建模工具优先；
3. 优秀的团队合作能力和沟通能力;
        ",1,1,0,1,0
847,高级数据分析师（上海）,百融云创,上海,500-2000人,硕士,C轮,金融,30.0,3-5年,,"[""技能培训"",""股票期权"",""带薪年假"",""定期体检""]","
        岗位职责:
1、完成数据测试及匹配结果分析工作；
2、使用建模工具进行信用模型及反欺诈模型开发，包括数据准备、建模及数据分析、模型的选取与优化、模型验证等工作；
3、对海量业务数据进行分析，深度挖掘内部数据，构建风控指标体系并具备开发特征库及解释相应衍生变量.规则的能力；
4、熟悉风控审批、额度、定价策略的制定方法及相应建模流程；
5、针对不同金融机构和业务给出相应的风控建模方案，向客户进行阐释并参与实施；
6、针对客户痛点进行业务引导并提供技术支持；
7、具备探索新业务场景的能力与热情，对于知识与技术向新场景迁移和应用有独立的见解。

任职要求：
1、三年以上相关领域工作经验，统计、数学、计算机、金融工程等相关专业硕士及以上学历，有较好数学或代码基础者优先；
2、至少能熟练运用sas、r、python中的一种进行数据分析或建模，熟练掌握数据库操作（如sql语句）；
3、掌握逻辑回归、决策树、机器学习等算法，了解算法的原理；
4、具备独立思考的能力，逻辑严谨，对数据敏感，善于发现探索并解决问题，自我驱动力强；
5、有较强的责任心及抗压能力；
6、有建模大赛经验优先；
7、同等条件下表达能力强者优先。

",1,1,0,0,1
848,数据分析经理,GeexFinance,上海,150-500人,本科,A轮,金融,25.0,3-5年,,"[""互联网金融"",""技能培训"",""五角场"",""年度旅游""]","
岗位职责
1、 负责信贷数据和互联网数据的业务分析、建立客户风险信息视图；
2、 负责完成数据的质量检查、清洗和分析，并设计成相关数据处理规则
3、 负责信用评分模型，其他统计和机器学习模型的设计和开发；
4、 负责和技术团队沟通，实现各类模型的部署；
5、 其他工作，参与完成各类分析报告、报表和产品设计等其他指定的工作。
 
任职要求
1、 本科及以上学历，数学、统计、计量经济学、金融等相关专业优先；
2、 3年以上相关工作岗位经验，至少从事过两个银行零售信用评分模型开发项目；
3、 能够熟练使用sql、sas及其他数据查询统计软件者优先，曾经参与过完整的数据采集、清洗和整理、分析工作；
4、 具有一定的信贷风险规则设计、风险模型开发经验；
5、 精通excel、ppt、word等办公软件；
6、 具备较强的数据分析能力、逻辑思维能力、对内外组织沟通能力、执行能力和团队精神；有诚信、愿意分享和承担责任，勇于探索与坚持创新。
",0,1,0,1,1
849,数据分析总监,GeexFinance,上海,150-500人,本科,A轮,金融,30.0,5-10年,,"[""互联网金融"",""技能培训"",""五角场"",""年度旅游""]","
参与建立和完善稽核和操作风险管理体系、制度及流程，针对不同风险特点提出解决方案，负责全国项目和风险管理部自身的稽核管理工作，提高公司整体的业务操作的标准化和流程化。
 
岗位职责
1.   负责了解并研究分析不同场景下的在线信贷业务风控需求和管控要点，系统开发和管理多条线产品的风控方案；
2.   负责互联网信贷产品风控流程设计与优化，量化风控策略（审批、贷后和催收）的开发和优化；并为风控计量模型的开发提供建议；
3.   协助开发小企业业务风险管理政策，包括客户准入政策、授信政策以及风险缓释政策等。
4. 负责信贷数据和互联网数据的业务分析、建立客户风险信息视图；完成数据的质量检查、清洗和分析，并设计成相关数据处理规则；信用评分模型，其他统计和机器学习模型的设计和开发；
5.  负责和技术团队沟通，实现各类模型的部署；
6.  其他工作，参与完成各类分析报告、报表和产品设计等其他指定的工作。
 
任职要求
1.   学历资格：大学本科（含）以上，经济学、金融学、量化经济等相关专业；
2.   5年以上专职零售信贷（含小微企业、信用卡）风险策略设计开发经验，曾直接从事线下零售或网络信贷风险政策工作的优先，有一定投资理财业务风险控制经验为佳；
3.   熟悉互联网金融的业务场景和风控模式，所开发风控方案有实际深度应用和优化；
4.   良好的团队合作精神，逻辑思维较强；
5.   良好的学习意愿和学习能力，喜欢钻研新业务新模式。
6.   具有一定的信贷风险规则设计、风险模型开发经验；
7.   具备较强的数据分析能力、逻辑思维能力、对内外组织沟通能力、执行能力和团队精神；有诚信、愿意分享和承担责任，勇于探索与坚持创新。
",0,0,0,0,0
850,数据分析（内容策略） (MJ000662),上海米哈游,上海,500-2000人,不限,不需要融资,游戏,22.5,不限,,"[""技术宅团队"",""发展空间大"",""简单有爱文化"",""弹性工作制""]","
数据分析（内容策略）
岗位职责：
1、结合社区属性，制定社区内容生产、管理、分发策略，促进优质内容生产与有效分发；
2、推进社区内容分发的排序、热门算法策略及个性化策略数学模型建立，根据数学模型推进内容运营工作；
3、深入研究社区用户内容消费倾向，制定相关数据分析模型；挖掘内容产出分层情况，推进社区内容产出-消费的关系链建设；
4、研究评论/点赞等激励行为对用户发帖、社交关系、互动等社区行为、关系等的影响，建立数学模型，指导相关核心指标提升；
5、善于针对特定内容/用户群体的数据分析，支撑日常内容运营及kol用户挖掘与生态维护。

任职资格：
1、3年以上数据分析经验。统计、数学、计算机相关专业优先，建模经验丰富优先；
2、熟练使用sql、excel；能使用python/r语言者加分，对于ab测试、实验评估有实际工作经验、善于结果复盘优化者尤佳；
3、熟悉二次元社区用户属性，二次元游戏用户加分；
4、清晰、结构化的思路，出色的数据敏锐度及数据分析能力；
5、优秀的表达能力，良好的沟通能力和责任心、自驱力及结果导向。
",1,1,0,1,0
851,数据分析实习生 (MJ000190),百融云创,上海,500-2000人,本科,C轮,金融,4.0,应届毕业生,,"[""技能培训"",""股票期权"",""带薪年假"",""定期体检""]","
        岗位职责：
1、深入理解场景，解读业务数据；
2、开发企业端模型，包括数据准备、建模及数据分析、模型的选取与优化、模型验证等工作；
3、对业务数据进行分析，深度挖掘内部数据，构建信用指标体系;
4、针对不同金融机构和业务给出相应的风控建模方案。


任职要求：
1、经济、数学、金融、统计等相关专业
2、熟练掌握python和sql编程语言，具备一定的数据分析能力
3、具有违约概率模型构建经验优先
        ",1,1,0,0,0
852,财务系统产品经理（预算控制与数据分析方向）,阅文集团,上海,500-2000人,本科,上市公司,文娱丨内容,22.5,3-5年,,"[""年底双薪"",""五险一金"",""带薪年假"",""定期体检""]","
        工作职责:
了解公司现有业务与流程，分析财务人员信息化需求，参与预算控制、分析等财务系统的建设；
参与相关财务产品的方案制定，协调开发团队进行产品实现；
基于项目计划，管理项目进度，控制项目质量，并保证项目按目标执行
处理财务信息化相关的各种问题，根据产品使用效果以及业务发展状况，不断改进产品。
任职资格:
本科及以上学历
3-5年财务信息化领域相关经验
有过预算控制/财务分析项目实施经验
具备良好的财务知识储备
具备良好的逻辑思维能力，优秀的表达沟通能力，组织协调能力
具备团队合作精神、主动学习及自我提升精神
        ",0,0,0,0,0
853,数据分析与挖掘,易居克而瑞,上海,500-2000人,本科,上市公司,消费生活,8.0,不限,,"[""年底双薪"",""节日礼物"",""带薪年假"",""月度绩效奖金""]","
        职位描述：
（1）运用mysql、python等软件协助团队进行公司房地产类数据的清洗与维护工作；
（2）运用mysql、python等工具协助团队进行城市与房地产大数据模型研发及优化，包括但不限于机器学习、深度学习领域的模型研发； 
（3）团队协作，推动公司大数据系统的维护与运营。

要求：（1）本科及以上学历，统计学、数学、计算机等相关专业；
（2）熟练使用mysql、python等至少一种软件应用；
（3）有机器学习、深度学习等相关建模经验者优先；
（4）具有较好的数据分析能力和数据敏感度。

",1,1,0,0,0
854,数据分析师,Shopee,上海,500-2000人,本科,上市公司,电商,17.0,1-3年,,"[""外企氛围"",""蓝海市场"",""大牛多多"",""15天年假""]","
        【岗位描述】

1. 负责中国大陆地区卖家管理业务数据的获取、清洗、分析、挖掘及可视化

2. 利用数据分析和数据可视化，从数据收集/准备到模型实现和商业洞察，开展端到端数据管理和分析

3. 与各业务团队有效沟通，准确分析与把握需求，创建贴合业务需求的数据看板

4. 有效地向各业务团队传达解决方案和分析结果，推动业务优化



【岗位要求】

1. 1 - 3年互联网领域数据分析师工作经验，电商领域分析师优先考虑

2. 数学、统计、计算机软件、电子商务等相关专业本科或以上学历

3. 较强的数据处理能力，包括但不限于使用excel、vba、power query、sql、r、spss、python等

4. 熟悉python及其常用库（pandas / numpy等），熟悉使用jupyter notebook

5. 善于观察与学习，耐心且具有良好的沟通能力与团队协作意识

6. 具备英语听读写能力，cet6或以上

",1,1,0,1,1
855,资深数据分析师(T0105),拼多多,上海,2000人以上,本科,上市公司,电商,37.5,1年以下,,"[""股票期权"",""专项奖金"",""弹性工作"",""扁平管理""]","
岗位职责
1.基于对业务的支持和理解，搭建出可以准确反映业务运作状况的数据指标体系；
2.商业嗅觉灵敏，善于沟通，能够深入了解业务、挖掘业务问题和痛点，通过数据分析为业务决策、产品方向、运营策略提供数据支持；
3.沉淀分析思路与框架，提炼数据产品需求，与相关团队（如数据pd、技术开发等团队）协作并推动数据产品的落地，实现数据产品化。
 
任职需要
1.数学、计算机、统计学等相关专业硕士以上学历，5年以上相关工作经历；
2.丰富的大项目的经验，有丰富的跨团队、部门的项目资源整合能力，能够独立开展数据研究项目；
3.熟悉hive sql，熟悉各种大数据技术平台，有丰富的数据分析、挖掘、清洗和建模的经验；
4.对数据和业务敏感，有数据模型建立和运营经验、数据化运营经验、数据类产品类规划经验，尤其是互联网相关的优先；
5.具备良好的抗压能力、沟通能力和团队精神。
 
更期待你
精通机器学习算法
",0,1,0,0,0
856,数据分析师（支付方向）(T010615),拼多多,上海,2000人以上,本科,上市公司,电商,45.0,3-5年,,"[""股票期权"",""专项奖金"",""弹性工作"",""扁平管理""]","
        岗位职责
1.理解支付平台业务，通过数据分析和挖掘，提供数据化决策能力，推动业务发展；
2.负责支付业务的数仓建设，建设完整的指标体系，对日常业务发展提供数据支持，并提供自助数据分析能力；
3.支持财务资金对账工作，了解基础会计知识，实现自动化、智能化的差错分析和处理；
4.与产品、技术研发、风控团队一起推进支付业务的发展，保障资金安全和风险合规。

任职需求
1.数学、统计学、计算机、信息技术等相关专业，逻辑能力强，对数据敏感并有极大兴趣；
2.熟悉数据仓库系统，有hive、python、机器学习算法基础者加分；
3.具有良好的沟通能力、逻辑分析能力，在支付领域拥有风控和财务经验者加分；
4.具有团队精神、责任感强、具备服务意识。
        ",1,1,0,0,0
857,数据分析师（风控方向）(T0126),拼多多,上海,2000人以上,本科,上市公司,电商,30.0,1-3年,,"[""股票期权"",""专项奖金"",""弹性工作"",""扁平管理""]","
        岗位职责
1. 理解电商平台业务，通过数据分析，实现电商业务和营销活动的风控策略和模型优化；
2. 负责电商平台业务风控数据分析、挖掘和建模，通过规则或机器学习算法，构建风控体系；
3. 与产品、策略团队一起推进风控数据模型系统的架构、设计和研发，支撑实时和离线的风控需求。

任职需求
1. 数学、统计学、计算机、信息技术等相关专业，逻辑能力强，对数据敏感并有极大兴趣；
2. 熟悉数据仓库系统，有hive、python、机器学习算法基础者加分；
3. 具有良好的沟通能力、逻辑分析能力，在电商领域拥有风控和安全经验者加分；
4.具有团队精神、责任感强、具备服务意识。
        ",1,1,0,0,0
858,数据分析师（商业化方向）(T0197),拼多多,上海,2000人以上,本科,上市公司,电商,30.0,1-3年,,"[""股票期权"",""专项奖金"",""弹性工作"",""扁平管理""]","
        岗位职责：
1、围绕商业化部门目标构建业务指标体系，监测业务经营状况，能够主动发现业务风险，定位并协助和推动问题解决；
2、根据业务所处阶段和面临问题，能够输出专题分析报告，为运营决策、产品优化提供策略和建议；
3、沉淀分析思路与框架，提炼数据产品需求，与相关团队（如技术开发团队） 协作并推动数据产品的落地；
4、所接触的业务线包括但不限于：广告主后台、站内cpc和cpm广告、cps广告、站外引流等。

任职要求：
1、2年以上相关工作经验，信息技术、统计、数学或者其他相关专业本科以上学历；
2、熟悉数据库技术，熟练运用hive，有大型数据仓库经验者优先；
3、良好的商业嗅觉，有丰富的数据分析、挖掘、建模经验，尤其是互联网广告相关经验者优先；
4、能够独立编写商业数据分析报告，及时发现和分析其中的深层次问题。
        ",0,1,0,0,0
859,数据分析师(T000171),拼多多,上海,2000人以上,本科,上市公司,电商,37.5,3-5年,,"[""股票期权"",""专项奖金"",""弹性工作"",""扁平管理""]","

岗位职责：
1. 负责拼多多平台治理场景中日常数据监控、预警、分析、挖掘工作；
2. 负责业务数据分析,定期完成数据报告工作。 持续追踪相关业务指标；
3. 在不同的业务场景中，规划、建立业务数据模型；搭建并完善业务运营指标体系;
4. 针对不同的业务策略制定和完善a/b test方案，辅助业务运营和产品经理做出决策。
    
任职要求：
1. 统计学、数学、计算机等相关专业本科及以上学历；2年+ bi/数据分析相关工作经验；
2. 具备扎实的数据分析技能。熟练使用编程语言，熟练使用相关数据分析工具；
3. 对数字敏感。熟练运用常见的数据分析框架和方法。熟练掌握a/b test方法论，具备良好的逻辑分析能力；
4. 良好的沟通能力、自驱力。 结果导向，强烈的责任感和团队合作精神；
5. 有电商背景经历的优先。 熟练运用机器学习的基本算法的优先。
   
",0,0,0,0,0
860,高级数据分析(T0159),拼多多,上海,2000人以上,本科,上市公司,电商,30.0,3-5年,,"[""股票期权"",""专项奖金"",""弹性工作"",""扁平管理""]","
        岗位职责：
1.基于对业务的支持和理解，搭建出可以准确反映业务运作状况的数据指标体系；
2.商业嗅觉灵敏，善于沟通，能够深入了解业务、挖掘业务问题和痛点，通过数据分析为业务决策、产品方向、运营策略提供数据支持；
3.沉淀分析思路与框架，提炼数据产品需求，与相关团队（如数据pd、技术开发等团队）协作并推动数据产品的落地，实现数据产品化。

岗位要求：
1. 数学、计算机、统计学等相关专业本科以上学历，1年以上相关工作经历;
2. 熟悉hive，有丰富的数据分析、建模和etl的工作经验;
3. 对数据和业务敏感，有过数据化运营经验、数据类产品类规划经验优先;
4. 具备良好的抗压能力、沟通能力和团队精神;

工作年限可适当放宽，不局限，都可以看
        ",0,1,0,0,0
861,多多进宝-数据分析师(T0200),拼多多,上海,2000人以上,不限,上市公司,电商,30.0,1-3年,,"[""股票期权"",""专项奖金"",""弹性工作"",""扁平管理""]","
岗位职责：
1、负责使用大数据工具进行系统的数据整理，归纳分析，对常用高频数据形成自动化数据报表，建立指标体系；
2、与业务方沟通并了解业务逻辑，对于业务数据进行多维度分析挖掘，基于数据分析结果提出业务优化建议等；
3、能快速感知数据变化以及带来的影响，分析变化的原因，通过数据做出短期或长期的预测，提供业务上的洞见；
4、一些线上网站后台相关数据看板的展示与维护。

任职要求：
1、本科及以上学历，数学、计算机、统计、信息管理学等数据管理相关专业；
2、至少有2年数据相关工作经验，有互联网大厂工作经验优先；
3、熟练使用sql，了解hadoop，hive，spark等大数据技术；
4、熟悉数据库的使用，如mysql的使用及一些优化；
5、思路清晰，分析有条理性；
6、有良好团队合作精神，认真负责。
",0,1,0,0,0
862,数据分析(T010159),拼多多,上海,2000人以上,本科,上市公司,电商,37.5,3-5年,,"[""股票期权"",""专项奖金"",""弹性工作"",""扁平管理""]","
        **岗位职责**
1. 负责拼多多平台治理场景中日常数据监控、预警、分析、挖掘工作；
2. 负责业务数据分析,定期完成数据报告工作。 持续追踪相关业务指标；
3. 在不同的业务场景中，规划、建立业务数据模型；搭建并完善业务运营指标体系;
4. 针对不同的业务策略制定和完善a/b test方案，辅助业务运营和产品经理做出决策。
**任职要求**
1. 统计学、数学、计算机等相关专业本科及以上学历；2年+ bi/数据分析相关工作经验；
2. 具备扎实的数据分析技能。熟练使用编程语言，熟练使用相关数据分析工具；
3. 对数字敏感。熟练运用常见的数据分析框架和方法。熟练掌握a/btest方法论，具备良好的逻辑分析能力；
4. 良好的沟通能力、自驱力。 结果导向，强烈的责任感和团队合作精神；
5. 有电商背景经历的优先。 熟练运用机器学习的基本算法的优先。
        ",0,0,0,0,0
863,数据分析-风控(T011),拼多多,上海,2000人以上,本科,上市公司,电商,37.5,1-3年,,"[""股票期权"",""专项奖金"",""弹性工作"",""扁平管理""]","
        岗位职责
1.理解电商平台业务，通过数据分析，实现广告投放相关的风控策略和模型优化；
2.负责市场相关风控的数据分析、挖掘和建模，通过规则或机器学习算法，构建风控体系；
3.与产品、算法团队一起推进风控数据模型系统的架构、设计和研发，支撑实时和离线的风控需求；
任职要求
1. 2年以上相关工作经验，互联网工作背景优先；
2. 具有结构化思考和解决问题能力，思维清晰，逻辑性强；
3. 具备产品意识和数据分析能力，熟练使用r等分析工具；
4. 有良好的团队合作及抗压能力、有强烈的主人翁意识推进事务进展；

工作年限可适当放宽，不局限，都可以看
        ",0,0,0,0,0
864,数据分析师（社交方向）(T010225),拼多多,上海,2000人以上,本科,上市公司,电商,32.5,1-3年,,"[""股票期权"",""专项奖金"",""弹性工作"",""扁平管理""]","
        【岗位职责】

1. 分析业务数据：通过深度挖掘数据，帮助部门发现、分析和解决问题；优化产品需求，调节产品的成本模型。

2. 监控和跟踪数据异常波动情况，并深入分析和问题定位；

3. 负责业务相关日常报表的整理分析，对业务进行阶段性总结、分析；

4. 深入理解业务，发现业务特征和潜在机会，给出有效的行动建议。

【任职要求】

1. 本科及以上学历，计算机/数学/统计学等相关专业，热爱计算机科学和互联网技术；

2. 掌握数理统计，线性代数，数据挖掘等常用理论知识，对商业数据有一定的敏感度

3. 熟练使用数分开发语言；

4. 对hadoop, spark的原理熟练掌握，并有一定的使用经验；

5. 熟悉linux、shell，有python等脚本语言经验者优先；

6. 善于沟通，逻辑思维能力较强，善于学习新知识。

7.有游戏数据分析，游戏数值模型经验者优先。
        ",1,0,0,0,0
865,数据分析师（智能客服）(T000064),拼多多,上海,2000人以上,本科,上市公司,电商,37.5,3-5年,,"[""股票期权"",""专项奖金"",""弹性工作"",""扁平管理""]","
岗位职责：
1. 负责智能客服业务的数据平台、特征平台建设，支持智能产品算法能力、平台数据化运营能力；
2. 对客服、聊天业务数据，使离线或实时计算技术，进行数据清洗、分析、建模、指标计算和特征提取，提供统一的数据抽象和访问能力；
3. 负责线上问题的排查和解决，持续优化和提高系统性能，保证高可用。
 
任职要求：
1. 本科以上学历，有互联网项目经验，对大数据技术有一定理解；
2. 熟悉flink、spark streaming等实时计算平台，有实际应用开发经验，熟悉hive sql；
3. 对java、scala语言有实际项目开发和设计经验，熟悉相关技术栈；
4. 了解机器学习算法，有算法工程经验者加分，有数据平台经验者加分。
",0,1,0,0,0
866,反作弊数据分析/产品专家(PR010529),拼多多,上海,2000人以上,本科,上市公司,电商,37.5,3-5年,,"[""股票期权"",""专项奖金"",""弹性工作"",""扁平管理""]","
岗位职责：
• 负责互联网广告买量场景的反作弊对抗，保障用户良性增长；
• 建立高质量风险模型，并不断完善和优化模型，挖掘特征分析，找出风险点；
• 负责反作弊的日常策略开发，包括异常排查、作弊特征挖掘、反作弊策略体系搭建等；

任职要求：
• 本科及以上学历，统计学、应用数学、计算机科学、通讯等相关专业优先；
• 3年以上相关工作经验，熟悉常用数据挖掘算法，拥有数据建模实践经验者优先；
• 具备较强的数据分析能力和学习能力。熟悉相关编程语言等；执行力强，对工作有责任心，富有创新意识，对产品有野心；
• 善于沟通，拥有强烈的责任心和团队精神；
• 有反作弊相关工作经历者优先。
",0,0,0,0,0
867,BI数据分析师（推荐方向）(T0186),拼多多,上海,2000人以上,本科,上市公司,电商,30.0,1-3年,,"[""股票期权"",""专项奖金"",""弹性工作"",""扁平管理""]","
岗位职责：
1、负责拼多多推荐业务的数据分析，建立完整的数据体系，形成业务分析报告；
2、建立推荐业务数据模型，总结常见维度和指标，实现推荐数据产品化；
3、通过深入分析全平台及推荐的业务体系，给出商业建议，并推动产品和技术落地。

任职要求：
1、有大数据并行处理经验，能熟练使用hadoop/hive分析海量数据；
2、极强的数据敏感性，有专业的分析报告撰写能力；
3、责任心强，能高效地和技术及业务团队沟通，能推动业务落地；
4、有电商行业经验优先。
",0,1,0,0,0
868,用户增长数据分析经理(PR010330),拼多多,上海,2000人以上,本科,上市公司,电商,37.5,3-5年,,"[""股票期权"",""专项奖金"",""弹性工作"",""扁平管理""]","
岗位职责：
1.搭建各增长渠道的用户增长模型，通过数据积累及分析优化各渠道增长漏斗；
2.独立承担数据运营分析工作，为业务和产品提供数据决策和策略支持，分析方向包括但不限于增长转化、渠道运营、用户行为、活动效果等相关分析；
3.配合渠道做a/b test增长策略，总结分析，迭代优化，确保给业务增长带来实际价值；
4.根据业务发展情况，搭建出能够准确反映业务运作健康状况的数据指标体系，围绕业务构建多维度数据模型，监控各业务线日常增长指标及进展；
任职要求：
1.三年以上相关工作经验（数据分析、推荐策略、数据驱动增长）；
2.计算机、数学、统计等相关专业本科及以上学历，深刻理解并熟练掌握互联网业务的数据/业务分析方法；
3.精通数据库知识和常用算法，能熟练运用相关编程语言来获取及分析所需数据；
4.对数据有足够的敏感性，有较强的结构化思维和逻辑分析能力；
5.良好的沟通能力、表达能力、时间管理能力；
6.具有快速的业务理解及学习能力，逻辑思维、自我驱动、抗压能力强；
7.有广告投放、growth相关经验者优先；
",0,0,0,0,0
869,高级数据分析讲师,拓端数据,上海,少于15人,本科,未融资,数据服务,20.0,1-3年,,"[""数据服务""]","
        工作内容：
1.希望您喜欢在线教育，愿意尝试通过线上方式，传播知识；
2.能够指导我们的团队，更好的设计课程，并主导课程视频的录制
3.结合市场和学员反馈，制作相关ppt、案例等课程内容
4.我们会提供专门的剪辑、特效、ppt美化、录课设备支持，给您提供设计支持

如果您对知识分享，利用业余时间赚外快感兴趣，欢迎联系我们。
我们期望：
1、您具备专业的数据分析能力，有企业实战经验
2、对常用的工具、excel、python、bi工具有使用经验，熟悉商业数据分析的一般场景
3、有咨询、广告、金融、互联网商业分析经验的人优先，有线上知识分享经验的人优先。
        ",1,0,0,1,0
870,数据分析师（数据挖掘方向）,Shopee,上海,500-2000人,本科,上市公司,电商,15.0,1-3年,,"[""外企氛围"",""蓝海市场"",""大牛多多"",""15天年假""]","
职责描述：
1、负责跨境电商业务相关的数据提取、清洗、分析、挖掘及可视化等；
2、与业务团队有效沟通，准确理解和把握数据分析需求，构建多角度、多层次的业务分析指标看板和监控报表；
3、从多角度分析模型构想、特征梳理、数据收集准备到模型实现和商业洞察，开展端到端的数据管理和分析；
4、有效地向业务团队呈现分析结果和解决方案，推动业务优化。

任职要求：
1、1年以上互联网领域数据分析和数据挖掘经验，具备独立的模型开发能力；
2. 熟悉主流机器学习模型，对算法有一定的理论基础，有较强的数据处理能力，精通sql、python，有过spark和海量数据分析经验优先考虑；
3、数学、统计、计算机软件等相关专业本科或以上学历；
4、善于观察与学习，耐心且具有良好的沟通能力与团队协作意识；
5、具备英语听读写能力。
",1,1,0,0,0
871,数据分析专家(助力车)(J12502),哈啰出行,上海,2000人以上,本科,D轮及以上,硬件,30.0,1年以下,"[""购买社保"",""一年调薪2次"",""5险1金""]","[""绩效奖金"",""年底双薪"",""股票期权"",""交通补助""]","
        工作职责:
1. 对接业务，通过同业务方沟通，深入了解需求本质，并将业务问题转化为数据问题
2. 针对出行行业特定的业务主题（用户、订单、车辆、网点等），采用数据分析和数据建模等方法，为提高运营效率、提升客户价值提供数据支持策略和解决方案
3. 将分析结果/模型结果进行沟通、呈现，并促进分析策略、数据模型的落地，快速迭代更新，共同促进业务发展
任职资格:
1. 211/985学校统计学、数学、计算机等相关专业，本科以上学历
2. 5年以上互联网行业业务分析、数据建模相关经验，有出行行业经验优先考虑
3. 精通常用模型算法，有机器学习/深度学习实际建模、实施全流程经验优先考虑
4. 熟练使用sql、python/r等数据分析建模工具
5. 对数据敏感，主动性强，有数据驱动业务的意识及主动性，能够快速学习新东西且对学习新事物充满热情
6. 良好的团队合作精神，责任感
        ",1,1,0,0,0
872,数据分析专家(J12385),哈啰出行,上海,2000人以上,本科,D轮及以上,硬件,30.0,5-10年,"[""购买社保"",""一年调薪2次"",""5险1金""]","[""绩效奖金"",""年底双薪"",""股票期权"",""交通补助""]","
        工作职责:

1. 通过数据洞察业务各环节，构建指标体系，评估进展、剖析问题，用量化分析提供决策支持；2. 围绕用户增长、体验，资产效率等进行专项分析和研究，挖掘问题与提升路径，指引业务改进；
3. 通过分析报告、数据模型等方式沉淀数据应用场景，规划数据产品需求，并跨团队推动落地。

任职资格:

1. 本科及以上学历，5年及以上互联网数据分析相关经验，拥有出色的数据分析、结构化思维、归纳与沟通能力；
2. 精通sql，熟悉互联网常见的分析工具和数据分析方法论，有丰富的统计、预测和建模的经验；
3. 业务敏感度强，自驱力强，有团队协作精神；
4. 有团队管理经验者优先。
        ",0,1,0,0,0
873,数据产品-数据分析师（财务方向）(J12418),哈啰出行,上海,2000人以上,不限,D轮及以上,硬件,35.0,5-10年,"[""购买社保"",""一年调薪2次"",""5险1金""]","[""绩效奖金"",""年底双薪"",""股票期权"",""交通补助""]","
        工作职责:
1.从集团财务盈亏经营策略制定相关工作；
2.对业务财务预算落实和指标完成状况进行跟踪，评价和分析，按时提供财务分析报表；
3.对业务关键指标、重点项目可以进行独立评估；
4.支持各业务预决算制定及日常分析；
5.优化和建立盈亏分析模型、体系和系统，不断改进分析方法；
6.与各业务进行及时交流， 沟通制定业务目标。
任职资格:
1.统招本科或者以上学历；
2.5年以上咨询/互联网运营/财务分析经验；
3.有从事业务预算与决算分析相关工作、建立盈亏分析体系、目标制定与考核、经营数据分析经历者优先；
4.熟练tableau，sql，excel，ppt使用技能；
5.学习力和洞察力突出，具备优秀的逻辑思维能力、表达能力、沟通协调能力，能够与各部门有效合作；
6.学习能力及适应变化的能力。
        ",0,1,1,1,0
874,数据分析师(J12473),哈啰出行,上海,2000人以上,本科,D轮及以上,硬件,40.0,5-10年,"[""购买社保"",""一年调薪2次"",""5险1金""]","[""绩效奖金"",""年底双薪"",""股票期权"",""交通补助""]","
        工作职责:
1.搭建业务监控与异常分析体系，分析、定位问题和原因，帮助部门及时发现问题把握运营方向；
2.监控各项目后台数据日常运营及业务指标，及时对异常情况进行预警；
3.能够持续动态的挖掘日常的业务数据，发现业务的风险和机会点；
4.基于运营的需求，进行数据的梳理，推动底层数据建设；
5.负责核心数据标准、数据规范、口径管理、原数据管理、数据清洗等工作 ；
6.通过数据分析，发现运营中的问题，帮助排除业务隐患、解决业务异常问题；通过数据分析，挖掘问题，提供相关决策依据。
7.对接数据产品经理，搭建报表体系。
任职资格:
1、本科以上学历；
2、3年以上数据分析岗位的工作经验，分析思路条理清晰，工作认真、细心、主动，数据分析挖掘动手能力强；
3、熟练使用excel、ppt等常用办公工具，简单掌握sql基本查询语句；
4、具备系统报表规划的工作经验；
5、具备一定的沟通、协调能力，能承受较大的工作压力，学习新技术能力较强；
6、有新零售、外卖、物流、连锁超市等相关领域工作经验优先考虑。
        ",0,1,0,1,0
875,数据分析高级/资深/专家（单车）(J12547),哈啰出行,上海,2000人以上,本科,D轮及以上,硬件,30.0,3-5年,"[""购买社保"",""一年调薪2次"",""5险1金""]","[""绩效奖金"",""年底双薪"",""股票期权"",""交通补助""]","
        工作职责:

1. 根据公司产品和业务需求，利用数据挖掘等方法对多种数据源进行诊断分析，建立数据模型并持续优化，为公司运营决策、产品设计等方面提供数据支持；

2. 负责项目的需求调研、专题分析，通过对数据的挖掘分析给业务方输出高质量的分析报告，为业务发展提供决策支持；

3. 参与数据挖掘模型的构建、维护、部署和评估。


任职资格:

1. 统计相关专业，本科及以上学历；

2. 三年以上数据分析相关工作，互联网背景优先；

3. 熟练使用sql /hive/python/tableau；

4. 优秀的逻辑思考能力，对数据敏感，具有一定商业思维；

5. 熟悉聚类、回归模型、神经网络等机器学习算法。
        ",1,1,1,0,0
876,资深商业数据分析师,MobTech,上海,150-500人,本科,未融资,数据服务,25.0,5-10年,,[],"
扎实的算法基础：熟悉机器学习基本理论和算法相关原理，具备扎实良好的数学基础
能够从复杂的业务场景中进行算法选型、算法优化不断提升效果，并能够真正应用在商业环境
精通python、scala、hivesql，具备优秀的开发和调试能力
逻辑清晰，善于思考和总结，能够快速响应，积极主动完成任务
熟悉linux环境，有基于tensorflow/caffe 等研发深度学习算法经验者优先
熟悉spark、hadoop框架，开源社区活跃者优先
有医疗/金融ai相关从业经验优先（有实际项目落地经验者更佳，包括但不限于将ai技术实际运用到营销、获客、风控、催收等场景中）
2年以上工作经验
",1,1,0,0,0
877,python数据分析师实习生,上海链牍科技有限公司,上海,15-50人,硕士,A轮,教育,8.0,应届毕业生,,[],"
        岗位职责：
1、擅长数据统计分析，有一定的空余时间
2、熟练使用python及相关数据分析、统计模型和方法
3、愿意用专业的数据分析技能与经验帮助他人
4、积极参与到准雀的各个数据分析项目中进行
任职要求：
1、一线名校本科、研究生、博士在读生，利用课余，闲散时间，进行线上工作；
2、具有较强的沟通能力，具备良好的英语口语表达能力者优先 。
        ",1,0,0,0,0
878,数据分析师（校园招聘）,MobTech,上海,150-500人,本科,未融资,数据服务,15.0,应届毕业生,,[],"
        一、mobtech公司简介：
mobtech是行业领先的数据智能科技平台，在数据智能产业，以数据应用为主导，融合前端的大数据、云计算、人工智能等多元先进技术，打造开发者服务、商业化、ai、mob研究院四大版块，为全球200多个国家和地区的企业、开发者和政府机构提供商业智能解决方案、app运营赋能方案、企业级ai智能方案、数据咨询研究等服务。

二、岗位名称：数据分析师

三、岗位介绍
（智能增长项目线/商业地产项目组）：
1.参与海量数据处理和开发，通过python、sql进行etl程序开发，挖掘有趣的数据价值，满足商业上对数据的开发需求；
2.完整的数据解决方案、秘传的数据分析心法，帮助勤奋的你进行高位进阶修炼，变凤凰不是梦；
3. 这里为每位具有优秀潜质的分析师，提供了创新的舞台，有机会参与前沿的算法创新和业务规划。

任职资格：
招聘对象：全日制本、硕、博，计算机、软件及数学统计学等相关专业。
毕业时间：2020.09-2021.08

四、我们期望你：
1、熟练掌握常用统计方法和机器学习模型；
2、熟练使用excel，熟悉sql；有hive使用经验、掌握r或python等统计工具，有数据分析/建模相关经验者优先；
3、有良好的逻辑思维能力，较好的数据敏感度，乐于从纷杂的数据中寻找业务规则；
4、好学上进，做事严谨，条理清晰，能够与团队成员良好沟通。

五、工作时间：
09：30——18：30，12：30——13：30为午餐时间，周内双休。

六、工作地址：
上海市徐汇区普天科创产业园2期b3南栋4f

七、我们提供：
法定类福利：五险一金、法定节假日、带薪年假、应届生落户；
津贴类福利：商业保险、餐费补贴、定期体检、结婚礼金、节日礼金、
员工月度活动经费、23点以后加班打车报销；
精彩社团：单身联谊、运动俱乐部、羽毛球社、中医养生社、桌游社、
健身房、茶水间；
特别福利：全民持股
        ",1,1,0,1,0
879,BI数据分析师,平安产险深圳分公司,深圳,2000人以上,本科,上市公司,金融,17.5,3-5年,,"[""绩效奖金"",""带薪年假"",""年度旅游"",""节日礼物""]","
        岗位职责：
1、利用bi工具，对指标数据、app用户行为数据等进行多维度数据分析，以支持经营决策；
2、开发自动化报表，监控和发掘问题，输出分析报告；
3、在深度理解业务逻辑的基础上，协助运营、产品丰富用户及商家画像，支持精准触达和营销；
4、建立用户转化漏斗，并找出提升留存和转化的方案；
岗位要求
1、国内外重点大学全日制本科及以上学历，互联网工作经验；
2、2～3年百万级以上客户数据分析工作经验，能够快速理解业务，发掘业务细节和数据之间的联系；
3、熟悉sql/python/r/excel等数据分析工具；
4、具备良好的个人职业素养，积极进取，有强烈的责任心和自驱力。
        ",1,1,0,1,0
880,数据分析,KLOOK 客路旅行,深圳,500-2000人,本科,D轮及以上,旅游,25.0,5-10年,,"[""扁平管理"",""国际化团队"",""旅游基金"",""定期体检""]","
        【岗位职责】
 1. 用户模型研究，根据不同业务场景提供用户相关数据分析
 2. 挖掘业务数据需求，为产品，市场，运营等部门提供决策支持
 3. 业务数据指标搭建，建立可视化商业报表
 4. 反欺诈风险模型的完善与持续优化

 【任职资格】
 1. 本科以上学历。数学、统计、计算机相关专业优先
 2. 三年以上数据分析相关工作经验
 3. 熟悉数据库，精通sql脚本编写。掌握python/r分析工具者优先
 4. 良好逻辑思维能力，掌握数据分析方法，熟悉数据建模知识，能撰写数据分析报告
 5. 良好学习能力，良好跨部门沟通能力

 【klook福利】
 1、关注环境：人性化的办公环境，咖啡厅、室内草坪、健身房、浴室、睡眠舱......应有尽有；
 2、关注氛围：扁平化的管理，开放&激情的国际化团队，高颜值+高学历，每个人都有那么一点传奇；
 3、关注成长：业内独角兽，团队规模快速扩张，业务飞速发展，带给你高成长性的工作；
 4、关注生活：入职即享10天带薪年假；六险一金；双休；周周下午茶/羽毛球 /宠物日等类型的活动......klook关心你的生活与工作平衡，提供环境让你在工作之余学习、健身和成长；
 5、关注玩乐：员工可享受1000元/年的旅游基金，还可以跟homie同富游：团队足迹踏遍国家50+，等你来一起占领地球。

",1,1,0,0,0
881,数据分析师,华云中盛,深圳,500-2000人,本科,不需要融资,数据服务,13.5,3-5年,,"[""绩效奖金"",""带薪年假"",""通讯津贴"",""定期体检""]","
        工作职责:
1.参与客户业务的数据体系建设，梳理行业业务的相关指标； 
2.深入了解行业业务，根据实际业务场景，抽象定位问题，发掘相应的算法模型进行设计和研发；
3.将机器学习、人工智能技术和其他财税科技前沿技术应用于行业数据；
4.挖掘客户业务部门的数据分析需求。

任职资格:
1.国内外本科及以上学历，数学，统计，计算机等相关专业优先，硕士优先； 
2.熟用常见数据库mysql、postgresql，熟悉sql，能够自主探索业务数据表间关系，能够用python语言进行数据分析，熟练linux、shell者优先；
3. 具备优秀的分析和解决问题的能力，善于思考，学习能力强，良好的沟通表达能力、服务意识，对挑战性问题充满激情，较强的责任感和团队合作意识；
4.有金融行业、财税行业数据分析经验优先；
5.有带领团队经验优先。
        ",1,1,0,0,0
882,数据分析师,人人都是产品经理,深圳,50-150人,本科,A轮,企业服务,10.5,1-3年,,"[""节日礼物"",""年度旅游"",""领导好"",""美女多""]","
【岗位职责】
1、深入了解公司业务，与各团队有效沟通，收集和整理数据分析需求；
2、对流量、用户、交易、渠道、活动等数据进行定期统计和分析，输出业务洞察报告；
3、配合产品经理进行相关产品及项目的定型，完成数据埋点、建模、分析维度设计等；
4、基于各部门的分析监控需求，搭建指标体系，并设计数据采集的埋点方案，实现数据可视化；
5、根据数据分析和对业务形态的理解，对产品、服务、营销等活动提出合理化建议。

【岗位要求】
1、本科以上学历，经济学、统计学、计算机等和数据处理高度相关专业，一年及以上互联网公司数据分析工作经验；
2、具备杰出的定量分析能力，在推动业务/产品运营优化方面拥有丰富的经验；
3、具有优秀的商业敏感度和突出的分析能力，能够灵活利用数据，设计分析方案解决复杂的商业问题；
4、擅长与内部及外部合作团队交流沟通，具有优秀的报告讲解及沟通能力，能够独立的分析和解决问题；
5、具有较强结构化思维、逻辑思维能力，对数据敏感，具备优秀的信息整合和分析能力，能够形成清晰的业务观点和前瞻判断。
6、具备较强的数据处理能力，以及excel、ppt处理能力；

【你将额外获得】
1.该职位直接和ceo汇报，将获得知名网红ceo@老曹亲自指点；
2.表现出色，可获得起点学院课程免费学习机会，逆天福利！！！
3.年轻化团队好融入，以做事为中心，是学习成长的绝佳环境；
4.下午茶和水果，不定期室内室外各种团建活动；
5.有机会接触bat等头部公司大咖，积累高端人脉甚至获得指点；

【有以下习惯的小伙伴不建议投递该职位】
1，需要有人保姆式的带教和监督、跟进，无法自觉独立完成工作的；
2，学习能力较差，不关注同行竞品；
3，主动性差，遇到问题不会主动推动解决；
4，执行能力差，做事经常没反馈，经常没下文；
",0,0,0,1,0
883,高级数据分析师,极光,深圳,500-2000人,本科,上市公司,企业服务,30.0,3-5年,,"[""五险一金"",""文体活动"",""团建旅游"",""美味晚餐""]","
        岗位职责:

1、负责极光广告数据分析工作，规划搭建数据指标体系和分析体系，用大数据支持业务精细化运营；

2、全面分析影响广告收入的因素，产出广告优化方向；

3、负责业务运营数据分析报告，专题分析报告设计及落地。

任职要求:

1、本科或以上学历，统计学、数学相关专业优先，3年以上工作经验；

2、良好的统计分析基础，较高的数据敏感性，了解常用的机器学习和数据挖掘算法；

3. 熟悉linux开发环境，熟练使用sql，熟悉python/r等至少一门开发语言，熟悉hadoop/spark/tableau等工具；

4、能支持跨部门合作，寻求资源、推动数据价值实现。
        ",1,1,1,0,0
884,数据分析,阿卡索外教网,深圳,2000人以上,大专,C轮,教育,17.5,1-3年,,"[""带薪年假"",""弹性工作"",""美女多"",""领导好""]","
        岗位职责：
1、支持产品运营相关业务数据分析和数据方案支持； 
2、对各产品线的营销活动效果深度分析总结； 
3、配合业务发展，挖掘数据背后的产品方向、规律、短板、为业务发展提供决策依据 
4、通过数据分析，对业务运营kpi提升提出可落地的方案，并协助业务提升指标； 
5、满足核心层对于运营数据的需求及其他领导安排的任务。
任职要求：
1、本科以上学历，3年以上互联网产品运营数据分析经验
2、熟练掌握excel、mysql、power bi、python等数据分析软件中至少一种；
3、熟练掌握数据清洗，可以完成缺失值填补、异常值处理等；
4、熟悉数据可视化，例如箱线图、动态图等；
5、掌握数理统计基本理论知识；
6、熟悉聚类、回归、因子分析等算法，并至少对其中一个有深入理解；
7、了解各类数据挖掘算法；掌握数据分析在各行业的应用场景；
8、可以协助完成数据建模；可以独立完成数据报告撰写；
9、团队协作，可在分工完成大型项目中自我定位职能。
有增长团队运营分析经验者优先
1、执行力强，做事有耐心、抗压能力强；有高度的工作责任感，乐于接受挑战；
2、具有较强的数据洞察力、敏感度，逻辑思维清晰，独立调研分析能力，问题解决能力；
3、较强的书面、口头表达和ppt汇报能力；
4、具有创新精神，乐于接受新鲜事物；具有较强的业务自主学习能力，能够紧密关联数据和业务；
5、具有良好的职业操守及团队合作精神；
        ",1,1,0,1,0
885,数据分析师,时代区块链,深圳,50-150人,本科,未融资,金融,12.5,1-3年,,"[""节日礼物"",""股票期权"",""扁平管理"",""领导好""]","
        岗位职责：

1、对网站业务数据、流量数据、用户数据进行监控分析并写出分析报告；
2、基于用户增长与渠道推广，建立为团队提供反映产品和运营状况的分析模型；
3、持续跟踪业务数据，监测业务发展态势，为业务指标异常提供预警、监测和解读；
4、深入理解产品细节，推动基于对照试验的产品和策略迭代；
5、结合行业数据、业界观点和市场趋势，为长期业务发展方向提供战略层面的意见和建议。
6、进行深入的网站流量和商业指标分析，并提供改进建议 ；
7、制定和分发每日/每周/每月和特定报告并表述趋势与预测和历史数据的结果；
8、完成领导交办的其他相关工作或任务。


任职要求： 

1、精通office办公软件 ：
a、熟练运用excel数据透视功能 
b、函数功能（vlookup、subtotal、if等） 
c、图表制作功能（散点图、折线图、饼状图等） 
d、表单控件（复选框、滚动条等） 
2、能够运用spss软件（相关性、聚类分析、逐步回归、箱线图等），并对数据进行分析并构建数学模型 
3、熟练sql数据库操作具有数据挖掘分析功底，熟练使用流量分析工具、数据库查询语言及其他数据统计工具(google analytics，sql，excel，spss,sas等)；
4、学习能力强，对数字敏感，有较强的数据分析能
5、有区块链、金融、互联网金融行业者优先。
        ",0,1,0,1,1
886,数据分析师,玄关健康,深圳,150-500人,本科,不需要融资,医疗丨健康,12.0,1-3年,,"[""专项奖金"",""定期体检"",""带薪年假"",""绩效奖金""]","
        岗位职责：

1、负责对接业务部门数据分析需求沟通，洞察客户的真实数据分析需求；

2、独立完成后台相关数据分析报告及个性化需求数据分析，完善数据报表体系，及时准确监控运营状况，并提供专业分析报告；

任职要求：

1、本科及以上学历，计算机、统计、经济、数理、信息等相关专业；

2、具备1-2年的etl开发经验，熟悉java开发，熟练使用kettle、informatica等etl工具；

3、熟悉任意一种数据库软件（oracle、mysql、hive等），具有良好的sql编写与优化能力；

4、熟悉数据库设计，了解数据建模，能建立合理高效的数据模型者优先；

5、熟练使用至少一项bi工具，能够独立设计输出bi数据分析报告；

6、加分项：掌握分类、回归分析、聚类、关联规则等数据统计模型，具有独立完整的建模实践经验，能够根据数据报表进行业务建模，做相关数据预测工作。

",0,1,0,0,0
887,数据分析师,汇合,深圳,2000人以上,本科,不需要融资,企业服务,11.5,1-3年,,"[""绩效奖金"",""带薪年假"",""管理规范"",""五险一金""]","
岗位要求：1. 全日制本科及以上学历，计算机、统计、软件工程、信息管理或数据分析相关专业；
2. 2年以上云运维、开发或数据分析相关工作经验；
3. 能够准确把握数据特征，并有效地对数据和分析结果作可视化展示；
4. 熟悉sql语法，能够熟练使用oracle/sqlserver/mysql等主流数据库；
5. 熟练使用excel、vba、ppt等软件工具，具备良好的数据统计、处理、分析及展示能力；
6. 具有python/r/sas/matlab/powerbi/tableau等工具数据分析经验者优先;
7. 具有较强的逻辑思维能力、数据敏感度以及条理性，具有主动学习、自我完善的能力，具有较强的文字功底和抗压能力；
8. 具备高度的责任心和团队精神，有较强的组织协调能力和人际沟通能力。

福利介绍：1、入职购买六险一金（无论是否深户都缴纳一档社保+公司全额购买商业险可用于门诊医疗报销）
2、1-2个月年终奖金，根据入职时间来计算（多数员工可拿到超过一个月薪资年终奖）；
3、转正员工每季度享有600元额外季度奖金；节假日：端午，中秋，春节，年后开工利是分别有300元现金福利；
4、入职满一年可享有5天带薪年假；法定节假日放假安排；
5、入职满一年有2次调薪调级别机会（4，10月）；工作表现优异者有机会转为总行内部员工；
6、团队每月两次下午茶活动，不定期聚餐安排，每年公司会组织一次外出团建旅游活动；
7、办公环境优良，加班有加班费（全额工资为计算基数，加班不超过晚上10点，平日加班为时薪1.5倍，周末加班为日薪2倍，周末加班也可优先选择调休，管理人性化）。
",1,1,1,1,1
888,数据分析,苹果树,深圳,150-500人,本科,A轮,金融,22.5,3-5年,,"[""弹性工作"",""氛围好"",""年底双薪"",""扁平管理""]","
        1、本科及以上学历，计算机、数学、统计等专业优先；
2、3年以上数据库分析、数据挖掘、数据统计等相关工作经验，有互联网行业数据分析/行分析经验者优先； 
3、熟悉大数据平台工具，hive，spark等挖掘工具，有神策使用经验优先；
4、良好的分析报告书写能力；
5、工作细致、责任心强，具备较强的学习能力及理解能力；
6、具有优秀的沟通协调能力及开拓精神；
7、具有高度的责任心和团队合作精神。
        ",0,1,0,0,0
889,数据分析师,乐易网络,深圳,150-500人,本科,不需要融资,游戏,11.5,1-3年,,"[""技术大牛"",""两次年度旅游"",""福利倍儿好"",""年终奖丰厚""]","
        岗位职责：

1、负责对游戏运营的相关数据进行分析，完成从数据埋点、数据接入、验证、分析至数据可视化、专项数据分析报告输出的全套数据分析工作；

2、迭代优化固定数据分析产品，提高分析工作的时效性、准确性、稳定性、灵活性；

3、负责与产品、客户端、后台、测试沟通协调，并基于数据分析结果推动问题解决或游戏优化，持续关注后续数据表现及玩家反馈；



任职资格：

1、性格活泼开朗，态度积极向上，富有钻研精神；

2、坚实的统计基础知识，能够灵活运用统计工具解决实际问题；

3、熟练掌握sql，能够实现数据拉取整合等基础操作；熟练掌握r，能够实现数据整合、计算及结果展示;

4、良好的沟通表达能力，能够使用简单通俗的语言准确、快速传递分析结果；

5、缜密的逻辑思维，能够透过复杂的现象敏锐捕捉到事务的本质；

6、统招本科及以上学历，统计、机器学习相关专业，经验不限，英文能力强者优先。



【福利待遇】

1. 关注你的职业发展

提供有竞争力的薪资，每年稳定涨薪，高达10个月的年终奖、额外经营奖，更有导师制度和任职资格体系，帮助你应对职业发展未来的挑战。

2.为你提供全方位保障

为你提供六险一金和深圳户籍，超长的带薪假期，新婚添丁津贴和各类慰问金，每年定期体检，成为你工作打拼的有力保障。

3.和你一起享受生活

零食水果下午茶、入职生日节日礼包，各种生日会、团建、社团、周年庆活动，一年两次海内外旅游，工作之余，我们更想和你享受生活。



【关于我们】深圳市乐易网络股份有限公司，成立于2011年，公司目前规模200~300人。我们是一家专注海外手机游戏自主研发和自主运营的企业，致力于打造世界精品手游。



【主推产品】blaze of battle

一款超经典的slg游戏！

在这里，你可以建立宏伟的城市，组建强大军队，召唤巨龙与骑士和您一起征服战争之光的战场。加入联盟，与来自世界各地的数百万玩家并肩作战，体验战争的刺激！



west game

一款人气爆棚的西部主题slg游戏。发行之初便屡次闯入北美ios畅销前一百。

在狂野又刺激的西部世界中，你可以建立自己的小镇、创建你的帮派，和来自世界各地的玩家们战斗。



top gang

一款主打黑手党题材的卡牌游戏。

这是一个混沌和堕落的世界，衰落的秩序和廉价的道义，在地下世界中你将如何抉择——夹缝求生？又或是成为规则的主人？快来加入黑手党的世界，招募英雄，升级技能，一起战斗吧！

",0,1,0,0,0
890,数据分析专员,万顺叫车,深圳,150-500人,本科,未融资,消费生活,8.0,1年以下,,"[""团建津贴"",""氛围好"",""非外包"",""提供住宿""]","
        岗位职责：
一、日常工作
1、数据的提取、查询、处理、分析等工作；
2、协助上级分析销售情况，建立数据模型；
3、根据数据需求，提供数据模型、数据挖掘分析报告，对市场拓展和产品优化提供数据支持；
4、数据汇报：独立制作日/周/月报、线上线下kpi分析报表等。

二、数据体系建设
1、协助上级对出行平台数据报表的设计和维护；
2、与技术开发团队沟通将原始数据导入到系统内，并确保数据运行逻辑的准确性；
3、协助上级进行出行业务数据指标体系建设，数据埋点规划，通过监控分析及时发现业务问题；

任职要求：
1、全日制本科及以上学历，有1年以上数据分析工作经验，统计学、数学等专业优先；
2、办公软件精通，有过自动化bi报表开发经验优先考虑；
3、理解平台各类数据报表的设定逻辑，并能优化修正；
4、良好的沟通能力，能够与技术开发团队完成日常沟通工作；
5、有一定的业务数据敏感度，较强的数据分析能力、逻辑思维能力
        ",0,0,0,0,0
891,数据分析专员,乐易网络,深圳,150-500人,本科,不需要融资,游戏,11.0,应届毕业生,,"[""技术大牛"",""两次年度旅游"",""福利倍儿好"",""年终奖丰厚""]","
        岗位职责：

1、负责对游戏运营的相关数据进行分析，完成从数据埋点、数据接入、验证、分析至数据可视化、专项数据分析报告输出的全套数据分析工作；

2、迭代优化固定数据分析产品，提高分析工作的时效性、准确性、稳定性、灵活性；

3、负责与产品、客户端、后台、测试沟通协调，并基于数据分析结果推动问题解决或游戏优化，持续关注后续数据表现及玩家反馈；



任职资格：

1、统招本科及以上学历，统计、机器学习相关专业，经验不限，英文能力强者优先；

2、坚实的统计基础知识，能够灵活运用统计工具解决实际问题；

3、熟练掌握sql，能够实现数据拉取整合等基础操作；熟练掌握r，能够实现数据整合、计算及结果展示;

4、良好的沟通表达能力，能够使用简单通俗的语言准确、快速传递分析结果；

5、缜密的逻辑思维，能够透过复杂的现象敏锐捕捉到事务的本质；

6、性格活泼开朗，态度积极向上，富有钻研精神。

",0,1,0,0,0
892,数据分析师,立新出行,深圳,50-150人,本科,不需要融资,电商,16.0,不限,,"[""年底双薪"",""股票期权"",""带薪年假"",""绩效奖金""]","
        岗位职责：

1、分析业务数据，建立业务指标体系与分析模型框架，通过数据分析帮助业务发现、分析和解决问题；

2、根据业务情况及海量数据，完成各类深度的专题分析报告，如竞争对手分析、城市业务分析、用户画像分析等；

3、 深入了解业务逻辑和数据逻辑，并且能够梳理底层数据以及搭建数据流程优化数据结构；

4、日常数据监控，及时反馈数据异常，发现并报告问题；日报、周报、月报等日常报表输出；



任职要求：

1、本科及以上学历，统计、数学、计算机信息工程等专业；

2、 精通office相关软件，能熟练操作excel公式、宏或vba；

4、有spss/r/python等分析工具进行数据分析、建模经验者优先；

3、 有二手车或汽车行业相关工作经验；

4、 具备较强的理解能力、数据分析能力、逻辑思维能力、对内外组织沟通能力、执行能力和团队精神；

",1,0,0,1,1
893,资深数据分析师,A星互动娱乐,深圳,50-150人,本科,未融资,移动互联网,30.0,5-10年,,"[""年底双薪"",""绩效奖金"",""带薪年假"",""五险一金""]","
        岗位职责：
1、负责游戏平台数据抓取采集整理，包含市场分析数据，产品属性分析，竞争对手分析，属性分析、review分析等，确保数据以及数据挖掘需求真实可靠；
2、针对产品进行用户行场景进行分析和挖掘，明确人群、环境、使用方式、用户付费挖掘、用户喜好等占比；
3、根据已划分的产品线，进行产品池的整理，根据数据分析结果划分产品开发优先级，明确重点产品
4、定期分析竞争对手游戏产品和新上竞品，提交竞品同比我们产品的优势、对手策略以及趋势分析；
5、建立数据分析体系及各项报表，对数据进行项进行说明以及支撑依据，对数据进行建模定期输出数据报表，并能指出问题所在以及解决方向。
6、协助产品进行数据报表规范化，搭建数据分析后台，并且推行内部数据分析的优化。

任职资格：
1、大学本科以上，985，211统招毕业生优先；理工科类专业，设计类（非艺术方向）、数学类、物理类、计算机类专业优先；
2、3年以上相关工作经验，游戏相关相关行业公司的产品经理岗位经验、运营分析岗位经验、产品体验师岗位经验等优先；
3、英语六级以上，办公软件精通，爬虫工具，数据分析工具；
4、数理逻辑思维能力，发散思维能力，沟通能力；严谨，细心，理性，喜钻研，专注。

",0,0,0,0,0
895,数据分析师,希为科技,深圳,50-150人,本科,不需要融资,企业服务,20.0,3-5年,,"[""股票期权"",""带薪年假"",""绩效奖金"",""弹性工作""]","
岗位职责:
1.深入理解业务，通过数据分析、挖掘、建模，设计产品和业务逻辑，解决业务核心痛点；
2.参与建立和优化包括风控模型在内的多个模型：依托数据仓库进行数据的提取、整理，按照标准数据挖掘流程进行数据的清洗、抽样、建模和评估；
3.发挥数据引领业务的作用，参与公司金融科技类产品的研发和落地实施；
4.负责产品和模型的运营分析、跟踪评价、持续优化，通过数据全面反映产品的运营状态和问题；

任职资格:
1.统计学、数学、计量经济学、计算机等相关专业，本科及以上学历；
2.熟悉数据仓库知识，熟悉hadoop数据库，掌握sql, hive等查询语言；
3.熟悉并至少熟练掌握一种统计分析语言，包括但不限于sas、r、python等；
4.掌握常用的统计预测模型、数据挖掘模型，具有较强的分析建模能力；
5.良好的沟通表达、协调整合能力；
6.较高的责任心、担当能力；
7.一年以上金融相关行业（行业从业或相关项目经验）工作经历，有银行数据分析经历者优先。
",1,1,0,0,1
896,数据分析师,乐有家,深圳,50-150人,本科,不需要融资,消费生活,17.0,3-5年,,"[""年固定16薪"",""每年加薪1次"",""入职配手机"",""每月技能培训""]","
        【岗位职责】1、负责数据平台的日志数据采集、数据传输、数据存储等数据相关的规划工作，并且对埋点采集的数据质量、应用负责；2、深入了解各业务线的数据，能解释数据背后的业务含义，从中发现问题，并建立相关的数据报表及预警机制；3、能独立编写专题分析报告，阐述数据过程，提出问题和建议，有以终为始的数据驱动业务的意识。【岗位要求】1、全日制本科及以上学历，计算机、统计学、数学等相关专业，三年以上互联网公司数据分析相关工作经验；2、能熟练运用sql、hive、excel等工具，独立且高效地完成数据提取、清洗、分析、展示等工作；3、对数据采集、埋点、清洗入库、分析应用有系统的认知；4、工作积极主动，有责任心，有较强的逻辑思维能力、沟通表达能力和自我学习的意识。


【薪酬福利】
年固定14薪+n（人均16薪+）； 每年加薪；五险一金；带薪假期；员工互助金政策；节日大礼包；贴心购物卡；人才房

【工作地点】福田八卦岭八卦路

【交通便利】1.距7、9号地铁口八卦岭站、红岭北站步行5分钟 2.公交枢纽：泥岗村、八卦路

",0,1,0,1,0
897,数据分析师,百果科技,深圳,150-500人,本科,B轮,电商,12.0,1-3年,,"[""绩效奖金"",""年终分红"",""带薪年假"",""定期体检""]","
        岗位职责： 
1、负责集团业务分析（运营、商品、会员）； 
2、针对业务运营过程中遇到的问题提出有效的业务解决建议； 
3、从数仓中提取数据，业务分析并编写数据分析报告； 
4、对接业务需求，规划业务指标体系和报表模型。
岗位要求： 
1、有3年以上数据分析工作经验，有零售、咨询行业经验优先;
2、熟练使用excel和ppt，能独立编写数据分析报告;
3、熟练sql语句，能独立做复杂的数据逻辑处理和取数，对hive sql熟悉更佳;
4、本科或以上学历，统计学、数学、计算机专业等相关专业优先。

",0,1,0,1,0
898,数据分析师,数位科技,深圳,150-500人,本科,B轮,企业服务,26.5,3-5年,,"[""大数据弄潮儿"",""大牛云集"",""高并发"",""14薪起""]","
        岗位职责：
1、负责各业务数据分析工作，能够独立完成用户行为、画像、客群、生命周期、流失等各项常规专题分析，支持业务部门日常工作，提升产品和业务价值；
2、承担各业务经营分析工作，围绕kpi提升进行深入分析，给出改善和提升建议；
3、结合分析结果及对业务需求的深入理解，沉淀标签；
4、定期输出各业务线数据分析报告，检视业务发展状态和方向；

任职要求：
1、本科及以上学历，统计学、计算机等专业优先；
2、2年及以上数据分析相关工作经验；
3、熟练使用hive、python等数据分析挖掘工具；
4、对数据敏感，具备优秀的逻辑思维能力；
5、需具备高效的执行力、推动力，以及良好的分析报告撰写能力；
6、抗压力强，具备较强的学习能力；
        ",1,1,0,0,0
900,数据分析师,云启星辰,深圳,15-50人,本科,B轮,移动互联网,17.0,3-5年,,"[""五险一金"",""腾讯系"",""期权激励"",""开放式办公""]","
        数据分析师

职位描述：

1、日常分析：负责项目产品运营数据分析及监控，规划搭建数据指标体系和分析体系，针对异常情况协调资源进行跟踪和深入分析；

2、决策支持：及时准确地为业务线提供有洞察力的数据分析结论和策略建议，能够为业务线的实施提供有价值的数据支持和战略/决策/策略提供分析支持；

3、业务驱动：基于外部市场环境和内部产品的目标导向，主动挖掘有价值的商业分析专题，通过专题分析，对项目问题进行深入分析，为产品方向、运营决策、销售策略提供数据支持，驱动项目发展；

4、数据赋能：沉淀分析运营思路与框架，提炼数据需求，与内部产品研发协作并推动项目方的数据化运营，推动运营能力的数据赋能

5、商业分析：紧密结合客户业务形态，洞察竞品、深入行业，发现产业变量，通过量化分析聚焦根本问题，利用数据指导业务进行增长。



任职要求：

1、计算机、统计、数学、信息技术等专业，本科及以上学历，3年以上相关产品运营数据分析工作经验；

2、具备大数据的处理能力，掌握mysql等相关数据提取工具，熟练操作至少一种常用数据分析工具（如python, r, sas, spss等);

3、思路清晰、逻辑性强、数据敏感、结果导向，能从海量数据提炼核心结果；

4、熟练独立编写商业数据分析报告，及时发现和分析其中隐含的变化和问题，具备良好的商业敏感度和创新意识，快速识别商业问题和机会；

",1,1,0,0,1
902,数据分析师,数数科技,深圳,15-50人,本科,A轮,游戏,15.0,1-3年,,"[""节日礼物"",""股票期权"",""带薪年假"",""年终分红""]","
        职位描述：

1. 负责数据后台的实施落地，引导客户了解产品使用方法，传递数据驱动价值；

2. 深入理解客户产品的业务场景，发掘客户的数据远景，以此为目标制定客户的长期使用方案；

3. 对客户的使用数据进行分析，获知客户使用状态及生命周期，对不同状态的客户提供相应的支持；

4. 收集客户的成功案例以及产品最佳实践，协助构建产品使用知识库；

5. 完成日常维护工作，包括后台使用咨询、问题解答、培训提升等支持类服务；

6. 收集客户反馈，协助推进产品优化迭代。

岗位要求：

1. 具备良好的沟通能力、抗压能力以及文档编写能力；

2. 拥有数据收集、数据分析经验以及良好的数据分析意识；

3. 具备企业级数据服务经验者优先、有大数据相关技术基础者优先；

4. 有一年（含）以上相关经验，数学、计算机或相关专业本科学历。
        ",0,0,0,0,0
906,数据分析师,数睿科技,深圳,150-500人,本科,上市公司,电商,21.5,3-5年,,"[""年底双薪"",""绩效奖金"",""股票期权"",""五险一金""]","
        对，你没看错，我们就是别人眼中的公司，yq期间，不但不裁员、不降薪，反而逆势涨薪！涨薪！涨薪！
如果你想找一个稳定的平台，年轻化的团队，亲和力强的小伙伴，想正式成为我们不可或缺的一员，那就把简历丢过来吧！

岗位职责 ： 
1、基于业务需求，负责业务数据体系建设，全面评估业务运营状况，为业务的迭代方向，提供高效数据分析产品工具；
2、根据策略项目需求，协助制定数据指标定义，规划和完善数据监控平台；
3、定期输出数据报告，为产品迭代和业务获客提供策略依据；
4、深入了解汽车市场，了解车主需求与行为特征，设计合理的车主标签体系；
5、搭建数据监控框架，建立合理的数据指标体系，协助产品和研发团队，准确高效地理解业务发展进程，明晰分析思路，及时发现风险和机会，推动产品更好地发展；

岗位要求： 
1、三年以上数据分析或产品设计经验，统计、数学、计算机相关专业；
2、有较强的商业意识、善于从数据中发现问题捕捉机会；
3、具有较强的数据分析能力、逻辑思维、分析概括能力、沟通表达能力；
4、良好的团队合作精神，能承受高强度的工作压力。

公司福利：
1、薪资组成：月薪+年终奖+绩效奖金；
2、周末双休，试用期2个月；
3、六险一金、每年体检补贴；
4、带薪年假，各种法定假期；
5、周年庆、年终晚会；
6、节假日礼金、过节礼品；
7、每周下午茶、生日会；
8、公司每周有专业老师上瑜伽课；
9、公司有长期合作的健身房、羽毛球场地、游泳馆等供员工免费健身；
10、户外活动、定期组织篮球/足球/羽毛球比赛等；
11、旅游补贴：年度集体旅游，国内外旅游、每月各部门有自主的活动经费；
12、学习晋升：工程大讲堂、产品、营运、客服峰会；
        ",0,0,0,0,0
908,数据分析师,陀螺科技,深圳,150-500人,大专,天使轮,广告营销,22.5,3-5年,,"[""股票期权"",""带薪年假"",""扁平化"",""交通补助""]","
        岗位职责：
1、深入了解互联网业务，建立基于业务场景的数据分析需求，解决各类数据分析问题；
2、基于客户各业务部门的分析监控需求，搭建指标体系，并设计数据采集的埋点方案，实现数据可视化；
3、根据客户需求，制定出最佳的数据分析策略，产出行业分析案例，建立数据分析的流程、规范和方法；
4、基于数据分析，与销售、服务、产品、工程团队以及其他主要相关方开展跨职能协作，助力相关产品/服务取得成功。
5、基于公司业务情况结合业务制定分析指标，配合建设数据仓库
6、带动业务部门数据观念并进行相应培训指导

岗位要求：
1、经济学、统计学、计算机等和数据处理高度相关专业有限考虑，3年及以上互联网公司数据分析工作经验；
2、具备杰出的定量分析能力，在推动业务/产品运营优化方面拥有丰富的经验；
3、具有优秀的商业敏感度和突出的分析能力，能够灵活利用数据，设计分析方案解决复杂的商业问题；
4、擅长与内部及外部合作团队交流沟通，具有优秀的报告讲解及沟通能力，能够独立的分析和解决问题；
5、有数据建模实践经验（2年以上相关工作经验）者优先，熟悉hive，熟练使用sql等数据库查询语言；
6、具有较强结构化思维、逻辑思维能力，对数据敏感，具备优秀的信息整合和分析能力，能够形成清晰的业务观点和前瞻判断。
        ",0,1,0,0,0
910,数据分析实习生,HelloTalk,深圳,50-150人,本科,A轮,教育,4.0,1年以下,,"[""技能培训"",""扁平管理"",""有发展前景"",""双休""]","
        基本要求：

了解数据分析的基本工作流程，能够完成从数据提取、清洗、分析、结论的过程，有互联网数据分析项目经验者优先，掌握常用的数据分析方法和工具。



主要职责：

1、参与埋点设计，数据分析体系构建，业务报表输出，业务数据监测及异常波动分析等。

2、参与数据部门相关业务，协助完成数据处理、数据分析及报告产出，支持业务部门决策等。

3、支持其他各类相关数据业务。



专业背景及技能：

1、2021届本科及以上学历，计算机、统计学、数学等相关专业背景优先。

2、熟悉并热衷于互联网产品，对业务有敏锐的观察力和数据洞见；

3、熟练使用excel，sql，python等工具。

4、做事严谨细心，具备较强的逻辑性思维和较好的探索学习能力、沟通能力，对数据敏感。

5、有数据埋点、数据挖掘或技术研发经验者加分。

6、有责任心、具有团队合作精神，能承受一定的工作压力，具有较强的自主学习能力，乐于接受挑战。

",1,1,0,1,0
911,数据分析师,云麦YUNMAI,深圳,50-150人,本科,B轮,硬件,17.5,3-5年,,"[""节日礼物"",""技能培训"",""年底双薪"",""股票期权""]","
        岗位职责：
1、负责app数据分析工作，规划搭建数据指标体系和分析体系，用大数据支持业务精细化运营。
2、配合产品经理进行相关产品及项目的定型，完成数据埋点、建模、分析维度设计等。
3、结合用户数据，搭建用户行为数据库，应用于进行用户画像、用户分群、大数据精准营销。

岗位要求：
1、3年以上数据分析、用户行为分析或大数据分析相关工作经验，有互联网行业经验。
2、对数据敏感，具备严谨的实验设计和分析能力，能输出高质量的分析报告并产生决策有良好的数据分析挖掘能力。
3、较强的数据分析能力，熟悉sql/ python/r。
        ",1,1,0,0,0
915,数据分析,小鹅（小鹅通）,深圳,500-2000人,本科,B轮,社交,20.0,3-5年,,"[""扁平管理"",""领导nice"",""专项奖金"",""定期体检""]","
        岗位职责：
1、负责业务数据分析工作，能够独立完成用户行为、画像、客群、生命周期、流失等各项常规专题分析，支持业务部门日常工作，提升产品和业务价值；
2、负责产品线指标体系搭建与迭代，根据业务发展完善数据分析、数据挖掘体系；
3、负责产品项目的现状与上线效果的数据预估，协同业务项目落地；
4、监控业务数据，定期输出数据报告，从数据的角度辅助业务的发展方向与项目规划。

任职要求：
1、本科以上学历，统计相关背景，有2年以上互联网相关的数据分析工作经验优先；
2、有数据库、数据仓库的处理经验，熟练使用sql，掌握sql/tableau/r；
3、有较强的统计学基础，优秀的数据处理和逻辑思维能力，敏锐的数据洞察力，良好的业务理解能力。
4、较强的独立工作和协调能力，具有敬业精神和团队精神，善于沟通，有良好的人际关系。

",0,1,1,0,0
916,数据分析师,深圳风迷帮网络科技有限公司,深圳,15-50人,本科,B轮,其他,25.0,5-10年,,[],"
        1、数据监测及分析
①监测并输出kpi达成数据报表；
②定期对用户数据、app点击等平台数据输出数据报告；
③建立用户数据模型、用户运营体系，对用户注册量，用户活跃，用户营收数据把控，提升总体运营指标，并根据模型为新项目提供测算依据；
④根据运营数据监测、分析，提出可实施运营策略，推动各转化率提升，为业务线提供有价值的数据支持与分析，为部门运营决策及产品方向提供数据支撑，提供合理的运营建议，辅助kpi指标达成；
2、经营数据支持工作
①负责管理本部门预、结算的工作；负责部门预算执行过程管理，包括调整、追加、上收及动支审核、收支管理、投入产出分析；
②运营净收管理，含净收测算、净收追踪、净收达成，并输出报表进行管理；
3、数据平台建设及维护
①梳理业务链路及底层数据，构建并维护客观/全面/准确反应业务特性的指标体系；基于日常监控，及时发现并定位业务问题， 保障业务健康运行；
② 沉淀分析思路和框架，协调相关团队推动数据产品落地，完成数据平台的迭代和维护；
③协调相关资源，提供各运营统计指标的取数逻辑，对数据质量和变化进行维护；
4、其他：支持数据类汇报材料输出及重大运营专项的数据支撑。
任职资格

1、大学本科及以上学历（ 统计、数学、信息技术、计算机等相关专业），4年以上数据分析相关和互联网相关工作经历；
2.、熟练地使用数据分析相关的语言例如sql、python等，具备一定的算法基础，熟悉数据库基本原理和结构，独立且高效地完成数据的提取及分析；
 3、熟练独立编写商业数据分析报告，及时发现和分析其中隐含的变化和问题，具备出色的结构化思维能力能够很好地把分析的结果转化成和业务决策；若能够很好地把分析的结果转化成产品更佳；
4、大项目的经验，有丰富的跨团队、部门的项目资源整合能力，能够独立开展研究项目；
5、有数据化运营经验、数据产品类规划经验优先。
6、熟练使用offic办公软件，精通excel（数据透视表、各种常用公式）、ppt。
        ",1,1,0,1,0
917,数据分析,汇合,深圳,2000人以上,本科,不需要融资,企业服务,12.0,1-3年,,"[""绩效奖金"",""带薪年假"",""管理规范"",""五险一金""]","
岗位职责：
1. 负责开放平台数字化运营相关指标的监控跟踪与督办推动，及时对异常情况进行预警，组织开展运营督导与改进工作；
2. 负责日常it运营数据采集获取和清洗整理，识别、分析和跟进异常数据，实现逻辑计算和结果校验，形成合理化建议，为优化决策提供依据；
3.负责it运营报表的需求设计、逻辑实现、可视化开发以及验收优化等；
4.及时完成领导交办的其他任务。
岗位要求
1.全日制本科及以上学历，计算机、统计、软件工程、信息管理或数据分析相关专业；
2.2年以上数据分析工作经验；
3.能够准确把握数据特征，并有效地对数据和分析结果作可视化展示；
4.熟悉sql语法，能够熟练使用oracle/sqlserver/mysql等主流数据库；
5.熟练使用excel、vba、ppt等软件工具，具备良好的数据统计、处理、分析及展示能力；
6.具有python/r/sas/matlab/powerbi/tableau等工具数据分析经验者优先;
7.具有较强的逻辑思维能力、数据敏感度以及条理性，具有主动学习、自我完善的能力，具有较强的文字功底和抗压能力；
8.具备高度的责任心和团队精神，有较强的组织协调能力和人际沟通能力
",1,1,1,1,1
918,数据分析师,字节跳动,深圳,2000人以上,本科,C轮,文娱丨内容,22.5,1-3年,,"[""扁平管理"",""弹性工作"",""大厨定制三餐"",""就近租房补贴""]","
        职位职责：
1、负责分析剪映、轻颜、faceu等字节跳动旗下国内影像业务数据分析工作；
2、根据用户行为数据进行增长相关分析，搭建指标体系，建立增长分析模型，建设并迭代报表体系；
3、与产品、运营、研发等紧密配合，推进落地带来业务提升；
4、独立完成专项分析，从数据处理分析、数据指标设计到方案评估的工作闭环。
职位要求：
1、本科及以上学历，数学、统计学、计算机相关专业优先；
2、熟练使用hive，精通sql/excel/python/r等工具；
3、具备结构化思维，较强学习能力和创造力，有用户同理心以及数据敏感度；
4、对统计学有较深的理解，有 growth hacking、ab 实验、数据建模经验者优先。
        ",1,1,0,1,0
919,大数据分析岗,招银网络科技,深圳,2000人以上,本科,不需要融资,金融,25.0,1-3年,,"[""技能培训"",""带薪年假"",""岗位晋升"",""五险一金""]","
职责描述：1. 负责公司大数据平台整体解决方案规划、设计、开发和完善.2. 制定数据库开发相关规范和流程，大数据平台实施相关文档编写.3. 大数据相关新技术的研究和应用。任职要求：1. 全日制本科及以上学历，2年以上相关工作经验；2. 精通hadoop等开源产品和开源框架，熟悉开源大数据部署和实施；3. 有较强的学习和抗压能力，工作积极主动，对技术有强烈的热情，热衷于新技术学习和应用；4. 有海量数据处理经验；5. 有保险、证券、银行等金融行业大数据库开发、实施经验优先；
",0,0,0,0,0
921,YYG-运营管理经理(数据分析及模型),微众银行,深圳,2000人以上,本科,未融资,金融,20.0,3-5年,,"[""技能培训"",""年底双薪"",""节日礼物"",""绩效奖金""]","
        岗位职责：
 1、负责银行对公账户业务数据分析及风险模型建设，能够基于行内外数据情况，分析挖掘客户特征，进行风险评估并建设风险监测模型；
2、负责对数据质量进行持续监控及维护，并根据数据挖掘、分析结果，不断优化风控模型。

任职要求：
1、本科及以上学历，数学、统计、计算机等相关专业优先；
2、2-3年（含）以上银行账户风险、产品等数据分析经验，具有较强的数据理解能力数据分析能力、业务感知能力；
3、具备一定的统计背景，具备优秀的逻辑思维能力和分析判断能力，有较强的主动学习意识和创新能力，以及优秀的团队合作精神。
        ",0,0,0,0,0
922,数据分析师（中台）,风变科技（深圳）有限公司,深圳,500-2000人,本科,B轮,教育,12.5,1-3年,,"[""专项奖金"",""带薪年假"",""定期体检"",""六险一金""]","
        【岗位职责】
给各部门业务线（运营、产品、内容部门等）提供数据支持；
设计和开展在线控制实验，一同建立实验文化；
编写数据埋点文档，验收数据埋点，并进行网站数据分析；
利用tableau敏捷构建可视化报表。


【岗位要求】
硕士学历优先，有数据分析岗位实习经历者优先；
数学/统计学/计算机科学/经济学/心理学/社会学/市场营销学等学科背景；
统计学基础扎实，了解商业分析和数据可视化理论；
熟练编写sql代码，了解常用的查询优化方法；
具有数据化运营或网站分析经验，了解互联网运营以及产品原理；
有丰富tableau使用经验者优先；
有python或者r语言使用经验者优先；
渴望在职业中获得成就感，具有明确的职业发展目标和方向。
严谨、开放，具有强大的学习内驱力，具备良好的职业素养。


【加分项】
1、理解实验设计原理，参与过a/b test项目；
2、熟悉mongodb/hive 数据库，并有过实际项目经验；
3、有个人知识管理习惯，有个人公号/博客/项目站点。
        ",1,1,1,0,0
923,数据科学家（数据分析领域）,OPPO,深圳,2000人以上,本科,不需要融资,硬件,30.0,10年以上,,"[""丰厚年终"",""扁平管理"",""追求极致"",""本分""]","
        岗位职责
1、负责公司关键核心问题的数据相关工作，从海量的数据中，利用定性、定量，数据挖掘等专业知识，洞察数据背后的价值，理解和衡量我们的业务，探索解决方案
2、与产品、运营和开发等团队深度合作解决业务问题，预见产品趋势与业务机会，影响、驱动我们的产品决策和产品改进，推动关键链路的平台化建设。
3、数据运营：规划与制定团队目标，涉及监控产品关键指标，洞察指标变化根因，输出报表与分析报告，构建关键数据集以支持运营和探索性分析，评估和定义数据指标，熟悉a/b testing实验方案，评估实验结果。
4、用户研究：探索有效的数据分析和实验方法，深入研究用户行为，关键路径与漏斗转化，洞察用户行为和心理，改进产品功能和改善用户体验，为实现用户价值最大化，输出改进建议和提升策略。
5、决策支持：基于数据分析结论，向产品与运营传达业务状况，实验结果等，输出客观评价业务，并提供最佳的落地策略或方案来影响产品团队决策。
6、探索分析：明确每一个阶段性目标，理解产品生态，用户行为和长期趋势，通过探索分析，寻找新的方法以提升关键指标，建议用户行为模型以便分析或赋能产品
7、基础能力：数据埋点，数据仓库，用户画像等建设方法论，可通过sql/python/spark等工具进行大规模数据清洗和模型训练，完成数据建模工作

岗位要求
1、本科以上学历，数学基础、统计学、概率论基础扎实，8年以上数据相关工作经验；
2. 精通常用的机器学习模型和算法，拥有系统性数据分析方法能力，熟悉a/b testing实验理论；
3. 至少精通（python/scala/r）一门编程语言，熟练运用常用算法和数据结构 ；
4. 有良好的逻辑思维能力和数据分析能力，善于分析和解决问题；有较好的沟通能力、团队协作能力，积极主动，推动力强，愿意接受挑战。
5、具有通过数据分析与产品和领导团队沟通以影响产品策略的经验者优先
6、具有传统制造业与互联网数据分析经验者优先
7、具有tob数据分析、战略数据分析经验者优先
        ",1,1,0,0,0
924,数据分析师-02,希为科技,深圳,50-150人,本科,不需要融资,企业服务,19.0,1-3年,,"[""股票期权"",""带薪年假"",""绩效奖金"",""弹性工作""]","
岗位职责:

1.深入理解业务，通过数据分析、挖掘、建模，设计产品和业务逻辑，解决业务核心痛点；

2.参与建立和优化包括风控模型在内的多个模型：依托数据仓库进行数据的提取、整理，按照标准数据挖掘流程进行数据的清洗、抽样、建模和评估；

3.发挥数据引领业务的作用，参与公司金融科技类产品的研发和落地实施；

4.负责产品和模型的运营分析、跟踪评价、持续优化，通过数据全面反映产品的运营状态和问题；

任职资格:

1.统计学、数学、计量经济学、计算机等相关专业，本科及以上学历；

2.熟悉数据仓库知识，熟悉hadoop数据库，掌握sql, hive等查询语言；

3.熟悉并至少熟练掌握一种统计分析语言，包括但不限于sas、r、python等；

4.掌握常用的统计预测模型、数据挖掘模型，具有较强的分析建模能力；

5.良好的沟通表达、协调整合能力；

6.较高的责任心、担当能力；

7.一年以上金融相关行业（行业从业或相关项目经验）工作经历，有银行数据分析经历者优先。
",1,1,0,0,1
925,大数据分析助理,彬煌投资贸易,深圳,50-150人,大专,不需要融资,电商,6.5,不限,,[],"
        1、逻辑分析能力强，对数据敏感，良好的学习能力和抗压能力；

2、可熟练使用excel进行数据分析；

3、统计基础扎实，对科学的统计分析方法有较好的理解；

4、有数据分析类实习经验者优先，数学、统计、理工科专业优先；

任职要求：

对数据工作感兴趣，能够从日常数据中挖掘问题和优化点；

有较强的学习能力、分析能力、洞察力，对数据敏感，注重细节。
        ",0,0,0,1,0
926,风控数据分析师(J10532),AKULAKU,深圳,500-2000人,本科,D轮及以上,金融,15.0,1-3年,,"[""美女如云"",""股票期权"",""高速发展"",""扁平管理""]","
        工作职责:1. 负责日常业务监控体系，包括业务全流程/风控策略/贷后表现数据指标监控， 定期以报告形式对业务&风控情况作出输出汇报；2. 维护&优化业务中采集各类型特征：包括数据采集，加工逻辑， 使用场景等；制定日常特征监控报告，并定期根据数据表现给出策略/模型一定数据应用建议；3. 协助搭建数据集市，构建数据宽表，不断挖掘用户画像等各维度特征共各业务方使用；4. 定期对风险策略/模型效果/产品盈利性 进行数据分析复盘，并根据分析结果，指出潜在问题&风险，并提出解决方案.任职资格:1. 一类本科及以上学历，数理统计等相关专业背景优先；2. 1-3年互联网企业数据分析经验，有互联网信贷方面分析经验优先，优秀应届生也可考虑；3. 精通 hive sql, 精通使用python进行数据分析处理；4. 掌握统计学方法与工具，熟悉模型的统计检验相关方法；5. 逻辑清晰，主动进取，较强的沟通能力，善于团队合作；6.对互联网金融行业感兴趣并且有长久发展的信心。
        ",1,1,0,0,0
927,数据分析师(用户方向),深圳华秋电子有限公司,深圳,500-2000人,本科,B轮,电商,16.5,3-5年,,"[""节日礼物"",""年底双薪"",""带薪年假"",""美女多""]","
        （此岗位需要有b2b\b2c行业用户行为、用户画像、标签经验）

岗位职责：
1、负责电子发烧友/华秋pcb/华秋芯城，三个平台的用户分析，定期输出用户相关的专题数据分析报告，驱动用户精细化运营流量变现；
2、深入了解业务，优化用户体系，包括且不限于用户画像、路径转化、兴趣推荐等模型；
3、日常工作，为业务部门提供数据支持和策略规则/落地方案支撑；监控及洞察数据动态，迅速定位业务问题或发现机会；
4、总结沉淀业务分析模型，发现数据埋点需求，推动埋点开发工作。

任职资格：
1、计算机、数学相关专业，全日制统招本科及以上学历，2年以上用户方向相关数据分析工作经验。有丰富的用户行为分析、用户画像、标签开发等经验优先；
2、参于完整的数据采集、数据清洗、分析建模工作。对用户心理和商业逻辑有较深的认知；有内容社区、电商工作经验优先； 
3、具备推荐，排序，搜索，广告相关经验优先；
4、熟悉多元线性回归、线性统计模型；精通excel，熟练掌握sql、python等技能，有tableau/finebi或其他bi软件使用经验优先；
 5、数据敏感度高；具备良好的跨部门沟通能力和团队协作能力，对挑战性问题充满激情。

薪酬福利：
1、弹性上班制度：上午8:30-9:30，下午6:00-7:00，中间休息一个半小时，周末双休；
2、互联网企业，90后年轻团队，老板nice，人际关系工作氛围佳；
3、极具竞争力的薪酬，每年有调薪机会和年终奖；
4、入职后购买五险一金，享有年度体检；
5、享有国家法定假期如年假、婚假、产假、陪产假、法定假日等；
6、生育礼金、节日礼品和红包、生日礼品等；
7、生日party、年会、打羽毛球、篮球、跑步等丰富多彩的文体活动。
        ",1,1,1,1,0
928,数据分析师-游戏,宜搜,深圳,150-500人,大专,D轮及以上,游戏,12.5,1-3年,,"[""年底双薪"",""绩效奖金"",""带薪年假"",""节日礼物""]","
        任职要求
1.大专及以上学历，数学、统计学相关专业优先；
2.三年以上数据分析经验，有游戏数据分析相关经验，接触过多类型游戏品类优先；
3.有丰富的数据处理和建模经验，熟悉不同品类游戏产品数据趋势；
4.具有良好数据敏感度和逻辑思维；
5.认真负责，做事严谨细致，有较强的学习能力、沟通能力和团队协作能力。
岗位职责
1.负责产品数据的监控、分析、预估与挖掘，发现数据异常及数据趋势，为产品运营及市场投放提供数据支持和策略建议；
2.建立和优化数据模型，针对不同品类产品独立完成模型建立及模型优化；
3.支持产品相关各种统计分析需求；
4.熟练使用数据分析相关软件，例如：excel,spss,sql
        ",0,1,0,1,1
930,电商数据分析专员,彬煌投资贸易,深圳,50-150人,大专,不需要融资,电商,7.0,不限,,[],"
1、协助数据咨询顾问，进行图片、语音、视频等项目数据的验收、评估；
2、及时与数据咨询部门和运营部门沟通验收进度，整理和反馈项目问题；
3、对验收数据进行分析，了解其内在规律，为解决项目问题提供行之有效的解决思路；
4、协助数据咨询部门，收集和整理行业信息，为客户拓展提供有效支持。

要求：
1、信息管理与计算机科学、电子政务、数学统计等专业；
2、具备良好的文档规范性编撰能力；
3、具备良好的学习能力，善于沟通及团队合作。

薪资福利：
1、朝九晚六，周末双休；
2、健全的五险一金，完善的绩效考核，年终奖金及定期调薪；
        ",0,0,0,0,0
931,数据分析岗,深蓝保,深圳,150-500人,本科,不需要融资,金融,20.0,3-5年,,"[""股票期权"",""专项奖金"",""弹性工作"",""技能培训""]","
        【岗位职责】
1.推动公司数据化运营体系建设，推运数据标签化，并对标签数据进行管理、分析及使用；
2.完善用户画像，针对个性化营销做好数据支持；
3.负责日常数据统计分析，针对业务建立业务指标体系，实现数据化运营价值。

【职位要求】
1. 统招本科及以上学历，统计学相关专业毕业优先，有统计学基础知识，具备3年或者以上互联网行业的分析经验；
2. 擅长sql、python。
3. 能自主完成数据提取至数据建模的全链路分析；
4. 掌握数据库知识，熟悉sql语言、python脚本语言； 
5. 责任心强，自我学习及具备抗压能力，有保险行业的运营数据分析者优先。
        ",1,1,0,0,0
933,数据分析（电商、社区）,深圳华秋电子有限公司,深圳,500-2000人,本科,B轮,电商,17.5,3-5年,,"[""节日礼物"",""年底双薪"",""带薪年假"",""美女多""]","
        岗位职责：
1、负责电子发烧友/华秋pcb/华秋芯城，三个平台的用户分析，定期输出用户相关的专题数据分析报告，驱动用户精细化运营流量变现；
2、深入了解业务，优化用户体系，包括且不限于用户画像、路径转化、兴趣推荐等模型；
3、日常工作，为业务部门提供数据支持和策略规则/落地方案支撑；监控及洞察数据动态，迅速定位业务问题或发现机会；
4、总结沉淀业务分析模型，发现数据埋点需求，推动埋点开发工作。

任职资格：
1、计算机、数学相关专业，全日制统招本科及以上学历，2年以上用户方向相关数据分析工作经验。有丰富的用户行为分析、用户画像、标签开发等经验优先；
2、参于完整的数据采集、数据清洗、分析建模工作。对用户心理和商业逻辑有较深的认知；有内容社区、电商工作经验优先； 
3、具备推荐，排序，搜索，广告相关经验优先；
4、熟悉多元线性回归、线性统计模型；精通excel，熟练掌握sql、python等技能，有tableau/finebi或其他bi软件使用经验优先；
 5、数据敏感度高；具备良好的跨部门沟通能力和团队协作能力，对挑战性问题充满激情。

薪酬福利：
1、弹性上班制度：上午8:30-9:30，下午6:00-7:00，中间休息一个半小时，周末双休；
2、互联网企业，90后年轻团队，老板nice，人际关系工作氛围佳；
3、极具竞争力的薪酬，每年有调薪机会和年终奖；
4、入职后购买五险一金，享有年度体检；
5、享有国家法定假期如年假、婚假、产假、陪产假、法定假日等；
6、生育礼金、节日礼品和红包、生日礼品等；
7、生日party、年会、打羽毛球、篮球、跑步等丰富多彩的文体活动。
        ",1,1,1,1,0
934,产品经理（数据分析）,八爪鱼,深圳,50-150人,本科,A轮,数据服务,22.5,3-5年,,"[""重职业规划"",""团队有趣高效"",""大数据+AI"",""加班调休""]","
岗位职责：
1.产品规划与设计。负责数据分析产品（cem客户体验管理）规划、业务流程设计、功能设计，制定阶段性目标；
2.产品需求分析。制定产品需求计划，进行可行性分析及设计，撰写产品功能需求说明书，负责需求的跟踪和控制；
3.竞品分析与用户反馈。把握市场前沿动态、研究并分析竞争对手、收集用户反馈，平衡业务发展和风控效率，保持产品竞争力；
4.产品开发测试。主导产品的开发测试，协调各团队资源按期完成产品迭代；
5.项目管理与推动。把握项目周期，跟踪产品的设计、开发、发布、运营等环节，确保项目按时完成和上线；
6.数据分析与产品评估。定期对产品相关数据进行分析，善于从数据中发现问题，保持对数据的敏感度并指导行动。 
任职要求：
1. 数学、统计学、数量经济学相关专业，本科以上学历；
2. 熟练掌握数据分析、自然语言处理（nlp）基本方法论、2年以上互联网产品经验，有成功数据产品经验优先；
3. 具备产品宏观视角，能独立负责产品设计和规划，良好的需求分析及挖掘能力；
4.能精准地把握客户需求，善于进行前瞻性的用户需求判断、引导及控制，并落实项目需求；
5.具备较强的逻辑思维能力、文案写作能力，善于合作协调沟通，思维敏捷；
6.良好的团队合作精神，出色的跨部门协调和问题解决能力，能承担较大的压力。
",0,0,0,0,0
935,用户数据分析专员,顺丰-丰e足食,深圳,2000人以上,本科,上市公司,消费生活,20.0,3-5年,,"[""扁平管理"",""技能培训"",""岗位晋升"",""绩效奖金""]","
工作职责：
1、配合数据研发搭建数据可视化平台（bi）； 2、制定营销活动核心指标和复盘数据分析；
3、通过用户分层数据的深入分析，建立用户生命周期管理体系，发现用户增长关键因素，帮助市场团队寻找提升用户促活方案。
4、营销活动和工具促活效果分析，优化营销工具使用策略。
任职要求：
1、4年以上工作经验（优秀者可放低经验要求），本科及以上学历，计算机、统计学、数学等相关专业优先； 2、较强的统计学基础，优秀的数据处理能力，敏锐的数据洞察力，良好的业务理解力； 3、熟练掌握数据分析方法与模型； 4、能独立完成从数据提取到模型构建，部门沟通到输出分析报告，提出并解决具体的业务问题。
",0,0,0,0,0
936,GA数据分析专员,麦风科技,深圳,150-500人,本科,不需要融资,电商,9.5,3-5年,,"[""节日礼物"",""年底双薪"",""带薪年假"",""绩效奖金""]","
岗位职责：
1. ga（google analytics）设置及维护：设置ga的各项配置，优化数据跟踪；
2. 数据监测：对整体站内和站外的数据发生变化做实时监控，及时反馈异常波动；
3. 数据分析：能通过分析用户行为、生命周期、留存转化等，给出提升产品运营效率和用户体验的建议；
4. 活动分析: 针对各种营销活动，分析用户特征、需求、购买行为、活跃度等，提供数据可视化内容支持；
5. 定期输出数据分析报告：负责各项日常运营数据的采集、统计与分析工作，优化网站运营工作；
6. 跨部门协作：基于数据分析，与市场推广、运营、产品以及其他主要相关方开展跨职能协作。

任职资格：
1.数据分析能力强，熟悉及了解ga（google analytics），有相关工作经验者优先
2. 热爱互联网网络营销，熟悉各类网络营销
3. 英文读写能力过关，英语六级及以上
4. 有网站运营、seo、sem等工作经验者优先
5. 做事认真负责，责任心强，有较强的沟通能力和团队协作能力
",0,0,0,0,0
937,大数据分析与挖掘工程师,顺丰-丰e足食,深圳,2000人以上,本科,上市公司,消费生活,24.0,3-5年,,"[""扁平管理"",""技能培训"",""岗位晋升"",""绩效奖金""]","
工作职责
1． 根据业务或数据产品经理的需求实现对业务指标数据的采集、清洗、分析建模与计算、可视化展示，以及数据采集等支出业务的决策；
2．参与数据分析平台的选型、部署、研发及维护等工作；
3．不断完善和创新数据分析架构，不断应用和创新数据分析工具，提升各类数据分析报告质量。
任职要求：
1． 3年以上数据分析、数据挖掘研发工作经验，211本科及以上学历，数学、统计、计算机类专业优先；
2． 精通sql/hive，熟悉mysql使用和性能优化，熟练运用r、python、spss、sas等至少一种语言，了解tableau、qlik等可视化工具，熟悉sqoop/kettle/informatica等etl工具。有hadoop、spark等平台的海量数据处理经验优先；
3．具备较强的数据敏感度，能结合产品团队的需求完成建模分析，熟练运用数据挖掘技术对数据进行分析处理；
4． 具备优秀的沟通协调能力和团队合作精神，自我驱动，有owner意识，交付能力强；跨团队与部门的沟通能力强，有较强的团队协作意识和能力；
5． 有互联网数据分析、零售店铺数据分析等工作经验优先。
",1,1,1,0,1
938,高级数据分析师,大头兄弟,深圳,150-500人,本科,A轮,文娱丨内容,30.0,3-5年,,"[""年终奖"",""短视频应用"",""千万级用户"",""李开复投资""]","
        (≖ ‿ ≖)✧职责
1、利用bi工具，对用户行为、业务数据等进行数据分析，开发业务报表，监控和发掘问题，输出分析报告，提供数据决策支持；
2、理解业务逻辑，协助运营、产品搭建数据指标和用户画像，以提升业务效率，推动业务优化，解决业务在数据层面的痛点；
3、协助各个产品模块进行ab测试等增长类实验的分析，探索和建立用户增长体系，用数据驱动业务增长；
4、协助培养产品、运营同事的数据思维； 

(≖‿≖)✧要求
1、数据、统计学、计算机相关专业优先，逻辑思维强，对数据分析、数据挖掘有深厚兴趣者优先；
2、3年以上互联网产品数据分析经验，参与过完整的数据采集、数据清洗整理、分析和数据挖掘工作；
3、精通sql/excel，能使用r/python进行数据清洗分析，熟练使用hive、spark、tableau等bi工具。精通神策分析工具者尤佳；
4、具备良好的团队合作能力，沟通能力和协调能力，较强的主观能动性，善于思考和学习； 

(≖‿≖)✧个人发展与晋升空间
1、公平公正的垂直晋升机制，不拼关系，只看能力；
2、公司管理层高度放权，提供了更多展示自己的机会；
3、敏捷机制，随时随地无障碍交流讨论；
4、每个岗位都有高级或资深大牛坐镇，决不吝分享，为每位员工个人能力的提升保驾护航；
5、设有“图书角”，提供丰富的图书，并会不定期举行读书活动，鼓励大家阅读。

╭(●｀∀´●)╯我们是谁？╰(●’◡’●)╮ (●’◡’●)ﾉ
深圳市大头兄弟科技有限公司是一家典型的互联网公司，公司旗下有多款视频软件产品，如逗拍、趣推、字说等，其中逗拍是一款娱乐短视频应用，14年底上线，目前用户已超过6000万，两次进入app store总榜**；趣推与字说也拥有百万级用户量，同样是app store热搜榜的常客。
已经得到李开复先生（曾任微软全球副总裁，谷歌全球副总裁）带领的创新工场a轮投资。我们暂时改变不了世界，但**可以颠覆创意视频！
李开复先生对逗拍的评价：http://t.cn/r2rtafg
加入大头兄弟，薪酬、福利、发展、快乐，你心中所需我们都能提供。
1、高竞争力薪酬，年终奖，五险一金，是我们业界最基本的良心；
2、工作氛围好，1800平米超宽阔办公休闲空间，四面通透，是公司，更是你的创意诞生地；
3、年轻且干练的团队，90/95后的集中营；
4、扁平化管理， 结果导向，不搞形式主义，领导炒鸡nice；
5、每天下午茶各种水果小零食，黑科技办公椅一秒能变贴心午睡床，让你每天元气更满；
6、周周有双休，迟到不扣工资，活动丰富多彩，真的人性化～
我们的要求：就差一个靠谱的你了！join us！
        ",1,1,1,1,0
939,数据分析师,大头兄弟,深圳,150-500人,本科,A轮,文娱丨内容,15.0,3-5年,,"[""年终奖"",""短视频应用"",""千万级用户"",""李开复投资""]","
        (≖ ‿ ≖)✧职责
1、利用bi工具，对用户行为、业务数据等进行数据分析，开发业务报表，监控和发掘问题，输出分析报告，提供数据决策支持；
2、理解业务逻辑，协助运营、产品搭建数据指标和用户画像，以提升业务效率，推动业务优化，解决业务在数据层面的痛点；
3、协助各个产品模块进行ab测试等增长类实验的分析，探索和建立用户增长体系，用数据驱动业务增长；
4、协助培养产品、运营同事的数据思维； 

(≖‿≖)✧要求
1、数据、统计学、计算机相关专业优先，逻辑思维强，对数据分析、数据挖掘有深厚兴趣者优先；
2、1-3年互联网产品数据分析经验，参与过完整的数据采集、数据清洗整理、分析和数据挖掘工作；
3、精通sql/excel，能使用r/python进行数据清洗分析，熟练使用hive、spark、tableau等bi工具。精通神策分析工具者尤佳；
4、具备良好的团队合作能力，沟通能力和协调能力，较强的主观能动性，善于思考和学习； 

(≖‿≖)✧个人发展与晋升空间
1、公平公正的垂直晋升机制，不拼关系，只看能力；
2、公司管理层高度放权，提供了更多展示自己的机会；
3、敏捷机制，随时随地无障碍交流讨论；
4、每个岗位都有高级或资深大牛坐镇，决不吝分享，为每位员工个人能力的提升保驾护航；
5、设有“图书角”，提供丰富的图书，并会不定期举行读书活动，鼓励大家阅读。

╭(●｀∀´●)╯我们是谁？╰(●’◡’●)╮ (●’◡’●)ﾉ
深圳市大头兄弟科技有限公司是一家典型的互联网公司，公司旗下有多款视频软件产品，如逗拍、趣推、字说等，其中逗拍是一款娱乐短视频应用，14年底上线，目前用户已超过6000万，两次进入app store总榜**；趣推与字说也拥有百万级用户量，同样是app store热搜榜的常客。
已经得到李开复先生（曾任微软全球副总裁，谷歌全球副总裁）带领的创新工场a轮投资。我们暂时改变不了世界，但**可以颠覆创意视频！
李开复先生对逗拍的评价：http://t.cn/r2rtafg
加入大头兄弟，薪酬、福利、发展、快乐，你心中所需我们都能提供。
1、高竞争力薪酬，年终奖，五险一金，是我们业界最基本的良心；
2、工作氛围好，1800平米超宽阔办公休闲空间，四面通透，是公司，更是你的创意诞生地；
3、年轻且干练的团队，90/95后的集中营；
4、扁平化管理， 结果导向，不搞形式主义，领导炒鸡nice；
5、每天下午茶各种水果小零食，黑科技办公椅一秒能变贴心午睡床，让你每天元气更满；
6、周周有双休，迟到不扣工资，活动丰富多彩，真的人性化～
我们的要求：就差一个靠谱的你了！join us！
        ",1,1,1,1,0
940,数据分析,三代人科技,深圳,150-500人,本科,不需要融资,医疗丨健康,12.5,3-5年,,"[""股票期权"",""绩效奖金"",""扁平管理"",""五险一金""]","
岗位职责：
1、负责大数据部各业务的数据分析工作；
2、承接各部门的数据分析专项；
3、搭建并完善业务的报表及监控体系，通过对数据的敏锐洞察，迅速定位内部问题或发现机会，针对异常情况协调资源进行跟踪和深入分析；
4、建设与完善数据分析体系方法论，关注业务动态，解决业务的核心诉求，通过数据驱动业务增长的同时，挖掘流量、产品、策略的商业变现机会，驱动商业化业务发展；
5、负责业务的精细化运营工作。

任职要求：
1、本科及以上学历，三年以上工作经验，计算机科学、数据科学、机器学习、统计学、应用数学等领域优先； 
2、熟练使用sql，hive等技术，对大数据计算有一定了解；
3、熟练掌握数据分析工具（r、python、excel等），能够独立产出数据报告；
4、有一定的业务数据敏感度，较强的数据分析能力、逻辑思维能力，以及分析问题、解决问题的能力；
5、有推荐/广告/搜索等机器学习相关的算法经验优先；
6、较强的沟通能力和团队合作能力，勇于承担工作压力。
",1,1,0,1,0
941,数据分析师,赛凌科技,深圳,50-150人,本科,不需要融资,电商,22.5,3-5年,,"[""五险一金"",""岗位晋升"",""带薪年假"",""节日礼物""]","
        岗位职责：
1、构建业务指标体系，负责公司日常报表开发，维护，为业务部门提供多层面数据支持
2、根据不同场景特征，向业务部门提供数据支持，指导业务发展
3、基于业务场景进行多维度的专题分析，为业务决策和产品方案提供数据支撑

任职要求：
1、本科以上学历，计算机，数理统计相关专业
2、三年以上数据分析工作经验，有互联网行业，电商saas平台相关工作经验优先
3、良好的数据敏感度，逻辑思维能力和分析能力
        ",0,0,0,0,0
944,初级数据分析师,庆邦物流,深圳,50-150人,大专,不需要融资,企业服务,5.0,不限,,[],"
岗位职责：1、负责算法相关实验数据的产品需求落地，数据整理和分析；2、负责算法相关业务问题的分析，产品方案设计和落地；3、负责对接大数据部门，推动特征，数据源的落地；岗位要求：1、学历大专及以上，专业不限，理工科优先考虑；2、年龄在18-30岁之间，对大数据数据分析数据统计感兴趣，并意向大数据行业发展；3、善于发现及解决问题，有良好的思维逻辑能力；4、有良好的工作态度和团队合作精神；5、无经验基础者由公司老人带领学习，要求学习能力强，积极主动。
",0,0,0,0,0
945,数据分析师,一面数据,深圳,50-150人,本科,A轮,数据服务,4.5,应届毕业生,,"[""技能培训"",""海归精英团队"",""Geek分享"",""绩效奖金""]","
        ▪ 与资深分析师合作，撰写、交付分析报告；

▪ 协助维护公司内部数据，监控问题并跟进解决；

▪ 负责与公司合作伙伴日常沟通和关系维护工作。


【任职要求】：

▪ 熟练使用 excel 和 powerpoint，能熟练使用 sql 和 tableau 者优先；

▪ 本科及以上学历，至少能实习两个月以上（请在简历上标明实习时长及一周几天）；

▪ 有良好的沟通能力，做事认真、负责、有耐心，有较强的服务意识、团队合作意识和主观能动性。


【公司福利】：

▪ 有竞争力的薪酬：工资、一年一次调薪机会、五险一金、商业保险、季度奖金包、年终奖、节假日福利、生日礼物等。既有情怀，又有钱途；

▪ 合理的工作时间：我们有弹性工作时间制度，并追求使用技术去高效解决问题，不提倡加班；

▪ 团队活动：yimba系列课程、每周的篮球和羽毛球运动，每周分享会，每月聚餐、生日会等。我们是一个有凝聚力的团队；

▪ 年度体检：豪华体检，健康强壮的身体是工作的基础；

▪ 零食饮料：不间断的供应丰富优质的零食饮料；

▪ 年度旅游：前脚去巴厘岛后脚去日本韩国，随着团队的壮大，以后能去的地方更丰富多彩；

▪ 舒适的工作环境：我们有一个漂亮的办公室，开放式的设计和十分开阔壮观的窗景




",0,1,1,1,0
947,游戏数据分析,路通网络,深圳,500-2000人,本科,不需要融资,游戏,9.5,不限,,"[""五险一金"",""带薪年假"",""节日礼物"",""年度旅游""]","
        【工作内容】
1、将主策划的数值预期转化为可执行的数值公式和表格模型。
2、设计游戏系统数值框架及数值操作流程。
3、负责游戏中各系统实现的数值支持。
4、负责游戏中经济系统的数值设计和平衡。
5、进行游戏运营期的数据分析，数据挖掘，改善用户体验和付费情况。

【任职要求】
1、本科及以上学历，数学、统计学、信息计算科学等相关专业背景，有较强的数学逻辑和数学功底（优秀应届毕业生亦可）。
2、对游戏平衡性及数值方面有较为深入的研究，熟悉玩家心理；有能力主导完成游戏系统、数值、关卡的设计。
3、至少主导过一款以上成功上线的游戏产品的数值策划，熟悉游戏研发流程；参与过棋牌娱乐类游戏的数值策划工作的优先。
4、熟练掌握mysql，熟悉r、spss或者sas等数据分析工具之一；熟练使用办公软件，精通数值建模与运算，可熟练使用vba者优先。
5、热衷游戏制作，学习能力强，思维活跃、逻辑清晰。
6、适应能力强、良好的沟通表达能力，对工作充满热情，富有责任心，良好的团队合作精神。

",0,1,0,0,1
949,数据分析师,TCL,深圳,2000人以上,本科,上市公司,其他,22.5,3-5年,,"[""年底双薪"",""带薪年假"",""定期体检"",""绩效奖金""]","
岗位职责：1、深入理解互联网电视广告、内容、会员等业务，系统建立和完善日常业务监控体系，呈现业务经营情况。2、监测分析业务运营状况，对异常波动进行分析，持续优化产品功能改造和业务拓展方向，提出和落实产品优化改造方案。3、分析用户行为数据，探索用户行为模式，构建用户生命周期和构建用户标签体系等。4、完成不定期的专题分析报告，并做演示汇报。
任职资格：1. 本科及以上学历，信息、管理科学、统计、应用数学等相关专业优先；2. 能熟练运用sql、excel，至少掌握一种数据分析工具spss、python、r等，独立且高效地完成数据的提取及分析，有处理海量数据的经验；3. 有数据敏感度，能从海量数据中提取核心结论，并用清晰且简洁的方式呈现其商业洞察；4. 有互联网行业经验，ott行业经验优先；5. 逻辑思维清晰，严谨细致，有良好的沟通理解能力和跨团队协作精神；
",1,1,0,1,1
950,高级数据分析经理-沃尔玛电商,Walmart China,深圳,2000人以上,硕士,上市公司,电商,25.0,5-10年,,[],"
职位目的：
沃尔玛是全球最大的全渠道零售商，我们每天在门店和网上为数百万顾客和会员提供服务。 在中国，我们将通过全球最大的实体门店与数字化营销技术相结合，引领全球零售革命，为顾客和会员提供无缝的智能零售体验。该岗位将负责结合数据分析和全渠道业务，建立一套完善的个性化推荐和精准化运营体系。

工作职责
-    根据业务需求构建分析框架，将数据分析和算法转化为有价值的产品工具，帮助公司在商品/顾客/门店方向做出科学的决策
-    参与用户成长路径的搭建，对顾客产品偏好及最佳触达时间点进行度量，从数据分析角度为运营提出建议
-    管理外部供应商，梳理项目需求，确定时间表，对接公司内部其它相关部门
-    深入理解全渠道零售业务，通过数据挖掘和机器学习技术，运用于用户画像、商品画像，并结合两者为精细化用户运营提供解决方案

任职要求
-    7年以上数据分析工作经验
-    善于从商业角度发现和解决问题，拥有较强的数据敏感度和逻辑思维，能在业务中找出机会点
-    熟悉数据库,etl,数据仓库，bi系统；精通sql
-    熟悉统计方法和机器学习模型，有推荐算法搭建与部署经验优先
-    熟练使用数据可视化工具（tableau，powerbi等），善于将数据分析结果转化为逻辑清晰、便捷使用的数据产品
-    具有产品思维，能通过单一项目完成多业务需求
-    有零售行业经验者优先，硕士博士学历者优先
",0,1,1,0,0
951,数据分析师,瑞达飞行,深圳,15-50人,本科,未融资,信息安全,18.5,3-5年,,"[""年底双薪"",""带薪年假"",""通讯津贴"",""绩效奖金""]","
        工作描述：
1、日常分析：负责项目产品运营数据分析及监控，规划搭建数据指标体系和分析体系。
2、决策支持：及时准确的为业务线提供有洞察力的数据分析结论和决策建议，能够为业务线的实施提供有价值的数据支持和战略。
3、业务驱动：对项目问题进行深入分析，为产品方向、运营决策、销售策略提供数据支持，驱动项目发展。
4、沉淀分析运营思路，提炼数据需求，与内部产品研发协作并推动项目的数据化运营，推动运营能力的数据赋能。
5、商业分析：紧密结合客户业务形态，洞察竞品，深入行业，发现产业变量，通过量化分析聚焦根本问题，利用数据知道业务进行增长。

任职要求：
1、计算机、数据科学、、统计学、应用数学等专业优先，本科及以上学历，3年以上相关产品运营数据分析工作经验，优秀者可适当放宽。
2、掌握mysql等相关数据提取工具，熟练使用excel和至少一种主流的bi工具，对数据分析有一定的经验沉淀。
3、较强的沟通能力和团队合作能力，较强的学习和逻辑思维能力，对数据敏感。
        ",0,1,0,1,0
952,​数据分析经理,Walmart China,深圳,2000人以上,本科,上市公司,电商,15.0,3-5年,,[],"
职位目的
沃尔玛是全球最大的全渠道零售商，我们每天在门店和电商为数百万顾客和会员提供服务。 在中国，我们将通过全球最大的实体门店与数字化营销技术相结合，引领全球零售革命，为顾客和会员提供无缝的智能零售体验。该岗位将负责结合数据分析和全渠道业务，建立一套完善的个性化推荐和精准化运营体系。
工作职责
-    根据业务需求构建分析框架，将数据分析和算法转化为有价值的产品工具，帮助公司在商品/顾客/门店方向做出科学的决策
-    参与用户成长路径的搭建，对顾客产品偏好及最佳触达时间点进行度量，从数据分析角度为运营提出建议
-    管理外部供应商，梳理项目需求，确定时间表，对接公司内部其它相关部门
-    深入理解全渠道零售业务，通过数据挖掘和机器学习技术，运用于用户画像、商品画像，并结合两者为精细化用户运营提供解决方案

任职要求
-    4年以上数据分析工作经验
-    善于从商业角度发现和解决问题，拥有较强的数据敏感度和逻辑思维，能在业务中找出机会点
-    熟悉数据库,etl,数据仓库，bi系统；精通sql
-    熟悉常用统计方法和机器学习模型，有推荐算法搭建与部署经验优先
-    熟练使用数据可视化工具（tableau，powerbi等），善于将数据分析结果转化为逻辑清晰、便捷使用的数据产品
-    具有产品思维，能通过单一项目完成多业务需求
-    有零售行业经验者优先
",0,1,1,0,0
953,数据分析,亿多多,深圳,50-150人,大专,不需要融资,软件开发,30.0,3-5年,,[],"
        岗位职责
1. 对目前平台数据进行建模，按照要求完成数据结果展示
2. 对平台相关数据进行深入挖掘，完成数据分析
3. 对数据敏感，对平台异常数据及时监控分析
岗位要求
1. 能熟练使用一种数据分析语言，良好的编码习惯，python、vba优先
2. 熟悉mysql、redis等数据库，良好的sql数据处理能力
3. 了解常用的bi数据分析软件
4. 大专及以上学历，两年数据分析，数据处理经验（若无数据相关经验，丰富的后端开发能力也可考虑）

",1,1,0,0,0
954,数据分析专家,字节跳动,深圳,2000人以上,本科,C轮,文娱丨内容,52.5,不限,,"[""扁平管理"",""弹性工作"",""大厨定制三餐"",""就近租房补贴""]","
        职位职责：
1、整体负责字节跳动旗下产品的各项数据分析相关工作；
2、对互联网某几项领域有深入的了解，能从行业趋势和产品形态等角度，给业务方方向与业务模式的建议；
3、针对具体的业务问题，独立设计和开发能实际解决业务问题的模型，并推动落地，解决业务问题；
4、全面分析各项影响产品提升与增长的因素，各项业务细节，结合业务方向，给出可落地的整体的产品优化方案；
5、与产品，运营，研发等配合。推进优化方案落地执行，带来业务的实际提升增长。

职位要求：
1、好奇心强，求知欲强，有钻研探索精神，对数据分析有强烈兴趣者优先；
2、有过成功业务优化经验者优先；
3、有互联网公司数据分析，产品经理，运营经理，策略经理等多方面经验者优先；
4、创新能力强，面对业务上各种新问题，能创造性的发明新的分析优化方案者优先；
5、性格严谨细致认真；
6、较强的模型设计与优化能力；
7 、有团队管理经验优先。
        ",0,0,0,0,0
955,数据分析师,字节跳动,深圳,2000人以上,本科,C轮,文娱丨内容,22.5,1-3年,,"[""扁平管理"",""弹性工作"",""大厨定制三餐"",""就近租房补贴""]","
        职位职责：
1、根据用户行为等数据进行业务分析，帮助业务快速提升；
2、建设业务分析模型，不断评估和优化业务分析模型。
3、支持业务上各种统计分析需求。

职位要求：
1、数学、统计学、计算机相关专业优先，对数据分析有强烈兴趣者优先；
2、有it大数据分析经验，有大型互联网公司数据分析经验、互联网数据建模分析经验者优先；
3、有一线产品或运营业务优化经验者优先；
4、精通 sql，熟练使用 r/python 进行数据清洗、分析；
5、能快速理解业务，发掘业务细节和数据之间的联系；
6、掌握 tableau 等 bi 工具尤佳。
        ",1,1,1,0,0
957,数据分析实习生,小雨伞,深圳,500-2000人,本科,B轮,金融,3.0,应届毕业生,,"[""周末双休"",""弹性工作"",""年度激励"",""年度体检""]","
        工作职责
1、负责追踪各项管理制度、管理流程的执行情况，以及数据支持工作：
2、团队日报数据、业务和资源管理数据；
3、积极、高效的完成领导交办的其他工作。
任职要求 
1.大学本科学历及以上；保险、金融、统计、数学等相关专业；
2.若有保险业的基本知识及具备一定的统计知识，优先考虑。
3、熟练操作office软件及制作相应分析报告。
3 有良好的沟通协调能力、学习能力、认真负责、勇于进取；

",0,0,0,0,0
958,数据分析师,来电科技,深圳,2000人以上,本科,B轮,消费生活,16.0,3-5年,,"[""五险一金"",""岗位晋升"",""扁平管理"",""带薪年假""]","
        岗位职责：
1、负责产品线指标体系搭建与迭代，根据业务发展完善数据分析、数据挖掘体系；
2、监控产品关键指标及变化，洞察指标变化的业务原因，辅助产品优化及决策方案制定；
3、参与b、c端画像指标体系建设，推进数据化运营；
4、负责日常业务运营数据分析，提供abtest数据分析与支持，制定营销活动核心指标和复
盘数据分析。
任职要求：
1、本科以上学历，统计相关背景，有2年以上互联网相关的数据分析工作经验优先；
2、有数据库、数据仓库的处理经验，熟练使用sql，掌握sql/tableau/r；
3、有较强的统计学基础，优秀的数据处理和逻辑思维能力，敏锐的数据洞察力，良好的业
务理解能力。
4、较强的独立工作和协调能力，具有敬业精神和团队精神，善于沟通，有良好的人际关系。
        ",0,1,1,0,0
959,数据分析实习生,TCL,深圳,2000人以上,本科,上市公司,其他,5.0,应届毕业生,,"[""年底双薪"",""带薪年假"",""定期体检"",""绩效奖金""]","
        岗位职责：
1、建立和完善日常业务监控体系，呈现业务经营情况。
2、监测分析业务运营状况，对异常波动进行分析，持续优化产品功能改造和业务拓展方向，提出和落实产品优化改造方案。
3、分析用户行为数据，探索用户行为模式，挖掘业务增长点。
4、完成业务方其它日常取数需求。

任职资格：
1. 本科及以上学历，统计、应用数学、计算机、信息、管理科学等相关专业优先；有互联网实习经历优先。
2. 能熟练运用hive sql和mysql、excel，至少掌握一种数据分析工具spss、python、r等，独立且高效地完成数据的提取及分析。
3. 具有良好的系统及逻辑思维能力，理解事物的复杂性，并能从全局的角度考虑问题。
4. 较强的执行力、推动力，具备良好的沟通、表达及协调能力。
        ",1,1,0,1,1
960,数据分析师,ezbuy,深圳,500-2000人,本科,C轮,电商,17.5,1-3年,,"[""技术前沿"",""股票期权"",""外企"",""公司稳定""]","
        工作内容：
1、负责cod业务的签收统计与更新；
2、负责cod业务的审单与物流时效统计
3、负责shopify业务的广告数据统计与分析；
4、负责shopify业务的选品爬取与报表分析；
5、执行各项数据挖掘与报表呈现工作。

岗位要求：
1、教育背景：本科及以上学历，数学/统计学/计算机专业；
2、工作经验：拥有一年或以上的数据分析师岗位工作经历（电商数据分析师优先）；
3、知识要求：熟练mysql,python。
        ",1,1,0,0,0
961,数据分析师,移卡,深圳,500-2000人,本科,上市公司,移动互联网,15.0,1-3年,,"[""年底双薪"",""年终奖"",""股票期权"",""五险一金""]","
        职位描述：
1. 能独立负责数据清洗、数据体系设计、数据仓库建设和维护
2. 能独立设计监控指标，持续关注业务发展，完成数据分析任务
3. 开发各类数据报表

岗位要求：
1. 全日制本科及以上学历，计算机专业优先，至少有2年以上的相关工作经验。
2. 熟悉数据etl的流程、数据口径和数据质量管理。
3. 熟练使用python进行编码，熟悉java或scala中任一种优先考虑。
4. 熟悉mysql，能完成常见场景的数据查询，对sql调优有一定的积累；熟悉elasticsearch等nosql数据库。
5. 熟悉pandas框架，对并行计算有实际使用经验。
6. 熟练使用hive和spark进行大规模的数据分析。
7. 熟悉常用机器学习算法的优先考虑。
8. 从事过支付行业的优先考虑。
        ",1,1,0,0,0
962,高级数据分析师,小鹅（小鹅通）,深圳,500-2000人,本科,B轮,社交,20.5,3-5年,,"[""扁平管理"",""领导nice"",""专项奖金"",""定期体检""]","
        岗位职责：
1.在对业务深入理解的基础上，梳理业务核心逻辑、关键指标、过程指标等，构建数据指标体系，建立合适的分析模型对业务问题进行分析；
2.对saas产品功能及商家在功能上的需求进行了解和梳理，推动产品侧在saas功能上的迭代和优化；
3.支撑一线业务数据需求，跟进协同一线业务项目落地。

岗位要求：
1.具备3年以上数据分析、商业分析相关工作经验，具备数据类企业saas相关产品如报表平台、指标体系、bi、数据可视化等经验优先；
2.数学、计算机、统计学等相关专业本科或以上学历，有较强的数据敏感性，逻辑思维能力，快速的业务理解和学习能力；
3.在数据和产品上均有热情，愿意跳出纯数据范畴考虑数据问题；
4.优秀的内驱力、抗压性、分享学习能力、团队合作意识与工作激情。

",0,0,0,0,0
963,数据分析师,深圳市盛达瑞智能科技有限公司,深圳,150-500人,本科,不需要融资,区块链,12.5,3-5年,,"[""绩效奖金"",""带薪年假"",""五险一金"",""年终奖金""]","
        工作描述：
1、负责公司运营数据的基本处理、维护及相关报表制作；
2、撰写数据分析报告，能从数据分析角度为公司运营决策、产品方向等提供数据支持，并对运营效果进行评估分析工作；
3、负责业务相关数据的统计分析，每日进行统计与监控；
4、与各部门保持良好的沟通，了解其数据需求及分析要求；处理业务相关的临时需求，并对于常用重要需求转化成数据产品；
5、上级领导安排的其他工作。
任职资格：
1、本科及以上学历，金融、数学、统计专业优先；
2、 2年以上互联网数据分析、运营分析等相关工作经验，熟悉数据分析方法和思路，具备独立完成分析报告的能力；
3、具有良好的条理性和逻辑分析能力，除数据处理能力外；
4、熟练掌握mysql，精通excel，ppt，能熟练利用python或r进行数据分析和处理优先；
5、对机器学习有一定的了解，熟悉常用的算法模型，有实际业务建模经验优先。
6、有较强的学习能力和探索能力，能够积极主动发现问题；
        ",1,1,0,1,0
965,安全数据分析师,平安产险,深圳,2000人以上,本科,上市公司,金融,18.0,3-5年,,"[""绩效奖金 "",""五险一金 "",""带薪年假 "",""年度旅游 ""]","
        岗位职责：
1. 利用网络安全日志、业务系统日志、sdk埋点数据进行建模分析，识别网络安全威胁和业务安全风险；
2. 对系统日志和业务交易数据进行数据挖掘和分析，识别异常操作行为，支持业务风控；
3. 建立实时安全监测策略，对接业务系统进行安全告警和攻击阻断；

岗位要求：
1. 全日制本科及以上学历，it或数据相关专业背景；
2. 熟悉使用sql、python等语言、掌握常用机器学习算法；
3. 4年以上相关工作经验，有cissp证书者优先；
4. 良好的沟通协调能力、分析和解决问题能力。

",1,1,0,0,0
966,BK32UI-数据分析师,平安银行,深圳,2000人以上,本科,上市公司,金融,25.0,3-5年,,"[""带薪年假"",""午餐补助"",""定期体检"",""绩效奖金""]","
        工作职责
1、负责银行银保业务的指标体系化梳理，构建完整的业务指标追踪和监控体系。
2、熟悉业务的日常经营模式、营销策略和产品策略，能否够针对业务的策略提出建设性的意见。
3、能够将业务经营过程中的问题抽象成数据问题，能从数据中发现潜在的业务价值规律，并提供有效的经营策略。
4、能够撰写高质量的运营报告、深度归因报告以及业务测算报告。

任职要求
1、全日制本科及以上学历，211/985优先毕业、、，或者互联网一线大厂三年以上工作经验，计算机、统计学、数学、金融等相关专业。
2、熟练使用hive，精通sql/excel/python/r等分析工具。
3、具备逻辑化思维，较强的学习能力以及对业务的洞察力，熟悉互联网产品和运营的工作方式。
4、良好的ppt撰写能力和沟通表达能力，能够从数据中主动发现业务经营问题从而给出有效的结论建议并推动落地。
        ",1,1,0,1,0
967,数据分析师,阿卡索外教网,深圳,2000人以上,大专,C轮,教育,22.5,应届毕业生,,"[""带薪年假"",""弹性工作"",""美女多"",""领导好""]","
岗位职责：
1.    与各业务团队有效沟通，收集和整理数据分析需求，能快速理解相关业务；
2.    配合产品经理进行相关产品及项目的定型，前端交互以及分析维度设计，参与相关产品及项目的解决方案梳理和制定；
3.    对流量、用户、交易、渠道、活动等数据进行定期统计和分析，输出业务洞察报告；
4.    根据数据分析和对业务形态的理解，对产品、服务、营销等活动提出合理化建议。
 
任职要求：
1.    大专及以上学历，统计学、应用数学、计算机、计量经济、金融等相关专业；
2.    两年以上数据分析经验，具备较强的逻辑思维能力、决策判断力及较强的学习能力，沟通及表达能力强；
3.    熟练掌握和运用相关数据分析软件，了解线性回归模型，非线性回归模型，判别分析模型，聚类分析模型，因子分析模型，生存分析模型等；
4.    熟悉在线教育行业业务知识，善于输出洞察报告；
5.    熟练使用python、r语言者优先。
",1,0,0,0,0
968,高级数据分析师-影像,字节跳动,深圳,2000人以上,本科,C轮,文娱丨内容,22.5,3-5年,,"[""扁平管理"",""弹性工作"",""大厨定制三餐"",""就近租房补贴""]","
        职位职责：
1、负责影像业务的数据分析工作，包括但不限于剪映、轻颜、抖音道具等；
2、分析各项影响产品提升与增长的因素、各项业务细节，结合业务方向，给出可落地的整体的产品优化方案；
3、与产品/运营/研发等配合，推进优化方案落地执行，带来业务的实际提升增长；
4、负责业务上各类a/b实验设计与分析，产品优化效果评估，市场活动分析评估，核心指标异动分析，客户端版本效果评估等工作；
5、负责业务上特化模型的建设工作。
职位要求：
1、本科及以上学历，数学、统计学、计算机相关专业优先；
2、对互联网行业充满兴趣，希望长期在互联网行业发展；
3、有极强的学习能力和好奇心；
4、能快速理解业务，发掘业务细节和数据之间的联系。
        ",0,0,0,0,0
969,数据分析师（数据资产方向）,一面数据,深圳,50-150人,本科,A轮,数据服务,11.5,1-3年,,"[""技能培训"",""海归精英团队"",""Geek分享"",""绩效奖金""]","
        ▪ 理解行业数据和公司服务内容，将商业需求转化为数据语言，配合资深数据分析师制定数据服务解决方案，完成监控、分析报表体系的优化和维护；

▪ 与爬虫工程师和数据开发工程师合作，沟通用户需求、梳理需求文档、制定采集方案和数据处理方案，把控数据质量，为各团队提供数据支持；

▪ 配合完成公司内部数据体系建设，包括数据监控指标体系设计开发、数据采集规划等，监控流程中的各项指标。


【任职要求】：

▪ 自我驱动力强，对反常识的数据具有好奇心和探索欲；

▪ 学习能力强，在一面数据分析师有接触到多行业客户的机会，数据分析师需要有快速学习行业知识和沉淀的能力；

▪ 沟通能力强，能够高效理解用户的需求，从其真正需求出发，管控期望达成目标，具有推进项目的能力；

▪ 表达能力强，能将零散的洞察聚合成对用户行而有效的方案，熟练使用 ppt；

▪ 责任心强，保质保量完成负责项目；

▪ 精通 sql 、熟悉数据库、了解爬虫技术；

▪ 能熟练使用 python 进行脚本开发是加分项；

▪ 有电商经历、数据运营经历是加分项。


【公司福利】：

▪ 有竞争力的薪酬：工资、一年一次调薪机会、五险一金、商业保险、季度奖金包、年终奖、节假日福利、生日礼物等。既有情怀，又有钱途；

▪ 合理的工作时间：我们有弹性工作时间制度，并追求使用技术去高效解决问题，不提倡加班；

▪ 团队活动：yimba系列课程、每周的篮球和羽毛球运动，每周分享会，每月聚餐、生日会等。我们是一个有凝聚力的团队；

▪ 年度体检：豪华体检，健康强壮的身体是工作的基础；

▪ 零食饮料：不间断的供应丰富优质的零食饮料；

▪ 年度旅游：前脚去巴厘岛后脚去日本韩国，随着团队的壮大，以后能去的地方更丰富多彩；

▪ 舒适的工作环境：我们有一个漂亮的办公室，开放式的设计和十分开阔壮观的窗景



",1,1,0,0,0
970,数据分析师,万兴科技集团股份有限公司,深圳,500-2000人,本科,上市公司,移动互联网,18.0,1-3年,,"[""股票期权"",""骨干配车"",""创业平台"",""餐饮补助""]","
        岗位职责：
1、负责海外多媒体业务部海量数据分析工作；
2、设计产品的数据上报规范，搭建产品的用户行为数据指标体系, 为海外产品和运营提供数据支撑；
3、构建海外用户画像体系建设和精细化数据运营体系；
4、探索产品生命周期、产品健康指数、产品增长机会等；
5、自驱开展专题数据研究，通过数据驱动产品体验优化和用户增长以及相关数据产品的建设。


岗位要求：
1、本科及以上学历，计算机或者数学相关专业优先； 
2、熟练使用sql，hive，spark等技术，了解hadoop工作原理；
3、熟悉使用python，shell等语言； 
4、有较好的产品sense，具备较强的数据分析能力；
5、数据敏感，有良好的逻辑思维能力，较强的沟通能力和团队合作精神，勇于承担工作压力。
        ",1,1,0,0,0
971,数据分析师（网店运营方向）,土巴兔,深圳,500-2000人,本科,C轮,消费生活,16.5,3-5年,,"[""股票期权"",""五险一金"",""带薪年假"",""节日礼物""]","
岗位职责： 
1、负责公司网店业务数据的日常监控和分析，维护报表平台的数据输出；
2、负责分析网店流量的来源及转化漏斗，输出专题分析及运营/推广策略；
3、与产品/运营/研发配合，推动网店相关产品迭代优化，输出迭代分析报告；
4、负责针对海量用户数据进行深入统计分析，挖掘用户属性，推动转化效率提升。
任职要求：
1、数学、统计学、计算机相关专业优先,3年以上产品运营数据分析工作经验；
2、熟练掌握sql语言，熟练掌握hive、spark、python、r语言、spss、sas中的一种或者多种； 
3、逻辑清晰，数据敏感度高，沟通能力强，业务理解能力强，具有吃苦耐劳敬业精神和团队精神。
",1,1,0,0,1
972,游戏数据分析师,动能无线,深圳,50-150人,本科,未融资,广告营销,12.0,1-3年,,"[""年底双薪"",""午餐补助"",""带薪年假"",""绩效奖金""]","
岗位职责：
1、负责游戏数据分析体系搭建，包括tlog埋点、日志上报、分析系统的规划等；
2、负责游戏目标用户分析、数据预估、用户调研等，为运营计划及市场方案提供依据；
3、负责游戏上线及版本更新时的效果分析，包括：留存及流失分析、付费分析、功能玩法分析、用户满意度调研等；
4、通过数据监控游戏中的各种动向与产品健康度，及时发现不良运营情况。
 
任职要求：
1、 数学、统计和计算机等相关专业本科及以上学历；
2、3年以上游戏或互联网数据分析经验，数理逻辑清晰，数据敏感度高，能够独立完成游戏业务数据挖掘和分析工作；
3、具备完整的数据挖掘、建模、预测、分析能力，熟练使用sql语句、excel；掌握spss、r、sas等其中一种分析工具；
4、良好的沟通和协作能力，强烈的责任心，出色的学习能力和钻研精神；
",0,1,0,1,1
973,数据分析师 (MJ000192),极光,深圳,500-2000人,本科,上市公司,企业服务,17.5,1-3年,,"[""五险一金"",""文体活动"",""团建旅游"",""美味晚餐""]","
        工作职责：
1、 负责合作客户数据测试，灵活解决客户测试过程中遇到问题；
2、部门内部数据报表所需数据的处理与准备；
3、基于部门现有的基础数据，挖掘有价值的公共数据。


岗位要求：
1、本科及以上学历，1年以上数据分析经验；
2、熟悉数理统计及数据分析常用算法，对数据敏感，能从海量数据中提炼出核心结果；
3、具有数据处理和分析经验，并能熟练使用sql、python等软件进行数据分析；
4、具备良好沟通能力和抗压能力。
        ",1,1,0,0,0
974,数据分析运营（偏输出分析报告）,Immotor易马达科技,深圳,150-500人,本科,B轮,硬件,15.0,3-5年,,"[""绩效奖金"",""股票期权"",""定期体检"",""扁平管理""]","
        岗位职责
1.负责针对产品运营链条的各类关键数据，建立完整的数据分析体系，通过数据分析驱动业务优化迭代；
2.负责对接需求部门的数据分析需求，提供运营数据的整理、输出与分享，并根据数据变化与业务关联方沟通，提供相应支撑与建议；
3.负责独立完成后台相关数据分析报告及个性化需求数据分析，完善数据报表体系，及时准确监控运营状况，并提供专业分析报告；
4.深入理解公司业务模型和未来趋势，负责从对产品、业务和商业的分析挖掘中寻找数据商业价值点，从整体的角度寻找数据的商业价值和机会；
5.定期输出平台运营分析报告（日报，周报，月报，年报，专题分析报告）。


任职要求
1.本科及以上学历，计算机、统计、经济、数理、信息等相关专业,3年以上相关工作经验；
2.精通使用ppt、excel、word及相关报表或bi工具，并熟练使用vba,能够独立编写数据分析报告；
3.熟练使用sql语言，了解finereport,finebi报表；有海量数据处理经验，熟练使用1种以上数据分析和挖掘工具（如：python，r、sas，spss，matlab等） ;
4.了解存储过程和函数，有数据仓库、数据etl经验优先；
5.具备较强的数据分析能力和数据敏感性，有较强的文字语言表达能力及分析判断能力，有共享单车等行业从业经验优先,能够帮助团队成员分析业务及自身问题并提出改善方案；
6.良好的学习与抗压能力，能自我驱动，有强烈的责任感。
        ",1,1,0,1,1
975,数据分析主管,爱问科技,深圳,150-500人,本科,不需要融资,社交,21.5,5-10年,,"[""五险一金"",""午餐补助"",""绩效奖金"",""年终奖金""]","
        岗位职责：
1. 建立并完善数据体系，制定整体业务数据获取规范、流程、标准，并监督执行、优化；
2. 根据业务部门运营需求，梳理标准化数据指标，并建立、维护自动化报表体系，监控并反馈业务运营状况；
3、深入理解业务及产品，跨部门协调和沟通，响应临时性数据分析需求；
4、分析数据成因及业务运营关联性，发现问题并为企业决策提供支持。

岗位要求：
1、本科以上学历，统计、数学、计算机信息工程等专业优先；
2、三年以上互联网行业工作经验，五年以上数据分析经验；
3、具有扎实的统计学、数据分析、数据挖掘基础，熟悉数据分析、数据挖掘的手段；
4、对数据敏感，归纳、分析能力强，做事严谨细致；
5、有数据平台搭建等相关经验；
6、精通office系列软件，熟练access、mysql等数据库软件，熟悉spss 、python、matlab等软件；
        ",1,1,0,0,1
976,高级数据分析师（ AW),爱问科技,深圳,150-500人,本科,不需要融资,社交,23.0,5-10年,,"[""五险一金"",""午餐补助"",""绩效奖金"",""年终奖金""]","
        岗位职责：

1、监控运营进度，策略性经营分析；

2、能针对具体指标或业务做专项分析报告，并提供可行性建议；

3、能提供通过数据挖掘做出预测性分析报告，并协助领导层决策；

4、完善数据体系，对新业务线的数据体系搭建，优化业务部门数据报表

5、数据存储与管理，定期整理数据及备份，跟踪异常记录

6、人员管理并协助各部门运营工作，并及时提供有效数据



岗位要求：

1、本科以上学历，统计、数学、计算机信息工程等专业优先；

2、三年以上互联网行业工作经验，五年以上数据分析经验；

3、具有扎实的统计学、数据分析、数据挖掘基础，熟悉数据分析、数据挖掘的手段；

4、对数据敏感，归纳、分析能力强，做事严谨细致；

5、精通office系列软件，熟练access、mysql等数据库软件，熟悉spss 、python、matlab等软件；有数据挖掘或建模应用经验；

",1,1,0,0,1
977,金融数据分析师,飞笛科技,深圳,50-150人,本科,B轮,社交,9.5,1-3年,,"[""财经信息"",""互联网金融"",""智能投顾""]","
        你将有机会成为中国**批数据研究型财经媒体智库的参与者、搭建者；你将与一批优秀的数据分析工程师、未来产品的设计师们一起工作，包括但不局限于以下可能： 搭建知识图谱、创建数据分析模型，定义评测报告、评测工具等产品的规则，制作输出数据分析类内容产品和报告，智能写作……


主要职能：
1､结合项目需求，收集数据、搭建金融相关数据分析专题模型；
2、协助团队围绕热点或者基于相关数据能力进行策划、编辑、撰写相关专题报告；
3、针对常态化产品、和报告、专题等产品搭建测评数据库，实现部分自动化输出；
4、其他领导安排的事情。

任职要求：
1、本科及本科以上学历，经济、金融、新闻学、金融数学等专业背景优先；
2、2年以上相关工作经验（可含实习），特别优秀者不限，有财经记者类从业经历优先；
3、熟悉资本市场，有扎实的文字功底，逻辑清晰；
4、具备一定新闻属性，有较强的热点选题及专题报告策划能力(重点考察项）。
5、具备较强学习能力和上进心，数据敏感度高；
6、熟练使用excel/wind/choice等工具，会使用mysql、python等工具优先。

",1,1,0,1,0
978,数据分析师,星尘游戏,深圳,50-150人,本科,不需要融资,游戏,16.5,1-3年,,"[""带薪年假"",""节日礼物"",""五险一金"",""领导好""]","
        职位职责：
1. 负责线上产品数据分析工作，输出分析报表，协助决策。
2. 理解业务特征，建立分析模型，为业务线提供支持。
3. 与其他部门紧密配置，基于数据分析驱动业务迭代。

职位要求：
1.本科及以上学历，数学、统计、计算机相关专业优先。
2.两年以上互联网产品数据分析、数据运营经验。
3.具有较强的数据敏感性，掌握数据分析方法，熟悉数据建模知识，能撰写数据分析报告。
4.具备统计学/数学理论基础，可以结合业务合理设计统计分析指标。
5.具备数据处理能力，熟练使用sql，掌握一种数据分析工具（python/r），具备数据可视化能力。
6.具备较强的沟通及协调能力，能够跨部门协同工作。
        ",1,1,0,0,0
979,产品数据分析师(007758),vivo,深圳,2000人以上,本科,不需要融资,硬件,55.0,5-10年,,"[""年终分红"",""带薪年假"",""年度旅游"",""岗位晋升""]","
        岗位职责:

岗位职责1、负责软件产品业务的数据分析、商业分析和数据挖掘模型等，通过对用户的行为进行分析了解用户的需求；2、深入分析历史数据，结合业务动态及外部环境，预测核心业务数据走向；3、参与数据挖掘模型的构建、维护、部署和评估；4、整理编写数据分析报告，及时发现和分析其中隐含的变化和问题，为业务发展提供决策支持；5、探索和建立用户增长体系，最终通过数据驱动业务部门效率，实现数据分析价值
任职资格:

任职要求：1、本科及以上学历，统计学、数学、计算机等相关专业优先，具有5年及以上互联网数据分析经验，2、对数据敏感，热爱数据分析，具备丰富的数据分析经验和较强的逻辑思维能力；3、了解用户运营体系，熟悉常用的数据分析方法，了解基本数据挖掘模型；4、具体良好的团队合作能力，沟通能力及协调能力；5、熟练使sql/r/python等数据分析工具，hive(sql)使用经验尤佳
",1,1,0,0,0
980,高级数据分析运营师（信贷业务）,建信金科,深圳,2000人以上,本科,不需要融资,金融,37.5,3-5年,,"[""绩效奖金"",""带薪年假"",""交通补助"",""通讯津贴""]","
        岗位职责：
1.负责零售信贷业务经营分析，搭建并运作经营分析体系，覆盖产品、客群、风险等情况，及时发现问题、提出建议并推动实施；
2.负责日常的数据分析工作，包括数据获取、数据清理、数据分析，并且对分析结果有深刻见解，形成相应的分析报告；
3.协助搭建经营分析框架和工具，产出常规观测指标；
4.结合信贷业务数字化转型，用数字化手段发现业务增长及优化机会，不断优化获客、经营分析等模型。

岗位要求：
1.本科或以上学历；统计、计算机、软件工程等专业；
2.5年以上数据分析经验（知名银行或互联网金融相关经验优先考虑），结构化思维，对数据极其敏感，自我驱动，能通过数据主动发现问题并解决问题； 
3.熟练使用sas/r/python等数据分析常用语言，会使用shell等脚本语言优先；
4.熟悉数据库查询语言，包括但不限于mysql/mongodb/hive/等； 
5.有逻辑分析能力，对数字敏感，工作主动，善于学习与思考，有创新精神。

",1,1,0,0,1
981,PCG创新项目-增长数据分析师,腾讯,深圳,2000人以上,本科,上市公司,社交,37.5,不限,"[""免费班车"",""年轻团队"",""学习机会"",""mac办公"",""定期团建"",""开工利是红包""]","[""免费班车"",""成长空间"",""年度旅游"",""岗位晋升""]","
岗位要求： 1. 本科及以上学历，理工类相关专业，统计、数学、计算机、经济等专业；2. 有数据库、数据仓库的处理经验，熟练使用sql，掌握sql/tableau/r；3. 有扎实的编程能力和坚实的工程能力，熟悉python，hadoop，hive，spark等；4. 对数据敏感，善于从数据中发现疑点，深入理解用户侧产品的数据指标体系；5. 有包括不限于搜索/广告/信息流/短视频/社区/社交等用户产品的产品、运营、数据分析、研发经验者优先；6. 熟悉增长黑客(growth hacking)，或对此有强烈兴趣者优先；7. 较强的独立工作能力和协调能力，较强的逻辑性和分析能力，具有敬业精神和团队精神，擅于沟通，有良好的人际关系，很强的好奇心、钻研精神。8. 有责任心，富有创新意识，对产品有野心。岗位职责： 1. 负责创新项目用户增长方向的数据分析，规划搭建数据指标体系和分析体系，依靠数据来帮助团队挖掘增长目标；2. 使用统计学分析方法、挖掘算法，构建数据分析模型来驱动增长；3. 设计ab方案，推断挖掘影响业务增长的核心因素，制定优化策略并协同推进落地；4. 与产品、工程、算法团队配合，深度参与产品增长计划，依据数据分析结果帮助团队确定目标和优先级；5. 深入理解用户侧产品，围绕用户获取、激活、留存、arpu等问题，设计搭建完善的数据体系，驱动业务的发展。  
",1,1,1,0,0
982,RP-用户数据分析经理,腾讯,深圳,2000人以上,本科,上市公司,社交,45.0,不限,"[""免费班车"",""年轻团队"",""学习机会"",""mac办公"",""定期团建"",""开工利是红包""]","[""免费班车"",""成长空间"",""年度旅游"",""岗位晋升""]","
工作职责1、负责搭建基于hr线上产品的用户行为、流量数据分析体系。对用户的偏好、行为等方面持续分析，发现潜在问题，为产品改版、产品优化、活动升级提供支持，提升了用户的活跃度、粘性等。2、负责建立pc、移动端等各端业务数据分析指标体系,监控和分析产品运营情况;3、参与用户增长的策略制定、数据埋点及后评估,追踪增长活动效果并参与迭代优化,参与用户数据模型的构建及后续效果追踪;4、结合内外部用户数据，负责搭建了用户行为数据库，应用于进行客户画像、客群分类、大数据精准营销，降低获客、营销成本，提升产品转化。工作要求1、三年以上数据分析、用户行为分析或大数据分析相关工作经验，有互联网行业经验。2、对数据敏感，具备严谨的实验设计和分析能力，能输出高质量的分析报告并产生决策有良好的数据分析挖掘能力。3、较强的数据分析能力，熟悉sql、python等分析语言更佳。4、抗压能力强，优秀的团队协作意识、综合沟通能力和个人影响力，能够很好地组织和协调资源解决问题、达成目标。 
",1,1,0,0,0
983,数据分析工程师（BI）,美的电商,深圳,2000人以上,本科,上市公司,电商,13.5,3-5年,,"[""扁平管理"",""团队颜值高"",""不打卡"",""年度旅游""]","
岗位职责：
1.负责对接需求部门的可视化需求，参与报表和看板的原型设计与评审。结合对公司业务模型以及bi平台的了解，提出报表和可视化看板的解决方案；
2.负责需求业务底表的确认，参与数据统计底表的评审；
3.负责业务报表和可视化看板的开发和运维；
4.参与数据策略的制定，并推进应用落地，为线上线下零售业务赋能。

任职资格：
1.本科及以上学历，计算机、统计、数学、信息等相关专业，3年以上相关工作经验优先；
2.具备较强的数据分析能力和数据敏感性，有电商行业数据相关工作经验者优先；
3.熟练掌握永洪bi、finebi、tableau、powerbi等工具，有bi开发项目实战经验者优先。熟悉数据库设计，了解存储过程和函数，有数据etl经验者更佳；
4.有较强的学习能力、沟通理解能力和独自解决问题能力，有一定的创新意识；
5.了解报表技术发展趋势，能够主动学习和掌握新的报表技术工具。

工作地点：
广东省佛山市顺德区北滘镇美的全球创新中心
",0,0,1,0,0
990,资深数据分析师(J11772),货拉拉,深圳,2000人以上,本科,D轮及以上,消费生活,37.5,5-10年,,"[""技能培训"",""专项奖金"",""绩效奖金"",""扁平管理""]","
工作职责:1、搭建公司整体经营管理核心kpi指标体系，定期提供企业经营分析报告，帮助公司管理层掌握公司运转状况2、商业嗅觉灵敏、视野全面，建立行业发展信息数据的收集和分析能力，通过深入的商业分析帮助公司进行战略决策与经营规划； 3、支持产品运营、区域拓展管理等重点部门，提供日常工作kpi的监控、异常变动分析 4、针对公司重点运营问题进行深度诊断，发现业务运营问题与机会点，辅助制定运营提升策略； 任职资格:1、五年以上数据分析相关工作经历，统计、数学、信息技术、生物统计、金融工程本科以上学历优先； 2、良好的商业逻辑分析能力，敏锐的商业嗅觉， 具备出行行业分析经验者优先3、丰富的项目的经验，有丰富的跨团队、部门的项目资源整合能力，财务相关管理咨询和分析项目经验优先； 4、熟悉数据库技术和sql语言，能高效的与技术团队进行沟通5、熟练运用ppt、excel等工具，具备良好的表达与沟通能力，具备大型公司管理层经营分析支持经验者优先
",0,1,0,1,0
991,WEB/JAVA/UI/UX/BI/BA/项目管理/数据分析/Python,上海中软华腾软件系统有限公司,深圳,2000人以上,本科,上市公司,企业服务,22.5,5-10年,"[""试用期上社保"",""早九晚六"",""试用期上公积金"",""免费体检"",""地铁周边"",""5险1金"",""定期团建""]","[""绩效奖金"",""带薪年假"",""定期体检"",""管理规范""]","
        web前端岗位要求
1、熟悉主流前端框架（react、vue），有实际前端项目开发经验，熟悉js；相关开发工作经验有1年。
2、对mysql、linux基本操作熟悉，有一定的软件定位和分析能力；

java岗位要求：
1、本科学历，高端的可大专，欢迎5年以上的朋友投递，急求会架构的优秀贤才！
（17年及以前毕业，高级5年以上的可招统招大专）
2、java基础扎实，有springboot、springcloud相关经验，熟练掌握mysql
3、会常用的linux命令
 & 根据能力不同，不一样的薪资，有兴趣的朋友，欢迎您的投递！！期待您的加入！！

ui/ux岗位要求
1、3年以上工作经验，有基础设计经验，有用户研究/用户体验经验；
2、熟悉相关设计软件，可以输出原型图，低保真&高保真设计稿；
3、对工作热情能主动沟通，有设计管理经验优先。
熟悉软件：ps axure ai 等软件。
薪资根据个人设计经验以及个人项目协调管理能力来定，视情况而定，薪资会有不同的设定。

ba岗位要求：
1、5年以上工作经验，良好的沟通能力和逻辑思维能力；
2、较好的需求和方案分析能力，能熟练制作系统原型；
3、熟练掌握数据库的增删改查。
4、丰富的系统设计经验，能对系统设计方案进行系统给出自己的独特见解和关键性的意见。较好的软件架构能力：了解基本的架构设计方法、设计过程和设计模式，能在作为一般性的成员有效参与和实施软件架构相关工作。

bi/tel岗位要求
【一】岗位任职要求：
一、本科，3年以上数据库相关工作经验；
二、熟练使用oracle、mysql等关系型数据库；
三、熟练sql、对nosql有一定的理解；

数据分析岗位要求：
1.两年工作经验以上，专业不限。
2.精通mysql sql sever oracle 等主流数据库优先
3.熟练数据加工和可视化开发、sql的窗口函数
4.有电信系统数据库设计经验者优先，

项目管理岗位要求
1、本科及以上学历，有技术背景，3年以上的工作经验，至少3年以上的项目管理经验；
2、有技术背景，熟悉并掌握主流前端、后台技术，能现场解答客户的技术运维问题；
3、有pmp，acp认证优先，带领过中大型项目开发经验者优先考虑；
4、较强的分析设计能力和组织协调能力，优秀的文档编写能力；
5、良好的沟通协调能力和团队合作意识，有良好的服务意识、职业素养，具备项目掌控能力；
6、在项目中承担过售前、需求调研及分析、系统设计等关键角色，具备挖掘、引导客户需求的能力，具备方案编写和讲解的能力；
7、有较强的计划性和执行力，具备良好的沟通能力、团队协作能力和服务意识，对按期交付项目有强烈的责任心和使命感。

python
1、3年以上招聘经验，熟练掌握python语言，有实战项目经验；
2、熟练掌握socket与http的原理，了解并使用过至少一种python web框架（django）；
3、熟练掌握mysql数据库，及redis；
4、熟练掌握linux/unix 操作系统;
5、熟练掌握javascript, html5, css3等前端代码有加分；

【二】福利待遇：
1.薪资待遇可根据能力调整，每年都有相对应的调整薪资机会。
2. 健康体检：年度体检、常规体检等健康关怀；
3. 及时激励：工作中表现优秀，对团队、公司有贡献者，发红包或者积分奖励；
4. 节日福利：年节礼品，春节、38女神节、端午节、中秋节、元宵节，例假 等等福利；
5.公司提供免费温馨的育儿托所，内置微波炉，茶水间等设备。

休假政策
1. 国家法定假日：
所有员工可以按国家规定享受以下带薪假日：元旦、春节、劳动节、端午节、中秋节、国庆节等。其中根据公司的实际情况，
2. 年休假：
司龄满一年的员工可享受年休假。
3.女员工产假、男职工的陪产假等休假制度，均按""劳动法""和国家有关规定制定执行。
        ",1,1,0,0,0
992,资深数据分析师,ThoughtWorks,深圳,2000人以上,本科,不需要融资,企业服务,32.5,5-10年,,"[""技能培训"",""节日礼物"",""带薪年假"",""全球化视野""]","
        岗位职责:

1.负责数据的抽取、清洗，建设数据分析指标体系。

2.熟悉分类、聚类、线性回归、逻辑回归等算法，根据业务特点选择最合适的数据挖掘算法，进行数据建模、分析和挖掘等工作。

3.调研数据需求，建立数据分析框架体系，输出数据分析报告、建模报告、数据报表等，为业务发展提供数据支撑。

任职资格:

1、具备5年以上大数据分析相关工作经验，熟悉常用的数据分析方法和挖掘算法，熟悉常用机器学习算法，具有海量数据挖掘、分析相关项目实施经验，参加过完整数据挖掘项目并有成功案例优先。

2、熟练使用sql等结构化查询语言，熟练使用r、python等一种/多种统计分析工具或语言，熟练使用tableau等bi工具。

3、数据敏感性强，具备抽象和建模能力，能够通过数据察觉到业务变化和潜在问题。 另： 良好的文档编写能力，沟通能力和团队合作精神，较强的学习能力，能够承担一定的工作压力。

",1,1,1,0,0
993,大数据分析组实习生（行为金融学方向）,招商证券信息技术中心,深圳,2000人以上,本科,上市公司,企业服务,1.5,1年以下,,"[""全牌照券商"",""双A级"",""上市公司"",""优质培训体系""]","
岗位职责：
1、协助分析客户行为
2、研究当前营销服务环节可以提升优化的环节
3、协助大数据分析组其他日常工作

岗位要求：
1、重点大学金融学专业，实习整个期间必须为在校学生身份，可连续实习3个月以上为佳
2、 有行为金融学项目实践经验者为佳
3、细心、耐心、有责任感，具备优秀的团队合作精神
",0,0,0,0,0
994,数据分析中级经理,招商证券信息技术中心,深圳,2000人以上,本科,上市公司,企业服务,30.0,1-3年,,"[""全牌照券商"",""双A级"",""上市公司"",""优质培训体系""]","
        1、对接业务部门，快速响应数据需求，及时准确提供数据统计、分析支持，提出数据建议；
2、建立公司核心业务指标体系，专题分析，通过对海量数据的深入分析，建模，挖掘；
3、定期提供有价值的业务洞察和剖析报告，对于常用重要需求转化成例行性监控报表及数据产品；
4、提升团队的整体运营水平，为团队的数据分析结果和质量负责；
5、协助完成部分etl工作，完善数据仓库的数据完整性、可用性。

任职要求：
1、重点大学本科及以上学历，计算机、数学、统计、金融等相关专业；
2、具有2年以上数据分析工作经验；
3、具备数据分析经验、较强报告撰写能力；
4、熟练使用sql、python语言、熟练使用办公软件；
5、工作细致负责，有证券金融领域相关工作经验者优先。

",1,1,0,0,0
995,sz-数据分析,CMGE中手游,深圳,500-2000人,本科,上市公司,游戏,18.0,3-5年,,"[""节日礼物"",""技能培训"",""绩效奖金"",""岗位晋升""]","
岗位职责
1、搭建并完善网游数据分析框架体系，完成从数据埋点、数据接入、数据分析、数据可视化、专项数据分析报告输出等数据分析工作，全面推进各项目的数据化运营；
2、建立游戏关键指标的日常监控机制，对游戏数据波动进行深度挖掘，推动游戏内容及运营策略调优；
3、综合使用数据分析、用户研究等多种手段，对游戏版本、运营活动等内容进行专项研究，支撑研发决策；
4、基于数据分析结果推动问题解决或游戏优化，并持续关注后续数据表现及玩家反馈；
5、建立网游数据分析模型和预测模型，推演游戏生命周期发展趋势；
6、负责接入并持续维护数据分析相关的管理工具。

任职要求
1、本科及以上学历，熟悉并热爱互联网游戏行业，有丰富数据分析或商业分析相关工作经验；
2、在数学、统计学邻域有扎实的理论基础和应用能力，熟悉使用sql查询语句、r等数据分析工具； 
2、对数据敏感，有较强的数据分析能力，能够在海量数据中及时发现问题；
3、细心、敏锐，理性思考，抗压能力强，性格积极外向，有团队合作意识；
4、工作有计划性，善于时间管理，工作效率高。
",0,1,0,0,0
996,产品经理（数据分析方向）,鹏元征信有限公司,深圳,150-500人,本科,不需要融资,其他,21.5,3-5年,,"[""节日礼物"",""绩效奖金"",""年度旅游"",""岗位晋升""]","
        工作内容：
1、整理互联网产品需求，进行产品定义，制作产品原型图，完成详细的产品需求文档prd；
2、分析现有产品功能，跟踪客户反馈，完成产品策划方案；
3、与各部门协调和管理产品设计、开发、测试、调整过程中的相关流程，保证互联网产品的执行进度及质量。

任职要求：
1、全日制本科及以上学历，3年相关工作经验，执行力强，具备金融类、电商类、快速增长的互联网产品工作经验优先；
2、有用户产品经验，对用户需求敏感，可以通过灰度实验、用户研究等方法得出客观结论；
3、清晰缜密的逻辑思维能力，擅长透过现象看本质，能够从纷繁复杂的需求中抓住直达核心的痛点；
4、有强烈好奇心，主要的工作成就感来自于产品成功和数据指标的提升，擅长通过数据分析来推动决策；
5、具备数据分析及数据分析系统使用经验。（神策，友盟，growingio均可）
6、 加分项：对数据非常敏感，熟悉 a/b test 机制和常见的数据分析工具和技巧。

【岗位诱惑】：
1、专业：公司有体系化的工作方法，让你从“做得到""进化为""做得好""；
2、上升空间：不定期专业的带薪培训与良好的晋升机制；
3、 行业前列、合规经营；
4、团队氛围好、定期组织文体活动；
5、扁平化管理、晋升空间大；
6、1/7/9/11号线地铁出口3分钟直达办公室、周边美食云集、办公环境优美。
7、六险一金、职业培训、绩效奖励、旅游、深户办理等，五天工作制。
        ",0,0,0,0,0
997,数据分析师,富途,深圳,500-2000人,不限,上市公司,金融,22.5,3-5年,,"[""年底双薪"",""腾讯系"",""互联网金融"",""年度体检""]","
        工作职责：
· 根据业务及产品的需求，规划和设计数据指标体系，推动数据采集的实现、完成数据接入及处理，开发相关统计报表并进行数据监测和跟踪；
· 搭建基于用户属性的行为数据的画像并持续完善，为精细化运营以及用户分析提供基础支持；
· 通过科学的分析方法和数据建模等，对业务数据进行深入分析，发现潜在的商业机会、风险或缺陷，对公司战略及产品决策提供数据支持和建议。


工作要求：
· 本科及以上学历，数学、统计及计算机相关专业，两年及以上相关工作经验；
· 熟悉数据建模知识、数据挖掘理论，掌握数据分析体系方法；
· 精通excel，掌握python、r、sas、spss等任一数据分析工具，熟悉sql脚本编写；
· 有海量数据分析处理经验及大数据分析计算平台的开发经验，熟悉 hadoop/mapreduce 者优先；
· 有金融学习或工作背景，了解金融风控相关知识者优先；
· 工作细致、责任心强，具备较强的逻辑分析能力、学习能力及理解能力，有良好的沟通能力、高度的责任心和团队合作精神。
        ",1,1,0,1,1
998,数据分析师,行云网,深圳,150-500人,本科,B轮,电商,15.0,3-5年,,"[""带薪年假"",""股票期权"",""五险一金"",""互联网公司""]","
        岗位职责：
1、高效支持业务端的数据需求，包括经营、会员等方面，满足业务方对数据的各类需求。
2、通过数据分析工具，进行数据分析和研究，挖掘数据之间的内在关系、背后的市场方向、规律，为业务决策提供依据；
3、梳理、分析电商运营与推广的业务需求，制定常规数据报表，提升数据支持运营与推广能力。
4、根据业务需求进行模型建设， 输出有价值的结果产品
岗位要求：
1、3年以上工作经验，本科以上学历，数学、统计学等专业优先；
2、逻辑能力强，有极强的数据敏感度与数据分析能力；
3、熟悉数据相关的工具，不限sql\excel\python\r等；
4、对数据分析、挖局、建模等有个人见解，能根据业务情况设计数据方案并落地
        ",1,1,0,1,0
1000,数据分析师(007879),vivo,深圳,2000人以上,本科,不需要融资,硬件,37.5,3-5年,,"[""年终分红"",""带薪年假"",""年度旅游"",""岗位晋升""]","
        岗位职责:

1、负责应用分发相关业务数据分析规划，识别机会并落地价值，驱动业务增长；
2、基于业务问题，帮助解决业务困惑，跟进业务专项命题，通过数据手段，为业务提供决策和建议，并推动落地；
3、设计业务评估体系，熟悉ab test，对项目灰度、放量、上线等数据流程的科学性负责；
4、能独立规划和搭建业务运营模型，支撑业务运营效率提升，最好熟悉推荐业务，利用数据支撑公司推荐中台落地；
5、熟悉埋点、数仓、bi等整个数据链路专业知识，对于数据产品和行业趋势有一定的认知和理解；
6、具备5人及以上团队管理或项目管理经验，要求有一定的需求管理经验；


任职资格:

1、本科及以上学历，5年及以上数据分析及数据挖掘相关经验，计算机、数学统计类或其他理工类专业优先；
2、具有互联网行业相关背景，对移动互联网发展有清晰认识，具备一定的项目规划、推动和落地能力，对数据分析有浓厚的兴趣；
3、熟悉常见数据分析理论及数据方法，能够通过专业分析技能识别业务价值，并落地实施；
4、熟悉hadoop环境，精通hql，有海量数据处理经验；
5、至少熟练使用python、spark、r、sas，matlab等分析工具之一；
6、具有直观的数据展现和解读能力，具备一定的excel和ppt能力；
7、有良好的团队合作及沟通表达能力。

",1,0,0,1,1
1001,数据分析助理,懒人听书,深圳,150-500人,大专,C轮,移动互联网,5.5,1年以下,,"[""五险一金"",""年度旅游"",""弹性工作"",""节日礼物""]","
        岗位职责：

1.与各部门业务侧沟通，处理每月各项业务结算事宜。

2.熟悉行业情况，实时了解竞争对手的动态并分析形成报告。

3.协助数据分析员完成各项数据分析工作。

4.组织部门员工会议及培训学习。

5.完成领导交代的其他事情。



任职要求:



1.大专及以上学历，有一定的财务基础。


2.对有声阅读行业有一定的了解，对数据分析类工作有强烈的兴趣，能充分理解工作内容，不断学习总结经验。


3.逻辑思维强，有良好的沟通能力和执行力，处事细心、耐心、有责任心。


4.团队意识强，责任心强，积极主动，较强的抗压能力，善于团队合作。

",0,0,0,0,0
1002,022440-数据分析岗,平安人寿,深圳,2000人以上,本科,上市公司,金融,15.0,1年以下,,"[""绩效奖金"",""带薪年假"",""定期体检"",""节日礼物""]","
        工作职责
1.制定kpi计划及工作计划，并建立对应追踪和检视机制;
2.统筹个险业务常规经营分析及专题分析;
3.统筹个险前线数据支持报表体系管理，最终实现智能化管理;
4.研究线下业务互联网运营模式。
任职要求
1.本科学历，经济学、数学类、统计学类、计算机类等相关专业；
2.1-3年相关工作经验。
        ",0,0,0,0,0
1003,02315R-资深数据分析师(平台电商领域),平安人寿,深圳,2000人以上,本科,上市公司,金融,45.0,3-5年,,"[""绩效奖金"",""带薪年假"",""定期体检"",""节日礼物""]","
        工作职责
岗位职责： 
1、负责公司电商渠道的每日运营、销售数据的收集和汇总； 
2、搭建业务监控与数据分析体系，分析、定位问题和原因，帮助管理层、业务部门及时发现问题把握运营方向； 
3、基于数据使用场景，对数据进行梳理，推动底层数据建设，负责制定数据采集方法、数据使用规范、口径管理、原数据管理、数据清洗等工作； 
4、通过每天的数据，找出异常数据，并编制报表，形成报告； 
5、配合产品、运营的需求，对用户行为数据进行数据挖掘、深度分析以及形成分析报告； 
6、负责提供相关日、月结算统计报表与分析报表； 
7、上级临时交付的其他工作任务。
任职要求
任职要求： 
1、 3年以上数据分析经验，丰富的电商行业数据分析、数据产品经验； 
2.、具有较强的商业、数据和业务的敏感性，具备良好的逻辑分析能力，能够系统性的思考和分析问题，同时具有较好的分析总结能力和数据报告呈现能力； 3、 熟悉使用相关工具，能熟练编写数据产品相关文档； 
4、熟练掌握excel表格各类函数，并利用透视表分析数据；有较强的逻辑分析能力，对数字敏感； 
5、工作细心，执行能力强，能承受一定的工作压力
        ",0,0,0,1,0
1004,财务数据分析,编程猫,深圳,2000人以上,本科,C轮,教育,12.5,1-3年,,"[""专项奖金"",""股票期权"",""岗位晋升"",""扁平管理""]","
        工作职责:
1. 从工具和技术的层面完成并协助财务部门、财务分析团队对财务相关数据的梳理、整合和分析报表设计，为业务部门决策提供支持；
2. 通过梳理并优化现有数据分析的内容、流程和机制，深度挖掘数据价值，提供财务决策支持；
3. 对接内外部系统开发，提供需求、测试、上线以及报表设计、数据标准化和数据转换方面的支持；
4. 支持对接公司重点财务分析项目，借助数据分析，发现财务管理问题，提出改进意见，探索和研究提高roi的方法，为公司提高经营效率和财务管理提供建议；
5. 结合企业现有财务系统，深入分析财务数据和业务数据，利用python, tableau, javascript等工具构建业务部门财务报告体系；
6. 基于大数据平台，提取、处理业务及财务数据，通过数据分析和数据挖掘，给出直观的分析及决策支持；
7. 推动财务相关工作信息化水平的持续提升；
8. 上级领导安排的其他工作。

任职资格:
1. 本科及以上学历，财务、计算机、统计、数据科学相关专业优先；
2. 2年以上财务或数据相关工作经验，互联网公司数据分析、咨询公司或四大会计师事务所背景优先；有大型企业或互联网企业财务信息化实施经验的优先，有互联网结算系统经验的优先；
3. 熟悉财务收付款、收入成本核算、结算对账等；
4. 优秀的商业分析能力（结构化思维）、敏锐的数据洞察力和对工具、技术的学习、掌握能力。

",1,0,1,0,0
1005,数据分析师,罗马仕,深圳,500-2000人,本科,不需要融资,移动互联网,20.0,5-10年,,"[""带薪年假"",""绩效奖金"",""帅哥多"",""领导好""]","
        工作职责：

1. 数据为公司核心资产，一切以数据为核心，一切用数据说话，用数据驱动一切；
2. 负责业务领域级信息架构（如业务数据模型、端到端数据流、企业数据标准等）的设计与优化，对公司数据资产梳理和管理，打通数据流程，实现数据集成和共享；
3. 参与公司业务变革及it实施项目，结合业务发展进行公司数据治理，进行系统数据集成和共享；
4. 管理公司数据架构（梳理管理数据资产、数据标准、数据模型和数据分布）；
5. 负责项目级数据架构设计，确保变革方案对架构遵从，并推动跨领域重大数据问题的分析、定位、解决；
6. 协同业务进行数据质量、数据分析、数据应用管理，实现数字化运营。
任职要求：
1. 具有大型业务管理系统（如erp、crm等大型软件包）分析设计能力，精通数据建模、跨系统的数据集成方案设计并推动落地落；
2. 具有中大型it软件包应用实施经验，集团性企业数据管理，如营销、研发、生产、供应链、财务、电商2b/2c、运营管理领域等；
3. 有数据质量管理意识，了解质量管理理论，熟悉数据质量管理优先；
4. 有bi、数据挖掘、大数据或相关领域设计和开发经验优先；
5. 学习能力、抗压能力、互联网思维能力、团队合作精神。
        ",0,0,0,0,0
1006,数据分析师(J10304),传易,深圳,150-500人,本科,不需要融资,社交,12.5,1-3年,,"[""年底双薪"",""交通补助"",""股票期权"",""定期体检""]","
        工作职责:
岗位职责：
1、负责产品的数据分析，建立和完善产品的数据体系，通过业务指标反映运营状况
2、理解业务和用户需求，挖掘用户行为特征，进行深度专题分析，洞察业务中的核心痛点和改善机会
3、协助上级建立和完善风险相关管理流程和体系，对体系运营数据作相应的指标监控；
4、参与整个产品周期的风险策略，包括贷中监控入组策略、客户风险等级分群策略、贷中贷后客户回访/维护/行动策略，并跟踪其效果和持续优化；
5、数据运营和分析，结合业务对日常数据指标监控，实时对异常数据分析，给出指导业务前端的分析报告；
6、风控决策作整体量化监控，输出各决策方案的波动分析结果，给出最终的业务分析报告。

任职资格:
任职要求：
1、本科及其以上学历，金融、统计学、数学等相关专业优先考虑；
2、一年及以上金融、互联网行业工作经历；
3、扎实的数学基础，包括概率／统计／代数等，具备大数据处理能力，掌握hive、hadoop、sql等相关数据处理工具；
4、良好的数据敏感度，能从海量数据提炼核心结果， 能够以客观的数据和严谨的分析过程，形成可靠的分析结论及建议；
5、有高度的责任感，有上进心和主动性。

",0,1,0,0,0
1007,BI 数据分析师,紫元元科技,深圳,50-150人,本科,上市公司,医疗丨健康,14.0,3-5年,,[],"
        岗位职责：
1、较强的数据处理能力，包括但不限于使用excel、vba、power query、sql、r 、spss 、python等；
2、负责数据提取与分析，持续跟踪业务数据、监测业务发展态势，挖掘数据背后的市场方向、规律、短板，输出分析报告，为业务发展与优化提供决策依据。
任职要求：
1、数学、统计、计算机类专业优先，5年以上互联网领域数据分析师工作经验，电商领域分析师优先考虑；
2、根据业务场景，构建业务数据平台，建立和完善日常业务报告体系，数据可视化呈现，能够及时、准确、完整的披露项目的运作情况；
3、数据报表模块开发，根据业务以及客户服务需求，开发各业务报表，涉及销售、客服、运营、物流、财务、产品、客服端等业务全场景有效数据；
4、有较强的数据敏感性、逻辑思维能力、快速的业务理解和学习能力。能够从数据中发现问题，提出和落实解决问题的方案。
        ",1,1,0,1,1
1008,数据分析师,明源云,深圳,2000人以上,本科,上市公司,电商,17.5,5-10年,,"[""高额六险一金"",""年底双薪"",""绩效奖金"",""N项经费""]","
岗位职责：1、对公司营销目标、业务增长负责，通过数据分析，探索业务机会点，输出目标拆解路径及增长方案；2、营销核心数据监控，挖掘过程中的异常情况与典型案例，挖掘可负责的增长方式；3、负责设计与搭建数据化用户运营体系，对用户进行全生命周期运营，通过数据对用户进行合理分层，设计不同层级用户的数据分析体系，持续提升营销转化；4、能独立完成数据分析报告，为营销方案、业务发展、运营决策提供数据支持及策略建议。任职要求：1、本科以上学历，5年以上数据分析与运营经验，有良好的商业sense；2、对用户体系有深入了解，具备资源整合能力，善于沟通协同；3、具有很强的数据化、产品化运营经验，能够设计数据分析与运营体系，善于从数据中发现问题并提出解决方案；4、具备较强的数据处理能力，以及excel、ppt处理能力，sql数量者优先；5、有bi、用户运营、业务数据分析经验，对房地产行业或企业信息化行业有一定了解优先。
",0,1,0,1,0
1009,数据分析师,白骑士,深圳,50-150人,本科,A轮,企业服务,22.5,3-5年,,"[""发展前景"",""成长空间"",""扁平管理"",""体系化运营""]","
        职责描述：
1.参与联合建模、特征变量系列产品和项目规划；
2.结合数据挖掘，机器学习，深度学习算法，能独立构建在不同场景下的分类和预测模型；
3.针对模型提出行之有效的优化方案；
4.关注数据挖掘，机器学习行业动态，并思考与自有数据的结合点。

任职要求：
1.本科及以上学历，统计学、应用数学、计算机、金融等相关专业，3-5年工作经验；
2.精通使用python/r语言/spss/sas中任一种进行数据分析与建模工作；
3.熟悉各类模型分类与回归算法，如lr、决策树、聚类算法、svm、gbdt等，理解常用算法的来龙去脉及调优方式；熟悉建模过程中的数据处理方法，能基于业务数据独立完成模型构建及调优工作，并能协助团队成员解决问题；
4.熟悉金融风控业务，具有良好的数据敏感度、逻辑能力与创新能力，能够提出自己对业务数据的思考与理解；
5.能承受一定工作压力，有信用或欺诈风险建模经验，有海量数据挖掘的项目经验者优先，熟悉hadoop或者spark架构者优先。
        ",1,0,0,0,1
1010,数据分析师,道道,深圳,50-150人,硕士,C轮,数据服务,22.5,3-5年,,"[""平等的氛围"",""年底双薪"",""带薪年假"",""定期体检""]","
        岗位职责：
1、根据业务部门需求，充分利用现有数据资源，进行特征工程，构造有效合理的特征，建立合适的分析模型对业务问题进行分析；
2、根据院校历史最低录取排名、招生人数等数据，构建特征、建立预测模型，计算院校录取概率；
3、结合现有业务数据分析结果以及用户个性化需求，为用户推荐合适的内容；
4、基于具体业务规则，文本相似度等分析方法，进行数据清洗工作。

岗位要求：
1、有数据分析/挖掘经验，有互联网行业分析经验优先；
2、硕士学历，数学、统计、计算机专业优先；
3、参加过完整的数据分析项目，能够独立开展研究项目和撰写分析报告；较强的数学、统计和计算机知识，熟悉特征工程，回归分析、概率分布等统计知识；
4、熟悉sql，熟练掌握python，加分项：熟悉flask框架、docker、git，go语言；
5、具备良好的沟通能力，能够进行跨团队的沟通协调。

",1,1,0,0,0
1011,数据分析师,有品 PICOOC,深圳,50-150人,本科,C轮,移动互联网,15.0,3-5年,,"[""股票期权"",""绩效奖金"",""带薪年假"",""扁平管理""]","
岗位职责： 1、负责产品的市场机会挖掘、竞争格局分析，产出基于数据的商业洞察，为业务决策提供关键输入； 2、基于bi平台数据，洞察生意问题和机会点，建立产品、业务的量化分析模型，追踪产品成长周期、市场趋势、价格策略等，为业务方提供决策支持； 3、跟进业务方的日常运营数据，提供相应的业务场景的评估分析及特定问题的专项研究。 任职要求： 1、3年或以上数据分析相关工作经历，对业务逻辑和数据变化敏感，具备优秀逻辑分析能力和系统性思考分析问题能力。理工科背景，统计、数学、信息技术、金融工程等相关专业优先； 2、对商业、市场和消费者有一定认知和理解。快消品、消费类电子行业，数据科学、数据分析、经营分析或数据化运营工作经验者优先； 3、具备基础数据分析技能，熟练应用sql、excel、tableau、python/r等数据分析工具。
",1,1,1,1,0
1012,数据分析师,有品 PICOOC,深圳,50-150人,本科,C轮,移动互联网,15.0,3-5年,,"[""股票期权"",""绩效奖金"",""带薪年假"",""扁平管理""]","
        岗位职责：

1、负责产品的市场机会挖掘、竞争格局分析，产出基于数据的商业洞察，为业务决策提供关键输入；

2、基于bi平台数据，洞察生意问题和机会点，建立产品、业务的量化分析模型，追踪产品成长周期、市场趋势、价格策略等，为业务方提供决策支持；

3、跟进业务方的日常运营数据，提供相应的业务场景的评估分析及特定问题的专项研究。

任职要求：

1、3年或以上数据分析相关工作经历，对业务逻辑和数据变化敏感，具备优秀逻辑分析能力和系统性思考分析问题能力。理工科背景，统计、数学、信息技术、金融工程等相关专业优先；

2、对商业、市场和消费者有一定认知和理解。快消品、消费类电子行业，数据科学、数据分析、经营分析或数据化运营工作经验者优先；

3、具备基础数据分析技能，熟练应用sql、excel、tableau、python/r等数据分析工具。
        ",1,1,1,1,0
1013,数据分析师（商业分析）,华米科技,深圳,500-2000人,硕士,上市公司,移动互联网,18.0,1-3年,,"[""绩效奖金"",""午餐补助"",""带薪年假"",""弹性工作""]","
        岗位职责：
1.对接市场洞察需求，负责全球智能穿戴和运动健康行业数据探索和挖掘，并参与完成相关数据资源库（轻量级）的建设；
2.定期完成对全球重点市场的电商平台、社交媒体、新闻媒体等平台公司相关的零售、消费者评价、品牌相关讨论等数据的采集并输出相关主题的分析报告（保护但不限于线上竞争格局分析、评论主题分析、特定观点挖掘分析等）；
3.负责对通过公司内部问卷系统进行收集的消费者语义反馈信息进行文本分类和主题建模分析。

任职资格：
1.硕士及以上学历，data science、business analytics、计算社会科学等相关专业，1-2年工作经验；
2.熟悉python/r/爬虫开发，了解常用爬虫框架和工具，如scrapy、requests、xpath等, 熟练掌握mysql、mongdb等常规数据库操作；
3.了解机器学习基本算法，有利用scikit learn、gensim、gephi、spacy等工具进行文本聚类、主题分析、观点挖掘、情感分析等语义研究项目经历的优先。
4.英语基础良好，熟悉国际主流电商、社交媒体及科技媒体生态者优先；
        ",1,1,0,0,0
1014,数据分析师,行云网,深圳,150-500人,本科,B轮,电商,16.0,3-5年,,"[""带薪年假"",""股票期权"",""五险一金"",""互联网公司""]","
        岗位职责：
1、高效支持业务端的数据需求，包括经营、会员等方面，满足业务方对数据的各类需求。
2、通过数据分析工具，进行数据分析和研究，挖掘数据之间的内在关系、背后的市场方向、规律，为业务决策提供依据；
3、梳理、分析电商运营与推广的业务需求，制定常规数据报表，提升数据支持运营与推广能力。
4、根据业务需求进行模型建设， 输出有价值的结果产品。
岗位要求：
1、3年以上工作经验，本科以上学历，数学、统计学等专业优先；
2、逻辑能力强，有极强的数据敏感度与数据分析能力；
3、熟悉数据相关的工具，不限sql\excel\python\r等；
4、对数据分析、挖掘、建模等有个人见解，能根据业务情况设计数据方案并落地。
        ",1,1,0,1,0
1015,数据分析师,吉比特,深圳,500-2000人,本科,上市公司,游戏,12.5,应届毕业生,,"[""上市游戏公司"",""百万购房借款"",""兴趣导向"",""12%公积金""]","
        【任务清单】
1、基于数据，分析和研究游戏，发现各游戏规律和问题；
2、构建完善的数据分析体系，服务于游戏的整个生命周期；
3、运用算法、工具，挖掘玩家行为数据，探索玩家的微观世界。

【角色属性】
1、本科及以上；数学/统计学/计算机科学等专业；
2、游戏爱好者，深入理解某类型游戏；有数学建模大赛的经验；
3、office/mysql的高阶选手，熟悉常用机器学习模型/算法框架；至少掌握一门编程语言；
4、超强总结和沟通能力，跨部门沟通及协作推动力；
5、强大的逻辑思维和系统思维，心思缜密细腻，喜欢学习新知识。
        ",0,1,0,0,0
1016,数据分析专员,慧择网,深圳,500-2000人,本科,上市公司,电商,11.5,不限,,"[""职位晋升"",""六险一金"",""年终奖金"",""三餐免费""]","
工作职责：1、深入理解并梳理公司各业务条线业绩指标，与业务部门一起对各节点的业务指标从数据层面进行分解、确认，并参与公司级业绩数据报表及业务数据追踪机制的建立；2、按职责负责公司业务条线业绩追踪报表的开发、准确产出及日常维护；3、利用专业的数据分析技术，与各业务部门合作，执行业务策略分析项目，提供先进的数据分析支持，保证分析的效率及项目目标的达成；4、从公司各业务数据源获取、清洗、整合客户和营销活动数据并将之融入到决策平台数据库的开发、管理和应用中，为公司级决策平台建设提供必要的支持；5、持续学习数据挖掘相关理论、工具及技术知识，保证技术水平的稳定维持及提升。 任职要求：1、本科及以上学历，统计学、数学、信息管理、计算机、市场营销专业优先；2、至少1年以上数据分析经验（或优秀的相关专业硕士以上应届毕业生），熟练使用数据分析语言或工具，如sql，sas，python，r等。熟悉数据库营销或客户生命周期管理概念，有营销业绩追踪报表开发经验者优先；3、熟悉数据清理与整合、数据库模型、数据库的规划和管理（如sql server、oracle等）。了解数据挖掘和多元统计分析原理，如逻辑回归、决策树、聚类分析、时间序列分析等优先；4、熟练使用ms word、excel、ppt、outlook，英语良好，敏锐的分析能力，良好的沟通能力，积极主动，执行力强，能够承受较大工作压力。
",1,1,0,1,1
1017,数据分析师,纵腾集团,深圳,2000人以上,本科,上市公司,电商,12.5,1-3年,,"[""绩效奖金"",""年度旅游"",""节日礼物"",""美女多""]","
        岗位职责：
1.负责客户业务需求的沟通、分析、引导，并挖掘客户潜在业务需求；
2.高质量完成tableau 数据及报表开发；
3.敏锐的数据跟踪，持续发现数据价值，为客户提供决策依据。

任职要求： 
1.2年以上bi或者数据分析工作经验；
2.能编写高质量sql，hive sql 等。
3.熟练使用至少一款bi前端工具，有tableau报表开发经验者优先；
4.具有相应的电商、供应链或零售行业经营分析工作经验；
5.优秀的沟通表达能力、具备商业分析思维。
        ",0,1,1,0,0
1018,数据分析,华为消费者业务,深圳,2000人以上,本科,不需要融资,通讯电子,10.0,1-3年,,[],"
        岗位要求：
1、本科及以上学历
2、熟练使用excel，懂得sql。
3.有大数据处理经验或者用户行为数据分析经验
岗位职责：
1、做用户行为分析和调研数据分析的，比如用户对产品、服务等的满意度等
2、月度例行从质量bi中提取ffr/doa/dap等数据并根据度量指标要求进行发布；
3、月度终端质量绩效报告数据统计支撑；
4、csqc/qmt重点工作进展及指标达成情况月度报告；
        ",0,1,0,1,0
1019,游戏数据分析师,藤蔓公司,深圳,50-150人,本科,不需要融资,游戏,20.0,3-5年,,"[""年底双薪"",""专项奖金"",""年终分红"",""定期体检""]","
岗位职责：
1、负责新游数据相关工作，通过数据分析和数据挖掘，找出游戏的问题，调优建议和方向；
2、负责游戏数据分析体系搭建，包括log埋点、日志上报、分析系统的规划等；
3、负责游戏目标用户分析、数据预估、用户调研等，为运营计划及市场方案提供依据；
4、负责游戏上线及版本更新时的效果分析，包括：留存及流失分析、付费分析、功能玩法分析、用户满意度调研等；
5、通过数据监控游戏中的各种动向与产品健康度，及时发现不良运营情况。

岗位要求
1、3年以上游戏数据分析经验，对用户建模、用户调研等有一定的了解；
2、对数据敏感，有较强的逻辑思维和数据分析能力，并有大数据对比及处理经验；
3、熟悉游戏产品运营工作，了解用户行为模式和心理；
4、较强的总结和报告撰写能力，熟练使用excel、word、ppt等工作软件；
5、良好的沟通能力和合作意识，抗压能力强；
6、了解各类游戏产品的表现情况，对沙盒游戏产品有一定了解。
",0,0,0,1,0
1020,高级数据分析师（C端）,土巴兔,深圳,500-2000人,本科,C轮,消费生活,32.5,5-10年,,"[""股票期权"",""五险一金"",""带薪年假"",""节日礼物""]","
        职责描述：
1、土巴兔管家业务数据统计分析；
2、配合业务进行专题性分析；
3、帮助产品完成例行数据分析工作，跟踪业务发展状况，及时反映业务问题；
4、结合业务发展目标，梳理运营数据基础建设，构建业务分析指标体系；
5、通过数据分析驱动业务实现增长目标；

任职要求：
1、计算机、数学、统计学等相关专业，本科及以上学历，掌握统计学相关知识；
2、具有数据化运营、数据建模、互联网等相关经验，5年以上经验优先；
3、有app相关分析经验或推广数据分析经验者优先；
4、熟悉掌握sql语言，熟练掌握hive、spark、python、r语言、spss、sas一种或者多种；
5、逻辑清晰，对数据敏感，可独立编写数据分析报告，及时发现和分析其中隐含的变化和问题；
6、较强的抗压能力，责任心强，有良好的跨部门沟通能力与资源整合能力。
        ",1,1,0,0,1
1021,数据分析专员,讯万达科技,深圳,150-500人,本科,不需要融资,人工智能,10.5,1-3年,,[],"
【职位描述】 1、根据不同的业务主题，进行数据处理、挖掘，为精准运营和个性化服务提供数据支持；         2、建设业务分析模型，不断评估和优化业务分析模型。       3、支持业务上各种统计分析需求。         【职位要求】        1、应用数学、统计学、计算机相关专业优先，对数据分析有强烈兴趣者优先；2、有it大数据分析经验，有大型互联网公司数据分析经验、互联网数据建模分析经验者优先；         3、有一线产品或运营业务优化经验者优先；         4、熟练使用 r/python 进行数据清洗、分析；         5、能快速理解业务，发掘业务细节和数据之间的联系；       6、掌握 tableau 等 bi 工具，懂机器学习的基础算法尤佳。【工作时间】9:00-18:00，午休2小时，周末双休，法定节假日 【福利待遇】上下班车，早餐，夜宵，五险一金
",1,0,1,0,0
1022,数据分析专员,乐言科技,深圳,50-150人,本科,A轮,游戏,12.0,1-3年,,"[""股票期权"",""定期体检"",""大牛多多"",""双休福利好""]","
        岗位职责： 

分析及挖掘游戏用户行为数据，生成相关分析报告，为产品经理、开发、及美术团队提供决策支持； 
负责游戏专项数据分析，包括但不限于版本内容、活动效果、留存与流失，功能玩法分析等，为产品持续优化提供数据支持； 
建立业务指标体系、算法模型、提供游戏及市场分析或预测效果； 
探索开发数据相关工具，为数据分析或用户研究提供高效支持。 


任职要求： 

本科或以上学历，有计算机背景或有互联网产品、运营等相关工作经验者优先； 
熟练运用python、sql、r等大数据常用技术； 
具备较强的数据敏感度，能从海量数据中挖掘数据价值并形成专业报告； 
工作细致、认真、有责任心，具备较强的沟通协调能力、文字撰写能力以及语言表达能力。 


关于乐言： 

极度钻研：专注海外精品手机游戏自主研发、运营，致力于打造世界一流的产品； 
技术深厚：创始人、cto（原腾讯技术总监），研发经理及技术骨干均为腾讯技术背景； 
飞速发展：公司已有2.8亿用户群，每年100%盈收增长； 
成长提升：一对一导师，帮助你的成长；大牛分享，团队分享，给你更多学习机会； 
工作时间：周末双休，早上 9:00-18:30。 


福利： 

一年多次调薪、7天年假10天全薪病假、五险一金 
年度旅游、年度体检、每月团建 
生日礼包、节日礼品 
不限量水果零食咖啡 
工作地址
深圳 - 南山区 - 深圳市南山区南山大道登良路恒裕中心b205a
        ",1,1,0,0,0
1023,数据分析师,换换优品,深圳,50-150人,本科,不需要融资,电商,15.0,3-5年,,"[""带薪年假"",""专项奖金"",""晋升空间大"",""发展舞台广""]","
岗位职责
1、对公司运营进行定期统计和分析；
2、协助技术部和产品部开发数据平台；
3、通过数据挖掘对用户数据进行分析，为精细化运营及营销提供数据支持，提出合理化建议；
4、定价规则的编写；熟悉r语言；
5、维护公司各种产品的价格以及及时更新；
6、负责相关数据的收集、整理、统计和分析；
7、负责产品数据分析工作，发现运营异常，分析原因，为决策者提供数据支持；
8、领导临时安排的工作。
 
任职资格
1、本科以上学历，统计学、应用数学、计算机、计量经济、金融等相关专业优先；
2、熟练掌握和运用相关数据分析软件，至少掌握sas、spss、r、matlab、excel等统计工具中的一种；
3、具备较强的逻辑思维能力、分析判断力及较强的学习能力；
4、熟悉ga、百度统计等网站数据统计平台者，优先考虑。

注：本岗位每周6天工作制，介意者勿投！
",0,0,0,1,1
1025,开发工程师（数据分析方向）,交控科技,深圳,150-500人,本科,不需要融资,其他,8.0,应届毕业生,,[],"
岗位职责：
1、参与公司复杂项目的方案设计，并提出数据分析方案和产出描述；
2、完成大型及复杂项目实施过程中的数据提取、数据分析、数据展示工作；
3、基于数据分析出得到的有价值信息，能够独立或协助研究经理形成系统性的解决方案；
4、对于数据分析和数据挖掘技术有较全面深入的理解，能够对客户或团队成员形成知识转移。 

岗位要求：
教育背景：
面向2020届，本科以上学历，计算机、数学、统计学、人工智能、信号与系统等相关专业，硕士优先；
经    验：
具备大数据的处理能力，精通hive、sql，有r、python、spark、tableau等使用经验； 
熟悉常用的统计方法：线性回归、逻辑回归、实验设计、聚类、分类等，熟悉主流统计分析软件，数据挖掘的常用算法，能够进行海量数据处理和挖掘； 
良好的数据敏感度，有丰富的数据分析、挖掘、清洗、建模、分布式数据挖掘项目经验；
具备良好的沟通能力、逻辑思维能力、高强度抗压能力和团队合作能力； 
了解概率论与数理统计的原理及方法，对新技术有强烈求知欲和学习能力。
",1,1,1,0,0
1026,数据分析师,赛凌科技,深圳,50-150人,本科,不需要融资,电商,22.5,3-5年,,"[""五险一金"",""岗位晋升"",""带薪年假"",""节日礼物""]","
        岗位职责：
1、构建业务指标体系，负责公司日常报表开发，维护，为业务部门提供多层面数据支持；
2、根据不同场景特征，向业务部门提供数据支持，指导业务发展；
3、基于业务场景进行多维度的专题分析，为业务决策和产品方案提供数据支撑；
任职要求：
1、本科以上学历，计算机，数理统计相关专业；
2、三年以上数据分析工作经验，有互联网行业，电商saas平台相关工作经验优先；
3、良好的数据敏感度，逻辑思维能力和分析能力 ；
        ",0,0,0,0,0
1027,安全总监/安全运营工程师/安全数据分析,平安科技,深圳,2000人以上,本科,不需要融资,金融,45.0,3-5年,,"[""六险一金"",""扁平化管理"",""丰厚年终"",""丰富技术交流""]","
        安全总监

岗位职责：

1、统筹公司安全运营与管理制度建设，包括但不限于终端安全、操作安全、应用安全等，积极推动相关制度在各系统领域的落地实施，提升公司信息安全水平；
2、统筹信息安全风险评估体系、安全运营事件应急响应机制建设，保障安全问题能够及时有效得到解决；
3、结合公司战略目标，统筹建立健全公司安全审计相关制度，完善安全审计工作标准和工作流程；
4、关注最新安全管控产品和技术手段动态、漏洞信息，及时封堵公司相关产品和策略的盲点，持续推进安全平台产品功能优化升级。

岗位要求：

1、8年以上信息安全相关经验；
2、全日制本科及以上学历，计算机相关专业；
3、精通信息安全相关法律法规、熟练使用各种安全相关工具、熟练掌握企业信息安全攻防技能；
4、在操作系统、数据库、网络和安全产品等方面有扎实的技术功底和项目实践，熟悉网络安全相关知识，熟悉主流的加固及防护措施，对信息系统安全、数据库安全、网络安全以及防信息泄露等有全面了解。


安全运营工程师（开发背景）

平安产险
-
产险总部科技中心信息安全团队
工作地点：深圳市|经验要求：4年|能力层级：初级|招聘人数：1人昨天
岗位职责：

1. 利用网络安全日志、业务系统日志、sdk埋点数据进行建模分析，识别网络安全威胁和业务安全风险；
2. 对系统日志和业务交易数据进行数据挖掘和分析，识别异常操作行为，支持业务风控；
3. 建立实时安全监测策略，对接业务系统进行安全告警和攻击阻断；
岗位要求：
1. 全日制本科及以上学历，it或数据相关专业背景；
2. 熟悉使用sql、python等语言、掌握常用机器学习算法；
3. 4年以上相关工作经验，有cissp证书者优先；
4. 良好的沟通协调能力、分析和解决问题能力。


数据分析-信息安全

平安产险
-
产险总部科技中心信息安全团队
工作地点：深圳市|经验要求：4年|能力层级：初级|招聘人数：1人昨天
岗位职责：

1. 利用网络安全日志、业务系统日志、sdk埋点数据进行建模分析，识别网络安全威胁和业务安全风险；
2. 对系统日志和业务交易数据进行数据挖掘和分析，识别异常操作行为，支持业务风控；
3. 建立实时安全监测策略，对接业务系统进行安全告警和攻击阻断；
岗位要求：

1. 全日制本科及以上学历，it或数据相关专业背景；
2. 熟悉使用sql、python等语言、掌握常用机器学习算法；
3. 3年以上相关工作经验，有cissp证书者优先；
4. 良好的沟通协调能力、分析和解决问题能力。

",1,1,0,0,0
1029,大数据分析工程师,云天励飞,深圳,500-2000人,硕士,B轮,人工智能,45.0,3-5年,,"[""节日礼物"",""带薪年假"",""年度旅游"",""开放务实""]","
        工作职责：

1、 参与海量数据预处理、分析及其加速

2、 探索、开发并维护数据基础设施，提供各种高效数据访问和处理工具

3、 优化并行计算模型，利用经典的机器学习模型快速提取数据特征

4、 基于数据特性，设计新的机器学习模型，并使设计的模型输出可解释性的结果





任职资格：

1、 全日制硕士及以上学历

2、熟悉大规模数据处理的技术，了解分布式计算环境的基本原理

3、 熟悉服务器各种基本操作，包括服务器的资源分配与管理

4、 有快速编程能力（python, scala和c++等）

5、 熟练掌握传统机器学习模型（kmeans, gmm和svm等）的基本原理及其实现

6、 有深度学习模型开发经验

7、 熟悉hadoop生态圈，以及hbase、spark等开发者优先考虑

",1,0,0,0,0
1031,数据分析专员,乐言科技,深圳,50-150人,本科,A轮,游戏,8.5,应届毕业生,,"[""股票期权"",""定期体检"",""大牛多多"",""双休福利好""]","
        岗位职责：

 分析及挖掘游戏用户行为数据，生成相关分析报告，为产品经理、开发、及美术团队提供决策支持；
 负责游戏专项数据分析，包括但不限于版本内容、活动效果、留存与流失，功能玩法分析等，为产品持续优化提供数据支持；
 建立业务指标体系、算法模型、提供游戏及市场分析或预测效果；
 探索开发数据相关工具，为数据分析或用户研究提供高效支持。


任职要求：

 本科或以上学历，有计算机背景或有互联网产品、运营等相关工作经验者优先；
 熟练运用python、sql、r等大数据常用技术；
 具备较强的数据敏感度，能从海量数据中挖掘数据价值并形成专业报告；
 工作细致、认真、有责任心，具备较强的沟通协调能力、文字撰写能力以及语言表达能力。


关于乐言：

 极度钻研：专注海外精品手机游戏自主研发、运营，致力于打造世界一流的产品；
 技术深厚：创始人、cto（原腾讯技术总监），研发经理及技术骨干均为腾讯技术背景；
 飞速发展：公司已有2.8亿用户群，每年100%盈收增长；
 成长提升：一对一导师，帮助你的成长；大牛分享，团队分享，给你更多学习机会；
 工作时间：周末双休，早上 9:00-18:30。


福利：

 一年多次调薪、7天年假10天全薪病假、五险一金
 年度旅游、年度体检、每月团建
 生日礼包、节日礼品
 不限量水果零食咖啡

",1,1,0,0,0
1032,游戏数据分析师,奇迅新游,深圳,150-500人,本科,未融资,游戏,18.0,3-5年,,"[""带薪年假"",""绩效奖金"",""年度旅游"",""美女多""]","
        1、负责产品日常数据监控、运营数据日报、周报的输出；
2、配合活动、商业化等运营模块，为项目日常运营决策提供数据支撑；
3、负责项目专项数据分析需求（包括但不限于版本内容，活动效果，留存与流失，功能玩法分析），推动研发团队进行产品迭代；
4、配合数值监测与把控产品资源的产销，使产品资源产销上处于良性循环；
5、推进现有数据平台的需求输出与跟进落地，能基于游戏理解提出差异化打点方案；（项目团队与后台之间的对接，完善后台体系，细化产品打点方案）
6、定位游戏目标用户进行用户调研与分析，输出用户画像，为运营计划，产品迭代提供决策支持；（针对不同标签用户群有合理的分析经验，制定不同用户群体的数据分析模型）
7、通过数据监控线上产品运营状况，及时发现数据异常与风险，定位原因并跟进解决；（能通过产品反馈数据有效洞察即将出现的问题，规避风险）
职位要求：
1、全日制本科及以上学历，热爱游戏，深入体验过多种类型的游戏； 
2、对休闲类游戏的核心玩法、关卡设计、经济系统等有一定了解认知；
3、较强的数据敏感度，能从大量数据中挖掘数据价值并形成报告，并将结论输出落地实践，跟进问题解决；
4、有数据模型分析经验者优先考虑
        ",0,0,0,0,0
1033,高级数据分析师,Amber Group,深圳,150-500人,本科,不需要融资,金融,30.0,3-5年,,"[""绩效奖金"",""定期体检"",""交通补助"",""岗位晋升""]","
        工作职责：
1.根据业务线情况，独立完成分析指标搭建，并从中发现问题、找到机会、风险点，提出有效建议；
2.独立完成数据报告的设计与制作；
3.独立完成专题分析，通过对渠道引流、市场营销、产品分析等的跟踪与分析，为公司渠道管理、产品方向、销售策略等提供数据支持；
4.需求沟通与管理，判断各部门的需求紧急程度、需求要点、需求方式，给出合理需求解决方案；
任职资格：
1.统计、计算机、金融、信息技术等专业本科及以上学历；
2.3年以上数据分析相关工作经历，有互联网及互联网金融相关行业背景优先；
3.熟练运用sql，熟练使用excel、ppt等办公软件；
4.熟悉常用数据挖掘方法及其原理，能搭建数据模型，熟悉r/pathon/sas/spss等数据挖掘工具中的一种或几种；
5.有较强的分析和解决问题能力，良好的学习的能力、沟通能力和逻辑表达能力，有团队合作意识。
你将得到
1.入职即享受五险一金。
2.一年至少一次的调薪机会。
3.年度体检，每月一次的团建活动。
4.在同行中具有竞争力的薪酬福利待遇，提供项目奖、绩效奖、年终奖等。
5.如果你是个吃货，amber有提供各类美味的零食和饮品，足以让你元气满满。
        ",0,1,0,1,1
1034,数据分析师（挖掘方向）,吉比特,深圳,500-2000人,本科,上市公司,游戏,20.0,3-5年,,"[""上市游戏公司"",""百万购房借款"",""兴趣导向"",""12%公积金""]","
岗位职责：1、基于海量的玩家行为数据，对于玩家进行画像；2、通过爬虫工具，收集网站玩家数据，进行分类画像；3、通过算法，预估一段时间内游戏的dau和收入走势；4、通过玩家行为研究，改善游戏体验和游戏生态。

任职资格：1、计算机、统计学、数学相关专业，3年以上实际数据挖掘建模项目经验；2、熟悉数据挖掘建模过程及主流算法及相应数据分析与处理技术；3、掌握数据挖掘理论及较为扎实的统计理论知识，熟练使用至少一种专业统计分析软件，如spss、r等，熟悉hadoop；4、具有独立分析和解决实际业务问题的能力；5、热爱游戏，有高度的工作责任心、良好的团队意识及独立工作能力。
",0,0,0,0,1
1035,游戏数据分析师(YX81),创梦天地,深圳,500-2000人,本科,上市公司,游戏,23.0,3-5年,,"[""绩效奖金"",""五险一金"",""带薪年假"",""节日礼物""]","
        职位描述
 1，通过数据分析对游戏运营提供数据支撑，包括并不限于拉新、价值提升、流失挽回、游戏生态、活动效果评估等；
2，构建完善的游戏项目运营数据分析体系，为日常游戏运营提供相关的数据支持和洞察；
3，通过数据挖掘和探索分析用户行为数据（如画像分析，用户生态等）、游戏数值设计合理性等信息，根据分析结果，推动协调研发调整、运营方向、内容规划、资源投放等关键业务；
4，推进现有数据后台的优化及新功能的搭建；,
5，能够对公司发行的各产品制定对应的整合的数据分析体系，全盘整合用户画像和生命周期及价值，给予发行部门提供决策思路。

 职位要求
 1，计算机科学，信息科学，统计学等相关专业本科及以上；,
2，2年以上数据分析建模的相关工作经验，有手游分析经验者优先；
3，有海量数据分析处理经验及大数据分析平台的使用经验，至少熟练掌握一种查询工具（sql、hive）；
4，工作细致耐心、积极主动，有强烈的责任感，有较好的ppt报告撰写能力，善于沟通、合作，有出色的理解力和执行能力；
5，热爱游戏，游戏理解能力强者优先考虑；

",0,1,0,0,0
1036,数据分析专员,蓝色光标SNK,深圳,150-500人,本科,不需要融资,游戏,8.0,不限,,"[""节日礼物"",""岗位晋升"",""领导好"",""美女多""]","
        工作职责：
1. 基于用户互联网行为特征和游戏互联网数据，为客户提供数据分析服务；
2. 为客户提供周期性的游戏数据分析总结或报告；
3. 为策划、调研部门的各种数据需求进行合理化建议，并提供定向支持；
4.与客户部门接口，对数据平台的改进提出合理化建议，并推动实施。

任职资格：1.大学本科及以上学历，市场学、广告学、数学、统计学等相关专业 ；
2. 熟练使用ms office办公软件，尤其是熟练使用excel与ppt；
3. 熟练使用某一种高级统计软件，可以做高级统计分析者优先（如spss、sas）；
4. 能够独立完成高质量研究报告的撰写；
5. 具有游戏市场研究、市场咨询相关研究经验者优先；
        ",0,0,0,1,1
1037,数据分析运营经理,招联金融,深圳,500-2000人,本科,不需要融资,金融,21.5,3-5年,,"[""节日礼物"",""技能培训"",""绩效奖金"",""岗位晋升""]","
        岗位职责:

1. 从产品、运营与市场的角度,运用数据挖掘/统计学的理论和方法解决项目工作实际问题；2. 从数据中挖掘潜在的问题和价值，规划、设计基于客户增长的解决方案；3. 承接业务方的数据分析需求，进行业务数据统计与分析，解决业务问题；4. 根据业务发展需求，统筹设计业务指标与业务报表，并跟踪管理业务报表体系 ；5. 协助推动相关业务流程、制度、系统改善优化；6. 及时完成上级交付的其他工作事项。
任职资格:

1. 本科及以上学历，计算机、统计学、应用数学或财务管理专业毕业；2. 三年以上数据分析与挖掘工作经验，并具有海量数据挖掘和分析项目经验，有实际挖掘应用案例优先；3. 具有互联网或金融行业从业经验，市场、经营或风险分析经验优先；4. 熟练掌握数据挖掘或统计学习的基础理论和方法，至少精通r、python、sas等工具其中一项；5. 拥有良好的逻辑分析和沟通协调能力，具有创新意识，工作细致严谨，具有高度的责任感和较强的执行能力。
",1,0,0,0,1
1038,数据分析岗(J10126),飞贷金融科技,深圳,500-2000人,本科,B轮,金融,10.0,1-3年,,"[""领导高富帅"",""女同事白富美"",""公司环境好"",""健身房少不了""]","
        工作职责:
1、负责业务部门数据需求支持工作； 
2、负责数据供给线上化，并不断优化迭代； 
3、协助部门对涉及数据相关系统进行维护及更新； 
4、完成领导交代的其它各项工作。 
任职资格:
1、本科及以上，1年以上数据处理工作经验； 
2、有互联网、金融行业等行业相关工作经验优先；
3、熟练掌握excel的高级功能（函数、数据透视等），熟练使用sql/mysql语言或者熟悉其它编程语言，擅长ppt； 
4、学习能力强，逻辑清晰，执行力强； 
5、具备良好的沟通协调能力、有耐心、有责任心、能承受一定的工作压力。
        ",0,1,0,1,0
1039,催收数据分析师,飞贷金融科技,深圳,500-2000人,不限,B轮,金融,17.5,不限,,"[""领导高富帅"",""女同事白富美"",""公司环境好"",""健身房少不了""]","
        工作职责:
1、根据运营需要，设计、梳理 梳理贷后管理相关的报表、数据统计标准和规则 ； 
2、监控风险指标，跟进和分析策略执行情况，完成贷后运营分析； 
3、配合运营催收团队做好各项数据的输入和输出工作，管理、监控、运维贷后催收平台运营报表体系； 
4、负责业务报表产出，相关业务的分析报告撰写，业务的数据统计分析、数据模型的规划、设计等工作；
5、 持续学习和掌握前沿的统计建模，数据挖掘，机器学习方法建立数据模型解决实际问题，持续提供切实有效的数据解决方案。
任职资格:
1、本科学历及以上，统计学、金融学等相关专业； 
2、有2年以上信用卡或消费金融行业风控策略分析等相关工作经验，有催收策略数据分析经验优先； 
3、掌握python、sql等数据分析工具，并且可独立完成代码构造与调优； 
4、有较强的逻辑数据分析能力、数据敏感性，具有直观的数据展现和表达能力；
5、工作认真负责，具备良好的沟通协作能力。
        ",1,1,0,0,0
1040,风控数据分析师,白骑士,深圳,50-150人,本科,A轮,企业服务,15.0,1-3年,,"[""发展前景"",""成长空间"",""扁平管理"",""体系化运营""]","
        职责描述：
1、跟踪信贷审批政策与规则的执行效果，出具分析图表及报告，给出优化方案；
2、监测贷前贷中贷后各关键环节风险指标，对风险预警异常情况进行深入分析，并提供相应的解决方案及政策建议；
3、针对各逾期状态、风险敏感性客群进行深度挖掘分析；
4、配合公司业务开展，给出风险评估报告并给出资产分配的优化建议。

任职要求：
1、本科及以上学历（985、211优先），应用数学、统计学、计算机科学、运筹学等相关专业；
2、2年及以上消金行业风险数据分析相关工作经验，对贷前、贷中、贷后其中一个或多个环节的业务数据有较高的敏感度；
3、熟练运用sql、python，熟悉java；
4、熟悉阿里云系列数据存储产品为加分项；
5、有较强的逻辑分析、图表展示能力，能条理清晰地运用数据支撑相关的分析结论。
        ",1,1,0,0,0
1041,高级数据分析,喜茶,深圳,2000人以上,本科,B轮,消费生活,12.5,1-3年,,"[""年底双薪"",""带薪年假"",""节日礼物"",""美女多""]","
        岗位职责: 
1、负责创建及维护营运部日常数据库及报表； 
2、与总部各部门对接后台数据管理系统； 
3、根据业务需求，进行多维度分析并深挖机会点，涉及以下模块最佳：销售达成，品类及活动，库存管理等。 

任职资格: 
1、本科及以上学历，it，经济、统计、会计、市场营销等相关专业。 
2、1-5年工作经验； 
3、熟悉数据库管理及报表制作，有一定分数据挖掘、分析能力；有熟练的excel及ppt技能； 
4、有零售行业从业经验最佳，咨询，审计，大数据行业亦可； 
5、乐于创新及接受挑战，有团队协作精神。
        ",0,0,0,1,0
1042,数据分析助理（近地铁）,新世洲电子,深圳,50-150人,本科,未融资,数据服务,7.5,不限,,[],"
        工作职责：
1. 基于用户互联网行为特征和游戏互联网数据，为客户提供数据分析服务；
2. 为客户提供周期性的游戏数据分析总结或报告；
3. 为策划、调研部门的各种数据需求进行合理化建议，并提供定向支持；
4.与客户部门接口，对数据平台的改进提出合理化建议，并推动实施。

任职资格：1.大学本科学历，市场学、广告学、数学、统计学，计算机等相关专业 ；
2. 熟练使用ms office办公软件，尤其是熟练使用excel与ppt；
3. 熟练使用某一种高级统计软件，可以做高级统计分析者优先（如spss、sas）
        ",0,0,0,1,1
1043,大数据分析师 （早九晚六）,新世洲电子,深圳,50-150人,本科,未融资,数据服务,7.5,不限,,[],"
        岗位职责：
1、协助数据咨询顾问进行图片，语言，视频等项目数据的验收和评估。
2、及时与数据咨询部门和运营部门沟通验收进度，整理和反馈项目问题。
3、对验收数据进行分析，了解其内在规律，为解决项目问题进行行之有效的解决思路。

任职要求：
1、大专以上学历，信息管理与计算机科学、电子政务、数学统计等专业；
2、对数据仓库、数据架构有一定的理论基础和实践经验；
3、具备优秀excel能力；具备良好的文档规范性编撰能力；

",0,0,0,1,0
1046,数据分析师/数据研究员（实习）,道道,深圳,50-150人,本科,C轮,数据服务,4.5,应届毕业生,,"[""平等的氛围"",""年底双薪"",""带薪年假"",""定期体检""]","
        实习对象：21年届，可实习半年以上；带转正编制

岗位职责：
1、根据业务部门需求，充分利用现有数据资源，进行特征工程，构造有效合理的特征，建立合适的分析模型对业务问题进行分析；
2、结合现有业务数据分析结果以及用户个性化需求，为用户推荐合适的内容；
3、基于具体业务规则，对数据进行描述性统计，绘制相关图表；

岗位要求：
1、有数据分析/挖掘经验，有互联网行业分析经验优先；
2、数学、统计、计算机专业优先；
3、较强的数学、统计和计算机知识，熟悉特征工程，回归分析、概率分布等统计知识；
4、熟悉sql，熟练掌握python/r之一；
5、具备良好的沟通能力，能够进行跨团队的沟通协调。
        ",1,1,0,0,0
1047,数据分析师,大梦龙途,深圳,150-500人,本科,不需要融资,游戏,15.0,1-3年,,"[""带薪年假"",""专项奖金"",""绩效奖金"",""年终分红""]","
        岗位职责： 
1、推进现有数据平台的输出及优化，能基于游戏理解规划埋点方案； 
2、定位游戏目标用户进行用户调研与分析，输出用户画像，为运营计划提供决策支持； 
3、构建完善的游戏项目运营数据分析体系，为日常游戏运营提供相关的数据支持和洞察； 
4、负责游戏专项数据分析，包括但不限于游戏版本生态、活动效果评估、价值提升、流失挽回等，推动项目产品优化 
5、根据市场方案与运营规划，建立指标体系，算法模型等提供运营进行数据预估，成本控制等。 

任职要求： 
1、有游戏相关的运营分析经验或对主流游戏有深入体验者优先； 
2、1年以上数据分析的工作经验，熟练掌握sql，有较好的报告撰写能力。熟悉python、tableau优先 
3、热爱游戏，深入体验过多种类型的游戏。 对主流游戏的核心玩法、数值设计、经济系统、社交系统等，都有一定的了解； 
4、有自驱力，积极主动，工作细致，耐心，有强烈的责任感。 

",1,1,1,0,0
1049,SJZ-大数据分析专家,顺丰科技有限公司,深圳,2000人以上,硕士,不需要融资,软件开发,60.0,5-10年,"[""免费休闲游"",""免费健身房"",""一年调薪2次"",""交通补助"",""话费补助"",""免费体检"",""5险1金"",""创新经费支持"",""加班补贴""]","[""技能培训"",""节日礼物"",""带薪年假"",""岗位晋升""]","
        岗位职责：
1、综合运用数据分析、人工智能/机器学习等技术，分析挖掘业务中的问题，并给出优化方向； 
2、负责大数据挖掘、大数据分析、数据可视化在业务上的应用研发落地。
3、负责数据分析师团队建设和培养

任职要求：
1、统计、应用数学、运筹、计算机相关专业硕士及以上学历，博士优先考虑；
2、大数据分析与挖掘、运筹规划或机器学习领域5年以上工作经验.，有知名咨询公司3年及以上经验优先，具有成功的商业分析案例；
3、优秀的商业分析能力，能对复杂业务数据进行梳理分析、抽象概括、建立数学模型，发现并解决问题；
4、对主流优化模型和算法的原理、具体实现以及应用有深刻理解；
5、具有良好的领导力和跨团队协作能力，能够承担项目规划、资源协调、人才培养的任务；
6、熟悉c/c++/java/python/go中至少一种编程语言；
7、在有影响力的国际期刊上发表过物流相关领域的论文优先考虑。

",1,0,0,0,0
1050,SJP-高级数据分析与挖掘工程师,顺丰科技有限公司,深圳,2000人以上,本科,不需要融资,软件开发,40.0,5-10年,"[""免费休闲游"",""免费健身房"",""一年调薪2次"",""交通补助"",""话费补助"",""免费体检"",""5险1金"",""创新经费支持"",""加班补贴""]","[""技能培训"",""节日礼物"",""带薪年假"",""岗位晋升""]","
        工作职责：
1、负责对数据服务行业、竞品的进行相关研究分析、调研外部客户需求，识别客户需求及痛点，提炼用户场景；
2、基于对业务数据的理解，负责规划和统筹建设线下渠道采集数据库，并持续更新；
3、负责支持面向客户的数据需求的解决方案及落地实施计划；

岗位要求：
1、计算机相关专业，硕士及以上学历，有互联网数据运营和画像体系建设经验的人优先；
2、扎实的数学统计学基础和机器学习算法功底；
3、熟悉机器学习常用算法：决策树，随机森林，协同过滤，svm, 回归算法等；
4、熟悉python编程，熟练使用numpy, pandas, scikit-learn；
5、熟悉大数据开发相关平台和工具的使用，如hive、spark、storm等；
6.有较强的沟通能力和团队协作能力；
        ",1,1,0,0,0
1051,高级数据分析师（深圳） (MJ000046),百融云创,深圳,500-2000人,硕士,C轮,金融,22.5,1-3年,,"[""技能培训"",""股票期权"",""带薪年假"",""定期体检""]","
岗位职责:
1.完成数据测试及匹配结果分析工作；
2.使用建模工具进行信用模型及反欺诈模型开发，包括数据准备.建模及数据分析.模型的选取与优化.模型验证等工作；
3.对海量业务数据进行分析，深度挖掘内部数据，构建风控指标体系并具备开发特征库及解释相应衍生变量.规则的能力；
4.熟悉风控审批.额度.定价策略的制定方法及相应建模流程；
5.针对不同金融机构和业务给出相应的风控建模方案，向客户进行阐释并参与实施；
6.针对客户痛点进行业务引导并提供技术支持；
7.具备探索新业务场景的能力与热情，对于知识与技术向新场景迁移和应用有独立的见解。

岗位要求：
1.两年以上相关领域工作经验，统计.数学.计算机.金融工程等相关专业硕士及以上学历，有较好数学或代码基础者优先；
2.至少能熟练运用sas.r.python中的一种进行数据分析或建模，熟练掌握数据库操作（如sql语句）；
3.掌握逻辑回归.决策树.机器学习等算法，了解算法的原理；
4.具备独立思考的能力，逻辑严谨，对数据敏感，善于发现.探索并解决问题，自我驱动力强；
5.有较强的责任心及抗压能力；
6.有建模大赛经验优先；
7.同等条件下表达能力强者优先。
",1,1,0,0,1
1052,数据分析,华澜环保,深圳,15-50人,硕士,A轮,数据服务,5.0,不限,,[],"
岗位职责：
1、数据搜集、整理、规律和挖掘分析；
2、根据大数据拟合研判，编辑微信推送，指导各级客户措施落实。
3、负责环境监测数据的分析和污染防治方案编制，如汇报材料、微信、日报、周报、月报、季报、特殊污染事件、重污染过程分析及协助项目经理准备调度会等；
4、负责研判会商、应急启动、现场咨询，做好统筹分析，科学指导；
5、根据数据分析结果，指导日常污染源督察工作；
6、日常分析工作的优化完善；
7、上级交代的其他临时性工作。
任职要求：
1、硕士毕业，环境工程专业、数学专业、统计专业，有相关数据分析经验优先，熟练运用office常用办公软件（掌握数据透视表的制作），可操作spss，origin，surfer，matlab等数据分析软件者优先；
2、具有良好的知识学习能力，愿意从事环保行业，深入了解环保专业知识；
3.具有良好的书面报告，沟通交流能力，能够与各级领导沟通
4.具备良好的沟通能力和团队精神。服从领导安排；
5.富有创新精神，充满激情，乐于接受挑战，做事认真，责任心强；
7.能适应出差，服从调度
",0,0,0,0,1
1053,运营数据分析,京东集团,深圳,2000人以上,本科,上市公司,电商,20.0,3-5年,"[""免费班车"",""免费体检"",""地铁周边""]","[""五险一金"",""带薪年假"",""免费班车"",""定期体检""]","
        岗位职责:
1、负责运营预算管理以及监控等工作，及时对异常情况进行预警并提出解决方案；
2、 负责运营项目日常分析报告撰写、制定短期和长期定量分析，为运营业绩提升以及运营效果优化提供决策依据与分析建议，并为管理层提供管理建议和决策支持
3、跨多部门沟通（如业务侧、财务侧、研发侧等），负责所需数据的提取、查询、处理、分析等工作，以解决需求方所提出的数据问题与需求。

任职资格:
1、3年以上互联网数据分析工作经验或者财务分析背景；
2、本科及以上学历，统计学、经济学、计算机等相关专业优先；
3、熟练掌握excel、ppt、sql，了解至少一种分析软件（spss、sas、r等）；
4、具备良好的逻辑思维能力、良好的业务解读能力；对数据敏感，有探索精神及服务意识；
5、具备快速学习能力，沟通协调和独立解决问题的能力。
        ",0,1,0,1,1
1054,数据分析师,亿达信息,深圳,2000人以上,本科,上市公司,企业服务,10.5,3-5年,,[],"
        班车接送，包早餐
岗位职责：
1、负责微信游戏相关业务的数据上报规划和测试工作；
2、负责运营数据分析，协助输出可落地的运营指导建议；
3、协助数据开发进行相关报表开发、验收，维护数据字典；
4、跟进推动数据相关工作。

岗位要求:
1、熟练使用sql进行数据提取分析，3年以上相关工作经验；
2、熟悉excel、tableau等办公软件；
3、有较强的学习和逻辑思维能力，对数据敏感；
4、本科及以上学历，计算机相关专业。

",0,1,1,1,0
1055,bi数据分析师,宝能地产,深圳,2000人以上,本科,不需要融资,房产家居,23.0,3-5年,,[],"
        岗位要求：
1. 大学本科及以上学历，计算机相关专业；
23年以上sap bw数据仓库/bi商务智能工作经验，至少三个完整bi项目实施开发经验；
3. 熟悉oracle、sql server、mysql等主流数据库，精通sql语言、存储过程及相关 sql优化；
4. 熟悉 abap、finereport、kettle，具备独立开发从数据源至etl， 至数据可视化；
5. 具备良好的沟通能力，思维思维能力，有良好的敬业精神和团队协作能力。
工作职责：
1．负责sap bi及帆软数据产品的落地交付、以及全生命周期管理（包括规划、设计、交付、运营和优化迭代等）；
2．负责sap bi及帆软系统的日常管理与维护，为业务部门开发高效报表，提高业务工作效率；
3. 梳理及引导数据展现需求，完成数据展现设计与开发，挖掘数据价值，帮助业务提高数据分析及深化数据应用；
4．负责全bi系统架构后台管理与运维，保障系统稳定；
5．负责sap bi及帆软系统推广应用，包括用户培训、系统技术支持、新技术预研；
6．具有java开发经验优先。
        ",0,1,0,0,0
1056,数据分析专家,ThoughtWorks,深圳,2000人以上,本科,不需要融资,企业服务,36.5,5-10年,,"[""技能培训"",""节日礼物"",""带薪年假"",""全球化视野""]","
        岗位指责：
1.负责数据的抽取、清洗，建设数据分析指标体系。
2.熟悉分类、聚类、线性回归、逻辑回归等算法，根据业务特点选择最合适的数据挖掘算法，进行数据建模、分析和挖掘等工作。
3.调研数据需求，建立数据分析框架体系，输出数据分析报告、建模报告、数据报表等，为业务发展提供数据支撑。

任职资格：
1.具备5年以上大数据分析相关工作经验，熟悉常用的数据分析方法和挖掘算法，熟悉常用机器学习算法，具有海量数据挖掘、分析相关项目实施经验，参加过完整数据挖掘项目并有成功案例优先。
2.熟练使用sql等结构化查询语言，熟练使用r、python等一种/多种统计分析工具或语言，熟练使用tableau等bi工具。
3.数据敏感性强，具备抽象和建模能力，能够通过数据察觉到业务变化和潜在问题。
另：良好的文档编写能力，沟通能力和团队合作精神，较强的学习能力，能够承担一定的工作压力。
        ",1,1,1,0,0
1057,高级数据分析师,优乐学科技,深圳,500-2000人,本科,B轮,教育,27.0,5-10年,,"[""年底双薪"",""股票期权"",""带薪年假"",""弹性工作""]","
hr 告白：
* 上班不用打卡
* 正式员工享受7天带薪年假（创业友军听了会流泪）
* 入职即购买五险一金，丰厚年终奖（0~3个月）
* 企业文化简单，不灌鸡汤不洗脑，推崇独立思考、自我驱动

【岗位职责】
1. 推动公司数据化运营体系的建立，推动数据标签化，并对标签数据进行管理、分析及使用;
2. 完善用户画像，针对用户营销做好数据支持;
3. 负责日常数据收集、统计、分析，建立和优化指标体系，监控数据的波动和异常;
4. 新业务数据建模，支持业务进行数据分析，支持管理团队进行业务决策；

【职位要求】
1. 有良好的统计知识，具备电商、在线教育、金融行业从业经验;
2. 擅长sql，了解索引机制，有sql优化能力；
3. 至少会一门脚本语言例如python等；
4. 有多种数据库经验(关系型、非关系型，比如mysql、mongodb)、大数据经验(adb、es、tidb等)

加分项：
-参与过大型项目或系统建设的经验
-具备流量分析系统、管理决策系统、经营分析系统建设经验者；


【why join us】

1、我们选了一个不错的赛道
教育是最抗经济周期的行业。2019年已经过去，诸多曾经的明星创业公司跌落“神坛”，资本寒冬悄悄来临，然而在线教育仍是今年创投圈的热门话题和风口。【叮咚课堂】运用创新的产品模式和科技手段，把昂贵的在线直播课堂变成平价课堂，通过互联网ai技术，让平民家庭的小朋友也可以随时随地低成本和北美外教老师互动学英语。

2、我们有一群教育业内领先的创投人支持
我们在2018年3月起步半年时间，迄今已获险峰长青、创世伙伴、襄禾资本三家知名vc的大力支持，短短两年时间已有4家一线基金投资和跟投。

3、我们的文化：一个务实的团队
团队核心成员均来自腾讯阿里等一线知名互联网及教育机构，创始人有丰富的教育+互联网项目实战经验，我们的产品、技术、学术、运营未来一年还在招兵买马，无论你是单兵作战能力强还是组队能力强，我们虚位以待。

4、我们愿为你提供：丰厚的回报
不低于该岗位的市场薪资报酬
入职即购买社保五险一金、每年都有团建旅游、优美的办公环境
地处南山高新园地铁站，交通便利好打车
灵活调薪，如果你是快速成长型选手，我们的薪资涨幅也会快速跟上你的成长速度
",1,1,0,0,0
1058,研发数据分析师,Mobikok,深圳,50-150人,本科,不需要融资,移动互联网,6.0,应届毕业生,,"[""团建活动"",""五险一金"",""年底双薪"",""绩效奖金""]","
        岗位职责
1.处理研发部对外（商务、客户）技术支持相关工作；
2.对公司部分业务线进行数据日常分析；
3.每天完成一些简单的技术分析运营工作；

任职要求
1.计算机相关专业，专科及以上学历，有无工作经验均可；
2.了解网页开发html、javascript相关知识者优先；
3.对数据分析比较敏感，熟练运用office软件；
4.有良好的英语读写能力者优先；
5.有责任心，能吃苦耐劳、沉稳踏实，对it行业感兴趣；
6.具有团队合作精神、敬业精神和较强的分析问题、解决问题的能力。


公司待遇：
1、五险一金
2、带薪年休假
3、调薪机会
4、发放生活办公用品
5、每周一次下午茶
6、节日聚餐或礼品
7、不定期活动、聚餐
8、新人培训
9、年会晚会
10、开工红包
        ",0,0,0,0,0
1059,数据分析师,游戏宅,深圳,15-50人,不限,未融资,游戏,15.0,不限,,[],"
岗位职责：
1、整理本部门业务数据需求，建立业务数据模型；
2、负责部门层面的业务分析工作，通过对数据的收集、统计分析与利用，编制分析报告，提出业务管理的改进建议；
3、跟踪业务/重点项目的发展变化，对业务经营发展状态进行监控分析，提出策略建议报告；
4、负责监控各业务线执行情况，推进经营分析相关事项的落地；
5、其他相关工作任务。

职位要求:
1、985/211大学本科及以上学历， 数学、统计、经济等相关专业优先；
2、具有快速学习和思考能力，优秀的商业分析能力、敏锐的数据洞察力、结构化思维能力；
3、三年以上数据分析相关从业经验；
4、精通excel操作（常规函数、数据透视表、模型搭建），熟练使用sas、python、r、spss等进行数据分析工作；熟练使用sql
5、责任心强，具备沟通协调和闭环管理、推进能力。
6、亦欢迎实习生。
",1,1,0,1,1
1060,数据分析师,深圳市丰巢科技有限公司,深圳,500-2000人,本科,A轮,消费生活,22.5,1-3年,,"[""五险一金"",""通讯津贴"",""交通补助"",""带薪年假""]","
        1. 灵活使用数据统计和可视化工具，对收集到的数据和变化趋势，进行多维度分析和全方位解读 ；
2. 编写高质量的数据分析报告，为管理层决策和渠道运营，提供高质量的数据支持； 
3. 通过数据监控，快速精准的发现问题，并通过深入分析和主动沟通，探索根源和解决方案 ；
4. 逐渐积累可供公司内所有业务和产品使用的数据模型，建立完整的数据仓库体系； 
5. 主动开展专题性的数据研究，探索业务的增长机会 。

任职要求
1. 应用数学、统计学、金融学等相关专业，硕士及以上学历 ；
2. 有良好的产品sense和商业敏感度，有2年以上电商、物流、零售等数据分析经验； 
3. 精通sql，有一定的python或者r编程能力，有海量数据分析和挖掘经验者优先； 
4. 对数据敏感，有强烈的数据驱动意识，能以创新的分析方法剖析复杂的商业问题； 
5. 具有高质量的分析报告撰写，有较强的沟通表达、项目管理及组织协调能力。
        ",1,1,0,0,0
1061,数据分析师,乐客科技,深圳,少于15人,本科,未融资,电商,12.5,不限,,[],"
        职位职责：
1、根据用户行为等数据进行业务分析，帮助业务快速提升；
2、建设业务分析模型，不断评估和优化业务分析模型。
3、支持业务上各种统计分析需求。

职位要求：
1、数学、统计学、计算机相关专业优先，对数据分析有强烈兴趣者优先；
2、有it大数据分析经验，有大型互联网公司数据分析经验、互联网数据建模分析经验者优先；
3、有一线产品或运营业务优化经验者优先；
4、精通 sql，熟练使用 r/python 进行数据清洗、分析；
5、能快速理解业务，发掘业务细节和数据之间的联系；
6、掌握 tableau 等 bi 工具尤佳。
        ",1,1,1,0,0
1062,数据分析,立创商城,深圳,150-500人,大专,A轮,电商,14.0,1-3年,,"[""节日礼物"",""五险一金"",""水果、下午茶"",""带薪年假""]","
岗位职责：
1、负责海外各业务的数据相关工作，完成从数据埋点、数据接入、验证、分析至数据可视化、数据分析报告输出的全套数据分析工作；
2、构建海外用户画像体系建设和精细化数据运营体系；
3、负责以数据驱动的用户增长、竟品分析, 并以数据分析结论推动业务中的各个功能和流程的优化；
4、根据业务发展需求，统筹设计业务指标与业务报表，并跟踪业务报表体系.
 
 
任职要求：
1、2年以上数据分析工作经验、专科及以上学历，数学、统计、计算机等相关专业 ；
2、对数据敏感，善于发现数据中的潜在规律，善于分析问题，有很强的逻辑思维能力和推理能力 ;
3、熟悉sql，熟悉python、r、shell等至少一种语言 ；
4、参与过完整的数据采集、数据清洗整理、分析和建模工作者优先 ；
",1,1,0,0,0
1063,数据分析师,加满分科技,深圳,50-150人,本科,不需要融资,社交,20.0,3-5年,,"[""年底双薪"",""专项奖金"",""定期体检"",""带薪年假""]","
        工作内容：
1、寻找新的体育数据网站和供应商，并进行初步的比对和评估。
2、优化体育数据结构和处理流程。
3、梳理现有数据处理流程，制定更好的数据容错和融合机制。
岗位要求：
1、统招本科学历，具备一定的英语阅读能力；
2、三年以上体育行业数据分析经验。
3、熟悉体育数据处理流程。
4、熟悉各大体育数据一手和二手供应商，具备数据对比和分析能力。
5、能对体育数据处理提出针对性的优化建议。
        ",0,0,0,0,0
1064,数据分析师,酷开网络,深圳,150-500人,本科,不需要融资,移动互联网,15.0,1-3年,,"[""五险一金"",""年终奖金"",""绩效奖金"",""带薪年假""]","
岗位职责：1.负责平台、垂类业务数据分析，定位平台及业务发展存在的问题，为业务线运营提供决策依据。2.深入理解业务，开展专项分析，通过对产品与用户行为数据进行分析和挖掘，输出专题分析报告，为产品和运营提供相应建议，并推动落地为线上实验，形成闭环。3.通过数据分析工作，优化分析模型，沉淀分析方法论，针对不同业务场景，形成可复用的数据分析框架。4.负责推动数据分析相关工具开发与规划，为业务分析工作做有力支撑。任职要求：1.本科以上学历，应用数学、统计或计算机专业方向等相关专业优先；2.至少有3年互联网数据分析/策略分析/用户分析工作经验，有ott行业经验优先；3.熟练使用sql，熟练使用excel、spss等统计分析工具，对数据分析与处理有一定的经验；4.有较强的逻辑思考能力和结构化思维，做事严谨客观，对工作投入专注；团队合作意识强。
",0,1,0,1,1
1065,高级数据分析师,乐信,深圳,2000人以上,不限,上市公司,金融,25.0,3-5年,,"[""年终分红"",""绩效奖金"",""专项奖金"",""年底双薪""]","
        工作职责：
1. 负责互联网金融产品的分析，基于用户增长与推广渠道，建立为团队提供反映产品和运营状况的分析；
2. 持续跟踪业务数据，监测业务发展态势，为业务指标异常提供预警、监测和解读，给出可落地的整体的产品优化建议；
3. 深入理解产品及业务细节，推动基于对照试验的产品和策略迭代；
4. 与产品，市场，研发等配合。推进优化方案落地执行，带来业务的实际提升增长。
5. 结合行业数据产品能力，为长期业务发展方向提供支持。


岗位要求：
1.计算机及统计学等相关专业优先,3年及以上工作经验，有过丰富的数据驱动项目经历优先；
2.掌握基础的统计学理论知识，熟悉常用的算法，并有在项目中应用改善；
3、思维开放活跃、擅长创新，追求**的用户体验； 
4、能快速理解业务，发掘业务细节和数据之间的联系；
5、有极强的好奇心和探索欲望，项目推动能力强，能迎难而上，充分利用和调动资源；
6、有构建数据仓库、bi应用、互联网行业数据挖掘分析经验者优先
        ",0,0,0,0,0
1066,数据分析师,京东集团,深圳,2000人以上,本科,上市公司,电商,20.0,3-5年,"[""免费班车"",""免费体检"",""地铁周边""]","[""五险一金"",""带薪年假"",""免费班车"",""定期体检""]","
        岗位职责：
负责京喜业务的数据运营工作，包括数据专项分析、数据产品设计和数据体系建设等； 
通过数据分析发现问题，推动改善现有数据产品功能和提升运营效率； 
定期输出数据报告，为产品迭代和运营优化提供策略依据。
岗位要求：
本科以上学历，有3年以上互联网产品数据分析经验； 
具备很强的逻辑思维能力，规划能力，工作细致，责任心强； 
具有敏锐的数据洞察力，能及时发现问题，并输出数据结论； 
计算机、统计学、数学相关背景优先。咨询公司2年以上经验或有财务经验的优先。
        ",0,0,0,0,0
1067,高级数据分析师,众安保险,深圳,2000人以上,不限,上市公司,金融,30.0,3-5年,,"[""定期体检"",""每天下午茶"",""六险一金"",""年度体检""]","
        岗位职责：
1. 利用众安、阿里云大数据工具体系为香港虚拟银行、在线保险业务分析提供数据支持；
2. 具备一定的需求分析和抽象能力，能协助数据仓库开发出可复用、分层的数据模型，并参其设计和验收工作。
3. 根据实际业务需求，利用可视化工具，完成数据展示层的设计、搭建工作。
4. 能贯彻数据驱动，利用数据去协助改善增长运营和风控的策略。
职位要求：
1. 保险、统计学、计算机等相关专业硕士及以上学历，熟悉或愿意了解银行、保险业务流程及核心指标体系；
2. 三年以上业务数据分析、数据开发相关工作经验；
3. 熟悉至少一种主流数据库（mysql、postgresql优先），熟练掌握sql语言；
4. 有大数据相关工作经验者优先；
5. 熟悉hadoop生态体系，有hive开发经验者优先；
6. 熟悉阿里云数加生态体系者优先；
7. 熟悉python、r者，有建模经验者优先；
8. 对数据敏感，具有良好的逻辑分析能力；
9. 学习能力强，能独立解决问题；
10. 良好的团队合作精神和沟通协调能力；
        ",1,1,0,0,0
1068,金融数据分析师,华创云鼎,深圳,15-50人,本科,未融资,硬件,15.0,3-5年,,[],"
        岗位职责：
1、开展业务数据的统计、综合比对、关联分析、挖掘；
2、提供业务数据的提取、清洗、检查、验证支持；
3、开展关键指标观测和预警分析工作；
4、配合开展疑点数据筛查、判断评价。

任职要求：
1、本科及以上学历（硬性条件），数学、计算机、统计学相关专业； 
2、具有两年及以上数据分析或数据库应用开发工作经验；了解oracle等主流数据库，熟练使用pl/sql语言；
3、具有python数据分析和展示工作经验优先；
4、对数据敏感，具备良好的逻辑思维能力，具有一定的数据处理和分析能力；
5、为人正直，认真细致、工作责任心强，具备较强的沟通能力和良好的表达能力，具备团队合作精神；
6、具有公积金或金融行业经验优先。
        ",1,1,0,0,0
1069,Python 数据分析,海万科技,深圳,500-2000人,本科,不需要融资,金融,19.0,3-5年,,[],"
        1.python 数据分析（清洗、数据分析（筛选、图表展示）），机器学习、数据挖掘的优先，数据分析等工具 numpy pandas scikit-learn

2、熟悉linux，常用shell开发。

3、熟悉python语言，至少2年python开发经验，有金融行业背景优先。

4、初中高级都招，2年以上毕业年限，爬虫相关的工作经验不做要求。

5.项目属于人工智能ai项目，过来后主要负责数据分析，机器学习、深度学习等相关工作。没相关经验，python基础扎实的可培养。

",1,0,0,0,0
1070,数据分析工程师,WeSure微保,深圳,500-2000人,硕士,不需要融资,金融,30.0,3-5年,,"[""带薪年假"",""交通补助"",""通讯津贴"",""定期体检""]","
        工作内容
1-开展增长分析，利用增长分析方法，监控整体增长进展，发现拉新等保险用户生命周期内问题及规律，提供数据解决方案。
2-开展专题分析，对核心业务进行数据分析，抽取结论、推广结论及跟踪执行，并提供富有前瞻/系统性分析报告。具体开展行为分析、模式分析、趋势分析、漏斗分析、用户画像等工作
3-开展数据挖掘，利用腾讯体系数据，针对具体问题，提供针对性、可实施、有效果的解决方案，并开展数据挖掘工作。

岗位要求：
1-2年以上相关工作经验
2-统计学、数学、计算机相关背景，扎实的数学基础
3-熟悉常用的分析方法论(如：用户分群、多维分析)，熟悉常用的分类、回归、聚类和深度学习算法。
4-熟练掌握sql语言，熟练掌握hive、python、spss、sas等
5-有较强的逻辑思维和分析能力，较强的沟通协调能力，较强的业务感觉，可独立编写数据分析报告。
6-熟悉增长分析理论、ab实验效果评估加分
        ",1,1,0,0,1
1071,数据分析师（人身险）,WeSure微保,深圳,500-2000人,本科,不需要融资,金融,15.0,1-3年,,"[""带薪年假"",""交通补助"",""通讯津贴"",""定期体检""]","
        工作职责：
1.深入了解业务流程，透过数据分析洞察用户行为、持续挖掘业务增长点，提前发现业务问题，指导产品/运营决策。
2.定期输出常规的业绩监控报告及用户分析，支持产品/运营日常作业。
3.梳理常用数据指标及分析框架，规划及推动可视化分析报表之落地，透过数据智能化提升团队工作效率。

岗位要求：
1.本科以上学历，有统计学、商学专业背景为佳；
2.1-3年工作经验，熟练使用ms word、excel、ppt，互联网或保险行业经验优先；
3.认真负责、细心、逻辑性强，具备良好沟通能力、良好的书面报告撰写能力、出色的抗压能力和执行力。
        ",0,0,0,1,0
1072,高级数据分析师,亚马逊（中国）,深圳,2000人以上,本科,上市公司,电商,52.5,5-10年,,[],"
        do you have a passion for products? do you want to build a business from the ground up? do you have proven strategic influence capabilities, analytical capabilities, exceptional communication, project management skills, and the ability to multi-task and thrive in a fast-paced environment? if yes, you should consider amazon global sourcing.

the amazon private brands global sourcing team is looking for a customer-obsessed driven candidates to join the team. the candidate enjoy diving deep into data; have strong analytical horsepower to break down complex problems, master on leveraging tools as sql / tableau to pull and analysis data, visualization; and strong in identifying defects and opportunity for efficiency improvement with scalable solution; and a strong will to get things done and deliver results no matter the obstacles. for senior position, candidate must have strong business acumen and strategic agility, can standing alone to drive strategic influence across stakeholders.


primary responsibilities includes:
· collaborate with product sourcing team lead to develop the team dashboard for kpis tracking and business performance data reporting
· support to build up the data system for cost structure, vendor pitching, sourcing strategy
· identify scalable solution to improve productivity and efficiency for sourcing manager
· identify growth expansion and optimization opportunities at category, vendor, portfolio and product levels across p&l lines.
basic qualifications

· bachelor’s degree required.
· 6+ years in business intelligent, industrial analyst, strategic planning, or data modeling experience.
· sql, and tableau skill
· ability to think with strategic framework and drive thought leadership influence
· ability to navigate through ambiguous situation and invent new process/solutions to solve business challenge.
· demonstrated data-driven decision making or quantitative analysis skills.
· ability to quickly develop collaborative and trust relationship with data facts with cross teams and stakeholders.
· excellent written and verbal communication skills.
preferred qualifications

· experience working in a fast-paced, high-tech environment
        ",0,1,1,1,0
1073,运营数据分析专家,Amber Group,深圳,150-500人,本科,不需要融资,金融,30.0,3-5年,,"[""绩效奖金"",""定期体检"",""交通补助"",""岗位晋升""]","
工作职责:1.以数据驱动的方式推动用户增长，通过数据分析推动优化产品的功能和流程；2.设计数据挖掘和统计分析模型，对用户行为和特征数据、线上活动数据分析等进行分析，对用户行为监测以及用户留存有提出建议；3.跟踪及分析行业数据、竞品数据，结合产品提出策略和建议；4.通过数据分析对运营策略、业务增长、产品方向提供数据支持，能够深入了解业务发掘问题与痛点；5.与其他团队紧密合作，提供优化建议以及解决方案。任职资格:1.本科及以上学历，统计学、数学等相关专业优先。有3-5年移动端互联网数据运营和数据分析的实际工作经验；2.掌握常用数据分析工具以及数据库工具（如python, r, shell, sql）,有技术开发背景优先；3.具有数据分析相关经验，能够客观和严谨地分析数据，形成可靠的结论和建议并推动产品优化调整；4.对数据敏感，善于分析问题，有很强的逻辑思维和推理能力；5.具有良好思维能力，责任心强，优秀的沟通能力以及团队合作能力；6.对加密货币/区块链感兴趣者优先。
",1,1,0,0,0
1075,数据分析师,找靓机,深圳,500-2000人,本科,B轮,电商,22.5,3-5年,,"[""技能培训"",""绩效奖金"",""岗位晋升"",""扁平管理""]","
        岗位职责:

1.与各业务团队有效沟通，收集整理数据分析需求，快速理解相关业务；

2.构建业务指标体系，负责各类相关数据收集、梳理、分析及可视化呈现；

3.能构建分析框架体系，能根据分析结果提出可落地的业务策略。

岗位要求：

1.本科以上学历，3年以上数据分析工作经验；

2.精通sql，有sql性能优化经验，熟悉hive/mysql等开源数据库；

3.具备不错的跨团队合作和沟通能力，较强的学习能力，能承担一定的工作压力；

4.有数据分析和挖掘经验，以及大数据建模分析经验者优先；

5.有互联网行业，特别是电商类相关工作经验优先。

",0,1,0,0,0
1076,高级数据分析师（深圳）,广发证券,深圳,2000人以上,本科,上市公司,金融,35.0,1-3年,,"[""绩效奖金"",""岗位晋升"",""领导好"",""扁平管理""]","
        岗位职责:

1，深入理解业务，熟悉业务运营模式，为业务发展搭建数据分析框架并落地支持业务，基于业务场景规划数据产品并推进落地；

2，提供数据化运营的系统化解决方案，规划业务线数据集市建设方案，搭建层次化的指标体系；

3、了解并跟进业务现状，通过数据解决业务中的具体问题，给出有效的行动建议，推进其在业务运作中的改进；

4、利用多种分析手段分析海量数据，深入了解客户/产品/业务特征，发现商业问题与潜在机会，

5、深入理解业务方向和战略，系统地建立机构业务/互联网金融业务的客户/产品/业务监控、分析、预测模型，为客户管理、产品运营、业务发展等提供决策支持；


任职资格:

1、数学、统计、计算机、经济学等相关专业硕士及以上学历，3年以上相关工作经验（数据/业务分析、bi、决策支持、数据挖掘）；

2、有优秀的产品思维，具有数据产品规划、设计与落地的能力与经验；

3、对数据驱动业务有深入理解，对数据与业务方面有足够的敏感性，有较强的逻辑分析能力和独立思考能力，定义问题和解决问题的能力；

4、具备良好的沟通能力、团队合作精神及抗压能力；

5、精通sql，能熟练运用oracle/my sql/hive等获取分析所需数据；

",0,1,0,0,0
1077,数据分析助理,华云中盛,深圳,500-2000人,本科,不需要融资,数据服务,7.0,应届毕业生,,"[""绩效奖金"",""带薪年假"",""通讯津贴"",""定期体检""]","
        工作职责:
1.负责平台数据口径分析，发现问题，解决问题等；
2.负责平台数据sql语句编写等；
3.与数据分析师沟通用户需求，梳理文档以及交付等；
4.协助数据分析师进行数据加工、提取，监控数据质量等。
任职资格:
1.熟悉（使用过）过一种或多种数据库，如：oracle、mysql、postgresql等；
2.掌握一种或多种编程语言，如：java、c、python、c++等；
3.理解计算机基础知识，包括数据结构与算法，操作系统，网络等，熟练使用sql编程；
4.计算机相关专业优先；
5.有较强的学习能力和沟通理解能力。
        ",1,1,0,0,0
1078,数据分析师,深圳瑞捷工程咨询股份有限公司,深圳,500-2000人,本科,不需要融资,其他,10.5,3-5年,,[],"
        工作职责：
1、负责公司数据的清洗、梳理、分析，提取数据，输出分析报告；
2、对接业务需求，包括业务指数分析和报表模型；
3、针对业务运营过程中遇到的问题提出有效的业务解决建议；
4、领导安排其他工作事项。

任职资格：
1、3年以上数据分析经验，有地产、咨询行业经验优先；
2、本科学历，数学、统计学、信息技术等相关专业；；
3、熟练sql语句，能独立做数据逻辑处理和分析，熟悉oracle, mysql其中一种数据库；
4、熟练使用excel和ppt，能独立编写数据分析报告。
        ",0,1,0,1,0
1079,数据分析师,金腾科技,深圳,150-500人,本科,不需要融资,金融,25.0,3-5年,,[],"
        岗位职责：
1、围绕财富管理业务目标和业务特点，建立数据指标监控和经营分析体系，如指标设计、报表设计等，推进落地并维护优化，并根据管理需要进行专项分析报告；
2、使用统计学分析方法、挖掘算法，构建数据分析模型，通过经营数据分析，对业务发展提供策略支持和建议；
3、从数据角度发现产品和运营存在的问题，诊断业务发展现状和潜在问题，预测业务推进趋势，提升平台产品，内容，用户运营效率和效果。

岗位要求：
1、本科及以上学历，具备统计学、信息管理和商业基础知识；1年以上经营分析或数据分析、商业分析相关工作经验；
2、沟通力能力较强，能有效进行跨团队协同；有较好的商业意识，能与高级管理团队直接、有效的对接；
3、熟练运用sql/sas/r等数据分析工具及语言，有清晰数据分析思路和数据建模方法论；熟悉tableau等bi可视化&自助分析工具；
4、有较强的逻辑思考和分析能力，抗压能力和自驱性强，具有创业精神，能快速成长；
5、有金融行业相关经验优先

",0,1,1,0,1
1080,数据分析专员,万企盟科技有限公司,深圳,50-150人,本科,未融资,数据服务,6.0,1-3年,,[],"
        1、客户端数据分析：全方面分析客户端数据，对产品改进提供数据支持；
2、数据统计协助，数据化运营，通过数据挖掘、分析，形成统计报表；
3、熟练运用excel等内外部数据统计工具，快速响应各部门的数据需求；
4、数据分析报告：整理、提炼已有的数据报表，发现数据变化，进行深度专题分析，形成结论，撰写报告。

职位要求：
1、全日制本科及以上学历，具有会计学、数学、统计学、金融学的背景；
2、1-3年以上互联网数据从业经验；
3、有bi或数据挖掘/数据分析/用户行为研究的背景者优先；
4、熟练操作excel、ppt等办公软件，熟练使用spss、sas、r、python等统计分析软件其中之一者佳；
5、会计专业优先。

公司福利：
1、工作时间09：00-18：30，大小周休息，节假日正常放假；
2、丰富多彩的员工聚餐、国内外旅游、季度团队活动、免费零食、免费班车、报销书籍费用等；
3、高额全勤奖，员工生日福利，绩效奖金，优秀员工奖金；
4、批量90后年轻团队，上班氛围活泼轻松，期待我们一起搞事情；
面试时间:周一至周五,9点-17点之前(最近招聘高峰期，简历不能及时处理，请主动电话咨询面试相关安排)
        ",1,0,0,1,1
1081,数据分析师,量子游戏,深圳,少于15人,本科,天使轮,游戏,14.0,1-3年,,[],"
        职位信息 

技能要求：
sql，数据采集，需求分析，数据挖掘，舆情分析，python

**职位描述：**

1. 通过 bi 工具搭建业务各个环节的日常报表及监控核心数据指标，**时间发现业务问题
2. 结合业务目标和业务数据进行多维度的数据分析，产出分析报告
3. 基于用户行为数据，构建和优化用户画像，产出用户标签，用于提升业务核心指标。建立、评估、持续优化数据模型，
4. 与各个业务部门深入沟通，共同制定基于数据的业务工作流程。提升业务效率和产出。

**任职要求：**

1. 1年以上数据分析工作经验，对数据分析工作有高度的热情和兴趣
2. 精通 excel，有 powerbi 经验者优先，有 sql 数据处理经验者优先
3. 具备良好的逻辑思维能力、业务解读能力和快速学习能力
4. 学习能力强，沟通能力强
        ",1,1,0,1,0
1082,数据分析师,店匠科技,深圳,50-150人,本科,A轮,电商,9.0,应届毕业生,,"[""交通补助"",""绩效奖金"",""节日礼物"",""年度旅游""]","
        工作职责：
1、参加公司组织的行业、广告和独立站业务培训和考试，对行业和业务流程有基本了解。
2、负责fb/谷歌广告数据的分析和优化工作。

任职资格：
1、大四或研究生在读、应届毕业生，要求数学/统计学/商业分析等相关专业，对互联网行业有强烈的兴趣；
2、优秀的英语能力，有海外留学背景优先；
3、责任心强，工作细心踏实，有良好的沟通能力和团队合作精神；
4、具有较强的抗压能力和执行力。
        ",0,0,0,0,0
1083,数据分析师,九五后营销管理,深圳,50-150人,不限,A轮,金融 广告营销,7.0,1-3年,,[],"
        工作职责：
1、负责所需日报、周报、月报等数据的提取、查询、分析等工作，以满足业务需求。
2、快速响应上级领导的数据需求，通过现有的数据库获取数据并制作相应的报表。
3、其他部门的数据对接提取需求
4、其他领导交办的事宜。
任职资格：
1、大专及以上学历，统计学、经济、数理、信息和计算机等相关专业。
2、数据逻辑性强、敏感度高、具有优秀的数据思维和强烈的数据决策意识，且思维紧密，做事认真严谨。
3、强烈的责任心，工作细致、有条理，善于学习，具有良好的团队合作意识，能够承担一定的工作压力。
4、熟练运用excel、sql(必会)等软件，拥有独立开发复杂报表的经验。
        ",0,1,0,1,0
1084,数据分析岗,小花科技,深圳,150-500人,本科,不需要融资,金融,9.0,应届毕业生,,"[""节日礼物"",""专项奖金"",""带薪年假"",""绩效奖金""]","
        岗位职责：
1，监控业务现状，及时发现业务问题，对现有业务进行专项数据分析和用户洞察，为业务发展提供数据支持；
2，负责业务上线前策略制定，跨部门沟通协作，确保业务顺利上线，并看监控业务落地后的全流程指标。适时维护更新；
3，负责风控分析、资金尽调等数据支持；
任职要求：
1，2020届本科及以上，数学，统计学，经济学，金融学优先；
2，sql, python，sas，r 至少掌握其中一门语言；
3，善于沟通，注重细节.
        ",1,1,0,0,1
1085,数据分析,前海联动云,深圳,2000人以上,本科,不需要融资,消费生活,10.5,1-3年,,"[""O2O"",""带薪年假"",""交通补助"",""午餐补助""]","
岗位职责:1.梳理业务数据分析需求，规划报表需求，实现日常数据自动化和可视化；2.负责对业务经营情况进行统计和分析并输出分析报告，为经营决策提供数据支持；3.负责建立收入及异动预警模型，监控业务各项数据指标，发现业务经营环节中的问题或者漏洞，提出改善和优化方案，并督导优化方案的执行；4.负责经营目标制定、分解及执行跟进；5.负责绩效目标制定、执行跟进及考核；6.参与预算制定和执行分析。
",0,0,0,0,0
1090,游戏数据分析师,字节跳动,深圳,2000人以上,本科,C轮,文娱丨内容,22.5,3-5年,,"[""扁平管理"",""弹性工作"",""大厨定制三餐"",""就近租房补贴""]","
        职位职责：
1、负责产品经分平台（bi）需求的输出与实现，并跟进使用过种中问题和提出优化方案（包含tlog数据源的维护）；
2、负责产品运营数据日报、周报的输出；
3、为组内其他同事在对应模块所作的数据分析，提供数据源支持；
4、响应项目负责人的专项分析需求，为运营决策和内容研发方向提供分析报告作为参考；
5、监控项目的关键数据（收入、活跃、在线、留存、核心玩法参与等），对数据异常进行预警、找出原因；
6、在游戏新内容上线后、进行深度体验结合数据、用户反馈、用户调研输出效果分析报告。

职位要求：
1、本科及以上学历，2年以上数据分析的工作经验，热爱游戏，深入体验过多种类型的游戏， 对主流游戏的核心玩法、数值设计、经济系统、社交系统等都有一定的了解；
2、有成熟的数据分析和数据挖掘经验。 熟练掌握和使用excel， 至少熟练掌握一种查询工具（sql、hive），至少数量掌握一种分析工具（spss、r语言、sas等）； 
3、有较好的报告撰写能力； 
4、有自驱力，积极主动，工作细致，耐心，有强烈的责任感。
        ",0,1,0,1,1
1091,0231U6-数据分析岗,平安人寿,深圳,2000人以上,本科,上市公司,金融,17.5,1-3年,,"[""绩效奖金"",""带薪年假"",""定期体检"",""节日礼物""]","
        工作职责
1、负责客户线上化经营管理指标体系建设及基础数据管理；
2、负责统计分析报表体系及自助分析平台建设；
3、负责代理人线上经营数据分析及报告撰写；
4、负责部门综合管理事务处理。
任职要求
1、统计学、数学、计算机等相关专业，本科及以上学历，2年以上的数据分析工作经验；
2、富有团队精神，数据敏感性强，逻辑思维清晰，学习、理解、沟通及适应能力强；
3、熟悉hive等数据处理和分析工具，掌握sql、python等语言中的一种或多种；
4、具备良好文档和报告输出能力。
        ",1,1,0,0,0
1092,商业数据分析专家,货拉拉,深圳,2000人以上,本科,D轮及以上,消费生活,40.0,5-10年,,"[""技能培训"",""专项奖金"",""绩效奖金"",""扁平管理""]","
        工作职责:
1、货拉拉企业版事业部商业分析负责人，带领团队支撑事业部各项数据分析工作。
2、建立和优化业务策略分析体系，包括 kpi 指标体系、报表体系、搭建分析框架，并进行核心指标监控。
3、对业务部门进行数据需求支持，深入进行业务专题主题分析，基于数据分析成果，为业务部门提供商业策略分析和业务优化建议，持续改进运营效果。
4、通过专题数据分析来发现问题，实现数据驱动，挖掘增长机会与效率提升机会。
5、提升商分团队的整体数据分析、业务分析、数据运营等能力，与事业部各职能团队共同背负业务结果指标。
任职资格:
1、5年以上数据分析及建模相关经验，熟悉数据运营与数据系统搭建。
2、数学、统计学、计算机等专业本科及以上学历，985院校或国外名校毕业者优先，o2o相关行业数据分析经验优先。
3、熟练掌握sql、python、sas/spss 等相关数据工具和分析方法
4、优秀的商业分析思维，和成本利润的控制能力，能够针对一个闭环平台的业务搭建完整数据分析体系；
5、优秀的沟通能力和项目管理能力，强大的自驱力和抗压力，具备分享精神，能带动小伙伴们一起提高。
        ",1,1,0,0,1
1093,高级数据分析师（B端）,土巴兔,深圳,500-2000人,本科,C轮,消费生活,32.5,5-10年,,"[""股票期权"",""五险一金"",""带薪年假"",""节日礼物""]","
        职责描述：
1、负责公司核心业务数据的日常监控和分析，维护报表平台的数据输出；
2、配合业务方，提供数据支持，输出专题分析及相关运营策略，推动业务转化效率提升；
3、负责针对全国商户数据和用户数据进行深入统计分析，挖掘用户价值及业务增长点；
4、从核心业务出发，负责宏观行业及市场竞争分析，为业务的整体策略提供支持和建议。
任职要求：
1、数学、统计学、计算机相关专业优先,5年以上工作经验；
2、熟练掌握sql语言，熟练掌握hive、spark、python、r语言、spss、sas中的一种或者多种； 
3、逻辑清晰，数据敏感度高，沟通能力强，业务理解能力强，具有吃苦耐劳敬业精神和团队精神；
4、有b端数据分析相关经验优先。
        ",1,1,0,0,1
1094,数据分析师,腾讯,深圳,2000人以上,本科,上市公司,社交,22.5,3-5年,"[""免费班车"",""年轻团队"",""学习机会"",""mac办公"",""定期团建"",""开工利是红包""]","[""免费班车"",""成长空间"",""年度旅游"",""岗位晋升""]","
岗位职责： 
1. 主导增长数据分析项目； 2. 根据增长业务节奏，给出数据支持节奏，有力支持业务； 3. 从需求出发，推动上报，中间表，系统数据能力落地； 4. 建设指标监控体系，有效解释数据异动； 5. 建设增长数据系统，提供系统化的数据分析能力，满足业务需求； 5. 定期输出数据分析报告，提出产品/推荐/增长/内容等方向的优化点；
岗位要求： 
1. 本科及以上学历； 2. 有2年以上互联网行业数据工作经验；3.扎实的数据开发和编码技能 ；4.有过数据治理、数据平台、数据分析经验； 5. 很好的业务和产品理解能力； 6. 熟练使用sql/hive/sas/spss/r/python;
",1,1,0,0,1
1096,大数据分析助理,百圣信息,深圳,50-150人,大专,未融资,通讯电子,6.5,不限,,"[""年底双薪"",""股票期权"",""专项奖金"",""绩效奖金""]","
职位亮点五险一金 年底双薪 包住 全勤奖 带薪年假任职资格：1、逻辑分析能力强，对数据敏感，良好的学习能力和抗压能力；2、可熟练使用excel进行数据分析；3、统计基础扎实，对科学的统计分析方法有较好的理解；4、有数据分析类实习经验者优先，数学、统计、理工科专业优先；任职要求：对数据工作感兴趣，能够从日常数据中挖掘问题和优化点；有较强的学习能力、分析能力、洞察力，对数据敏感，注重细节。福利：包住、五险一金、商业保险、年度体检、周部门活动、年度旅游、加班补助、年终奖等相关工作时间：周一至周五 朝九晚六
",0,0,0,1,0
1097,PCG04-高级数据分析工程师（深圳）,腾讯,深圳,2000人以上,本科,上市公司,社交,26.5,3-5年,"[""免费班车"",""年轻团队"",""学习机会"",""mac办公"",""定期团建"",""开工利是红包""]","[""免费班车"",""成长空间"",""年度旅游"",""岗位晋升""]","
岗位职责：
1. 通过海量数据分析和挖掘，找出移动互联网应用的商业价值及数据价值点；2. 通过机器学习和数据挖掘的技能，探索研发工具的应用场景，提升研发效率；3. 深入理解移动应用的业务，分析ab测试小流量实验结果数据；4. 负责所属业务线的数据分析及底层数据质量，充分利用机器学习对多维数据（pv,uv,时长等）关联分析，高效完成专题研究报告。    

岗位要求：
1. 3年以上工作经验，有成功的数据挖掘项目经验； 2. 数学、统计、计算机等相关专业本科及以上学历，深刻理解并熟练掌握统计学、数据挖掘的算法和技术；  3. 精通至少一种数据分析/挖掘语言，如r/python/sas/mahout等，熟悉至少一种以下数据库操作，如hive/mysql/hadoop/oracle等； 4. 熟悉常用的数据分析方法，熟练使用excel进行数据分析；熟练掌握spss、sas、r、sql等分析工具中的一种或几种者优先；5. 对数据驱动业务有一定理解，对数据与业务方面有足够的敏感性，有较强的逻辑分析能力，有较强的独立思考能力； 6. 具备良好的沟通能力和团队合作精神，能独立完成挖掘项目的规划和实施； 7. 有互联网行业、移动互联网行业数据分析挖掘从业经历者优先，尤其是有ab测试经验的同学优先；8. 具备良好的问题定位分析能力，有较宽的视野，能快速学习新事物。    
",1,1,0,1,1
1098,数据分析师,华策,深圳,50-150人,本科,未融资,移动互联网,15.0,3-5年,,"[""绩效奖金"",""年终分红"",""带薪年假"",""五险一金""]","
为项目外派驻岗，到深圳市罗湖区深业中心大厦上班（平安项目），介意慎投
岗位职责：
1、负责理解机器学习的算法及其适用场景，根据实际情况，研究适合的算法模型，并对模型进行持续调优；
2、参与客户画像建模和数据挖掘工作，深入客户关系网、客户行为数据、特征挖掘、用户体系的建设；
3、参与研究个性化推荐算法；
任职资格：
1、本科以上学历，计算机或相关专业；
2、熟悉掌握python，linux；
3、熟悉spark核心流程，两年以上spark和tensorflow等深度学习框架下的实际开发经验；
4、了解常见的大数据开源组件使用及开发，包括但不限于es、spark、kafka等；
5、精通数据结构、算法、机器学习模型；
6、具有良好的团队合作及学习能力，善于沟通，工作自主驱动，具有良好的问题定位分析能力。
",1,0,0,0,0
1099,数据分析师,数神科技,深圳,150-500人,本科,未融资,数据服务,22.5,5-10年,,"[""弹性工作"",""技能培训"",""岗位晋升"",""五险一金""]","
岗位职责：1、基于业务理解，构建完善的业务监测指标体系，有效披露业务进展与风险，保障业务策略落地；’ 2、通过深入的专题分析，定位业务问题，提出有价值的业务机会或方案，辅助业务决策； 3、独立承担复杂分析任务，擅于运用各类数据分析技术，实施深度数据诊断，并能沉淀关键分析思路，推动产品化进程； 4、积极进行跨部门沟通与协作，主动推动业务发展和体验改善。任职要求：1、五年及以上相关工作经历； 2、统计、数学、计算机本科及以上学历优先； 3、有丰富的数据分析挖掘经验，并能灵活运用于实践。有较强的逻辑思考能力，能独立撰写思路清晰的分析报告； 4、较强的商业观察能力和判断能力，能主动推动业务落地； 5、掌握sql等代码编写，熟悉常用算法模型，如聚类、关联和分类等，熟练操作excel、r等工具。
",0,1,0,1,0
1100,数据分析师,深麒实业,深圳,15-50人,本科,未融资,消费生活,14.5,3-5年,,[],"
岗位职责：
1、 负责数据运营报表开，参与数据平台日常运营工作；
2、 响应业务部门的数据问题和请求，从平台角度给与支撑和指导；
3、 参与数据分析和数据需求策划、参与评审并跟进项目落地。
4、定期输出各业务线的常态专题报告，比如用户结构变化分析报告、新用户转化路径报告等。包括但不限于用户生命周期划分及监控、用户行为量化分析、客群划分及维护分析。
岗位要求：
1、数学、统计学、计算机相关专业优先，具备数据分析思维； 
2、有独立负责大数据分析项目经验，有大型互联网公司数据分析经验优先； 
3、有一线产品或运营业务优化经验者优先； 
4、精通 sql，熟练使用 r/python 进行数据清洗、分析；

",1,1,0,0,0
1101,数据分析师,vivo,深圳,2000人以上,本科,不需要融资,硬件,37.5,5-10年,,"[""年终分红"",""带薪年假"",""年度旅游"",""岗位晋升""]","
        岗位职责：
1、负责应用分发相关业务数据分析规划，识别机会并落地价值，驱动业务增长；
2、基于业务问题，帮助解决业务困惑，跟进业务专项命题，通过数据手段，为业务提供决策和建议，并推动落地；
3、设计业务评估体系，熟悉ab test，对项目灰度、放量、上线等数据流程的科学性负责；
4、能独立规划和搭建业务运营模型，支撑业务运营效率提升，最好熟悉推荐业务，利用数据支撑公司推荐中台落地；
5、熟悉埋点、数仓、bi等整个数据链路专业知识，对于数据产品和行业趋势有一定的认知和理解；
6、具备5人及以上团队管理或项目管理经验，要求有一定的需求管理经验；

任职要求：
1、本科及以上学历，5年及以上数据分析及数据挖掘相关经验，计算机、数学统计类或其他理工类专业优先；
2、具有互联网行业背景，对移动互联网发展有清晰认识，具备一定的项目规划、推动和落地能力，对数据分析有浓厚的兴趣；
3、熟悉常见数据分析理论及数据方法，能够通过专业分析技能识别业务价值，并落地实施；
4、熟悉hadoop环境，精通hql，有海量数据处理经验；
5、至少熟练使用python、spark、r、sas，matlab等分析工具之一；
6、具有直观的数据展现和解读能力，具备一定的excel和ppt能力；
7、有良好的团队合作及沟通表达能力。
        ",1,0,0,1,1
1102,数据分析师,驿点公寓,深圳,15-50人,本科,未融资,房产家居,12.5,1-3年,,"[""股票期权"",""绩效奖金"",""带薪年假"",""扁平管理""]","
岗位职责1：熟悉掌握公司收房要求，根据业务提交的租赁产品资料，审核房源的真实性和合规性。2：基于公司价格模型体系，及时、准确的给出租赁产品的评估价格，收房价格。3：负责城市租金价格及公司价格模型的建立、分析，确保评估价格的准确性。4：租金水平数据库的更新和管理。5：进行用户行为的采集、分析和输出各运营环节的用户行为数据。6：独立推动部门负责人安排的项目数据分析任务，为业务决策提供数据支持。7：与业务团队紧密合作，根据业务需求挖掘相关数据。8：为团队各项工作提供数据协助任职资格1、3年以上工作经验，本科及以上学历，统计学、经济学、社会学、数学，计算机等相关专业；2、良好的数据敏感度,能从海量数据提炼核心结果；具有较强逻辑思维能力和优秀的分析能力和数据挖掘能力；3、为人诚信正直，高度的责任心，良好的沟通和协调能力，能承受较强的工作压力，积极主动。4：熟练使用excel，ppt，sql，python等简单数据分析体系，进行市场价格评估。
",1,1,0,1,0
1103,数据分析经理,喜茶,深圳,2000人以上,不限,B轮,消费生活,25.0,5-10年,,"[""年底双薪"",""带薪年假"",""节日礼物"",""美女多""]","
        岗位职责: 
1、深入了解公司线下零售业务，门店运营流程，供应链计划库存等，提供数据决策支持；
2、参与数据体系的建设，探索分析模型，实现数据为需求部门赋能，提高业务决策质量；
3、通过数据分析和数据模型等数据分析能力，针对公司运营决策、产品方向、销售策略，提供或辅助优化运营策略或产品方案建议

任职资格:

1、商业分析，统计学，数学，经济学等相关专业，本科及以上学历；
2、对线下零售、超商快消等行业有比较深入的了解，有互联网，餐饮行业经验者更佳；
3、具备较强的团队协作能力和沟通能力，逻辑思维活跃，学习能力强；
4、具备较强的分析问题和解决问题的能力，有强烈的责任心；
5、精通使用sql等数据查询语言，熟练使用python，r语言更佳。

",1,1,0,0,0
1104,数据分析师,创想三维,深圳,500-2000人,本科,未融资,其他,12.5,3-5年,,[],"
        职责描述：
1、负责公司业务相关数据指标的监测、数据汇总、整合、分析，并结合品牌、竞争对手、行业数据分析，建立相关的数据模型，为公司的战略决策服务；
2、整合内外部数据，利用各种数据工具，搭建和完善数据分析体系及内外数据收集；
3、根据市场中心工作需要，针对数据需求维度定期输出报表；
4、支持并指导各部门开展运营诊断分析，对业务数据进行挖掘及提炼，找出核心问题，并提出优化建议及解决方案；
5、负责用户行为分析等数据商业价值挖掘工作；
6、负责对竞品进行调研及数据分析，对自身产品进行改善。

任职要求：
1、本科及以上学历，统计学、数学等相关专业；
2、3年以上数据分析和数据洞察等相关经验；
3、对数据敏感，具备优秀的信息整合、数据处理和分析能力，并能形成清晰的业务观点和前瞻判断；
4、熟练掌握excel、sas、spss等数据分析工具；
5、踏实、激情、上进，逻辑思维严谨，具备较强学习能力、组织协调能力、跨团队沟通能力和团队合作精神。

",0,0,0,1,1
1105,数据分析师,微创软件,深圳,2000人以上,大专,不需要融资,企业服务,10.5,3-5年,,"[""绩效奖金"",""带薪年假"",""定期体检"",""弹性工作""]","
        岗位职责
1、负责微信游戏相关业务的数据上报规划和测试工作；
2、负责运营数据分析，协助输出可落地的运营指导建议；
3、协助数据开发进行相关报表开发、验收，维护数据字典；
4、跟进推动数据相关工作。

岗位要求：
1、熟练使用sql进行数据提取分析，3年以上相关工作经验；
2、熟悉excel、tableau等办公软件；
3、有较强的学习和逻辑思维能力，对数据敏感；
4、大专及以上学历，计算机相关专业。
        ",0,1,1,1,0
1106,数据分析专员,顺丰速运,深圳,2000人以上,本科,上市公司,物流丨运输,8.0,1-3年,,"[""年底双薪"",""绩效奖金"",""带薪年假"",""午餐补助""]","
岗位职责：1、输出经营报表，收入、货量管理，数据库管理与维护2、经营分析，根据公司发展，参照经营数据，做真题诊断，并提出改善建议3、协助中心负责人以及办公室主任，制定年度编制预算4、参与并协助上级，制作经营分析关键报告任职资格：1、本科及以上学历，物流管理相关专业，2年以上数据分析经历2、熟悉业务流程，最好有职能、一线业务部门轮岗工作经历3、熟练使用办公软件，尤其是ppt、表格等关键汇报材料【此岗位为顺心捷达品牌直招】
",0,0,0,0,0
1107,数据分析,iTree Cloud,深圳,15-50人,不限,不需要融资,消费生活,10.0,1-3年,,"[""带薪年假"",""五险一金"",""弹性工作"",""周末双休""]","
熟悉excel，sql，python，会基础爬虫
",1,1,0,1,0
1108,高级数据分析师,酷开网络,深圳,150-500人,本科,不需要融资,移动互联网,17.5,3-5年,,"[""五险一金"",""年终奖金"",""绩效奖金"",""带薪年假""]","
工作职责
1、负责数据驱动，为运营、广告、活动、财务等各业务模块的决策和产品方向提供数据支持； 
2、开展专项分析，深入理解业务，提取、梳理以及分析数据，输出专题分析报告，为产品和运营提供应用建议；
3、总结业务数据分析常用纬度和关键指标，理解业务产品逻辑提出数据采集方案并验证，推动数据产品化落地；
4、构建业务分析体系，针对不同场景设计数据分析模型，为各部门及管理层提供决策依据。
任职资格
1．本科以上学历，硕士以上学历优先，应用数学、统计或计算机专业方向等相关专业；
2．3年以上相关工作经验，熟悉数据分析与数据挖掘理论，有丰富的数据分析建模经验；
3．熟练使用sql/hive，了解数据挖掘常用算法，熟练使用excel、spss或matlab等统计分析工具，掌握至少一门编程语言，如python、r等，对数据分析与处理有一定的经验；
4．拥有敏锐的洞察、分析能力，严谨客观的分析态度；优秀的学习能力，对工作专注、投入；团队合作意识强。
",1,1,0,1,1
1109,游戏数据分析师(JU381),创梦天地,深圳,500-2000人,本科,上市公司,游戏,26.5,3-5年,,"[""绩效奖金"",""五险一金"",""带薪年假"",""节日礼物""]","
        职位描述
 1. 负责公司重点业务场景的数据挖掘工作，帮助业务提升活跃、留存和商业化；
2. 利用数据分析方法，搭建数据模型，动态调整和干预用户游戏行为；
3. 通过python/sql脚本实现自动化模型部署，用户标签生成，以及效果数据评估；
4. 基于研究结果推动问题解决或内容优化，并持续关注后续数据表现及用户反馈；
5. 具备一定的数据挖掘经验，擅长分类、回归、预测等通用机器学习模型



 职位要求
 1. 拥有3年以上数据分析和挖掘工作经验，热爱游戏
2. 对数据及用户反馈比较敏感，能快速定位问题方向，快速展开分析；
3. 熟练掌握数据库sql技能，熟悉python/r等数据分析挖掘工具;
4. 有较强的分析能力，善于总结提炼核心结论，优秀的报告撰写能力者优先；
5. 优秀的逻辑能力及沟通能力，积极主动，善于思考，有较强的抗压性和责任感。

",1,1,0,0,0
1110,游戏业务中台数据分析师,字节跳动,深圳,2000人以上,本科,C轮,文娱丨内容,27.0,不限,,"[""扁平管理"",""弹性工作"",""大厨定制三餐"",""就近租房补贴""]","
        职位职责：
1、推进游戏数据平台的需求输出与跟进落地，深入理解游戏业务、规划数据埋点方案； 
2、负责游戏专项数据分析工作，包括但不限于用户生命周期刻画，游戏用户生态分析，拉新/回流/付费分析等，为产品、技术优化持续提供数据支持；
3、通过数据监控线上产品运营状况，及时发现数据异常与风险，定位原因并跟进解决。
职位要求：
1、有良好的逻辑思维能力，优秀的分析问题及解决问题的能力，对挑战性问题充满激情 ；
2、熟悉sql，熟悉hadoop/spark/hive等大数据相关组件，熟练使用r/python进行数据清洗、分析者优先；
3、有it大数据分析经验、互联网公司数据分析经验、互联网数据建模分析经验者优先；
4、有数学、统计学、数据挖掘、机器学习、计算机等相关背景；热爱游戏，深入体验过多种类型的游戏者优先。
        ",1,1,0,0,0
1111,数据分析师(偏增长方向) — 飞书,字节跳动,深圳,2000人以上,本科,C轮,文娱丨内容,30.0,不限,,"[""扁平管理"",""弹性工作"",""大厨定制三餐"",""就近租房补贴""]","
        职位职责：
1、负责互联网产品的用户规模增长 ，为公司增长用户的决策提供支持；并积极协同相关部门一起推动最终决策落地实现；
2、对于用户细分人群进行画像分析、需求挖掘及预测，为用户增长和运营提供基础方法论、顶层架构设计和分析指导；
3、构建并监测各渠道漏斗，分析用户行为，洞察转化的驱动因素，优化漏斗；
4、管理用户生命周期，促进用户持续活跃 。设计并执行ab test，以实验和数据驱动运营动作和产品决策，实现快速迭代优化。
职位要求：
1、5年以上国内外互联网公司运营经验，市场营销，数据分析等相关专业和行业经验；
2、优秀的数据分析能力，数据驱动，并善于从数据发现问题并推动产品迭代；
3、思维开放活跃、擅长创新，追求**的用户体验；
4、能快速理解业务，发掘业务细节和数据之间的联系；
5、有极强的好奇心和探索欲望，项目推动能力强，能迎难而上，充分利用和调动资源；
6、有构建数据仓库、bi应用、互联网行业数据挖掘分析经验者优先。
        ",0,0,0,0,0
1112,高级数据分析师,腾讯,深圳,2000人以上,本科,上市公司,社交,30.0,3-5年,"[""免费班车"",""年轻团队"",""学习机会"",""mac办公"",""定期团建"",""开工利是红包""]","[""免费班车"",""成长空间"",""年度旅游"",""岗位晋升""]","
岗位职责：
1.负责运营成本的数据分析工作，搭建数据分析模型和预测模型。
2.负责运营成本的预算核算管理工作，结合业务资源需求和运营模式，负责提供成本优化建议方案，并执行应用于实际业务。

岗位要求：
1. 硕士以上学历，数学、统计学、计算机等理工科专业，以复合财务管理、经济等专业优先，3年以上数据分析经验。
2.敏锐的数据洞察力、严谨的逻辑思维能力，善于分析、归纳、解决问题，并能量化数据建模。
3.熟练mysql数据库，熟悉python等进行数据提取和处理工作，熟悉业界主流bi产品（如powerbi、tableau等）。
4. 有较好的报告撰写能力，良好的沟通，人际交往能力，以及出色的团队合作精神。
5. 具备cpa/acca等专业资格优先。
",1,1,1,0,0
1113,数据分析师,土巴兔,深圳,500-2000人,本科,C轮,消费生活,20.0,3-5年,,"[""股票期权"",""五险一金"",""带薪年假"",""节日礼物""]","
        岗位职责：
1、负责公司tob、toc材料业务数据的日常监控和分析，维护报表平台的数据输出；
2、配合业务方，提供数据支持，输出相关的数据分析报告，推动业务转化效率提升；
3、负责针对全国材料商和用户数据进行深入统计分析，挖掘用户价值及业务增长点；
4、从核心业务出发，负责宏观行业及市场竞争分析，为业务的整体策略提供支持和建议。

任职要求：
1、数学、统计学、计算机相关专业优先，3年以上工作经验；
2、熟练掌握sql语言，熟练掌握hive、spark、python、r语言、spss、sas中的一种或者多种；
3、逻辑清晰，数据敏感度高，沟通能力强，业务理解能力强，具有吃苦耐劳敬业精神和团队精神；
4、有供应链数据分析或商业分析工作经验者优先。

",1,1,0,0,1
1114,证券业务数据分析师,腾讯,深圳,2000人以上,本科,上市公司,社交,35.0,5-10年,"[""免费班车"",""年轻团队"",""学习机会"",""mac办公"",""定期团建"",""开工利是红包""]","[""免费班车"",""成长空间"",""年度旅游"",""岗位晋升""]","
        岗位职责 
1、支持证券业务数字化运营指标体系搭建与开发，包括业务报表开发、数据分析、用户画像标签开发等工作；
2、通过持续数据分析形成工具或方法论，提炼数据需求，形成数据产品解决方案，并推进方案落地执行；

岗位要求 
1、本科及以上学历，计算机、数学等相关专业，有3年及以上数据处理、分析相关经验 
2、参与过完整的数据采集、数据清洗整理、分析和开发工作 
3、熟练使用python/scala/sql等语言，具有hive/hadoop/spark等大规模分布式计算平台使用经验； 
4、较强的数据敏感度，能结合产品团队的需求完成数据分析和开发 
5、良好的沟通能力和合作意识；具备高度的责任心，良好的结果导向和抗压能力 
6、具有storm/spark streaming等实时计算经验者优先；对金融业务熟悉者优先
        ",1,1,0,0,0
1115,数据分析师-深圳,神策数据,深圳,500-2000人,本科,C轮,数据服务,20.0,5-10年,,"[""节日礼物"",""年底双薪"",""股票期权"",""带薪年假""]","
工作职责：
1、以帮助客户发现业务问题、发挥数据价值为导向，能深入理解客户业务需求与痛点，确定客户业务问题与目标，并给予有效的数据解决方案；
2、从客户业务需求场景出发，指导/协助客户完成多维度指标体系的梳理和建设，并能完成数据采集、管理、分析与应用全流程工作；
3、调动公司内部资源，完成神策分析系统在客户侧的部署及培训，帮助客户实现数据驱动业务的落地与迭代；
4、以解决客户问题为目标，结合行业经验与方法论，提供咨询服务和专题分析报告；
5、总结梳理垂直领域以及标准化实施流程/手册/文档，提升内部数据工作效率；
6、梳理客户成功案例，形成行业指标均值，沉淀领域知识，形成知识库；
7、与产品部门、技术部门配合不断提升数据产品的易用性，形成产品改进文档。

岗位要求：
1、五年及以上金融/互联网/咨询行业数据分析经验，本科及以上学历，数学及计算机相关专业优先；
2、具备优秀的数据分析能力、以及业务感觉，有丰富的数据驱动业务的实战经验；
3、熟练使用统计分析工具，逻辑严谨，能够独立分析和解决问题；
4、具备优秀的沟通意识，良好的现场表达能力，能够独立负责和跟进项目；具备极强的学习能力和自我驱动意识，能够发现问题并解决问题；
5、熟悉数据平台的整体搭建，熟练使用 sql/r/python/excel 等工具。
",1,1,0,1,0
1116,微信游戏数据分析,亿达信息,深圳,2000人以上,本科,上市公司,企业服务,11.0,3-5年,,[],"
        岗位职责：
1、负责微信游戏相关业务的数据上报规划和测试工作；
2、负责运营数据分析，协助输出可落地的运营指导建议；
3、协助数据开发进行相关报表开发、验收，维护数据字典；
4、跟进推动数据相关工作。

岗位要求：
1、熟练使用sql进行数据提取分析，3年以上相关工作经验；
2、熟悉excel、tableau等办公软件；
3、有较强的学习和逻辑思维能力，对数据敏感；
4、大专及以上学历，计算机相关专业。
        ",0,1,1,1,0
1117,金融/银行/互联网 数据分析 数据挖掘岗,长亮科技,深圳,2000人以上,本科,上市公司,企业服务,12.5,1-3年,,"[""五险一金"",""通讯津贴"",""带薪年假"",""定期体检""]","
岗位职责：为银行、信用卡中心、互联网金融、消费金融等各业务条线提供营销和风险相关服务：从银行等公司数据仓库、数据集市或其他外部环境获取数据，使用数据分析或数据挖掘方法，为全行营销细分等方面需求开发模型，建立分析主题，提供分析报告。岗位要求：1、熟悉sas base/r语言/python数据处理和数据分析2、有银行数据仓库，数据集市开发经验，熟悉数据库相关知识及sql语言3、统计类，数学与应用数学类，金融，计量经济学或其他理工类等相关专业4、能从数据仓库平台或其他相关数据平台数据提取对经营分析有价值的数据，并对原始数据进行处理分析。5、了解金融行业特别是银行相关业务知识6、对数据分析，数据模型有强烈的兴趣7、沟通表达能力良好，能独立承担交办的任务8、工作年限2-10年，本科或以上学历优先9、有咨询背景或论文发表背景更加，ppt等文档能力强。
",1,1,0,0,1
1118,数据分析官,FORYON  肤漾,深圳,50-150人,本科,B轮,电商,13.5,1-3年,,"[""节日礼物"",""股票期权"",""带薪年假"",""扁平管理""]","
职位概述：通过dmp、电商数据平台对广告进行多维度分析及优化，打通营销与运营，提升投放精准度。

1，基于对品牌产品、用户、市场的分析，结合aipl、fast模型及费用预算确认投放策略；
2，依据市场部投放策略，确认人群逻辑，研究用户使用习惯、态度和行为，深入挖掘用户需求；
3，定期追踪人群投放效果并进行人群优化，收集品牌&竞品数据，进行人群画像、关联类目、人群流转趋势、内容偏好等分析，输出季度分析报告；
4，收集品牌店铺广告投放渠道（dsp/pxb/sem）数据，利用excel/python进行数据处理，输出花费、成交额、cpc、ctr、roi等多维度月度数据报表；

任职要求：
1，3－5年用户研究／市场调查相关从业经历；
2，善于观察和理解用户的需求，具备较强独立思考能力和逻辑思维能力； 3，社会学、心理学专业优先；
4，具有良好的商业敏感度、业务数据敏感度和优秀的数据分析技能。
",1,0,0,1,0
1121,商业数据分析师,超级猩猩健身,深圳,150-500人,不限,D轮及以上,移动互联网,20.0,3-5年,,"[""岗位晋升"",""扁平管理"",""五险一金"",""带薪年假""]","
        职位描述：
1、负责各业务线的bi分析看板搭建
2、构建全面的、准确的、反映业务特征的数据指标体系, 及时发现与定位业务问题 
3、负责数据报表设计、需求定义、界面原型制作
4、分析并总结构建各业务经营管理规律、用户画像、用户生命周期体系，挖掘运营规律，为业务及管理层提供决策支持
5、负责数据相关项目和工作的推进，并负责积极协调相关部门，及时跟进项目实施
6、对数据保持敏感，负责日常数据系统运营，系统本身数据问题诊断及协调数据开发改进

任职资格：
1、熟练掌握2年以上数据分析/挖掘相关工作经验，熟悉互联网数据分析，有大数据仓库建设项目经验
2、数据敏感度及逻辑能力强，有清晰的思路和数据建模方法论
3、具备较强的规划和统筹能力，有较强的执行能力
4、灵活运用tableau/spss/ibm modeler等数据分析工具者优先
5、计算机/数理统计专业背景优先
6、熟悉零售规律分析者优先
        ",0,0,1,0,1
1122,数据分析师(J10456),传易,深圳,150-500人,不限,不需要融资,社交,17.0,1-3年,,"[""年底双薪"",""交通补助"",""股票期权"",""定期体检""]","
        工作职责:
1. 负责公司音乐产品海量数据分析与挖掘，主动分析用户数据和业务数据，为公司提供数据决策支持; 
2. 挖掘数据特征及数据价值，探索数据商业化，提出产品优化方案，协助提升数据产品用户体验; 
3. 产出商业数据分析报告，解读第三方市场报告，及时发现和分析其中隐含的变化和问题，为业务发展提供决策支持; 
4. 监测日常数据，优化数据埋点，对数据异常波动进行分析，并协助解决数据问题。

任职资格:
1. 本科及以上学历，统计学、数学、计算机等相关专业优先，三年以上数据分析或运营工作经验; 
2. 具有数据思维，熟悉数据分析与挖掘的流程及方法，擅于从数据中发现问题，并提出解决方案; 
3. 有数据建模能力，有app体系化分析经验或推广数据分析经验; 
4. 熟悉sql/hql等数据处理和分析工具并且精通excel，掌握python或shell写数据分析脚本; 
5. 有海量数据提取及分析处理项目经验优先。
        ",1,1,0,1,0
1123,财务数据分析师,AKULAKU,深圳,500-2000人,本科,D轮及以上,金融,15.0,1-3年,,"[""美女如云"",""股票期权"",""高速发展"",""扁平管理""]","
        工作职责：
1、协助建立财务数据分析体系、财务模型，监控关键性财务及经营指标，满足监管需求；
2、提供公司管理所需要的财务数据、财务报表和各项基于目标的财务数据分析；
3、对公司经营情况进行财务分析，并提供经营改善建议，可运用可视化工具，呈现结论；
4、总结与提炼财务数据与业务经营关系，不断优化数据库/数据仓库的完备性和数据处理的时效性；
5、与上级领导紧密合作，对所负责的项目（产品） 的财务环节进行监督及有效跟进，并保持与各项目组沟通，以配合业务和管理需求。

任职资格：
1、统计学、数学、计算机等相关专业本科及以上学历，2年或以上数据分析经验，有财务分析项目、银行系统及业务分析项目经验者优先；
2、较强的数据与财务分析能力，熟练掌握sql、python、excel、ppt等工具，熟悉主流bi工具或有数据可视化经验者优先；
3、良好的沟通能力和清晰的逻辑思维，能够独立解决项目过程中的问题，具有较强的学习能力和文字撰写能力；
4、具有较全面的财务专业知识及财务管理经验，有互联网金融行业工作经历者优先；
5、熟悉主流财务软件（用友、金蝶）或erp财务模块者优先；
6、能使用英语作为主要工作语言，接受不定期出差者优先。
        ",1,1,0,1,0
1124,数据分析岗(001216),五矿证券,深圳,500-2000人,硕士,不需要融资,金融,18.0,1-3年,,[],"
        岗位职责:

职责描述：
1、对海量数据清洗、分析、挖掘、建模，参与模型的维护、部署、评估工作，并形成相应的模型产品；
2、根据业务需求与业务场景，使用机器学习、文本挖掘、数据特征工程、数据聚类分类、推荐系统协同过滤等技术，设计数据建模（模型/算法）解决方案；
3、深入研究公司数据源，整理和发掘数据价值，设计数据产品并推动落地；
4、基于公司业务开展数据挖掘分析算法/工具研究工作，研发创新方法解决业务问题，并组织相应方法／工具的引入，技术规范制定和推广。


任职资格:

任职要求：
1、硕士及以上学历，数据挖掘、数据科学、数学、统计学、计算机、电子通信或者相关专业；
2、熟悉 r、python、scala 等一门及以上数据建模语言，熟悉常用统计，如线性回归、逻辑回归、时间序列、聚类及神经网络等，并对数据结构和算法设计有较为深刻的理解；
3、3年以上数据分析/模型开发经验，具有较强的数据整合，数据分析/挖掘，和解决业务问题的能力；
4、有实时和离线大数据计算经验，熟悉hive/spark/kafka等框架的优先；
5、思路清晰，具备良好的沟通能力和理解能力，较强的学习能力以及快速解决问题的能力；
6、有证券、金融行业经验优先。

",1,1,0,0,0
1125,数据分析岗,AKULAKU,深圳,500-2000人,本科,D轮及以上,金融,20.0,3-5年,,"[""美女如云"",""股票期权"",""高速发展"",""扁平管理""]","
        工作职责:
1、协助建立财务数据分析体系、财务模型，监控关键性财务及经营指标，满足监管需求；
2、提供公司管理所需要的财务数据、财务报表和各项基于目标的财务数据分析；
3、对公司经营情况进行财务分析，并提供经营改善建议，可运用可视化工具，呈现结论；
4、总结与提炼财务数据与业务经营关系，不断优化数据库/数据仓库的完备性和数据处理的时效性；
5、与上级领导紧密合作，对所负责的项目（产品） 的财务环节进行监督及有效跟进，并保持与各项目组沟通，以配合业务和管理需求。

任职资格:
1、统计学、数学、计算机等相关专业本科及以上学历，2年或以上数据分析经验，有财务分析项目、银行系统及业务分析项目经验者优先；
2、较强的数据与财务分析能力，熟练掌握sql、python、excel、ppt等工具，熟悉主流bi工具或有数据可视化经验者优先；
3、良好的沟通能力和清晰的逻辑思维，能够独立解决项目过程中的问题，具有较强的学习能力和文字撰写能力；
4、具有较全面的财务专业知识及财务管理经验，有互联网金融行业工作经历者优先；
5、熟悉主流财务软件（用友、金蝶）或erp财务模块者优先；
6、能使用英语作为主要工作语言，接受不定期出差者优先。
        ",1,1,0,1,0
1126,数据分析师,数神科技,深圳,150-500人,大专,未融资,数据服务,15.5,1-3年,,"[""弹性工作"",""技能培训"",""岗位晋升"",""五险一金""]","
岗位职责:1.对接业务需求,确认报表项目的指标逻辑,指标口径以及参与tableau/powerbi报表的开发以及制作;2.了解和熟悉bi工程师的数据开发流程以及数仓工程师建模的流程 ;3.数据源以及底层表逻辑和字段的梳理,并文档化;4.参与数仓工程师规划、设计划分数据仓库主题层,构建逻辑模型，并且落地各个主题层及表结构5.跟进报表项目进度,包括数据需求分析,报表产品设计,技术研发跟进,数据报表测试,数据报表上线等环节 ;6.负责处理临时取数需求,校验数据等;岗位要求:1.数学,统计,计算机软件,管理信息系统,运筹学相关专业本科及以上学历 ;2.熟悉mysql,hive,sqlserver等至少一种数据库，能够处理复杂的sql脚本3.有良好的数据分析能力,逻辑思维能力强,对数据有一定的敏感性,有零售或者电商行业经验优先4.具有较强的沟通表达，项目管理及组织协调能力;及一定的业务专题分析能力5.优秀的团队合作精神
",0,1,1,0,0
1127,数据分析师,顺丰速运,深圳,2000人以上,本科,上市公司,物流丨运输,18.0,3-5年,,"[""年底双薪"",""绩效奖金"",""带薪年假"",""午餐补助""]","
        岗位职责：

1、收集业务需求，对专项运营策略进行分析，并给出优化建议；

2、对实验性运营动作设计a/b实验，输出投入产出效果和运营建议；

3、设计并产出日常运营数据看板；



岗位要求：

1、本科以上学历，1-3年数据分析经验；

2、要求熟练掌握sql，能熟练使用python/r 优先；

",1,1,0,0,0
1128,数据分析师,OPPO,深圳,2000人以上,本科,不需要融资,硬件,45.0,5-10年,,"[""丰厚年终"",""扁平管理"",""追求极致"",""本分""]","
        岗位职责

1、负责oppo国内海外云服务业务的数据分析工作；

2、搭建并完善业务的报表及监控体系，通过对数据的敏锐洞察，迅速定位业务问题或发现机会，针对异常情况协调资源进行跟踪和深入分析；

3、建设与完善数据分析体系，关注业务动态，解决业务的核心诉求，通过数据驱动业务增长的同时，挖掘流量、产品、策略的商业变现机会，驱动业务商业化发展；

5、负责业务的精细化运营工作。

岗位要求

1、本科以上学历，985/211或同级别海外学历背景学校，5年及以上大数据相关工作经验；

2、熟练使用sql，hive等技术，了解hadoop工作原理；

3、熟练使用linux操作系统，精通shell/python编程；

4、熟练掌握数据分析工具（r、python、excel等），能够独立产出数据报告，熟悉数据采集到报表展示的全流程；

5、有一定的业务数据敏感度，较强的数据分析能力、逻辑思维能力，以及分析问题、解决问题的能力；

6、较强的沟通能力和团队合作能力，勇于承担工作压力。
        ",1,1,0,1,0
1129,数据分析师,志伏贸易,深圳,少于15人,本科,天使轮,电商,17.5,3-5年,,[],"
职责描述：
1. 对卖家账号与商品进行管理与分析，协助上线与运营，价格协商。
2. 综合运用各类分析工具对跨境电商平台与其产品进行分析跟踪，关注市场动态。
3. 基于公司运营、行业洞察、行业热点，策划研究课题，完成数据的提取、清洗、分析、验证，通过数据提炼分析观点，撰写分析报告。
4、负责数据分析体系的规划和建立，对用户进行分层；对接产品、运营、市场的数据分析需求，用数据辅助决策。

任职要求：
英语听说读写流利
1、本科及以上学历，数学、统计、金融、经济等相关专业优先。
2、熟练掌握excel，熟悉sql/sas/spss/r/python 等优先。
3、逻辑严谨细致，有探索精神，工作踏实认真，有较强的沟通推动能力。 对跨境电商行业有兴趣与热情
",1,1,0,1,1
1130,大数据分析师,平安金服,深圳,2000人以上,本科,上市公司,金融,30.0,3-5年,,[],"
        岗位职责：
1、基于银行大数据生态体系，从营销角度分析平安集团与零售银行业绩走势，为管理层提供战略与策略依据；
2、基于市场竞争情报，结合银行内部数据，分析银行各项产品线市场营销状况，挖掘潜在商机，协助制定优化方案；
3、基于非固定非定期需求，以量化数据为着眼点，为银行中高管理层提供有针对性的分析研究报告；
4、全量了解金融行业数据，挖掘外部、集团和银行数据，深度分析客户线上线下及社交媒体行为，为银行市场划分，客群定位，营销推广及策略优化提供全面洞察，并设计落地方案；
5、协同业务部门制定营销策略，与预测模型团队共同设计决策分析手段（如客户细分模型、响应模型、流失模型、客户价值模型等），挖掘客户迁徙和交叉销售机会实现精准营销；
6、合理进行营销投入产出分析，通过科学实验设计，对产品、客群、定价、渠道进行组合策略测试，跟踪评估及调优效果，寻求最精准定位客户；
7、通过业绩数据、客户数据对日常业务经营进行监控，对多种数据源进行深度诊断，对经营中存在的问题进行深入分析和研究，并提出可行性解决建议；

任职要求：
1、数据分析领域3年或以上的实际工作经验， 有金融和互联网行业经验优先，统计、数学、计算机、工商管理等本科以上学历；
2、有很强的逻辑分析和独立思考能力；
3、具备良好的沟通及方案演讲能力；
4、具备团队合作精神；
5、熟练使用office软件，能独立撰写商业数据分析报告；
6、熟练使用至少一种数据整合或分析工具如sql，sas，r，python等。
        ",1,1,0,0,1
1131,高级数据分析师,深融汇,深圳,15-50人,本科,不需要融资,数据服务,20.0,不限,,"[""股票期权"",""年终分红"",""定期体检""]","
        职位描述：
1.对产品进行数据分析，发现问题并配合提出解决方案；
2.跟踪并进行竞品分析，找出产品优劣势。
3.产品运营及推广，销售或客户线索跟踪反馈；
4.产品功能点创新与颠覆。
职位要求：
1.3年以上与数据分析或产品相关工作经验；
2.了解概率论与数理统计的原理及方法，
3.了解数据分析，数据挖掘基本算法和数学模型，有大量数据搜集、整理分析与推断预测的经验；
4.熟练一种统计软件(r, spss, sas等)，有数据处理，统计分析，数据建模，机器学习等相关算法应用经历；
5.掌握一定的关系数据库知识，熟悉sql语言。
        ",0,1,0,0,1
1132,数据分析师,印橙,深圳,50-150人,本科,未融资,广告营销,22.5,3-5年,,"[""带薪年假"",""绩效奖金"",""五险一金"",""弹性工作""]","
岗位职责:1、分析用户行为数据，归纳和分析用户画像、行为特征，与策划、投放运营团队结合，输出运营方案；2、深入研究行业发展趋势，洞察机遇与风险，输出专题分析，为解决客户痛点提供洞察决策；3、熟悉京东数坊4a分布及流转率诊断分析（阿里数据银行fast指标、aipl流转率亦可）；4、定制化的分析报告产出，如特定行业分析报告、品牌的用户分析报告等 ；5、根据数据分析结果，挖掘用户的潜在需求、品牌未来发展方向， 输出运营方案和策略，解决客户痛点；任职资格:1、2年以上用户运营和数据分析工作经历；2、对数据敏感，有能力从多维数据的变化趋势中提取有效信息。有ba或digital相关工作背景优先；3、 逻辑清晰，思维活跃，对数据敏感，善于主动思考，能够通过数据形成清晰的运营观点；4、有京东数坊&九数、阿里数据银行&工厂&策略中心实操经验优先。
",0,0,0,0,0
1133,数据分析师,信条智享,深圳,少于15人,本科,天使轮,电子商务 移动互联网,9.0,3-5年,,[],"
岗位职责：1、各业务系统运营和报表数据分析,定期提交分析报告；2、业务多维度分析需求编写,协调产品和硏发部门完善系统的数据分析功能；3、对相关业务部门的业务分析需求提供支持,制定业务分析数据的管理规范；4、搜集业务部门对业务系统的改进需求,定义需求分级管理,协调产品交付、迭代；5、搜集行业相关信息,为相关需求者提供更准确的数据信息；6、丰富市场分析能力,做岀每日分析计划,熟练掌握各种分析技术;7、对市场、行业、公司运营等提供数据分析计划,为战略决策提供支持;8、发表研究成果或分析评论,配合公司的推广及培训等工作；9、协助部门经理完善部门管理制度;10、对基本面、技术面进行分析研究,给出行情走势分析和判断,撰写研究报告上交公司；任职要求：1、年龄:20-45岁,五官端正,性格开朗,善于沟通；2、全日制本科及以上学历,2年以上报表及数据分析经验3、有相关工作经验者、金融相关专业、有金融从业相关证件者优先录取;4、思路清晰,善于沟通,做事有条理,逻辑性强,工作积极；5、以协助公司持续稳定盈利为大*目标,有志成为业内精英人才。
",0,0,0,0,0
1135,数据分析师,深圳市熙芩时尚贸易有限公司,深圳,15-50人,本科,不需要融资,文娱丨内容,11.5,1-3年,,[],"
岗位职责:1、核心指标的监控和跟踪分析，并对异常波动情况进行深入分析和问题定位；2、提供公司各业务线的定期分析报告；3、特定问题的深入分析；4、市场、品牌投放效果统计与分析；5、搜集行业数据，并给市场、品牌投放提供支持；6、撰写和汇总分析报告。职位要求：1、本科以上学历，数学、统计、计算机等相关专业优先；2、4年以上商业分析经验,熟悉至少一种数据挖掘工具,如r,sas,spss等；3、精通excel，熟悉mysql、oracle、sql server等数据库（至少一种数据库）；4、良好的沟通能力和学习业务能力,敏锐的洞察力；5、有数据管理和决策意识，逻辑思维缜密，具备优秀的分析能力；6、有优秀的业务沟通能力；7、熟悉熟知数据库相关知识，熟悉数据采集与分析方法；具备数据深层次挖掘的能力，善于发现数据的变化规律；8、做事细心，具有很强的责任心，独立解决问题的能力；9、对数据分析有强烈兴趣，有良好的学习能力和强烈的进取心；10、有互联网或互联网金融平台市场投放效果分析经验者优先考虑。
",0,1,0,1,1
1136,数据分析师,九五后营销管理,深圳,50-150人,大专,A轮,金融 广告营销,11.5,3-5年,,[],"
职位描述：
负责游戏上线及版本更新时的效果分析，包括：留存及流失分析、付费分析、功能玩法分析、用户满意度调研等；
任职要求：
1、有电竞行业数据分析经验，分析能力强，逻辑清晰； 
2、通过数据分析，能够较准确预测英雄联盟、王者荣耀、反恐精英、刀塔2
、守望先锋、炉石传说、星际争霸2等游戏赛事情况，准确率不低于70%；
3、有较强的文案撰写能力，能够独立撰写游戏分析报告；
",0,0,0,0,0
1137,数据分析师,快找网络,深圳,15-50人,大专,未融资,电商,15.0,5-10年,,"[""岗位晋升"",""扁平管理"",""领导好"",""年终分红""]","
职位描述：
1、负责为公司电商和全渠道业务提供数据分析支持，维护数据库、建立报表、分析并基于分析结果给业务提供建议
2、 针对公司kpi帮助业务部门制定指标，维护日常报表体系，帮助业务部门解读数据并及时发现、分析数据异常
3、深入了解业务逻辑和数据逻辑，并且能够梳理底层数据以及搭建数据流程优化数据结构；
4、 独立完成日常工作，积极为其他团队提供数据分析支持
 
职位要求：
1、拥有优秀的跨团队沟通能力、数据敏感度和逻辑思维，善于从商业角度发现、理解、解答问题，并推动数据分析结果落地
2、统计学、计算机学、数学等相关专业
3、熟练使用tableau以及其他数据可视化工具
4、熟练使用sql语言，熟悉掌握mysql、posgresql、sql server等数据库，有spss/r/python等分析工具进行数据分析、建模经验者优先
5、有零售、电商、互联网行业经验者优先
",1,1,1,0,1
1138,数据分析师,乐凯撒比萨,深圳,2000人以上,本科,A轮,消费生活,15.0,3-5年,,"[""红杉资本A轮"",""吃货俱乐部"",""潮牌高逼格"",""90后团队""]","
岗位职责： 1、分析客户需求，理解客户业务； 2、负责对数据进行深度分析和挖掘，创建大数据分析流程，进行数据探索分析，构建分析模型为优化产品涉及提供数据支持； 3、探索餐饮行业发展趋势，跟踪数据挖掘和数据分析领域的技术发展方向； 4、与业务团队紧密沟通和联系，解决部门数据统计和分析需求。任职要求：1、本科（一本）及以上学历，计算机、数学、统计、金融等相关专业，3年及以上相关数据分析经验；2、熟悉oracle，db2、mysql中至少一种主流数据库软件，掌握常用的数据分析工具的使用；3、有较强的数据建模和解读能力，能够制作数据报告ppt，并向决策管理层进行汇报；4、需要有营销活动，用户增长等数据分析经验；5、具有极强的学习能力和业务理解能力，良好的沟通和团队合作能力；6、有电商、餐饮、互联网等行业经验优先。
",0,1,0,0,0
1139,BI数据分析师,法大大,深圳,150-500人,本科,C轮,消费生活,19.0,1年以下,,"[""带薪年假"",""绩效奖金"",""通讯津贴"",""定期体检""]","
【工作职责】
1、负责提炼公司核心业务数据，构建业务指标体系，协调建设系统化的数据分析系统；
2、通过数据分析和数据挖掘，找到业务增长的改进点，提供策略建议和优化方向，并推动落实；
3、辅助管理层和业务部门，对业务数据进行分析。

【岗位要求】
1、本科及以上学历，至少2年的数据分析经验，数学/统计学/计算机或相关专业优先；
2、具备sql语言能力，精通excel报表，了解dw或olap等概念，具备大数据经验者佳；
3、良好的数据敏感度和逻辑分析能力，能主动寻找业务环节中数据分析的应用机会者佳；
4、良好的沟通能力和抗压能力，大型互联网公司bi或咨询公司分析师背景优先。
",0,1,0,1,0
1140,实习生（数据分析方向）,司南数据,深圳,15-50人,本科,A轮,数据服务,3.0,应届毕业生,,"[""股票期权"",""带薪年假"",""扁平管理"",""五险一金""]","
工作职责： 
1. 参与公司产品的数据计算、预处理、分析相关工作
2. 负责和参与相关文档的编写
3. 完成其他领导安排的任务
4. 在实际项目中实现技术、业务、工作思维等多角度的成长
  
岗位要求：
1.  全日制本科，计算机、数学、统计学、金融相关专业
2.  掌握基础的数据操作，掌握python，并熟悉java，matlab，r其中至少一种语言，
3.  对数据的计算、操作、分析有一定的认识和经验，对人工智能感兴趣，了解相关数学、统计学知识及数据库原理
4.  有一定的英文阅读能力，能够阅读和学习英文技术文档

【加分项】（非必须条件，满足者优先）：
1.有大数据、数值计算、数据挖掘相关课程、项目经验者优先
2.有金融科技相关项目经验者优先
3.熟悉基本的金融原理，进行过财务分析、经济学等金融课程的系统学习者优先

（注意：此岗位为实习岗位）
",1,0,0,0,0
1141,总行零售金融总部数据分析岗,招商银行,深圳,2000人以上,本科,上市公司,金融,17.5,1-3年,,"[""专项奖金"",""带薪年假"",""绩效奖金"",""岗位晋升""]","
岗位职责:1.负责借记卡反欺诈业务及贷款业务的数据分析及挖掘；2.根据业务应用场景，结合用户设备、环境、账户等信息，对各交易要素进行模型建设，以判断风险大小；3.根据业务应用场景，进行用户行为及关系网络建设，应用图挖掘技术发觉团伙风险；4.对闪电贷、小微贷和房贷等贷款产品及用户进行分析，挖掘潜在客户并进行精准营销，给出数据建议，并推动建议落地。
任职资格:1.全日制本科及以上学历，统计学、数学、计算机等相关专业；2.具备3年以上大数据处理、分析、建模经验；3.对数据敏感，具备良好的逻辑思维能力，对移动互联网业务及交易风险有一定了解；4.能熟练使用数据处理挖掘工具，如sql\pyhton\hive\spark\java等。能熟练应用常用数据挖掘算法（如xgboost、lr等、随机森林），具备图计算算法应用开发经验者优先；5.具备高度的责任心及较强的执行能力，能够专注到数据处理的细节中不断打磨模型效果；6.具备商业分析能力，能从数据中发现业务问题，给出建议，并推动解决业务问题。
",0,1,0,0,0
1142,总行零售金融总部运营数据分析岗,招商银行,深圳,2000人以上,本科,上市公司,金融,17.5,1-3年,,"[""专项奖金"",""带薪年假"",""绩效奖金"",""岗位晋升""]","
岗位职责:1. 对app活跃用户的行为、画像等特征进行分析挖掘，寻找业务增长机会，或业务上的风险点；2.对线上线下用户行为进行串联，针对不同业务场景建立数据模型，分析全渠道流量的利用和转化效果；3.将分析和模型结果产品化，支持总分行的线上用户经营。
任职资格:1.全日制大学本科及以上学历，统计学、数学、计算机等相关专业；2.具备3年以上大数据处理、分析、建模经验；3.对数据敏感，具备良好的逻辑思维能力，对移动互联网运营有相关经验，对银行业务有一定了解；4.能熟练使用数据处理挖掘工具，如sql\pyhton\hive\spark\java等。对常用数据挖掘算法（如xgboost、lr等、随机森林）有较强的理解，对前沿算法（强化学习，深度学习等）有一定了解；6.具备高度的责任心及较强的执行能力，能够专注到数据处理的细节中不断打磨模型效果；7.具备产品思维，对数据产品化和数据策略落地有相关经验。
",0,1,0,0,0
1143,广告数据分析师,京东集团,深圳,2000人以上,本科,上市公司,电商,30.0,5-10年,"[""免费班车"",""免费体检"",""地铁周边""]","[""五险一金"",""带薪年假"",""免费班车"",""定期体检""]","
工作内容：
1、需求把控：较强的需求把控能力，能够准确的理解上级及同级的各类数据及分析需求，并根据现有状态进行合理调配及规划，有质量有效率的进行交付；
2、数据支持：根据各业务线需求，推进及完善数据基础工作，建立快速有效的业务监控报表体系；具有产品思维，能够将常态固化工作产品化；
3、数据监控：搭建自动化分析报表，监控及分析异动，持续优化分析效率，提升业务团队的数据导向意识；
4、流程管理：能够制定流程来把控和规范各项工作，提高工作效率；
5、业务分析：深入理解互联网、电商及广告，能通过数据分析业务内在问题及规律，洞察业务关键节点，给予相应的决策支持，并能形成报告；
6、模型驱动：基于业务、场景和用户深刻理解的基础上，能形成方法论，并具有一定建模能力，产出具备产品化和可以落地的业务模型。

任职资格：
1、5年以上互联网或商业分析相关工作经验；
2、对数据敏感，能从数据中发现问题、解决问题；
3、敏锐全面的洞察力，清晰缜密的逻辑思维能力，以及独立的分析能力；
4、做事主动，理解力强，执行能力强，沟通能力好，团队合作精神佳 ；
5、熟练使用excel、spss等数据分析和统计分析工具；具备良好的脚本能力（sql、python至少具备一项）。
",1,1,0,1,1
1144,数据分析主管,慧择信息集团,深圳,500-2000人,本科,不需要融资,企业服务,30.0,5-10年,,"[""年底双薪"",""股票期权"",""绩效奖金"",""专项奖金""]","
岗位职责：
1.  建立并完善数据体系，制定整体业务数据获取规范、流程、标准，并监督执行、优化；
2. 根据业务部门运营需求，梳理标准化数据指标，并建立、维护自动化报表体系，监控并反馈业务运营状况；
3、深入理解业务及产品，跨部门协调和沟通，响应临时性数据分析需求；
4、分析数据成因及业务运营关联性，发现问题并为企业决策提供支持。
岗位要求：
1、本科以上学历，统计、数学、计算机信息工程等专业优先；
2、三年以上互联网行业工作经验，五年以上数据分析经验；
3、具有扎实的统计学、数据分析、数据挖掘基础，熟悉数据分析、数据挖掘的手段；
4、对数据敏感，归纳、分析能力强，做事严谨细致；
5、有数据平台搭建等相关经验；
6、精通office系列软件，熟练access、mysql等数据库软件，熟悉spss 、python、matlab等软件；
",1,1,0,0,1
1145,初级数据分析师,广州市梦享网络技术有限公司,深圳,150-500人,本科,B轮,消费生活,12.5,1-3年,,"[""扁平管理"",""节日礼物"",""弹性工作"",""五险一金""]","
        岗位职能
1、负责产品海量数据的提取及分析，为相关部门提供数据支持。
2、监测日常数据，优化数据埋点，对数据异常波动进行分析，并协助解决数据问题。
3、对常规的业务数据需求，实现自动化
4、深入理解业务，协助实现数据驱动的运营及决策指导。
5、设计和开发底层数据分析模型，并不断优化，结合业务需求研究用户画像，构建用户标签体系。
任职要求
1、本科以上学历，数学、统计学、计算机等相关专业优先考虑。
2、1~3年数据分析经验，有移动互联网、电商等相关行业经验优先考虑。
3、熟悉sql/hql等数据处理和分析工具。(硬性要求)
4、熟悉linux 常用命令，掌握python/scala语言中的一种或多种。(硬性要求)
5、对数据敏感，做事认真仔细，擅于从数据中发现问题，并提出解决方案。
6、了解hadoop 生态相关技术，有 hivesql、spark、hbase 等使用经验者优先。
7、有海量数据提取及分析处理项目经验优先。
        ",1,1,0,0,0
1146,大数据分析师,广州市梦享网络技术有限公司,深圳,150-500人,本科,B轮,消费生活,19.0,3-5年,,"[""扁平管理"",""节日礼物"",""弹性工作"",""五险一金""]","
岗位职责 ：
1、负责产品海量数据的提取及分析挖掘，为相关部门提供数据支持。
2、深入理解业务，协助实现数据驱动的运营及决策指导。
3、挖掘数据特征及数据价值，探索数据商业化，提出产品优化方案，协助提升数据产品用户体验。
4、设计和开发底层数据分析模型，并不断优化，结合业务需求研究用户画像，构建用户标签体系。
5、监测日常数据，优化数据埋点，对数据异常波动进行分析，并协助解决数据问题。
 
 
 
岗位要求：
1、本科以上学历，数学、统计学、计算机等相关专业优先考虑。
2、2年以上数据分析经验，有移动互联网、电商等相关行业经验优先考虑。
3、具有数据思维，熟悉数据分析与挖掘的流程及方法，擅于从数据中发现问题，并提出解决方案。
4、熟悉 sql / hql等数据处理和分析工具，熟悉linux 常用命令，掌握 python，scala语言中的一种或多种。
5、掌握常用机器学习算法（分类、聚类、回归、关联等）原理、应用场景及代码实现，有机器学习落地经验者优先。
6、了解hadoop 生态相关技术，有 hivesql、spark、hbase 等使用经验者优先；
7、有海量数据提取及分析处理项目经验优先。
",1,1,0,0,0
1147,数据分析工程师,迅雷,深圳,500-2000人,本科,上市公司,工具,30.0,3-5年,,"[""节日礼物"",""技能培训"",""免费班车"",""运动日""]","
        【岗位职责】：
1、负责公司业务线数据体系构建，包括数据埋点、数据仓库建设、数据报表体系等。
2、基于业务理解，对公司产品功能上线、abtest实验，商业化变现效率输出数据分析结论。
3、洞察产品数据价值，输出数据分析报告，对产品提出优化建议，提炼数据模型。
【岗位要求】：
1、3-5年互联网产品数据分析相关经验，有独立负责过业务线数据分析优先。
2、本科及以上学历，数学、统计、计算机、金融工程等专业优先。
3、掌握sql、hive、mysql、python、r等一到多个工具使用，了解常用数挖掘方法和模型，有linux开发经验优先。
4、有较强的数据洞察能力、逻辑思维能力和分析总结能力，懂得相关产品运营知识优先
5、有良好的团队协作和沟通能力，自我驱动，对结果负责。
        ",1,1,0,0,0
1148,大数据分析师,丰图科技,深圳,150-500人,本科,不需要融资,软件开发,22.5,3-5年,,[],"
工作职责：

负责常规日、周、月报的编写工作，搭建和优化数据指标体系； 2.负责运营研发组涉及产品上线前后的问题定位分析、解决方案制定； 3.负责运营研发组涉及产品上线前后的的目标制定、目标拆解及达成情况监控分析工作； 4.深入理解业务，通过各类数据分析发现业务趋势，发掘可能存在的业务提升点； 5.深入分析现有工艺流程，制定优化策略，通过数据进行分析验证，评估可行性和有效性；给出完整策略并跟进策略落实。

岗位要求：
1.本科及以上学历，统计学、数学、计算机等相关专业优先； 2.三年以上数据分析或运营工作经验，了解python/r中的一种，会写sql脚本； 3.具备良好的数据敏感性、逻辑思维能力和业务洞察能力； 4.有数据建模或数据挖掘经验优先； 5.自我驱动力强，具有强烈的目标意识和自我价值实现驱动。
",1,1,0,0,0
1149,大数据分析工程师,网心科技,深圳,500-2000人,本科,未融资,区块链,30.0,3-5年,,"[""股票期权"",""带薪年假"",""绩效奖金"",""定期体检""]","
        【岗位职责】：
1、负责公司业务线数据体系构建，包括数据埋点、数据仓库建设、数据报表体系等。
2、基于业务理解，对公司产品功能上线、abtest实验，商业化变现效率输出数据分析结论。
3、洞察产品数据价值，输出数据分析报告，对产品提出优化建议，提炼数据模型。


【岗位要求】：
1、3-5年互联网产品数据分析相关经验，有独立负责过业务线数据分析优先。
2、本科及以上学历，数学、统计、计算机、金融工程等专业优先。
3、掌握sql、hive、mysql、python、r等一到多个工具使用，了解常用数挖掘方法和模型，有linux开发经验优先。
4、有较强的数据洞察能力、逻辑思维能力和分析总结能力，懂得相关产品运营知识优先
5、有良好的团队协作和沟通能力，自我驱动，对结果负责。
        ",1,1,0,0,0
1150,风控高级数据分析师 (MJ001184),乐信,深圳,2000人以上,本科,上市公司,金融,27.5,3-5年,,"[""年终分红"",""绩效奖金"",""专项奖金"",""年底双薪""]","
岗位职责：
1、持续跟踪业务数据，监测业务发展态势，为业务指标异常提供预警、监测和解读； 
2、密切关注风控指标，基于业务数据，参与制定风控策略，提出改进方案，评价策略及模型效果，出具分析报告； 
3、基于业务逻辑，建立业务数据模型，为团队提供反映风控数据报表； 
4、跟踪和分析风控数据，构建用户信用和行为模型，发现潜在风险； 
5、支持数据提取及分析需求，评价数据质量，开发数据特征。 
任职要求：
1. 全日制本科及以上学历，统计学、数学、物理学、计算机、金融学等相关专业；
2. 3年以上数据风控策略开发工作经验，熟悉数据风控、线上业务的基本逻辑；
3. 具备良好的逻辑思维、结构化思维能力，富有自我驱动的探索精神；
4. 具备优秀的沟通、演讲和谈判技巧；
5. 熟练使用一种软件，包括：sas、r、python、sql；
6. 独立负责过某一业务条线完整信贷产品的风控策略搭建和平台策略管理经验者的从优，熟悉海外个人理财市场和业务者加分；
",1,1,0,0,1
1151,数据分析师（计算机相关）,蓝诺科技,深圳,15-50人,硕士,未融资,其他,11.5,不限,,[],"
        职位描述：
1.每日经济数据分析、研判，相关报表的收集与数据整理
2.根据工作需求，进行相关经济数据研究，撰写分析报告
3.公司网络及办公电脑的日常管理与维护

职位要求：
1.本科及以上学历，计算机或相关专业；
2.至少会使用一种分析工具；
3.熟悉电脑硬件维护，软件安装，网络设置等；
4.有较强的罗辑思维能力及宏观经济数据分析能力。

薪资待遇：
1. 五险一金，带薪休假、年节福利。
2. 工作时间：周一至周五 8:30-17:00 ，双休，法定节假日均休息。
3. 实习期1-3个月，税后薪资7k。
 正式入职，合约两年一签，10-13k。
        ",0,0,0,0,0
1152,数据分析岗,东信时代,深圳,150-500人,本科,C轮,移动互联网,20.0,3-5年,,"[""节日礼物"",""年底双薪"",""带薪年假"",""绩效奖金""]","
        岗位职责：
1.负责公司对接公司信息系统化，进行可视化报表建设；
2.负责公司运营指标监控，输出管理报表、成本业绩报表等。

任职资格：
1.本科或以上学历，统计学，数学相关专业优先；
2.3年以上工作经验营销及广告行业优先；
3.数据敏感，精通excel公式函数，熟悉vba、sql、python、spss、tableau者优先；
4.能独立负责企业数据分析模块，有敏锐的业务嗅觉，能承受高强度工作压力，具备高度责任心，基础扎实，有洞察能力。
        ",1,1,1,1,1
1153,数据分析师【2021秋招】,珍爱网,深圳,2000人以上,本科,不需要融资,社交,20.0,应届毕业生,,"[""发展上升型"",""朝阳行业"",""创业氛围浓厚"",""年终分红""]","
        工作内容
1.参与公司业务的数据体系建设，梳理抽象业务的核心关键指标，建设业务的报表体系和监控体系；
2.深入了解公司业务，用数据优化和指导业务的运营；
3.主动进行业务专题项目的挖掘，帮助业务提升优化率和更好的服务用户。

职位要求
1.本科及以上学历，数学，统计，计算机等相关专业优先；
2.熟悉sql，具备unix、linux环境工作能力，能使用shell、python等脚本语言优先；
3.有优秀的逻辑思维，工作细致，责任心强，善于思考，学习能力强。
        ",1,1,0,0,0
1154,BJ1538-大数据分析专家,云端汇,深圳,50-150人,硕士,不需要融资,社交,11.5,1-3年,,[],"
        1. 学历要求本科及以上，不限院校
2. 5 - 10年经验
3. 熟悉掌握数学、特征挖掘、统计、计算机、数据分析等技能
        ",0,0,0,0,0
1155,大数据分析师 - 用户增长,万兴科技集团股份有限公司,深圳,500-2000人,本科,上市公司,移动互联网,19.0,3-5年,,"[""股票期权"",""骨干配车"",""创业平台"",""餐饮补助""]","
        岗位特色：
面相全球销售的视频剪辑软件产品（喵影，filmora）；500万用户月增量，过亿的年销售，覆盖10国语言；

岗位职责：
1、负责用户增长数据分析aarrr（激活，留存，变现，自传播），输出分析报告；
2、负责洞察挖掘转化提升点，提出方案建议，支撑运营决策和跟踪分析；
3、负责根据业务需求（增长运营，产品功能，产品性能）定义数据指标，定义数据埋点；
4、负责业务数据指标建设，实现数据看板，支持业务日常运营和分析；


任职要求： 
1、本科及以上学历，3年以上大数据分析相关经验；
2、以目标提升为导向，良好业务增长的分析思维；
2、熟悉sql，hive，至少一种数据可视化工具和方法；
3、熟悉python优先；
4、良好的沟通交流能力，较好的逻辑分析能力，善于理解和分析业务，对数据敏感。
        ",1,1,0,0,0
1156,数据分析岗（实习）,数聚湾区大数据研究院,深圳,少于15人,本科,不需要融资,数据服务,3.0,应届毕业生,,[],"
        职位描述：
1、根据业务需求分析挖掘数据，应用数据分析方法输出分析结果和策略方案。
2、根据业务需要搭建数据分析体系和重点指标观测体系，设计相应业务分析框架。
3、对机器学习、数据挖掘、统计分析类前沿问题开展调研与实现。
4、在他人指导下完成数据分析报告与项目文档撰写。
任职要求：
1、在读研究生或高年级本科生，统计学、应用数学、经济学、计算机等相关专业；
2、具备一定的数据编程经验，至少掌握python、r、java等数据分析编程语言中的一种；
3、熟练使用excel、sql等数据分析工具，有数据仓库使用经验者优先；
4、结构化思维，对数据敏感，自我驱动强，能通过数据主动发现问题并解决问题。
5、每周实习保证4天以上，实习时间6个月以上。

",1,1,0,1,0
1157,数据分析岗,数聚湾区大数据研究院,深圳,少于15人,硕士,不需要融资,数据服务,16.0,不限,,[],"
        职位描述：
1、根据业务需求分析挖掘数据，应用数据分析方法输出分析结果和策略方案。
2、根据业务需要搭建数据分析体系和重点指标观测体系，设计相应业务分析框架。
3、对机器学习、数据挖掘、统计分析类前沿问题开展调研与实现。
4、独立完成数据分析报告与项目文档撰写。
任职要求：
1、全日制硕士及以上学历，统计学、应用数学、经济学、计算机等相关专业；
2、掌握基础的经济学知识，对政策、投资、消费、收入等领域研究有一定的理解；
3、具备一定的数据编程经验，至少掌握python、r、java等数据分析编程语言中的一种；
4、熟练使用excel、sql等数据分析工具，有数据仓库使用经验者优先；
5、结构化思维，对数据敏感，自我驱动强，能通过数据主动发现问题并解决问题。

",1,1,0,1,0
1158,数据分析员,iGO共享出行,深圳,150-500人,不限,不需要融资,移动互联网,5.5,不限,,"[""带薪年假"",""领导nice"",""酷文化"",""美女多""]","
岗位职责：1.负责公司端车辆数据分析统计；2.负责对接跟进后勤端口数据；3.驾驶技能熟练，能吃苦耐劳，较好的服务意识；有一定的外联能力。任职资格：1.能够独立驾驶车辆2.较好的服务意识。电脑操作熟练，办公软件运用熟练，表格统计分析能力较强；
3.对车辆感兴趣，对汽车整体较为熟悉。
",0,0,0,0,0
1159,高级行业数据分析师,TCL通讯科技控股有限公司,深圳,2000人以上,本科,上市公司,硬件,20.0,不限,,"[""年底双薪"",""带薪年假"",""定期体检"",""股票期权""]","
        岗位职责:
1.monitor and forecast market trends of mobile industry；
2.devise and evaluate methods for collecting data；
3.gather data about consumers, competitors, and marketing conditions；
4.analyze data and findings and convert into understandable reports；
5.identify key competitor product trends, new market niches and market challenges to define key success factors。


任职资格:
1.5yrs experience in similar role and industry;
2.rich understanding of and passion for mobile products;
3.extensive research experience in market and competitive analysis;
4.outstanding critical thinking skills；
5.familiar with ms excel and research tools;
6.proven ability to multi task in an international working environment；
7.fluency in english essential. known other language is a plus.

",0,0,0,1,0
1160,大数据分析师,马上金融,深圳,2000人以上,本科,不需要融资,金融,20.0,5-10年,,"[""股票期权"",""年终分红"",""绩效奖金"",""带薪年假""]","
        1、有数据处理、数据分析等有深刻认识3年以上的经验；
2、熟悉hadoop/spark/hive/hbase等大数据工具，有大型数据平台使用经验优先；
3、熟练使用sql，熟悉常用的关系型数据库、非关系性数据库和数据仓库；
4、了解微服务开发理念、实现技术，熟悉常见设计模式，熟练掌握springboot开发框架，熟练进行java或python代码编写，熟悉多线程编程；
5、思维敏捷，对新技术敏感，有较强的钻研学习能力；
        ",1,1,0,0,0
1161,大数据分析师,评估王,深圳,少于15人,大专,不需要融资,数据服务,6.0,应届毕业生,,[],"
岗位内容：
1、定期对数据进行采集比对处理；
2、故障排查，负责分析并解决数据库的性能问题,能及时准确的定位问题根源。
岗位要求
1、有责任心，具备独立思考能力；
2、对数据敏感，有优秀的数据分析能力和严密的逻辑思维能力；
3、有较强的学习能力，有钻研精神，热衷于新技术的学习和实践；
4、具有良好的沟通能力、文字表达能力和良好的团队合作精神。
",0,0,0,0,0
1162,数据分析助理/实习生,莱蒂佧国际贸易,深圳,50-150人,大专,未融资,电商,7.0,不限,,[],"
        五险一金 年底双薪 包住 全勤奖 带薪年假
任职要求：
1、信息管理与计算机科学、电子政务、数学统计等专业；
2、对数据仓库、数据架构有一定的理论基础和实践经验；
3、具备优秀excel能力；
4、具备良好的文档规范性编撰能力；
5、具备良好的学习能力，工作认真、细致、坚持不懈、态度严谨，善于沟通及团队合作。
6、逻辑清晰，快速的学习能力及良好的沟通能力。
职位工作内容：
1、协助数据咨询顾问，进行图片、语音、视频等项目数据的验收、评估；
2、及时与数据咨询部门和运营部门沟通验收进度，整理和反馈项目问题；
3、对验收数据进行分析，了解其内在规律，为解决项目问题提供行之有效的解决思路；
4、协助数据咨询部门，收集和整理行业信息，为客户拓展提供有效支持。
        ",0,0,0,1,0
1163,数据分析挖掘,索信达数据,深圳,150-500人,本科,上市公司,人工智能,7.5,应届毕业生,,"[""年底双薪"",""带薪年假"",""股票期权"",""专项奖金""]","
爱学习，积极上进，善于沟通。
数学或统计学专业，硕士优先；
",0,0,0,0,0
1164,大数据分析助理,中数智云,深圳,50-150人,大专,未融资,信息安全,6.0,1-3年,,[],"
任职资格：
1、逻辑分析能力强，对数据敏感，良好的学习能力和抗压能力；
2、有一定计算机基础，熟练使用excel，mysql进行数据分析；
3、统计基础扎实，对科学的统计分析方法有较好的理解；
4、有数据分析类实习经验者优先，数学、统计、理工科专业优先；

任职要求：
1、统招专科及以上学历，数学、统计学等相关专业优先；
2、英语能力强，能与英语母语者沟通加分；
3、精通excel(数据透视表、各种常用公式)，熟悉常用的数据分析软件，能够独立完成数据收集、处理、分析工作，并能够根据数据提供相应业务支持和建议；
4、具备良好的沟通能力和表达能力；
5、对数据工作感兴趣，能够从日常数据中挖掘问题和优化点；
6、有较强的学习能力、分析能力、洞察力，对数据敏感，擅长分析，注重细节；

上班时间：周一到周五 9:00—18:00 周末双休
",0,1,0,1,0
1165,数据分析助理,承儒科技,深圳,15-50人,硕士,未融资,教育,6.5,应届毕业生,,"[""股票期权"",""岗位晋升"",""年度旅游"",""定期体检""]","
1、心理学专业，本科以上，硕士优先考虑。
2.eｘｃｅｌ运用熟练，会使用统计软件．3. 能够快速学习并掌握相关业务知识；                 4. 较强的沟通能力，学习能力和团队合作精神，工作认真、细致，能够承受一定工作压力；                5. 有较强的数据敏感度和逻辑分析、逻辑组织能力；                        6. 有独立开展业务调研、数据分析、报告编写经验优先；                 7. 熟悉数据工作相关职能，有教育行业数据分析工作经验优先。
",0,0,0,0,0
1171,高级数据分析师-faceu,字节跳动,深圳,2000人以上,本科,C轮,文娱丨内容,15.0,3-5年,,"[""扁平管理"",""弹性工作"",""大厨定制三餐"",""就近租房补贴""]","
        职位职责：
1、负责相机线产品用户增长、用户画像、以及变现等相关工作； 
2、分析各项影响产品提升与增长的因素，找到可优化提升的点，给出具体的优化建议，推进落地带来业务提升； 
3、负责业务上各类a/b实验设计与分析，产品优化效果评估，市场活动分析评估，核心指标异动分析等等工作； 
4、有机会带团队。

职位要求：
1、好奇心强，求知欲强，有钻研探索精神，对数据分析有强烈兴趣者优先； 
2、有互联网公司数据分析，商业分析，产品经理，运营经理，策略经理等多方面经验者优先； 
3、性格严谨细致认真； 
4、模型设计与优化能力。
        ",0,0,0,0,0
1172,数据分析师(偏增长方向) — 创新工具,字节跳动,深圳,2000人以上,本科,C轮,文娱丨内容,30.0,不限,,"[""扁平管理"",""弹性工作"",""大厨定制三餐"",""就近租房补贴""]","
        职位职责：
1、负责互联网产品的用户规模增长 ，为公司增长用户的决策提供支持；并积极协同相关部门一起推动最终决策落地实现；
2、对于用户细分人群进行画像分析、需求挖掘及预测，为用户增长和运营提供基础方法论、顶层架构设计和分析指导；
3、构建并监测各渠道漏斗，分析用户行为，洞察转化的驱动因素，优化漏斗；
4、管理用户生命周期，促进用户持续活跃 。设计并执行ab test，以实验和数据驱动运营动作和产品决策，实现快速迭代优化。
职位要求：
1、5年以上国内外互联网公司运营经验，市场营销，数据分析等相关专业和行业经验；
2、优秀的数据分析能力，数据驱动，并善于从数据发现问题并推动产品迭代；
3、思维开放活跃、擅长创新，追求**的用户体验；
4、能快速理解业务，发掘业务细节和数据之间的联系；
5、有极强的好奇心和探索欲望，项目推动能力强，能迎难而上，充分利用和调动资源；
6、有构建数据仓库、bi应用、互联网行业数据挖掘分析经验者优先。
        ",0,0,0,0,0
1173,数据分析师 — 创新工具,字节跳动,深圳,2000人以上,本科,C轮,文娱丨内容,30.0,1-3年,,"[""扁平管理"",""弹性工作"",""大厨定制三餐"",""就近租房补贴""]","
        职位职责：
1、负责业务指标体系建设；
2、负责日常业务运营数据分析，多维度/多模型地全面刻画业务数据状态；
3、负责从海量用户产生的海量数据中深入统计分析，挖掘用户行为，挖掘用户属性。
职位要求：
1、本科以上学历，计算机、数据专业优先；
2、熟悉hive，spark等大数据开发工具；
3、熟悉sql, tableau等数据处理和分析工具；
4、数据逻辑清晰，沟通能力强，业务理解能力强；
5、有构建数据仓库经验者优先；
6、有构建数据仓库、bi应用、互联网行业数据挖掘分析经验者优先;
        ",0,1,1,0,0
1174,小游戏数据分析师,字节跳动,深圳,2000人以上,本科,C轮,文娱丨内容,16.5,不限,,"[""扁平管理"",""弹性工作"",""大厨定制三餐"",""就近租房补贴""]","
        职位职责：
1、负责游戏数据埋点、经分平台（bi）需求的输出与实现，并跟进使用过种中问题和提出优化方案；
2、负责产品日常数据监控、运营数据日报、周报的输出；
3、配合活动、商业化等运营模块，为项目日常运营决策提供数据支撑；
4、负责项目专项数据分析需求，推动研发团队进行产品迭代。
职位要求：
1、本科及以上学历，1年以上数据分析的工作经验； 
2、有较好的逻辑分析能力，且至少熟练掌握一种查询工具（sql、hive），熟练使用office办公工具； 
3、有较好的报告撰写能力； 
4、热爱游戏，深入体验过多种类型的游戏；
5、有自驱力，积极主动、工作细致耐心且有责任感。
        ",0,1,0,0,0
1175,战略数据分析师（游戏方向）,字节跳动,深圳,2000人以上,本科,C轮,文娱丨内容,22.5,3-5年,,"[""扁平管理"",""弹性工作"",""大厨定制三餐"",""就近租房补贴""]","
        职位职责：
1、负责游戏市场产品数据趋势观察，结合游戏市场画风、题材、玩法等内在变化定期输出行业深度数据报告；
2、基于数据，研究游戏行业潜在机会，预测趋势并形成内部业务策略；
3、梳理发行战略诉求，和多团队密切合作，确保战略方向落地和施行；
4、通过数据挖掘和建模，将分析能力平台化、工具化，提升战略数据分析高度和支持效率。
职位要求：
1、本科及以上学历，3年以上数据分析的工作经验，完成过游戏相关战略分析或研究；
2、有成熟的数据分析和数据挖掘经验。至少熟练掌握一种查询工具（sql、hive），至少熟练掌握一种分析工具（python等），有较好的报告撰写能力；
3、热爱游戏， 对主流游戏的核心玩法、数值设计、经济系统、社交系统等都有一定的了解；
4、 有自驱力和责任感，积极主动，工作细致，耐心。
        ",1,1,0,0,0
1176,游戏数据分析师,字节跳动,深圳,2000人以上,本科,C轮,文娱丨内容,22.5,3-5年,,"[""扁平管理"",""弹性工作"",""大厨定制三餐"",""就近租房补贴""]","
        职位职责：
1、负责产品经分平台（bi）需求的输出与实现，并跟进使用过程中问题和提出优化方案（包含tlog数据源的维护）；
2、负责产品运营数据日报、周报的输出；
3、为组内其他同事在对应模块所作的数据分析，提供数据源支持；
4、响应项目负责人的专项分析需求，为运营决策和内容研发方向提供分析报告作为参考；
5、监控项目的关键数据（收入、活跃、在线、留存、核心玩法参与等），对数据异常进行预警、找出原因；
6、在游戏新内容上线后、进行深度体验结合数据、用户反馈、用户调研输出效果分析报告。
职位要求：
1、热爱游戏，深入体验过多种类型的游戏。 对主流游戏的核心玩法、数值设计、经济系统、社交系统等，都有一定的了解；
2、有成熟的数据分析和数据挖掘经验。 熟练掌握和使用excel。 至少熟练掌握一种查询工具（sql、hive）， 至少数量掌握一种分析工具（spss、r语言、sas等）；
3、有较好的报告撰写能力；
4、本科及以上学历，2年以上数据分析的工作经验；
5、有自驱力，积极主动，工作细致，耐心，有强烈的责任感。
        ",0,1,0,1,1
1177,海外游戏数据分析师,字节跳动,深圳,2000人以上,本科,C轮,文娱丨内容,22.5,3-5年,,"[""扁平管理"",""弹性工作"",""大厨定制三餐"",""就近租房补贴""]","
        职位职责：
1、推进现有数据平台的需求输出与跟进落地，能基于游戏理解规划埋点方案；
2、定位游戏目标用户进行用户调研与分析，输出用户画像，为运营计划提供决策支持；
3、通过数据监控线上产品运营状况，及时发现数据异常与风险，定位原因并跟进解决；
4、负责游戏专项数据分析，包括但不限于版本内容，活动效果，留存与流失，功能玩法分析等，为产品优化持续提供数据支持。
5、根据市场方案与运营规划，建立指标体系，算法模型等提供运营进行数据预估，成本控制等。
职位要求：
1、数学，统计学，计算机相关专业优先；
2、有游戏相关的运营分析经验或对主流游戏有深入体验者优先；
3、2年以上数据分析与挖掘经验，有一定数据工具能力者优先（包括不限于sql，python等）；
4、较强的数据敏感度，能从大量数据中挖掘数据价值并形成报告，并将结论输出落地实践，跟进问题解决。
        ",1,1,0,0,0
1178,市场与用户研究经理——数据分析方向,字节跳动,深圳,2000人以上,本科,C轮,文娱丨内容,22.5,3-5年,,"[""扁平管理"",""弹性工作"",""大厨定制三餐"",""就近租房补贴""]","
        职位职责：
1、深度参与游戏从设计开发到发行运营的全流程，评估并不断提升游戏的用户体验水平；
2、在海量用户和数据的支持下，通过数据挖掘和数据分析等专业的方法开展市场分析和用户研究，为游戏提供优化方案和指导意见；
3、深入了解国内和海外市场，关注行业前沿动态，为公司在相应业务上的战略决策提供支持。
职位要求：
1、本科及以上学历，专业不限，心理学、计算机、统计学，自动化，金融，经济等相关专业优先；
2、外语能力强优先；
3、具备良好的问题分析和解决能力，有很好的逻辑思维能力，有很好的数据敏感度；
4、熟悉各类研究方法和数据分析方法，精通数据库理论和sql语言，掌握至少一门计算机语言，如c/c++、python、r等。
5、沟通和表达能力强，能够清晰的讲解分析方法、过程和结论；
6、热爱游戏，有丰富的游戏经验，有志于投身游戏行业；
7、2年以上相关领域工作经验，具备独立主导项目的经验。
        ",1,1,0,0,0
1179,数据分析开发工程师,字节跳动,深圳,2000人以上,本科,C轮,文娱丨内容,30.0,1-3年,,"[""扁平管理"",""弹性工作"",""大厨定制三餐"",""就近租房补贴""]","
        职位职责：
1、根据业务场景梳理各环节数据体系，体系包括埋点体系、数据应用层数仓体系、看板体系；
2、负责各环节数据采集、加工、验收；、数仓主题建设；推动开发&其他部门数据同学一起完成业务主题数据建设；
3、搭建并完善业务的数据主题和报表体系，保证数据完整、准确、可用；
4、根据业务发展提前规划各环节数据，并和分析师&产品团队一起针对分析工作可以拆分对应的数据开发工作；
5、可以承担一定程度的分析工作。
职位要求：
1、本科及以上学历；
2、熟悉数据处理、数据分析等背景知识，熟悉hive大数据组件；
3、有过埋点治理、数仓搭建、业务分析场景对应的主题表建设经验；
4、具备良好的学习能力、分析解决问题的能力和沟通协调能力，高度责任心和团队合作精神。对业务有自己理解和判断力；
5、有使用数据分析驱动业务发展、产品优化等实际经验者优先考虑；
6、有用户&企业用户画像经验者优先考虑。
        ",0,1,0,0,0
1180,数据分析（数据开发）,字节跳动,深圳,2000人以上,本科,C轮,文娱丨内容,30.0,1-3年,,"[""扁平管理"",""弹性工作"",""大厨定制三餐"",""就近租房补贴""]","
        职位职责：
1、根据业务场景梳理各环节数据体系，体系包括埋点体系、数据应用层数仓体系、看板体系；
2、负责各环节数据采集、加工、验收、数仓主题建设；推动开发&其他部门数据同学一起完成业务主题数据建设；
3、搭建并完善业务的数据主题和报表体系，保证数据完整、准确、可用；
4、根据业务发展提前规划各环节数据，并和分析师&产品团队一起针对分析工作可以拆分对应的数据开发工作；
5、可以承担一定程度的分析工作。
职位要求：
1、本科及以上学历；
2、熟悉数据处理、数据分析等背景知识，熟悉hive大数据组件；
3、有过埋点治理、数仓搭建、业务分析场景对应的主题表建设经验；
4、具备良好的学习能力、分析解决问题的能力和沟通协调能力，高度责任心和团队合作精神。对业务有自己理解和判断力；
5、有使用数据分析驱动业务发展、产品优化等实际经验者优先考虑 ；
6、有用户&企业用户画像经验者优先考虑。
        ",0,1,0,0,0
1181,数据分析师—飞书,字节跳动,深圳,2000人以上,本科,C轮,文娱丨内容,30.0,1-3年,,"[""扁平管理"",""弹性工作"",""大厨定制三餐"",""就近租房补贴""]","
        职位职责：
团队介绍：飞书是字节跳动旗下办公套件产品，其将即时沟通、在线协作、音视频会议、日历、云盘、工作台等功能进行了深度整合，为用户提供一站式协作体验。目前，飞书服务的客户已经覆盖了科技互联网、信息技术、制造、建筑地产、企业服务、教育、媒体等多个领域。

1、负责搭建公司指标体系，并持续优化；
2、对接业务线需求，对需求进行梳理，对业务问题进行深度诊断性组合分析、挖掘、深度分析，并给出建议；
3、沉淀分析思路与框架，提炼数据产品需求，与相关团队（如技术开发团队） 协作并推动数据产品的落地；
4、与相关团队协作进行数据建模工作，推动业务部门的数据化运营。
职位要求：
1、本科以上学历，计算机、数据专业优先；
2、围绕商业模式及业务核心目标，协助saas业务整体分析框架制定，推动指标体系与分析方法的搭建，支持业务增长目标实现；
3、对接业务部门，开展内部调研和需求收集，能够以数据驱动业务的优化和发展；
4、对互联网和saas领域有定的了解，有能力开展外部研究和数据获取，参与商业、用研、战略等维度的分析工作，并能够产出分析报告，辅助业务决策；
5、了解用户行为、客户画像等研究，挖掘saas重点客户的用户需求及关键撬动因素，提出业务建议。
        ",0,0,0,0,0
1189,29912-数据分析-运营开发,腾讯,深圳,2000人以上,本科,上市公司,社交,30.0,1-3年,"[""免费班车"",""年轻团队"",""学习机会"",""mac办公"",""定期团建"",""开工利是红包""]","[""免费班车"",""成长空间"",""年度旅游"",""岗位晋升""]","

岗位职责：    
""1、负责在以用户增长为导向的短视频产品中，推进数据分析工作，规划搭建数据指标体系和分析体系，以强数据导向推动短视频的增长目标； 
2、拆解用户增长、留存、拉新、转化、arpu 提升等细分目标，和产品、工程、算法团队配合,深度参与短视频产品需求讨论，功能定义等，制定数据需求和策略，安排优先级；
 3、深入理解业务，围绕数据分析搭建完善的数据服务，驱动业务的发展； 
4、分析用户行为、趋势以及大量ab测试小流量实验结果数据，充分利用机器学习对多维数据（pv,uv,时长等）关联分析；""
   

岗位要求：    
""1、本科及以上学历，计算机、统计、数学、通信等理工类相关专业； 
2、熟悉数据库、数据仓库，有海量数据处理经验，熟练使用mysql和hsql 
3、有扎实的编程能力和坚实的工程能力，熟悉python，hadoop, hive，spark等； 
4、精通至少一门编程语言，熟练运用各种常用算法和数据结构，有独立的实现能力 ；  
5、熟悉机器学习、数据挖掘、数据分析、分布式计算至少某一方面，有较深的理论研究和实践经验优先；  
6、对数据敏感，善于从数据中发现疑点，具有推荐系统、社交、社区、短视频等相关工作经验优先； 
7、熟悉增长黑客(growth hacking)，或对此有强烈兴趣者优先；""
   

",1,1,0,0,0
1190,腾讯看点数据挖掘/数据分析工程师,腾讯,深圳,2000人以上,本科,上市公司,社交,26.5,3-5年,"[""免费班车"",""年轻团队"",""学习机会"",""mac办公"",""定期团建"",""开工利是红包""]","[""免费班车"",""成长空间"",""年度旅游"",""岗位晋升""]","
工作职责
负责信息流广告业务的数据治理工作，包括元数据管理、监控体系建设、数据资产管理等，提升数据可用性、易用性及稳定性；负责信息流广告业务场景的数据挖掘工作，分析各链条数据，挖掘信息流广告的优化点，提升广告收入。

工作要求
1、3年以上数据挖掘相关工作经验，机器学习、数据挖掘相关方向本科以上学历；2、对机器学习、数据挖掘算法及其在互联网行业的应用，有比较深入的认识和理解；3、熟悉linux开发环境，有扎实良好的编程基础，精通c/c++/python/java中至少一种编程语言；4、拥有突出的数据分析和归纳能力， 具备出色的需求分析和快速学习能力，能在复杂业务场景中发现和解决问题的能力；5、熟悉决策树、朴树贝叶斯分类、svm等常见数据挖掘算法；6、熟悉hadoop/spark/hive等相关大数据处理技术；7、良好的业务sense，对数据敏感，有较好的逻辑思维能力、沟通能力、团队意识，有自我驱动意识，细心，有责任感，使命感；8、有广告相关数据挖掘经验者优先。
",1,1,0,0,0
1191,35603-数据分析/挖掘工程师（深圳）,腾讯,深圳,2000人以上,本科,上市公司,社交,37.5,3-5年,"[""免费班车"",""年轻团队"",""学习机会"",""mac办公"",""定期团建"",""开工利是红包""]","[""免费班车"",""成长空间"",""年度旅游"",""岗位晋升""]","
        （qq看点）
岗位职责： 
1、负责信息流广告业务的数据治理工作，包括元数据管理、监控体系建设、数据资产管理等，提升数据可用性、易用性及稳定性；
2、负责信息流广告业务场景的数据分析/挖掘工作，分析各链条数据，挖掘信息流广告的优化点，提升广告收入。

 岗位要求：
1、3年以上数据分析/挖掘相关工作经验，计算机、机器学习相关方向本科以上学历；
2、对数据分析、机器学习、数据挖掘算法及其在互联网行业的应用，有比较深入的认识和理解；
3、熟悉linux开发环境，有扎实良好的编程基础，精通sql/python/java中至少一种编程语言；
4、拥有突出的数据分析和归纳能力， 具备出色的需求分析和快速学习能力，能在复杂业务场景中发现和解决问题的能力；
5、熟悉决策树、朴树贝叶斯分类、svm等常见数据挖掘算法；
6、熟悉hadoop/spark/hive等相关大数据处理技术；
7、良好的业务sense，对数据敏感，有较好的逻辑思维能力、沟通能力、团队意识，有自我驱动意识，细心，有责任感，使命感；
8、有广告相关数据挖掘经验者优先。
        ",1,1,0,0,0
1192,35604-数据分析师,腾讯,深圳,2000人以上,本科,上市公司,社交,37.5,3-5年,"[""免费班车"",""年轻团队"",""学习机会"",""mac办公"",""定期团建"",""开工利是红包""]","[""免费班车"",""成长空间"",""年度旅游"",""岗位晋升""]","
        （now直播）
岗位职责：
1、负责规划业务分析点，并负责例行化分析报告和专项深入分析报告的撰写； 能快速了解行业，深入分析行业生态。
2、通过用户行为进行深度分析，挖掘业务问题和路径机会，推动产品功能迭代、产品运营方案优化，设计实验并复盘效果；
3、梳理业务数据链路和指标框架，为业务的运营决策 提供数据支持，推动部门内数据体系的发展和完善；
4、通过数据报告、产品、模型等多种输出手段沉淀分析思路与框架，提炼数据产品需求，推动数据产品的落地。

岗位要求：
1、本科及以上学历，计算机、应用数学、统计等专业硕士优先；
2、扎实的统计基础，突出的逻辑分析和归纳能力，优秀的业务理解力和洞察力，善于沟通和表达；
3、熟练使用excel、精通sql，至少可以熟练使用一种数据可视化分析工具（r语言/python/tableau） ，了解从数据埋点到数据可视化各环节的关键节点；
4、了解回归分析模型、分类和聚类算法等统计模型和挖掘算法，具有实践经验有两年以上互联网行业数据处理、分析经验优先。
        ",1,1,1,1,0
1193,PCG22-增长数据分析师,腾讯,深圳,2000人以上,本科,上市公司,社交,37.5,3-5年,"[""免费班车"",""年轻团队"",""学习机会"",""mac办公"",""定期团建"",""开工利是红包""]","[""免费班车"",""成长空间"",""年度旅游"",""岗位晋升""]","
岗位职责：
负责创新项目用户增长方向的数据分析，规划搭建数据指标体系和分析体系，依靠数据来帮助团队挖掘增长目标；使用统计学分析方法、挖掘算法，构建数据分析模型来驱动增长；设计ab方案，推断挖掘影响业务增长的核心因素，制定优化策略并协同推进落地；与产品、工程、算法团队配合，深度参与产品增长计划，依据数据分析结果帮助团队确定目标和优先级；深入理解用户侧产品，围绕用户获取、激活、留存、arpu等问题，设计搭建完善的数据体系，驱动业务的发展。

岗位要求：
本科及以上学历，理工类相关专业，统计、数学、计算机、经济等专业；有数据库、数据仓库的处理经验，熟练使用sql，掌握sql/tableau/r；有扎实的编程能力和坚实的工程能力，熟悉python，hadoop，hive，spark等；对数据敏感，善于从数据中发现疑点，深入理解用户侧产品的数据指标体系；有包括不限于搜索/广告/信息流/短视频/社区/社交等用户产品的产品、运营、数据分析、研发经验者优先；熟悉增长黑客(growth hacking)，或对此有强烈兴趣者优先；较强的独立工作能力和协调能力，较强的逻辑性和分析能力，具有敬业精神和团队精神，擅于沟通，有良好的人际关系，很强的好奇心、钻研精神。执行力强，对工作有责任心，富有创新意识，对产品有野心。
",1,1,1,0,0
1194,搜索数据分析产品经理,腾讯,深圳,2000人以上,不限,上市公司,社交,22.5,1-3年,"[""免费班车"",""年轻团队"",""学习机会"",""mac办公"",""定期团建"",""开工利是红包""]","[""免费班车"",""成长空间"",""年度旅游"",""岗位晋升""]","
工作职责
负责基于qq浏览器、天天快报、手机qq看点的搜索功能模块搭建数据指标体系，治理和规划数据上报逻辑及数据日志，以及基于构建好的数据进行数据分析，发现产品体验及产品数据指标提升机会。包括：1. 负责客户端产品的数据埋点、数据监控等数据治理和数据质量建设工作2. 负责构建数据分析模型和预测模型，基于精益数据分析，发掘增长机会点，并推进落地和效果优化3. 负责搜索业务数据的涨跌分析，以及结合公司正常和业务发展趋势，定期对业务进行分析，定期输出数据周报/月报、专项分析报告，及时发现数据变化趋势，为业务决策提供支持4. 负责数据报表、数据分析工具输出
工作要求
1. 了解数据开发、客户端开发、后台开发的基本逻辑和技术原理，方便高效沟通2. 具备1年以上一线互联网公司数据治理分析、用户增长的实战经验3. 具备严谨的实验设计和分析能力（具备较深的统计学功底，r/sql等熟练），能输出高质量的分析报告并产生决策4. 具备良好的主观能动性和团队合作能力，较强的项目推进能力
",0,1,0,0,0
1195,高级数据分析工程师（深圳）,腾讯,深圳,2000人以上,本科,上市公司,社交,45.0,1-3年,"[""免费班车"",""年轻团队"",""学习机会"",""mac办公"",""定期团建"",""开工利是红包""]","[""免费班车"",""成长空间"",""年度旅游"",""岗位晋升""]","
岗位职责： 
通过海量数据分析和挖掘，找出移动互联网应用的商业价值及数据价值点；
 通过机器学习和数据挖掘的技能，探索研发工具的应用场景，提升研发效率；
 深入理解移动应用的业务，分析ab测试小流量实验结果数据；
 负责所属业务线的数据分析及底层数据质量，充分利用机器学习对多维数据（pv,uv,时长等）关联分析，高效完成专题研究报告。
岗位要求：
 3年以上工作经验，有成功的数据挖掘项目经验； 
 数学、统计、计算机等相关专业本科及以上学历，深刻理解并熟练掌握统计学、数据挖掘的算法和技术； 
 精通至少一种数据分析/挖掘语言，如r/python/sas/mahout等，熟悉至少一种以下数据库操作，如hive/mysql/hadoop/oracle等； 
 熟悉常用的数据分析方法，熟练使用excel进行数据分析；熟练掌握spss、sas、r、sql等分析工具中的一种或几种者优先；
 对数据驱动业务有一定理解，对数据与业务方面有足够的敏感性，有较强的逻辑分析能力，有较强的独立思考能力； 
 具备良好的沟通能力和团队合作精神，能独立完成挖掘项目的规划和实施； 
 有互联网行业、移动互联网行业数据分析挖掘从业经历者优先，尤其是有ab测试经验的同学优先；
 具备良好的问题定位分析能力，有较宽的视野，能快速学习新事物。
",1,1,0,1,1
1196,腾讯视频会员数据分析工程师（深圳）,腾讯,深圳,2000人以上,本科,上市公司,社交,25.0,3-5年,"[""免费班车"",""年轻团队"",""学习机会"",""mac办公"",""定期团建"",""开工利是红包""]","[""免费班车"",""成长空间"",""年度旅游"",""岗位晋升""]","
岗位职责：

负责腾讯视频会员数据体系建设，包括搭建数据仓库，建立指标体系，完成数据分析，报表开发及可视化呈现；
负责用户标签系统建设，对用户生命周期进行管理，通过数据分析为运营提供策略指导，驱动业务成长；
负责代币经济体系建设；
负责实时计算系统搭建，实现对用户付费的实时监控，对推广位效果的实时评估等；    

岗位要求：
1.计算机或者数学相关专业； 2.熟练掌握hive sql、python；熟悉java，c，c++等至少一门编程语言；3.熟悉hadoop/spark/hive/storm等大数据处理系统，了解其运行原理；4.有一定的业务数据敏感度，较强的数据分析能力，逻辑思维能力，及分析问题、解决问题的能力； 5.有电商、银行或其他金融类数据开发经验优先；    
",1,1,0,0,0
1197,PCG17-波洞数据分析工程师（深圳）,腾讯,深圳,2000人以上,本科,上市公司,社交,30.0,3-5年,"[""免费班车"",""年轻团队"",""学习机会"",""mac办公"",""定期团建"",""开工利是红包""]","[""免费班车"",""成长空间"",""年度旅游"",""岗位晋升""]","
 1. 负责波洞星球业务的数据仓库建设以及指标体系建设的工作；2. 负责产品和运营核心策略的分析建模，为产品迭代提供数据化分析的方法论以及数据支撑；3. 配合项目发展，规范数据生产到使用全过程，加速数据生产效率，提升数据服务质量。

岗位要求
1. 计算机科学、数据科学、统计学、应用数学等领域本科及以上学历；2. 两年以上数据分析相关岗位的工作经验；3. 熟悉数学建模，机器学习及模式识别等领域的理论基础及常用算法；4. 熟练使用sql/hive语句，具备hadoop、spark等平台的海量数据处理经验；5. 熟悉linux/unix操作系统开发环境，熟悉python/shell，有c/c++语言基础更佳；6. 数据敏感，有良好的逻辑思维能力，较强的沟通能力和团队合作精神。
",1,1,0,0,0
1198,数据分析-增长,腾讯,深圳,2000人以上,本科,上市公司,社交,30.0,1-3年,"[""免费班车"",""年轻团队"",""学习机会"",""mac办公"",""定期团建"",""开工利是红包""]","[""免费班车"",""成长空间"",""年度旅游"",""岗位晋升""]","
【岗位要求】
1、本科及以上学历，计算机、统计、数学、通信等理工类相关专业；
2、熟悉数据库、数据仓库，有海量数据处理经验，熟练使用mysql和hsql
3、有扎实的编程能力和坚实的工程能力，熟悉python，hadoop, hive，spark等；
4、精通至少一门编程语言，熟练运用各种常用算法和数据结构，有独立的实现能力 ；?
5、熟悉机器学习、数据挖掘、数据分析、分布式计算至少某一方面，有较深的理论研究和实践经验优先；
6、对数据敏感，善于从数据中发现疑点，具有推荐系统、社交、社区、短视频等相关工作经验优先；
7、熟悉增长黑客(growth hacking)，或对此有强烈兴趣者优先。

【岗位职责】
1、负责在以用户增长为导向的短视频产品中，推进数据分析工作，规划搭建数据指标体系和分析体系，以强数据导向推动短视频的增长目标；
2、拆解用户增长、留存、拉新、转化、arpu 提升等细分目标，和产品、工程、算法团队配合,深度参与短视频产品需求讨论，功能定义等，制定数据需求和策略，安排优先级；
3、深入理解业务，围绕数据分析搭建完善的数据服务，驱动业务的发展；
4、分析用户行为、趋势以及大量ab测试小流量实验结果数据，充分利用机器学习对多维数据（pv,uv,时长等）关联分析。
",1,1,0,0,0
1199,PCG15-互动视频大数据分析高级工程师,腾讯,深圳,2000人以上,大专,上市公司,社交,21.5,1-3年,"[""免费班车"",""年轻团队"",""学习机会"",""mac办公"",""定期团建"",""开工利是红包""]","[""免费班车"",""成长空间"",""年度旅游"",""岗位晋升""]","
工作职责负责now直播数据体系建设，包括搭建数据仓库，建立指标体系，完成数据分析，报表开发及可视化呈现； 负责个性化推荐，包括特征，召回，排序，和混排的算法工作。熟悉模型建设前沿技术，富有针对业务场景独特创新的经验。通过算法优化不断提升推荐效率和多目标全局指标。负责用户标签系统建设，对用户生命周期进行管理，通过数据分析为产品提供策略指导，帮助用户增长    

工作要求计算机或者数学相关专业； 熟练掌握hive sql、python；熟悉go java，c，c++等至少一门编程语言； 熟悉hadoop/spark/hive/storm等大数据处理系统，了解其运行原理； 有较好的产品sense，具备较强的数据分析能力有推荐/广告/搜索相关的算法经验优先； 有良好的逻辑思维和沟通协调能力    
",1,1,0,0,0
1204,18435-数据分析师,腾讯,深圳,2000人以上,本科,上市公司,社交,30.0,不限,"[""免费班车"",""年轻团队"",""学习机会"",""mac办公"",""定期团建"",""开工利是红包""]","[""免费班车"",""成长空间"",""年度旅游"",""岗位晋升""]","
        岗位职责；
1、支持证券业务数字化运营指标体系搭建与开发，包括业务报表开发、数据分析、用户画像标签开发等工作；
2、通过持续数据分析形成工具或方法论，提炼数据需求，形成数据产品解决方案，并推进方案落地执行；

岗位要求：
1、本科及以上学历，计算机、数学等相关专业，有3年及以上数据处理、分析相关经验 
2、参与过完整的数据采集、数据清洗整理、分析和开发工作 
3、熟练使用python/scala/sql等语言，具有hive/hadoop/spark等大规模分布式计算平台使用经验； 
4、较强的数据敏感度，能结合产品团队的需求完成数据分析和开发 
5、良好的沟通能力和合作意识；具备高度的责任心，良好的结果导向和抗压能力 
6、具有storm/spark streaming等实时计算经验者优先；对金融业务熟悉者优先
        ",1,1,0,0,0
1205,数据应用工程师(偏数据分析+数据可视化),腾讯,深圳,2000人以上,本科,上市公司,社交,37.0,3-5年,"[""免费班车"",""年轻团队"",""学习机会"",""mac办公"",""定期团建"",""开工利是红包""]","[""免费班车"",""成长空间"",""年度旅游"",""岗位晋升""]","
【职位描述】:1.通过数据的采集、分析进行数据处理，结合信息可视化技术，绘制信息图，探索数据价值，洞见支付业务风险；2.与内部业务团队，技术团队紧密合作，深入典型案例，探寻支付业务风险，撰写风险分析报告；3.基于支付场景，依托互联网、大数据和可视化交互分析技术，对支付业务风险进行全景分析和前瞻预警。【职位要求】：1.计算机、统计等相关专业，本科及以上学历；2.两年以上咨询公司从业经验，擅长撰写咨询报告；3.熟悉数据分析及信息可视化，有数理统计经验和数据应用能力；4.有良好的逻辑思考力、执行力和自我驱动力，具备较强的沟通协调能力。【加分项】精通信息可视化，熟练使用adobe illustrator、photoshop者优先【工作年限】2年及以上
",0,0,0,0,0
1206,18436-数据分析师,腾讯,深圳,2000人以上,本科,上市公司,社交,30.0,3-5年,"[""免费班车"",""年轻团队"",""学习机会"",""mac办公"",""定期团建"",""开工利是红包""]","[""免费班车"",""成长空间"",""年度旅游"",""岗位晋升""]","
        岗位职责 
1. 与产品团队紧密合作，负责对接&梳理各产品的abtest需求；帮助产品进行abtest实验设计&实施实验设计指导，使产品用科学的实验方法实验其实验目的；协助产品进行实验指标设计以及完成相关计算
2. 研究&设计abtest相关的下钻分析&增长分析功能，协助开发相关分析产品
3. 使用统计分析、机器学习等方法，完成实验深度分析
4. 金融场景实验指标设计及探索，用于更合理的评估实验效果

岗位要求 
1. 统计学、数学、计算机相关专业，数据驱动，具有优秀的数据sense和逻辑思维；
2. 熟练掌握abtest基本统计原理，实验设计方法，了解用户增长分析方法
3. 熟练使用sql；熟练基于数据挖掘、机器学习等相关技术解决业务问题；熟练掌握python/scala/java中一门编程语言，熟悉spark/hadoop/hbase/es等大数据处理框架；
4. 良好的团队合作能力，优秀的沟通表达能力； 
5. 两年以上工作经验，有abtest，数据分析，数据中台搭建相关工作经验者优先。
        ",1,1,0,0,0
1207,腾讯广告数据分析工程师（深圳）,腾讯,深圳,2000人以上,本科,上市公司,社交,30.0,3-5年,"[""免费班车"",""年轻团队"",""学习机会"",""mac办公"",""定期团建"",""开工利是红包""]","[""免费班车"",""成长空间"",""年度旅游"",""岗位晋升""]","
岗位职责：
1、对广告定向能力、排序能力进行系统性分析, 提出产品改进建议； 
2、基于广告系统的合作方数据贡献价值衡量, 探索 dataexchange 框架； 
3、广告投放对提升品牌影响力的衡量以及对销量转化效果的评估； 用户的标签效果评测； 
4、实验系统的假设。

岗位要求：
1、五年以上工作经验； 
2、良好的统计分析基础，较高的数据敏感性，使用过常用的机器学习、数据挖掘算法，有数据分析师工作背景优先； 
3、对ab测试理论熟悉,有数据分析师工作背景优先； 
4、熟悉 linux 操作系统和开发环境，熟练掌握sql && (python || r)，熟悉 hadoop || storm || spark 优先； 
5、善于沟通，工作积极主动，责任心强，具备良好的团队协作能力； 
6、有广告相关背景优先，有相关垂直行业从业经验者优先。
",1,1,0,0,0
1208,SA-腾讯社交广告数据分析工程师（微信广告 深圳）,腾讯,深圳,2000人以上,本科,上市公司,社交,27.0,1-3年,"[""免费班车"",""年轻团队"",""学习机会"",""mac办公"",""定期团建"",""开工利是红包""]","[""免费班车"",""成长空间"",""年度旅游"",""岗位晋升""]","
'负责针对特定的广告行业需求，基于大规模用户数据，对用户兴趣、偏好进行数据挖掘和分析；
负责分析挖掘广告主感兴趣的人群，协助广告主在广点通系统中进行广告定向投放；
负责通过数据分析追踪广告投放效果，推动特定广告行业的效果优化。

良好的统计分析基础，熟练掌握数据分析的体系流程与方法，较高的数据敏感性，熟悉常用的机器学习、数据挖掘算法；
熟练掌握sql，熟悉(python/r)等语言及相关库包，熟悉 hadoop || spark 等分布式计算和存储平台；
参与过完整的数据采集、清洗、数据整理、指标设计、数据分析和输出报告者优先；
优秀的逻辑思维能力，沟通表达能力，方案输出与展示能力；
善于沟通，工作积极主动，责任心强，具备良好的团队协作能力；
有广告相关背景优先；
",1,1,0,0,0
1209,高级数据分析工程师（线上讲师）,腾讯,深圳,2000人以上,本科,上市公司,社交,2.5,3-5年,"[""免费班车"",""年轻团队"",""学习机会"",""mac办公"",""定期团建"",""开工利是红包""]","[""免费班车"",""成长空间"",""年度旅游"",""岗位晋升""]","
职责描述：1、腾讯next学院是是腾讯课堂子品牌，是腾讯自研it课程的生产者，腾讯next学院旨在提供最实用、最前沿的技术干货给用户，成为在线教育的变革者，助力人人都是工程师的未来世界。2、无须全职，在不影响本职工作的前提下，能较自由地安排自己的工作时间，并能按照规定时间完成课程制作；没有工作地点限制3、讲课形式为直播课，直播课时间为每次1-2小时，无须露面，每月1次4、课酬丰富，是行内发声的好机会任职要求：1、主要负责课程内容的设计与制作2、python数据分析:从事数据分析挖掘相关工作，精通python，擅长python数据分析、爬虫等。3、excel+sql数据分析:丰富的数据分析经验，精通excel和sql。微软excel认证专家优先。加分项：腾讯内部工程师优先大厂背景开发经验优先
",1,1,0,1,0
1210,CSIG18-高级数据分析师（深圳）,腾讯,深圳,2000人以上,本科,上市公司,社交,22.5,3-5年,"[""免费班车"",""年轻团队"",""学习机会"",""mac办公"",""定期团建"",""开工利是红包""]","[""免费班车"",""成长空间"",""年度旅游"",""岗位晋升""]","
岗位职责：
负责大数据风控、精准营销等方面的数据分析、挖掘及服务支持；利用机器学习、数据分析相关技术，解决实际业务问题，为不同业务场景提供有效解决方案。    

岗位要求：
本科及以上学历，计算机、数学、统计等专业优先；3年以上数据分析和挖掘等相关工作经验，有金融及互联网行业数据分析和挖掘经验者优先；熟悉分类、聚类、回归、图计算等数据挖掘算法；熟练使用sql；熟悉使用r/spss/python等数据挖掘工具；熟悉使用hadoop/spark等大数据处理工具经验者优先；良好的分析报告书写能力；工作细致、责任心强，具备较强的学习能力及理解能力；具有优秀的沟通协调能力及开拓精神；具有高度的责任心和团队合作精神。    
",1,1,0,0,1
1211,数据分析师（推广渠道方向）,土巴兔,深圳,500-2000人,本科,C轮,消费生活,16.5,3-5年,,"[""股票期权"",""五险一金"",""带薪年假"",""节日礼物""]","
职位职责： 
1、负责构建渠道分析体系，建立渠道质量评估模型；
2、对渠道数据进行建模挖掘优化业务、分析和解决问题；
3、了解广告防作弊、反作弊，设计并优化防作弊、反作弊系统；
4、负责用数据驱动决策；为公司运营决策提供支持；
5、负责专项分析并形成数据分析报告。
任职要求：
1、计算机、数学、统计学等相关专业，本科学历，掌握概率论，数据统计相关知识；
2、具有数据化运营、数据建模、互联网广告等相关经验，3年以上经验优先； 
3、熟悉掌握sql语言，熟练掌握hive、spark、python、r语言、spss、sas一种或者多种；
4、对数据敏感，可独立编写商业数据分析报告，及时发现和分析其中隐含的变化和问题； 
5、较强的抗压能力，责任心强，有良好的跨部门沟通能力与资源整合能力。
",1,1,0,0,1
1212,30934-海外游戏高级数据分析,腾讯,深圳,2000人以上,本科,上市公司,社交,40.0,5-10年,"[""免费班车"",""年轻团队"",""学习机会"",""mac办公"",""定期团建"",""开工利是红包""]","[""免费班车"",""成长空间"",""年度旅游"",""岗位晋升""]","
工作职责
1、 负责海外手游项目的数据分析体系搭建，帮助游戏精细化运营，为运营决策提供支持。2、 通过数据分析和数据挖掘，找出游戏的问题，调优建议和方向。包括： 1）、日常游戏运营商业化数据监控及问题分析 2）、针对游戏版本、系统玩法、活动、商业化等内容，提出分析思路，并输出结论及一定调整建议 3）、通过业务理解和数据挖掘建模，提出精细化的运营方案，包括：预流失、拉回流、付费转化等方向


工作要求
1、5年以上游戏行业经验，3年以上数据分析相关工作经验，具备专业的数据挖掘技能者优先。2、热爱游戏行业，对生存类、rpg、slg等不同品类有一定的业务理解能力；有海外游戏运营经验优先。3、对数据敏感，有较强的逻辑思维和数据分析能力；熟练掌握和使用excel，熟悉mysql/oracel等主流数据库，至少熟练掌握一种查询工具（sql、hive）和分析工具（spss、r语言、sas等）。4、团队合作意识强，具备较强的抗压能力和沟通协调能力。
",0,1,0,1,1
1213,波洞星球数据分析工程师,腾讯,深圳,2000人以上,本科,上市公司,社交,37.5,3-5年,"[""免费班车"",""年轻团队"",""学习机会"",""mac办公"",""定期团建"",""开工利是红包""]","[""免费班车"",""成长空间"",""年度旅游"",""岗位晋升""]","
岗位职责：
1. 负责波洞星球业务的数据仓库建设以及指标体系建设的工作
2. 负责产品和运营核心策略的分析建模，为产品迭代提供数据化分析的方法论以及数据支撑
3. 配合项目发展，规范数据生产到使用全过程，加速数据生产效率，提升数据服务质量

岗位要求：
1. 计算机科学、数据科学、统计学、应用数学等领域本科及以上学历
2. 两年以上数据分析相关岗位的工作经验
3. 熟悉数学建模，机器学习及模式识别等领域的理论基础及常用算法
4. 熟练使用sql/hive语句，具备hadoop、spark等平台的海量数据处理经验
5. 熟悉linux/unix操作系统开发环境，熟悉python/shell，有c/c++语言基础更佳
6. 数据敏感，有良好的逻辑思维能力，较强的沟通能力和团队合作精神
",1,1,0,0,0
1214,多语言数据分析&amp;媒资库实习生,TCL,深圳,2000人以上,本科,上市公司,其他,4.5,应届毕业生,,"[""年底双薪"",""带薪年假"",""定期体检"",""绩效奖金""]","
工作职责：
负责t-channel导出的数据进行翻译，数据整合并且输出分析结果。配合媒资库多语言工作，进行翻译整理。 


要求：
1、俄罗斯语/葡萄牙语
2、具有良好的表达沟通能力和团队协作精神，积极主动，善于学习；
3、 实习时间至少3个月， 6个月为佳。
",0,0,0,0,0
1217,ZAJ-数据分析经理,微众银行,深圳,2000人以上,本科,未融资,金融,20.0,3-5年,,"[""技能培训"",""年底双薪"",""节日礼物"",""绩效奖金""]","
        工作职责：
1、负责深入理解业务，基于业务目标和场景构建数据指标体系，有效衡量业务变动，及时发现和定位业务问题；
2、负责结合金融场景，分析挖掘用户数据，针对不同用户特点建立用户模型，并制定精细化运营方案；
3、负责紧密跟进日常经营与运转，实现产品与运营效果的数据监控，深入挖掘活动用户行为与转化，提升效果；
4、负责专项业务主题分析及输出报告。

工作要求：
1．全日制本科及以上学历，统计学、数学、金融、计算机等专业优先；
2．3年及以上数据分析、经营分析或相关工作经验；
3．熟练使用相关统计分析语言和工具；
4．有责任心，学习能力、创新能力强，有较好的团队合作和沟通能力。
        ",0,0,0,0,0
1218,YFX-数据分析经理(汽融贷后),微众银行,深圳,2000人以上,本科,未融资,金融,25.0,3-5年,,"[""技能培训"",""年底双薪"",""节日礼物"",""绩效奖金""]","
        岗位职责：
 1、负责结合零售贷款场景，设计数据管理方案、开展策略分析、资产质量监测并协助风险政策人员制定策略优化方案；
2、负责日常常规业务分析报表设计和分析；
3、负责专项业务主体分析及报告；
4、负责定期监控整体风险水平及策略效能，开展业务风险损失预估；
5、负责模型工具应用策略分析、设计及应用效果监控。

任职要求：
1、全日制本科及以上学历，计算机、软件、电子、数学等相关专业；
2、3年及以上数据挖掘或模型开发等量化管理经验，零售或信用卡量化管理经验者优先；
3、熟练使用sql,sas,python等统计分析工具，具备较好的数据分析及数据处理能力；
4、具备较好的技术基础、数理逻辑思维、沟通协调能力、团队合作能力。
        ",1,1,0,0,1
1220,数据分析师(商业方向，中高级）,一面数据,深圳,50-150人,本科,A轮,数据服务,15.0,1-3年,,"[""技能培训"",""海归精英团队"",""Geek分享"",""绩效奖金""]","
        ▪ 负责对接用户需求，管理用户期望，将需求进行有效拆解；

▪ 将商业语言转化成数据语言，能够自主进行数据探索和挖掘/组织初级分析师进行数据探索和挖掘；

▪ 根据用户需求交付 ppt、报告、dashboard 等多种形式的数据洞察；

▪ 将商业场景提炼成可进一步产品化/工程化的数据应用工具。


【任职要求】：

▪ 自我驱动力强，对反常识的数据具有好奇心和探索欲；

▪ 学习能力强，在一面数据分析师有接触到多行业客户的机会，数据分析师需要有快速学习行业知识和沉淀的能力；

▪ 沟通能力强，能够高效理解用户需求，从其真正需求出发，管控期望达成目标；能够与内部工程师进行有效沟通，具有推进项目的能力；

▪ 表达能力强，能将零散的洞察聚合成对用户行而有效的方案，熟练使用ppt；

▪ 责任心强，保质保量完成负责项目 ；

▪ 组织能力强，能够将大项目的需求拆解成小需求，带领初级分析师高效工作；

▪ 探索性强，对一些背景、目标不明确的创新性项目，具有试错的热情；

▪ 有一定的技术背景，精通 sql，熟练使用 tableau 和 python 中的一种


【公司福利】：

▪ 有竞争力的薪酬：工资、一年一次调薪机会、五险一金、商业保险、季度奖金包、年终奖、节假日福利、生日礼物等。既有情怀，又有钱途；

▪ 合理的工作时间：我们有弹性工作时间制度，并追求使用技术去高效解决问题，不提倡加班；

▪ 团队活动：yimba 系列课程、每周的篮球和羽毛球运动，每周分享会，每月聚餐、生日会等。我们是一个有凝聚力的团队；

▪ 年度体检：豪华体检，健康强壮的身体是工作的基础；

▪ 零食饮料：不间断的供应丰富优质的零食饮料；

▪ 年度旅游：前脚去巴厘岛后脚去日本韩国，随着团队的壮大，以后能去的地方更丰富多彩；

▪ 舒适的工作环境：我们有一个漂亮的办公室，开放式的设计和十分开阔壮观的窗景




",1,1,1,0,0
1221,数据分析师（汽车行业）,一面数据,深圳,50-150人,本科,A轮,数据服务,11.5,不限,,"[""技能培训"",""海归精英团队"",""Geek分享"",""绩效奖金""]","
        ▪ 负责对接汽车客户需求，进行数据探索和挖掘；

▪ 根据用户需求交付 ppt、报告、dashboard 等多种形式的数据洞察。


【任职要求】：

▪ 有汽车行业相关背景或者热爱汽车行业；

▪ 具有良好的英文沟通和写作能力；

▪ 自我驱动力强，对反常识的数据具有好奇心和探索欲；

▪ 沟通能力强，能够高效理解用户的需求，从其真正需求出发，管控期望达成目标；能够与内部工程师进行有效沟通，具有推进项目的能力；

▪ 表达能力强，能将零散的洞察聚合成对用户行而有效的方案，熟练使用ppt；

▪ 责任心强，保质保量完成负责项目；

▪ 有一定的技术背景，熟练使用sql。


【公司福利】：

▪ 有竞争力的薪酬：工资、一年一次调薪机会、五险一金、商业保险、季度奖金包、年终奖、节假日福利、生日礼物等。既有情怀，又有钱途；

▪ 合理的工作时间：我们有弹性工作时间制度，并追求使用技术去高效解决问题，不提倡加班；

▪ 团队活动：yimba 系列课程、每周的篮球和羽毛球运动，每周分享会，每月聚餐、生日会等。我们是一个有凝聚力的团队；

▪ 年度体检：豪华体检，健康强壮的身体是工作的基础；

▪ 零食饮料：不间断的供应丰富优质的零食饮料；

▪ 年度旅游：前脚去巴厘岛后脚去日本韩国，随着团队的壮大，以后能去的地方更丰富多彩；

▪ 舒适的工作环境：我们有一个漂亮的办公室，开放式的设计和十分开阔壮观的窗景



",0,1,0,0,0
1222,数据分析师(商业方向，初级）,一面数据,深圳,50-150人,本科,A轮,数据服务,11.5,1年以下,,"[""技能培训"",""海归精英团队"",""Geek分享"",""绩效奖金""]","
        ▪ 负责对接用户需求，进行数据探索和挖掘；

▪ 根据用户需求交付 ppt、报告、dashboard 等多种形式的数据洞察。


【任职要求】：

▪ 自我驱动力强，对反常识的数据具有好奇心和探索欲；

▪ 学习能力强，在一面数据分析师有接触到多行业客户的机会，数据分析师需要有快速学习行业知识和沉淀的能力；

▪ 沟通能力强，能够高效理解用户的需求，从其真正需求出发，管控期望达成目标；

▪ 能够与内部工程师进行有效沟通，具有推进项目的能力；

▪ 表达能力强，能将零散的洞察聚合成对用户行而有效的方案，熟练使用ppt；

▪ 责任心强，保质保量完成负责项目；

▪ 有一定的技术背景，熟练使用 sql，对数据库具有一定的理解，对python、tableau、spss 有所接触。


【公司福利】：

▪ 有竞争力的薪酬：工资、一年一次调薪机会、五险一金、商业保险、季度奖金包、年终奖、节假日福利、生日礼物等。既有情怀，又有钱途；

▪ 合理的工作时间：我们有弹性工作时间制度，并追求使用技术去高效解决问题，不提倡加班；

▪ 团队活动：yimba系列课程、每周的篮球和羽毛球运动，每周分享会，每月聚餐、生日会等。我们是一个有凝聚力的团队；

▪ 年度体检：豪华体检，健康强壮的身体是工作的基础；

▪ 零食饮料：不间断的供应丰富优质的零食饮料；

▪ 年度旅游：前脚去巴厘岛后脚去日本韩国，随着团队的壮大，以后能去的地方更丰富多彩；

▪ 舒适的工作环境：我们有一个漂亮的办公室，开放式的设计和十分开阔壮观的窗景



",1,1,1,0,1
1223,风控数据分析师,极光,深圳,500-2000人,本科,上市公司,企业服务,25.0,3-5年,,"[""五险一金"",""文体活动"",""团建旅游"",""美味晚餐""]","
        岗位职责：
1.对海量业务数据进行分析，深度挖掘数据价值，包括但不限于分析原有特征的衍生逻辑、构建新业务场景指标体系、衍生特征标签；
2.使用建模工具进行信用、反欺诈、营销等相关模型的开发，包括数据准备、建模及数据分析、模型的选取与优化、模型验证等工作；
3.熟悉风控审批、资质推断、客群分层、额度、定价策略的制定方法及相应建模流程；
4.针对不同金融机构和业务给出相应的解决方案，向客户进行阐释并参与实施；
5.针对客户痛点进行业务引导并提供技术支持；
6.具备探索新业务场景的能力与热情，对于知识与技术向新场景迁移和应用有独立的见解。


岗位要求：
1.本科及以上学历，统计、数学、计算机、金融工程等相关专业，两年以上相关领域工作经验，有较好数学或代码基础者优先；
2.至少能熟练运用sas、r、python中的一种进行数据分析或建模，熟练掌握sql、hql等数据库语言；
3.掌握逻辑回归、决策树、机器学习等算法，并了解算法的原理；
4.具备独立思考的能力，逻辑严谨，对数据敏感，善于发现、探索并解决问题，自我驱动力强；
5.有较强的责任心及抗压能力；
6.有建模大赛经验优先。
        ",1,1,0,0,1
1225,网络安全数据分析总架构师,华为技术有限公司,深圳,2000人以上,本科,不需要融资,通讯电子,60.0,10年以上,"[""试用期上社保"",""试用期上公积金"",""一对一带教"",""免费体检"",""5险1金"",""定期团建"",""试用享转正工资"",""团队年轻有活力"",""加班补贴""]","[""福利完善"",""国际化平台"",""定期体检"",""绩效奖金""]","
工作职责：1、负责安全领域大数据架构设计，洞察业界虚拟化、微服务、大数据等技术发展方向，构建on-premis/on-cloud统一的架构；2、结合安全领域场景，引入业界最佳实践，负责利用his/hes/开源生态实现安全领域系统架构及关键技术的规划和实现；3、理解大安全内外部客户的关键问题与潜在需求，识别和定义场景以及对架构诉求，打造敏捷的、可快速交付的架构；4、与业务专家一起完成安全领域的ai业务、应用的探索和孵化工作。岗位要求：业务技能要求：1、掌握分布式系统原理，对存储、计算、消息队列、数据缓存、数据检索、列式存储、资源调度、集群管理等有深入的理解和认识；2、有大数据系统性能或并发度调优经验，所负责系统的资源利用率、吞吐率或性能达到业界领先水平；3、精通python、java、scala、r语言之一；4、熟练掌握tensorflow, caffe, mxnet, sklearn任一主流框架；5、具备较好的数学和理科基础、学习能力强，对技术有追求，具备良好的沟通和协作能力。专业知识要求：1、精通大数据分布式系统设计，对存储、计算、消息队列、数据缓存、数据检索、列式存储、资源调度、集群管理等有深入的理解和认识；2、精通分布式云服务系统设计，熟悉微服务技术架构、弹性扩展等云化技术；3、有大数据系统性能或并发度调优经验，所负责系统的资源利用率、吞吐率或性能达到业界领先水平；4、有数据仓库存储和分析性能优化经验。
",1,0,0,0,0
1237,高级数据分析师（广告）,极光,深圳,500-2000人,本科,上市公司,企业服务,32.5,5-10年,,"[""五险一金"",""文体活动"",""团建旅游"",""美味晚餐""]","
        岗位职责:

1、负责极光广告数据分析工作，规划搭建数据指标体系和分析体系，用大数据支持业务精细化运营；

2、全面分析影响广告收入的因素，产出广告优化方向；

3、负责业务运营数据分析报告，专题分析报告设计及落地。

任职要求:

1、本科或以上学历，统计学、数学相关专业优先，3年以上工作经验；

2、良好的统计分析基础，较高的数据敏感性，了解常用的机器学习和数据挖掘算法；

3. 熟悉linux开发环境，熟练使用sql，熟悉python/r等至少一门开发语言，熟悉hadoop/spark/tableau等工具；

4、能支持跨部门合作，寻求资源、推动数据价值实现。
        ",1,1,1,0,0
1238,证券数据分析工程师（深圳）,腾讯,深圳,2000人以上,本科,上市公司,社交,45.0,3-5年,"[""免费班车"",""年轻团队"",""学习机会"",""mac办公"",""定期团建"",""开工利是红包""]","[""免费班车"",""成长空间"",""年度旅游"",""岗位晋升""]","
负责证券业务数据衍生指标开发和建设 支持产品需求完成证券业务内数据分析和选股策略开发工作 参与建设证券数据质量校验与监控体系

岗位要求
1、本科及以上学历，计算机、数学等相关专业，有3年及以上数据处理、分析相关经验 2、参与过完整的数据采集、数据清洗整理、分析和开发工作 3、熟练使用python/scala/sql等语言，具有hive/hadoop/spark等大规模分布式计算平台使用经验； 4、较强的数据敏感度，能结合产品团队的需求完成数据分析和开发 5、良好的沟通能力和合作意识；具备高度的责任心，良好的结果导向和抗压能力 6、具有storm/spark streaming等实时计算经验者优先；对金融业务熟悉者优先
",1,1,0,0,0
1239,腾讯广告数据分析工程师（深圳）,腾讯,深圳,2000人以上,硕士,上市公司,社交,30.0,3-5年,"[""免费班车"",""年轻团队"",""学习机会"",""mac办公"",""定期团建"",""开工利是红包""]","[""免费班车"",""成长空间"",""年度旅游"",""岗位晋升""]","
岗位要求：    
1. 计算机、统计、数据科学或者相关专业本科以上学历， 硕士、博士优先；2. 优秀的逻辑思维能力，沟通表达能力，方案输出与展示能力，有跨部门合作经验优先；3. 良好的统计分析基础，较高的数据敏感性，有数据分析师工作背景优先；4. 熟练使用python，熟悉 hadoop、storm、spark 优先；5. 熟练使用常用的机器学习、数据挖掘算法； 6. 善于沟通，工作积极主动，责任心强，具备良好的团队协作能力与承压能力；7. 有广告相关背景优先，有垂直行业从业经验者优先。
   

岗位职责：    
1. 面向ka广告主，提供精准挖掘、洞察分析与定制化建模服务，协助各行业构建营销解决方案，提升广告主满意度；2. 为洞察类标签制作、洞察能力&定制化建模能力落地产品化，提供预研支持与可行性论证；3. 面向智慧零售场景，提供案例服务与数据解决方案研究；4. 提供的服务与产品化预研内容包括但不限于：（洞察标签类）心理学标签挖掘；（洞察能力类）品牌竞争分析、品牌观点挖掘、广告触媒分析、人群圈层；（定制化建模类）销售线索打分、换机概率预估、流失用户建模、拉新用户建模；（智慧零售类）门店客流分析、小区地推分析、商业决策分析。
   

",1,0,0,0,0
1241,数据分析产品经理,腾讯,深圳,2000人以上,本科,上市公司,社交,10.0,1-3年,"[""免费班车"",""年轻团队"",""学习机会"",""mac办公"",""定期团建"",""开工利是红包""]","[""免费班车"",""成长空间"",""年度旅游"",""岗位晋升""]","
        【岗位职责】：
-负责腾讯指数在广告业务的营销洞察工作，通过数据分析挖掘消费者需求，评估广告营销效果，帮助广告主提升转化，实现广告业务增长
-熟悉广告业务场景，负责搭建数据分析框架、体系，帮助业务建立科学的评估体系，并辅助产品经理实现工具化的数据落地应用
-支持不同品牌的评估分析，独立完成分析报告
-能快速学习、了解新行业相关知识，负责建立、维护行业知识库，验证知识库准确性，保证数据效果
-持续关注和分析业务数据，关注行业动态，产出相关研究报告，跟进规划、落地
-与团队的产品经理、运营、推广、研发团队紧密合作和沟通，高效推动需求、建议落地
【岗位要求】：
-本科及以上学历，统计学、数学、金融学、计算机等相关专业优先，有咨询或互联网经验优先
-熟练使用excel/r/sql/spss等统计分析工具者优先，有互联网相关数据分析等经历者优先
-拥有2年以上数据分析、数据运营或产品策划，能独立承担分析专题等项目工作
-较好的逻辑思维能力、沟通能力、快速学习能力、团队合作意识

此岗位签约主体为腾讯全资子公司（腾讯瑞德铭）
        ",0,1,0,1,1
1242,数据分析师,广州南天,广州,500-2000人,本科,上市公司,数据服务,10.0,1-3年,,"[""五险一金"",""带薪年假"",""节日礼物"",""年终奖金""]","
        工作职责：
1. 参与数据分析(bi商业智能)相关系统的开发实施 ；
2. 进行数据分析、数据挖掘、报表开发工作；
3. 进行数据导入、导出、数据计算等处理过程的开发工作。

岗位要求：
1、本科以上学历，计算机相关专业
2、2年及以上参与报表系统建设相关经验，熟悉银行存款、贷款等业务
3、熟练掌握java语言，熟悉使用oracle、mysql等关系数据库，熟练使用sql语言
4、有监管报送系统方面的从业经验优先。
4、具备bi项目管理经验优先
        ",0,1,0,0,0
1243,高级数据分析师,广州棒谷科技股份有限公司,广州,2000人以上,不限,不需要融资,电商,15.0,3-5年,,"[""项目奖金"",""绩效奖金"",""年终奖"",""五险一金""]","
        岗位职责:
1、对网站、app、pc平台用户操作行为，会话日志等数据进行搜集、分析和整理，制作围绕用户的分析报告；
2、建立并持续完善的用户标签体系，与数据仓库建模师配合完成用户画像数据模型；
3、围绕用户数据进行数据挖掘，对用户进行分类，主导定制化服务策略；
4、深度分析用户行为，协助提升产品各项转化率。


任职资格:
1、大专及以上学历，熟悉互联网知识，有2-3年以上、网站推广运营、电子商务工作经验；
2、3年以上互联网用户分析经验；精通sql，有hadoop,spark平台分析经验优先；
3、优秀的数据思维和强烈的数据决策意识，良好的数据敏感度，能从海量数据中提炼核心结果，善于用简单语言表述复杂结论；
4、有团队合作精神，能承担较大工作压力，能够在复杂环境下协调各项资源，顺利完成目标。


【棒谷提供】
1、薪酬：12k-18k；优秀者可面议；提供优于同行的优厚薪酬福利
【薪酬结构：基本工资+餐补+绩效奖金+全勤奖+年终奖+项目奖】
2、交通：公司班车免费点对点接送上下班，不到20分钟可达公司大厦楼下
【地点：1/2号线公园前地铁站，2号线萧岗地铁站，5号线西村地铁站，3号线白云大道北地铁站】
3、专业培训：入职培训+岗位技能培训+户外拓展培训+导师制+管理班级培训； 
4、五险一金：入职即购买五险一金（社保五险外加重大疾病医疗补助、住房公积金）
5、工作氛围：开放、轻松、年轻、扁平化管理； 新人入职礼、缤纷多彩女神节礼物，中秋节、圣诞节礼物； 
6、假期：除了享受国家法定假期、婚假、丧假、女员工产假及男员工陪产假等有薪假期外，满一年服务期5天带薪年假，及每月1天带薪病假；
7、社团俱乐部：羽毛球、篮球、足球、游泳等各种社团俱乐部等你来嗨；
8、上班时间：大小周工作制，周一至周五上午9:00-18:00 或9:30-18:30，午休1.5h，小周周六9:00-15:30，或9:30-16：00（法定节假日正常放假）
        ",0,1,0,0,0
1244,大数据分析运营,美的IoT,广州,2000人以上,本科,上市公司,硬件,20.0,3-5年,,"[""年底双薪"",""免费班车"",""带薪年假"",""岗位晋升""]","
岗位要求：
负责美的智能产品数据挖掘分析，驱动产品智能及用户体验提升，主要包括：
1、通过数据洞察发现问题及分析场景，撰写分析报告及建议解决方案，推动业务变革；
2、使用常用的数据分析及挖掘算法模型，按需求建立模型，为业务提供决策支持；
3、面向用户、事业部及业务部门发布数据报告及数据小品；
4、参与数据产品及数据可视化建设；
5、挖掘智能用户、设备数据，制定标签为营销企划提供数据支撑；

工作要求：
1、统招本科及以上学历，3年以上工作经验，2年以上数据分析或数据挖掘经验；
2、熟悉常用的数理统计理论、数据分析方法及挖掘算法；
2、掌握r、python、spss等至少一钟分析挖掘工具；
2、熟练使用办公软件，有较强的报告撰写能力及一定的汇报能力；
4、数据大数据体系基本架构，能够使用sql查询取数""

【加分项】
1、有机器学习、深度学习实践经验；
2、有用户标签应用产品经验；
",1,1,0,0,1
1245,高级数据分析师,一手,广州,500-2000人,本科,C轮,电商,37.5,5-10年,"[""购买社保"",""年轻团队"",""免费下午茶"",""股票期权"",""免费体检"",""节假日福利"",""每月餐补"",""地铁周边"",""5险1金""]","[""节日礼物"",""团队靠谱"",""活动多多"",""相当民主""]","
        岗位职责：
1、负责进行商品分析，用户数据洞察，数据挖掘和分析，为商品企划提供数据支持；
2、协助商品管理--商品标签库及商品画像建立，以及库存周转预警和补货分析；
3、分析畅销商品销售排名，预测商品销售趋势，确定商品供应需求，为商品计划和销售计划提供参考依据；
4、通过商品分析及结合流行趋势提供商品采买建议参与产品总体商品企划，分析商品结构，把握新品上市节奏、结合商品销售情况提出欠缺商品和商品修改意见；
5、协助完成商品活动复盘分析，负责商品开款/入仓/上架/推广时间节点、商品成本、商品占比及结构调配的数据分析建议输出和把控，负责年度货品性质变化的把控。
岗位要求：
1、本科及以上学历，统计学、计算机、市场营销等专业优先考虑；
2、3年及以上相关数据分析工作经验，逻辑思维清晰，具备商品企划数据分析经验优先；
3、熟悉基本的服装商品企划思路和方法策略，擅长商品交易的数据分析，对数据变化敏感，能够依据数据制定出合理的可实施的改善意见和方案；
4、 掌握基本的统计方法，熟悉至少一种数据库软件（如：oracle、mysql、sql server等），能够熟练的利用excel进行数据整理和编辑、统计分析和高级分析；
5、实事求是，数据驱动，结果导向，不惜代价，同理心强，推动力强；
6、了解电商服装行业，具有相关行业的数据分析工作经验者优先。
        ",0,1,0,1,0
1246,数据分析师,触漫,广州,150-500人,本科,B轮,文娱丨内容,12.5,3-5年,,"[""股票期权"",""领导好"",""扁平管理"",""免费零食""]","
        岗位职责：
1. 负责多业务线的策略分析工作；对于不同场景，帮助业务线拆解目标，找出优化点；
2. 针对一个业务方向，以数据为基础产出策略，设计a/b test试验方案并推动落地；
3. 从用户行为出发，分析和挖掘深层原因，通过数据验证形成洞察；
4. 支持业务方及团队内部数据需求。

任职要求：
1. 本科及以上学历，数学/统计、物理、计算机相关专业优先；
2. 2年以上策略产品或策略运营工作经验，用户增长、用户生命周期管理相关方向经验优先；
3. sql实操能力强，可熟练使用 python/r 进行数据清洗和分析，熟悉常用的数据统计和分析方法；
4. 对数据敏感，具备业务洞察，能发掘业务细节和数据之间的联系；
5. 抗压能力强，沟通协调推动能力强，有跨部门团队协调经验者优先。

【加入我们】
我们提供竞争力的薪酬标准、年底双薪，贴心照顾你的钱包；
我们提供六险一金，福利齐全 ，让你工作后顾无忧；
我们提供周末双休、各类带薪假期，劳逸结合嗨翻天；
我们提供地铁上盖创意园环境，数不清的咖啡零食肥宅水；
我们提供贴心的加班餐，专业设备健身房，让你远离亚健康；
我们提供年度体检，各种团建活动，work hard，play hard；
我们还提供生日礼品、婚育礼金、慰问礼金、传统节日礼品及健康体检等。
        ",1,1,0,0,0
1247,数据分析师,联邦车网,广州,150-500人,本科,不需要融资,消费生活,10.0,1-3年,,"[""年底双薪"",""绩效奖金"",""带薪年假"",""定期体检""]","
        岗位职责：
（1） 日常数据监控和分析，及时发现业务问题和机会点，提供可落地性建议；
（2） 负责产品运营、活动运营、用户运营等相关的业务数据分析与挖掘；
（3） 优化和完善数据分析体系，包括业务指标体系、专题分析体系等；
（4） 参与业务push等精细化运营，提供用户精细化分群支撑及效果监控；
（5） 负责部门日常数据报表维护，数据处理定时任务维护，及部门其他临时数据分析需求支持。

任职要求：
（1） 本科及以上学历，统计学、数学、计算机相关专业优先； 
（2） 2年以上数据分析、数据产品工作经验；
（3） 熟悉app数据分析体系，有用户行为分析、属性分析、用户运营等分析经验的优先；
（4） 具有良好的数据敏感度和结构化思维，掌握常用数据分析方法和相关数据建模知识；
（5） 熟练掌握sql脚本编写、excel常用函数及透视表；掌握python、r、spss等任意一种工具进行数据处理、分析建模；
（6） 很强的责任心、主观能动性，良好的学习能力、跨团队沟通能力。

",1,1,0,1,1
1248,数据分析师,上海浩宜信息科技有限公司,广州,150-500人,本科,不需要融资,数据服务,9.0,1-3年,,"[""绩效奖金"",""定期体检"",""股票期权"",""通讯津贴""]","
工作内容：
1、对运营数据统计，并从多维度进行分析
2、配合业务部门对数据进行专题分析，从数据中找出存在的潜在问题
3、完成周报及相关分析报告的编制
岗位要求：
1、有产品运营经验
2、有统计学专业背景
",0,0,0,0,0
1249,数据分析师,ENTROBUS,广州,15-50人,本科,不需要融资,数据服务,11.5,1-3年,,"[""绩效奖金"",""岗位晋升"",""五险一金""]","
岗位职责：1.负责业务需求分析和客户沟通，深挖客户数据分析需求，针对不同行业应用场景特点，输出行业大数据应用方案（房地产、零售业、烟草等）；2.快速学习现有数据产品体系，将数据模型运用到各行业业务中，迭代形成公司级的数据产品。3.对数据进行清洗和整合，负责特征工程、模型训练与测试、模型应用等搭建工作；4. 负责数据仓库、爬取引擎、搜索引擎、个性化推荐引擎等的技术主导设计； 岗位要求：1.本科及以上学历，计算机、数学、统计、工商管理、市场营销等相关专业优先；211/985及海外毕业留学生优先考虑。2.1年以上行业大数据分析相关经验，熟悉数学建模、机器学习、数据挖掘等；3.熟练使用python或pyspark，具有处理大规模数据的经验；4.对数据的场景化构建能力强，好钻研，积极主动，有自己的见解；5.具备良好的沟通合作技巧，较强的责任心及团队合作精神，工作踏实认真；
",1,0,0,0,0
1250,数据分析师,DataStory,广州,150-500人,本科,B轮,数据服务,12.5,1-3年,,"[""颜值高"",""双休日"",""高大上团建"",""带薪假""]","
        岗位职责
1、负展公司业务市场经营分析,客户服务洞察,辅助企业治理和规划决策,通过数据发现业务流程问题,挖掘潜在数据赋能机会
2、负责外部行业大数据分析洞察,组织完成调研分析工作,输出行业动态和竞品特性调研分析报告,指导公司产品设计和数据应用优化,探索和研究数据新的应用模式;
3、建立大数据内外赋能分析运营体系,开展内外部用户需求和数据应用效益的收集、整理、分析,实现数据价值应用全流程闭环跟踪评估,驱动大数据模型和产品持续迭代优化。
任职要求
1、拥有信息技术、统计、数学、经济、金融等相关专业本科以上学历,2年及以上相关工作经验;
2、对大数据分析有深入了解,并对大数据行业感兴趣，熟练掌握2种以上数据分析工具；
3、熟练掌握sql语句,在数据处理和数据分析方面有较扎实的基本功
4、能够结合公司业务发展情況自主提出数据分析课题,建立完整的数据分析框架,提出各种业务假设,应用多种统计分析、数据挖掘等方法完成业务假设的验证,给出明确的业务分析结论
5、拥有良好的业务理解力、逻辑思维能力、协同合作能力、口头沟通表达能力和书面汇报能力
6、具有汽车数据分析或快消业务分析经验者优先,具有数据挖掘、机器学习经验者优先
        ",0,1,0,0,0
1251,数据分析师,乐其电商,广州,500-2000人,本科,不需要融资,电商,11.5,1-3年,,"[""绩效奖金"",""带薪年假"",""年度旅游"",""弹性工作""]","
        岗位职责：
1、利用数据银行、策略中心和内部数据平台工具定性与定量分析、用户研究、竞品研究， 数据分析评估品牌数字营销活动效果，并为品牌提出营销/货品优化建议；
2、通过洞察分析，制定详细的推广方案/营销策略/运营端调整，并对落地结果持续追踪监控，及时调整持续优化，改进策略并推进执行；
3、撰写项目季度、年度等大型报告，并协助团队负责人向客户进行报告提案。

职位要求：
1、本科及以上学历，至少2年数据分析工作经验，具有数字敏感度及逻辑分析能力；
2、熟悉数据银行，了解策略中心，能根据业务需求，制定行业的品类市场分析报告、品牌人群的深入洞察等，指导推广、运营、品牌做出相应调整；
3、拥有开放的心态，良好的沟通协作能力，良好的学习能力；
4、熟练使用excel、ppt，懂python更佳。

找你不容易，必有大福利：
★leqee标配福利，人有我优：
1、每天7.5小时工作制，周末双休，只是标配；
2、五险一金保障全，入职购买，无后顾之忧；
3、试用期工资不打折，生活质量有保证。
4、带薪休假任性耍，转正即享有带薪年假，法定假期、婚假、产假以及陪产假样样齐全；
5、元旦、端午节、中秋节、圣诞节各种节日福利，花样年年变，等你来体验

★leqee贴心内部福利，人无我有：
1、弹性工作制，生活工作不失衡；
2、低价内购买买买，清空购物车不是梦；
3、部门团建尽情浪，公司拓展玩不停，等你一起来建立无坚不摧的革命友谊。

★leqee大咖带你玩转电商开拓眼界：
1、不定期内部专业培训，电商老司机分享经验，小白秒变大咖；
2、扁平办公，领导nice没架子，点对点沟通，畅通无阻；
3、团队年轻好相处，代沟？不存在的~

更多惊喜，等你发现，leqee欢迎你~
        ",1,0,0,1,0
1252,数据分析师,广东联通,广州,2000人以上,本科,上市公司,移动互联网,18.0,1-3年,,"[""节日礼物"",""年底双薪"",""带薪年假"",""绩效奖金""]","
        岗位职责：

1.负责数据仓库与业务情景分析的构建、维护、部署和评估；

2.负责业务数据分析需求的调研、分析及实现；

3.根据需求进行系统设计和详细设计，承担核心模块和核心功能开发；

4.熟练使用sql，使用各类数据分析工具，分析报表，能快速对数据分析输出结果； 

5.拓展数据对用户模型精准度，实现动态处理。

岗位要求：

1.全日制重点本科及以上学历，具备良好的数据敏感度，能从海量数据提炼核心结果，有数据分析、挖掘、清洗和建模的经验，1年以上开发经验；

2.熟悉oracle、mysql等主流数据库，具有良好的sql语言开发技能，掌握存储过程、函数等开发技术；

3.熟悉linux、shell，python脚本；

4.熟悉hadoop，hdfs、hive、sqoop大数据平台；

5.具备良好的学习能力和分析解决问题能力。

",1,1,0,0,0
1253,数据分析,粉星时尚,广州,50-150人,本科,不需要融资,电商,15.0,1-3年,,"[""扁平管理"",""五险一金"",""午餐补助"",""专项奖金""]","
        【岗位职责】
1、根据业务需求，对各个社交媒体平台的数据收集并进行相关分析，提供可视化数据报表
2、每日对各平台进行数据收集和分析，向其他需求部门提供可视化的数据报表
3、建立有效的数据体系，为业务推进提供有价值的数据支持，规划与优化业务流程
4、通过挖掘数据，对业务过程及结果进行问题定位及分析，定期产出（每周）优化分析报告，为业务发展决策提供支持

【任职要求】
1、统招本科及以上学历，数学、统计学、计算机等相关专业优先；
2、一年以上互联网、电商、广告行业数据分析相关工作经验优先；
3、熟练的sql 数据处理能力；熟练使用至少某一种专业分析工具，如sas、python、r 等；
4、精通excel软件、各类数据分析及可视化工具；
5、具备极强的沟通能力、较强的逻辑思维能力、执行力及沟通能力；
6、工作积极主动，勇于承担，善于开拓与创新，自我驱动力强。

【职位福利】 
1、周末双休，承包午餐，五险一金，地理位置优越，双地铁直达； 
2、90后高颜值团队，扁平化管理，同事超奶思； 
3、零食满满，不定期化妆品护肤品福利，入职就配苹果电脑； 
4、公司处于高速发展期，学习渠道多，个人成长快！ 

【公司简介】 
粉星时尚成立于2015年，是国内知名的美妆时尚mcn机构、内容创业公司。 
粉星拥有微信公众号、微博、b站、小红书、抖音、快手等全平台ip运营能力，服务众多国内外知名时尚美妆数码品牌，连续四年被评选为中国内容创业公司100强。 
现有ip包括： 
mk凉凉、露露黄了、小五月狂想曲、托腮少女张橙子、粉星种草鸡、怪兽春测评、是你的焦糖呀。 
希望热爱美妆时尚行业、热爱创作与分享、喜欢团队协作、有服务精神、积极向上的你加入~

",1,1,0,1,1
1254,数据分析师,欧派,广州,2000人以上,本科,上市公司,消费生活,13.0,1-3年,,"[""绩效奖金"",""五险一金"",""通讯津贴"",""带薪年假""]","
用人要求：学历：本科；专业：统计学、计算机、工商管理等相关专业；经验：2年以上相关岗位工作经验；个人综合能力：1、1年以上数据分析工作经验，零售、互联网背景优先，有流程管理、商品分类管理相关数据分析经验优先； 2、逻辑思维严密，较强沟通能力，有很好的分析能力和报告展示能力，有很好商业嗅觉； 3、熟练使用sql、excel、ppt，有biee、帆软或其他前端报表工具经验优先； 4、专业不限，统计相关专业尤佳 5、有数据产品项目经验优先。
工作内容： 1、参与具体项目的数据体系设计，核心指标的监控和跟踪分析，并对异常波动情况进行深入分析和问题定位； 2、优化和完善数据分析体系，包括kpi指标体系、报表体系、专题分析体系； 3、处理业务部门临时数据需求； 4、向用户解释及维护数据口径，处理数据质量问题。
",0,1,0,1,0
1255,数据分析师,乐摇摇,广州,150-500人,本科,C轮,移动互联网,15.0,3-5年,,"[""绩效奖金"",""带薪年假"",""交通补助"",""年终分红""]","
        岗位职责:

1.梳理各部门的业务需求，制定数据报表

2.挖掘数据背后的市场方向、规律、短板，为业务提供决策依据；

3.针对具体的业务事件，研究业务开拓中的局限性或亮点，进行数据分析并提出优化方案或提炼可复制的模板；

4.分析物联网方向的业务需求，固化常规数据报表，提升数据支持系统和运营的能力

5.通过数据分析工具，高效支持业务端的数据查询需求，包括经营数据，会员数据的查询等。

6.数据研究与分析，通过挖掘数据的内在关系，发现平台问题，并推动问题的解决

7.满足业务方对数据的各类取、过滤、分析等需求。



能力要求:

1.本科及以上学历(计算机、金融理学、统计学、应用数学、数据挖掘专业优先),有2年以上数据分析、数据挖掘相关工作经验优先;

2.有独立进行数据分析项目，具备较强的抗压能力，能接受加班工作，拥有自主学习能力，乐于接受挑战，保密意识强;

3.具有较强的数据分析能力和严密的逻辑思维，擅于通过数据分析发现业务规律;

4.使用spss、sas、r、sql、tableau等软件工具，以及常见office办公软件。
        ",0,1,1,0,1
1256,数据分析师,如祺出行,广州,150-500人,本科,未融资,汽车丨出行,20.0,3-5年,,"[""带薪年假"",""午餐补助"",""通讯津贴"",""定期体检""]","
 工作内容：1、根据业务发展，负责搭建数据分析报表，输出分析报告；2、根据各项数据指标的分析，提供对业务发展具有指导性作用的可行性建议；3、深入了解业务，设计数据应用场景(不限于crm管理/派单调度/刷单识别/用户画像等场景,有算法工程师对接算法落地)，并与相关运营同事共同推动落地4、从业务角度出发，梳理数据中间层以及数据标签化，提升数据分析响应效率5、与团队内其他成员共同设计数据分析平台，建立数据分析的流程，规范和方法。任职要求：1、统计学/数学/计算机相关专业，本科以上学历2、熟悉sql或hive以及python/r/saas等，能独立取数分析3、良好沟通能力4、熟悉excel/ppt，能独立制作数据分析报告5、熟悉常用统计分析以及机器学习算法(不限于lr/rf/dt/gbdt/xgb/kmeans/pca等)6、有以数据驱动为基础的运营/产品/信贷风控等相关经验优先
",1,1,0,1,0
1257,数据分析师,微咔世纪,广州,150-500人,本科,A轮,社交,10.5,1-3年,,"[""六险一金"",""贴心餐补"",""周末双休"",""暖心下午茶""]","
        岗位职责：
1、快速熟悉公司业务与产品逻辑，协助团队规划和建设数据埋点，为需求部门业务优化和增长提供基础数据支持；
2、利用数据挖掘和洞察各个业务板块，及时发现并解决业务问题，定时输出业务诊断数据，对业务过程数据、用户行为数据（埋点相关）进行分析和整理，输出有价值、可量化、供决策参考的专题分析报告，协助提升各项转化率；
3、推动数据分析落地到具体运营场景，协助目标达成；
4、协助数据产品经理打造数据分析产品，建立数据中台。

任职要求： 
1、数学、统计学、计算机相关专业本科及以上学历，2-3年数据分析岗位工作经验，在团队中承担过数据建设、数据提取与处理、专题分析等工作，懂数据建模优先；
2、掌握统计学基础知识和基本的sql语句，熟练使用python/r/excel等快速进行数据清洗、分析；
3、能独立完成数据分析报告；
4、具备较强的业务需求分析思维能力和优秀的数据思维逻辑及敏感度，能将分析产出进行有效沟通，有数据决策表达意识；
5、具备数据中台推动和团队服务意识，有较好的自驱力和抗压能力，积极主动，肯思考。

关于公司福利：
员工福利：周末双休、六险一金、十三薪；
零食餐补：贴心餐补、零食饮料畅享；
公司环境：地铁上盖、一线江景写字楼、萌宠陪伴；
节假日福利：生日节庆贴心礼物、开门红包；
灵活休假：弹性工作制、带薪休假、病假；
多彩团建：年度旅游、部门活动基金、生日会、下午茶等high起来;
劳逸结合：各种运动俱乐部（篮球、羽毛球等）、狼人杀、王者农药，我们的青春，我们做主。
        ",1,1,0,1,0
1258,数据分析师,字节跳动,广州,2000人以上,本科,C轮,文娱丨内容,15.0,3-5年,,"[""扁平管理"",""弹性工作"",""大厨定制三餐"",""就近租房补贴""]","
        职位职责：
1、根据业务需要，搭建定制化数据报表，搭建数据接口，完善数据播报bot；
2、整合数据体系，优化指标体系及数据产品，搭建数据平台、可视化工具，提高数据的使用效率；
3、进行数据建模和快速迭代，推动业务部门的数据化运营；
4、与部门人员协同合作，协助输出常规数据报表。
职位要求：
1、本科及以上学历，统计/数学/计算机相关专业学历背景优先；
2、有3年及以上数据后端工作经验者优先；
3、熟悉掌握sql、python，熟练使用power bi、tableau等可视化工具；
4、具备较强的数据敏感度，能够独立搭建数据模型和数据体系，并能通过数据发现问题提供策略。
        ",1,1,1,0,0
1259,PTBU-数据分析师,酷狗音乐,广州,500-2000人,本科,上市公司,文娱丨内容,20.0,不限,,"[""技能培训"",""节日礼物"",""年底双薪"",""带薪年假""]","
工作职责:
1、及时响应业务团队数据统计分析需求，制定并实施分析方案，并根据数据分析结果为产品的改进提出合理化建议，输出可读性强的分析报告； 
2、结合分析结果及对业务需求的深入理解，设计业务指标体系及数据产品并驱动研发，并不断优化以提升效率； 
3、负责在项目推进过程中的跨部门协调沟通工作，能够协调各资源以确保工作顺利发展；
4、行业领域的数据分析，结合市场趋势对公司产品的运营和决策给出专业的建议。

任职资格:
1、大学本科或以上学历，数学、统计学、计算机等相关专业； 
2、跨团队与部门的沟通能力强，以结果为导向； 
3、良好的逻辑思维和批判性思维能力；
4、熟悉数据分析的相关理论，对数据分析有浓厚的兴趣；
5、熟练运用 sql, 有互联网数据分析背景者或有使用hadoop, hive, spark处理数据经验者优先。
",0,1,0,0,0
1260,SPBU-数据分析师,酷狗音乐,广州,500-2000人,本科,上市公司,文娱丨内容,20.0,3-5年,,"[""技能培训"",""节日礼物"",""年底双薪"",""带薪年假""]","
        工作职责:
1、负责产品相关场景的数据体系建设和维护，并对细分人群用户画像、生命周期等数据进行分析并输出对应策略和建议；
2、快速响应数据需求，通过现有的数据系统和提数平台获取数据并输出数据模型和分析报告；
3、负责日常业务数据指标的梳理和监控，推进业务报表和数据监控自动化产品的落地；
4、通过专题分析，定期对业务问题进行深入探讨，为运营决策、产品方向、营销策略提供数据支持；

5、形成一套完整有效的数据分析方法论，并在团队内进行分享和互动。
任职资格:
1、三年或以上互联网数据运营或数据分析从业经历，统计、数学、计算机专业等本科以上学历；
2、具有扎实的统计学、数据分析、数据挖掘基础。熟练掌握hive、sql等相关数据提取工具技能，可熟练通过sql独立完成相应数据分析需求，熟练掌握至少一种数据分析工具（spss、python、r等），有一定的编程功底；
3、有不少2年的数据分析和挖掘经验，丰富的数据模型建立和数据化运营经验，能根据业务数据和场景需求的定制化数据模型，应用于实际业务场景。熟悉决策树、聚类、逻辑回归，关联分析优先；
4、有丰富的跨团队、部门的项目资源整合能力，能够独立开展研究项目。
        ",1,1,0,0,1
1261,Java开发工程师（数据分析）,华资软件,广州,500-2000人,本科,上市公司,数据服务,11.0,1-3年,,"[""培训伴你始终"",""入户广州"",""国内外旅游"",""专业机构体检""]","
        岗位职责：
1、负责软件项目的代码编写、维护以及单元测试工作；
2、负责机器学习的开发

任职资格：
1、本科以上学历，计算机相关专业、数学相关专业毕业。 
1、熟悉大数据和机器学习体系，掌握大数据和机器学习相关工具。
2、掌握python、java、r至少一门编程语言；
3、有良好的编程习惯和技术文档编写习惯；
4、工作认真、细致，具有高度的责任心和团队精神。
        ",1,0,0,0,0
1262,经营数据分析,触漫,广州,150-500人,本科,B轮,文娱丨内容,11.5,1-3年,,"[""股票期权"",""领导好"",""扁平管理"",""免费零食""]","
        岗位职责：
1、负责经营分析相关指标数据的收集、处理及分析，从数据分析中发现经营问题；
2、协助撰写公司经营分析报告，支持公司管理和决策；
3、参与经营及业务运营相关的专题分析，提出优化建议；
4、配合持续优化经营分析体系，提高经营分析的适用性和及时性；
5、完成其他安排的数据分析工作。

任职要求:
1、1年以上互联网数据分析或商业分析经验；
2、熟悉各类研究方法和数据分析方法，精通sql；
3、良好的逻辑思维能力和分析能力，具有一定的数据分析报告撰写能力；
4、具有一定的财务基础知识和商业敏感度；
5、良好的沟通能力和团队协作精神。
        ",0,1,0,0,0
1263,数据分析课程讲师,环球网校,广州,500-2000人,本科,D轮及以上,教育,12.5,1-3年,,"[""节日礼物"",""专项奖金"",""带薪年假"",""绩效奖金""]","
        【 岗位职责 】 
1 ．作为班主任 / 助教，负责数据分析线上课堂的教务工作，积极耐心给学员答疑解惑； 
2 ．根据学员学习情况，与学员保持沟通和反馈，做好学员档案； 
3 ．做好课堂考勤统计、作业统计、完课率、转化率等相关数据统计并作分析； 
4 ．按课程内容输出高质量课程笔记 / 作业对应的作业点评，并结合学员反馈，持续优化课程；
5 ． 积极了解竞品教学服务情况，提出课程产品和服务的优化建议。


【 任职要求 】 
1 ．本科及以上学历，熟练掌握excel/python其中一项，持证或持有相关奖项证书者优先； 
2 ．需要非常有耐心，擅长社交，喜欢跟不同的人聊天，建立良好的关系； 
3 ．良好的沟通协调能力，能灵活地处理学员诉求，解决学员遇到的问题，确保学员满意度；
4 ．具备团队协作精神，能适应高强度的工作环境，能根据学生时间安排工作时间；
5 ．有授课经验/社群运营相关工作经验者优先
        ",1,0,0,1,0
1264,游戏数据分析师(J9SG1),大蓝网络,广州,150-500人,本科,不需要融资,游戏,20.0,3-5年,,"[""年底双薪"",""绩效奖金"",""带薪年假"",""扁平管理""]","
        1、为游戏设计提供有价值的数据支持，并针对游戏玩家群分析定制策略；
2、深入了解游戏行业，对游戏数据建立分析模型，获得用户行为动机、目的和原因；
3、研究游戏中各系统的设定，从数据中提出更优的改进策略；
4、及时对游戏产品作数据分析报告，为产品提供迭代开发数据支撑；
5. 结合业务反馈以及市场需求，提出产品改进意见，不断完善在线产品，支持各类用户对数据的复杂需求。

 职位要求：
1、本科或以上学历，计算机、统计、数学等相关专业；
2、两年以上互联网产品数据分析挖掘经验，对数据敏感，熟悉数据收集，数据分析，数据建模和数据挖掘方法；
3、熟练掌握数据分析必备的技能与工具；（如:sql/hive/r/python/excel/tableau/matlab等）；
4、拥有手游完整项目数据分析经验，对游戏有深刻体验，对主流游戏的核心玩法、商业化设计，经济系统、社交系统等，都有一定了解者优先；
5、具备游戏数据产品设计、客户画像方面的数据建模经验者优先 。

公司福利：
【工作时间】周末双休，7.5小时工作制
【薪酬体系】富有竞争力的固定月薪+全勤奖+绩效奖金+年底双薪+年终奖+期权+激励奖金+六险一金
【晋升机会】只论能力不论年资，提供良好的成长路径，大神们带你快速升级
【专业培训】入职培训+公司内部培训+不定期内外部分享会
【生活福利】每日免费午晚餐、丰盛下午茶，免费零食饮料任君选择
【节日福利】法定节假日，节日精美礼品及过节红包；带薪年假、病假、婚假、产假、陪产假、丧假等
【团队活动】每周运动会、不定期部门聚会等，唱k、聚餐、密逃、打保龄一轮接一轮
【年度体检】每年享有一次权威而专业的医疗机构全面健康检查机会
【工作环境】珠江边超甲级写字楼，采光一流、绿植遍布的办公区，宽敞舒适的休闲娱乐区

",1,1,1,1,0
1265,数据分析师（广州）,滴普科技,广州,500-2000人,本科,A轮,企业服务,14.0,3-5年,,[],"
        岗位职责：
1.熟练应用aarrr分析法模型、事件分析模型、用户行为轨迹分析等，应用于线上平台各
模块业务数据变化趋势，及时快速定位变化原因并进行初步解读，为业务决策和产品完善提
供数据支持；
2.定期评估deepexi.com页面改版对业务的影响；
3.定期评估活动推广对deepexi.com各业务模块的影响；
4.通过数据分析发掘业务增长的市场和机会，促进业务业绩提升。
5.通过对平台数据分析为投放、产品、业务销售提供支撑，推动相关人员的工作；
任职要求：
1.本科以上学历，3年以上b端产品数据分析经验，
2.对业务逻辑敏感，具备良好的逻辑分析能力，可以基于业务熟练运用aarrr进行数据分
析；
3.具备统计学相关知识，统计/数学/信息科学等专业优先；
4.本科以上学历，3年以上工作经验，有平台互联网产品分析经验优先，智能营销行业优先；
5.工作态度认真负责，良好的沟团队协作意识和沟通协调能力，能承担工作压力
        ",0,0,0,0,0
1266,推广与数据分析专员,青木科技,广州,500-2000人,本科,未融资,电商,7.5,不限,,"[""绩效奖金"",""年终分红"",""五险一金"",""带薪年假""]","
        岗位价值：
通过数据开展消费者全链路运营，帮助品牌客群oaipl链路关系高效加深，品牌人群资产增加，提升品牌获客效率。

岗位职责：
1、人群洞察，利用阿里系策略中心、数据银行、达摩盘和京东数坊等数据工具，深入分析行业品类人群和品牌人群属性特征，帮助品牌发现人群渗透机会，并帮助品牌制定相应的人群渗透策略。
2、人群圈选，基于对消费者需求的深入理解，针对品牌具体营销业务场景，利用策略中心、数据银行和达摩盘等工具，进行自定义人群圈选、测试和优化，提升品牌广告投放效果。
3、站内投放，熟练掌握阿里妈妈直通车、智钻、超级推荐、淘宝客、京东快车、购物触点、京东展位和京挑客等主流b2c平台的付费广告工具的投放技巧，帮助品牌在平台内高效引流；
4、店铺运营诊断，通过行业和竞品商品、流量和人群等多维度数据对比分析，发现品牌店铺运营存在问题，并向品牌提出改进改进建议。
5、运营总结 针对消费者运营的阶段性工作、流量运营、大促工作撰写总结方案，能够为品牌提供基本的策略建议。


我们希望你：
1、统招本科及以上学历，具备电商运营、电商付费广告投放，互联网广告、商业分析或市场研究工作经验者优先；
2、专业不限，但统计学、数学、广告学或消费者行为学等相关专业优先；
3、我们希望你是一个具备强烈自驱力的人，一个责任心强，目标导向，学习力强，擅于思考，且具备良好沟通能力的人；
4、我们希望你是一个逻辑思维清晰，具有较强数据分析能力，能够结构化思考，擅于解决问题的人；
5、我们希望你对互联网运营、电商运营以及消费者运营工作有足够的热情；
6、如果你能够熟练运用excel、tableau、spss、power bi等数据分析工具，我们会优先考虑。

",0,0,1,1,1
1267,风控数据分析师,如祺出行,广州,150-500人,本科,未融资,汽车丨出行,27.5,3-5年,,"[""带薪年假"",""午餐补助"",""通讯津贴"",""定期体检""]","
        工作职责：
1、参与建设和完善公司风险控制体系，负责如祺出行相关风控业务的数据分析工作，输出分析报告和风控策略。
2、根据各项数据指标的分析，提供对业务发展具有指导性作用的可行性建议。
3、负责如祺出行平台风控业务分析，筛选可疑数据，评估及核查可疑交易，风险模型分析、建模，与业务、产品部门沟通，将模型落地。
任职要求：
1、计算机、数学、电子、金融等相关专业，机器学习/数据挖掘/金融/统计分析相关背景，本科以上学历。
2、熟练使用一种或多种数据挖掘工具，如matlab/r/python等，熟悉hive，spark等大数据平台尤佳，能独立取数分析。
3、良好沟通能力。
4、熟悉excel/ppt，能独立制作数据分析报告。
        ",1,1,0,1,0
1268,数据分析负责人,如祺出行,广州,150-500人,本科,未融资,汽车丨出行,50.0,5-10年,,"[""带薪年假"",""午餐补助"",""通讯津贴"",""定期体检""]","
        岗位职责：
1、负责公司大数据团队的建设和绩效考核等工作，打造高水平开发团队；
2、带领团队设计、开发具有创新价值的大数据底层数据平台、大数据上层应用平台系统等；
3、对公司产品及运营数据进行数据挖掘，为公司运营决策、产品方向、广告投放策略提供数据决策。
岗位要求：
1、计算机、数学、统计学专业本科以上学历；
2、3年以上互联网、电商行业大数据从业经验，对广告、搜索、推荐系统中相关性及点击转化相关算法设计及实现有较深的经验与理解；
3、精通 hadoop/spark/flink/strom生态圈中的一项或几项技术;
4、对深度学习及神经网络有深入探究及理解，熟悉tensorflow、caffe等；
4、熟悉数据、电商行业等，有数据应用、相关算法（selection， ranking，ctr预估，定向推荐）成功项目经验者优先；
5、具有较强的沟通协调、表达能力及勤恳踏实和耐心细致的工作态度。
        ",0,0,0,0,0
1269,数据分析师（医学大数据）,广东顺德中山大学卡内基梅隆大学国际联合研究院,广州,15-50人,硕士,不需要融资,人工智能,17.5,3-5年,,[],"
        中山大学中山眼科中心是我国**的眼科学国家重点实验室的依托单位，获11项***科研成果奖，连续九年蝉联中国医院最佳专科声誉排行榜眼科**。
岗位职责
1. 负责医学大数据的分析挖掘，以及临床数据分析工具构建；数据类型包括电子病历、影像数据、检验数据等
2. 参与健康医疗大数据相关产品的调研、分析、设计等工作；
3. 利用自身的医学知识和统计学知识，参与医学数据建模、术语标注等研发和测试工作。
任职要求
1. 临床医学、流行病学、公共卫生等相关专业；硕士及以上学历，熟悉临床科研流程，与医学专家能够顺畅交流。
2. 统计分析、数学建模基础扎实；熟悉数据分析的流程，擅长使用r、python等统计分析工具进行数据分析；有大数据分析、机器学习、深度学习、数据可视化等相关经验。
3. 具备良好的逻辑思维和数据分析能力，熟练搜索国内外文献；熟悉分析设计、数据收集、数据处理、数据分析、数据展现等流程； 熟悉各种图表，能够直观的、美观的展示分析结果。
4. 擅长独立分析问题和解决问题，思考问题全面，有责任心，可以接受短期出差。

年薪21万+餐补+节日福利

工作单位：中山大学中山眼科中心（珠江新城院区）
        ",1,0,0,0,0
1270,数据分析师-广州,希为科技,广州,50-150人,本科,不需要融资,企业服务,15.0,1-3年,,"[""股票期权"",""带薪年假"",""绩效奖金"",""弹性工作""]","
        岗位职责:

1.深入理解业务，通过数据分析、挖掘、建模，设计产品和业务逻辑，解决业务核心痛点；

2.参与建立和优化包括风控模型在内的多个模型：依托数据仓库进行数据的提取、整理，按照标准数据挖掘流程进行数据的清洗、抽样、建模和评估；

3.发挥数据引领业务的作用，参与公司金融科技类产品的研发和落地实施；

4.负责产品和模型的运营分析、跟踪评价、持续优化，通过数据全面反映产品的运营状态和问题；



任职资格:

1.统计学、数学、计量经济学、计算机等相关专业，本科及以上学历；

2.熟悉数据仓库知识，熟悉hadoop数据库，掌握sql, hive等查询语言；

3.熟悉并至少熟练掌握一种统计分析语言，包括但不限于sas、r、python等；

4.掌握常用的统计预测模型、数据挖掘模型，具有较强的分析建模能力；

5.良好的沟通表达、协调整合能力；

6.较高的责任心、担当能力；

7.一年以上金融相关行业（行业从业或相关项目经验）工作经历，有银行数据分析经历者优先。
        ",1,1,0,0,1
1271,BI数据分析,CLPS,广州,500-2000人,本科,未融资,数据服务,12.5,3-5年,"[""免费体检""]","[""专项奖金"",""带薪年假"",""定期体检"",""交通补助""]","
responsibility:
1. understand users’ requirement and functional specification.
2. design and develop etl programs.
3. prepare test case, conduct the unit test and system test, and support user acceptance test.
4. schedule the jobs and implement change items into production
5. support and maintain these existing production system (including bug fix and investigation).

requirement:
1. bachelor or above in computer science or software engineering related majors.
2. at least 1 year working experience for bi/etl.
3. excellent experience at sql, such as teradata, db2, oracle.
4. excellent experience at datastage & linux shell script. python skill is a plus.
5. good experience at control-m or any job scheduling tooling.
6. strong communication skills and documentation skills.
7. be fluent in mandarin, cantonese, and be good at english reading/writing/speaking will be a big plus.
8. cloud experience is a plu
",1,1,0,1,0
1272,高级数据分析专员,星辉游戏,广州,500-2000人,本科,上市公司,游戏,20.0,1-3年,,"[""技能培训"",""年底双薪"",""节日礼物"",""绩效奖金""]","
        工作职责:
1、对广告投放数据进行系统分析，建立分析模型，帮助业务侧提供有效的分析结果，给到业务侧数据异常告警、提醒及投放策略等；
2、对公司产品数据的整理与分析；
3、业务侧或产品侧需求的其他数据整理与分析；
4、跟进数据监控后台的迭代及优化。

任职资格:
1、统招本科或以上学历，有2年数据分析经验，游戏行业背景；
2、熟练操作excel等相关可视化工具，了解mysql、python相关技术运用，有一定的技术沉淀；
3、充分的数据敏感度，能从数据表现中提炼核心结果，及时分析数据中隐含的变化和问题，针对异常数据做策略性调整；
4、有强烈的责任心，对工作认真负责，自觉性强，学习能力强；
5、 能够承担高度的工作压力，良好的团队合作精神，踏实肯干。
        ",1,1,0,1,0
1273,大数据分析师,南方报业,广州,2000人以上,本科,不需要融资,其他,15.0,3-5年,,"[""技能培训"",""专项奖金"",""带薪年假"",""绩效奖金""]","
        岗位职责：
1、对接业务部门，开展数据分析工作，基于数据分析成果，为业务部门提供策略分析和业务优化建议，持续改进运营效果；
2、了解公司业务，建设数据指标埋点及评价体系，输出数据报告；
3、协助完成部分etl工作，完善数据仓库的数据完整性、可用性；
4、协助产品经理根据数据需求制定用户行为的埋点方案，并验证埋点数据的准确性；
5、利用数据分析结果反推业务技术的发展。
任职要求：
1、数学、统计学、计算机软件等相关专业本科或以上学历；
2、3-5年及以上的数据分析相关工作经验；
3、熟悉使用sql，熟悉hive等大数据平台和熟悉 java scala 优先；
4、较强的数据敏感性、优秀的逻辑分析和沟通表达能力、良好的逻辑思维能力和抗压能力；
5、有新闻推荐系统开发经验者优先。
        ",0,1,0,0,0
1274,数据分析师（Python）,乐其电商,广州,500-2000人,本科,不需要融资,电商,10.0,1-3年,,"[""绩效奖金"",""带薪年假"",""年度旅游"",""弹性工作""]","

岗位职责
1、负责各电商、数据平台的获取 
2、整理并分析数据，形成完整的分析报告


任职资格
1、本科及以上学历，至少1年爬虫经验，会破解反爬机制，优化爬虫策略（阿里系、app端经验优先） 
2、了解电商行业更佳，能根据业务需求，洞察消费者各路径行为，数据赋能其他部门
3、对数据分析工作感兴趣，具有数字敏感度及逻辑分析能力； 
4、拥有开放的心态，良好的沟通协作能力，良好的学习能力； 
5、熟练使用python、excel、ppt
   
【找你不容易，必有大福利】
★leqee标配福利，人有我优：
1、每天7.5小时工作制，周末双休，只是标配；
2、五险一金保障全，入职购买，无后顾之忧；
3、试用期工资不打折，生活质量有保证。
4、带薪休假任性耍，转正即享有带薪年假，法定假期、婚假、产假以及陪产假样样齐全；
5、元旦、端午节、中秋节、圣诞节各种节日福利，花样年年变，等你来体验

★leqee贴心内部福利，人无我有：
1、弹性工作制，生活工作不失衡；
2、低价内购买买买，清空购物车不是梦；
3、部门团建尽情浪，公司拓展玩不停，等你一起来建立无坚不摧的革命友谊。

★leqee大咖带你玩转电商开拓眼界：
1、不定期内部专业培训，电商老司机分享经验，小白秒变大咖；
2、扁平办公，领导nice没架子，点对点沟通，畅通无阻；
3、团队年轻好相处，代沟？不存在的~

更多惊喜，等你发现，leqee欢迎你~

   
",1,0,0,1,0
1275,数据分析助理,蓝光智能,广州,50-150人,大专,天使轮,数据服务,4.5,1-3年,,"[""专项奖金"",""扁平管理"",""帅哥多"",""领导好""]","
职位描述：
1. 负责部门工作任务分配、统计、汇报工作；
2. 负责部门数据校准、图像信息处理工作；
3. 负责销售与技术部门的业务对接，保持沟通的顺畅；
4. 其他临时分配工作。

任职资格：1. 大专及以上学历，1年以上工作经验，具有人工智能及相关从业背景优先考虑；2. 熟练使用office、excel等办公软件，具有较强保密意识；
3. 具备良好的沟通能力及团队合作精神；责任感强，工作积极主动、细心。
",0,0,0,1,0
1276,游戏数据分析师,4399游戏,广州,500-2000人,本科,不需要融资,游戏,11.5,不限,,"[""年底双薪"",""绩效奖金"",""年终分红"",""五险一金""]","
岗位职责：
1、负责满足运营部门、研发部门所提出的数据需求；
2、进行游戏内容，功能的统计分析，优化运营活动以及游戏产品；
3、监控游戏日常指标，定位游戏问题，及时反馈给相关部门；
4、定期制作用户调研问卷，了解玩家意向及搜集数据；
5、提供分析报告，对公司业务的运营进行评估和建议，从数据的角度推动公司运营决策、辅助研发调优产品。

任职要求：
1、本科以上学历，统计学/数学/计算机专业优先；
2、游戏数据经验1年以上，手游经验优先；
3、熟悉游戏业务，精通游戏数据逻辑，理解游戏社交、生态游戏；
4、熟练使用数据处理软件，熟练与数据源交互（包括不限于sql，excel，python，r）；
5、资深游戏玩家，热爱游戏行业，对互联网快速变革高度敏感，理解新一代用户的特点。
",1,1,0,1,0
1277,主任数据分析师,欧派,广州,2000人以上,本科,上市公司,消费生活,23.5,5-10年,,"[""绩效奖金"",""五险一金"",""通讯津贴"",""带薪年假""]","
        工作职责：
1、对业务部门进行数据需求支持，挖掘分析主题，开展数据分析工作，基于数据分析成果，为管理层和业务部门提供商业策略分析和业务优化建议，持续改进运营效果； 
2、优化和完善所属方向的数据分析体系，包括kpi指标体系、报表体系、专题分析体系； 
3、参与数据分析、bi项目，负责项目的方案制定、项目推动与运营，并且高质量的完成项目的数据需求； 
4、组织相关团队进行数据产品相关的理念、技能、工具的培训，推动业务部门的数据化运营。
任职要求：
1、男女不限；26-36岁，统计学、市场营销、经济、心理学等相关专业本科以上学历；
2、掌握基本的统计方法，熟悉至少一种数据库软件（如：oracle、mysql、sql server等），能够熟练的利用excel进行数据整理和编辑、统计分析和高级分析，熟悉至少一种数据可视化工具（如：帆软、tableau等）；
3、3年以上数据运营工作经验，零售、电商背景优先，有流程管理、商品分类管理相关数据分析经验优先，家居同业经验优先。
4、有较强的团队协调及沟通能力，能独立完成专题分析项目；逻辑思维严密，优秀的沟通能力，较强的分析能力和报告展示能力。
        ",0,1,1,1,0
1278,数据分析,讯汇科技,广州,150-500人,本科,不需要融资,社交,9.5,3-5年,,"[""节日礼物"",""技能培训"",""绩效奖金"",""年度旅游""]","
        岗位职责：
1.根据公司运营需要，搭建数据分析模型、采集并清洗数据、进行有效数据分析；
2.负责监控日常数据，建立预警机制，及时发现异常数据并进行分析；
3.通过数据分析（用户行为分析，漏斗分析，复购分析）提升服务体验及产品回报；
4.关注行业变化趋势，调研和监控市场动态，定期制作行业&市场分析报告，为相关部门提供数据支持及指引；
5.对各种数据报告进行分类整理并有条理呈现，便于各部门查询及使用。

任职要求：
1、数学、统计或计算机等相关专业，3年以上互联网工作背景（必备条件）；
2、熟悉统计概念及常用统计方法；熟练使用excel、sql、r、spss等工具处理数据优先；
3、熟悉google analytics，google tag manager，友盟，talkingdata等工具软件优先；
4、具有一定的数据开发语言能力优先（如numpy，pandas，matplotlib）；
5、较强的结构化思维，具有数据产品或数据分析或数据运营经验优先；
6、有责任感，细致耐心，有较强的团队合作精神。
        ",0,1,0,1,1
1279,数据分析师,中烁网络,广州,150-500人,本科,不需要融资,游戏,20.0,3-5年,,"[""年底双薪"",""绩效奖金"",""带薪年假"",""定期体检""]","
岗位职责：

1. 根据业务发展情况，搭建并完善数据指标体系，提取核心指标，制定及完善数据报表；

2. 负责业务关键性指标的制定和监控，结合数据和业务定位关键问题；

3. 通过数据建模分析出业务存在问题，提出可行性建议；

4. 通过数据建模筛选广告的目标用户。





任职要求：

1.  应用数学、统计、计算机、经济学等相关专业本科以上学历；

2. 3年及以上的互联网营销领域相关数据分析经验，有广告投放数据监测 及分析/dsp投放优化等经验优先

2. 熟悉运用sql，python等工具进行数据处理和分析；

3. 熟悉scikit-learn，tensorflow等深度学习框架，具有强化学习/迁移学习实践经验者优先。

4. 利用统计模型、机器学习、深度学习等方法对多因子进行建模研究，善于从数据中挖掘出问题，做过定量、定性分析，a/b test；

5. 严谨的逻辑思维、数理逻辑分析能力强，对数据敏感。
",1,1,0,0,0
1280,数据分析师,数鹏通科技,广州,150-500人,本科,未融资,移动互联网,14.0,1-3年,,"[""技能培训"",""五险一金"",""岗位晋升""]","
        岗位职责： 
1、深入了解行业业务、挖掘业务问题，从数据分析专业角度输出周期性、专项数据分析报告及建议，为业务决策提供数据支撑；
2、根据数据分析结果，跟进并输出优化建议，与开发团队一起执行落地、效果监控，完成闭环；
3、关键数据日常监控及分析，给予提前预警和研判支撑。

岗位要求：
1、本科及以上学历，统计/数学/计算机/气象相关专业学历背景优先；
2、良好的数据敏感度、逻辑思维和分析能力，善于从海量数据中提炼总结问题并输出建议 ；
3、熟悉sql、python，熟练使用数据分析工具者（tableau/spss/sas/r）任一者优先；
4、良好的行业敏感度，对数字政府、政务信息化有一定关注，或者有应急、水利、气象等行业数据分析经验者优先； 
5、具备良好的自驱能力，沟通能力强，有数据理想。

",1,1,1,0,1
1281,电商数据分析助理,周生生ChowSangSang,广州,2000人以上,大专,上市公司,电商,4.0,不限,,"[""节日礼物"",""年底双薪"",""带薪年假"",""岗位晋升""]","
岗位职责：


抓取电商营运相关数据、捕捉行业竞品信息并形成规范化数据管理、丰富现有数据维度，协同it完善现有数据存储结构；
协助各业务部门（如运营，营销推广等）建立、优化数据分析模型， 监测活动目标的完成情况，整理形成对应报告，提出优化建议；
及时跟进各渠道店铺活动，满足电商活动的各项数据需求，确保数据准确；
每月对接各渠道拆分目标、各平台营销计划安排。

岗位要求：


大专及以上学历，数据专业优先考虑；
喜欢与数据打交道，对数据敏感；
熟悉office 办公软件使用，了解sql 简单查询优先；
思维敏捷，严谨，善于思考，积极主动；





",0,1,0,0,0
1282,资深数据分析师-GZ,深演智能,广州,150-500人,本科,D轮及以上,广告营销,16.0,1-3年,,"[""股票期权"",""年度旅游"",""美女多"",""弹性工作""]","
        工作职责:
1、多维数据收集、整理、分析及可视化输出；
2、深度了解汽车行业特征，协助数据产品团队搭建并优化智能营销平台产品；
3、基础的数据关系梳理，制订需求；
4、负责公司数据产品的日常运营及数据监测，包括但不限于数据分析、趋势分析、报表呈现、营销洞察等，为客户markting相关事宜提供专业解读、改进策略、实施建议等，提炼比稿沉淀相关行业专业分析/核心报告、营销洞察；

5、协助研发、产品、市场等内部团队，提供相应数据分析、监测、评估、优化及迭代等建议。
任职资格:
1、本科及以上学历，数学、统计学、物理、市场营销、经济学、广告学等专业更优，熟练r语言，sql语句；
2、excel，powerbi等进行数据可视化；
3、有较强的逻辑思维能力、数据洞察力、总结提炼、沟通协调、团队合作能力；
4、2年工作经验，有营销分析经验者优先。
        ",0,1,0,1,0
1283,管理培训生（数据分析类）,维达纸业（中国）有限公司,广州,2000人以上,本科,上市公司,其他,7.0,应届毕业生,,[],"
        工作职责:
1. 为平台/店铺日常运营提供数据支持，对大促活动、营销活动进行监控及复盘，驱动精细化运营；
2. 制作运营报告，为平台运营项目提供数据分析支持，推动运营优化项目落地；
3. 使用各数据后台，对行业、竞品、消费者行为等多个维度进行分析，挖掘出商业机会及提出合理建议。

任职资格:
1. 本科或以上学历，专业不限；
2. 精通excel、ppt等办公软件的使用，对power bi、sql数据库有一定认识。
3. 大学英语四级及以上水平，有良好的英语听、说、读、写能力，能够进行日常交流。
        ",0,1,0,1,0
1284,数据分析专员（人力方向）,广州新东方学校,广州,500-2000人,本科,上市公司,教育,7.5,1-3年,,"[""绩效奖金"",""年底双薪"",""五险一金"",""带薪年假""]","
        工作职责：
1、负责人力资源各类报表的设计与数据统计，确保数据的准确性及报表呈现的直观性；
2、根据历史数据进行分析，搭建数据模型及进行日常维护；
3、根据业务发展需求，提供有效的数据支持及提出可行的改进方案；
4、参与考勤、绩效工作的开展。

任职资格：
1、全日制本科及以上学历，半年以上工作经验，有数据分析工作经验者优先考虑；
2、精通excel，具有良好的数据分析能力；
3、责任心强，工作细心主动，学习能力及抗压能力强；
4、对人力资源工作或绩效工作感兴趣。
        ",0,0,0,1,0
1285,实习数据分析师-CIA,DataStory,广州,150-500人,本科,B轮,数据服务,2.5,应届毕业生,,"[""颜值高"",""双休日"",""高大上团建"",""带薪假""]","
        岗位职责
1.与客户沟通，理解、细化客户的商业分析/商业应用需求。需求范围包括：企业网络舆情、品牌网络口碑、消费者洞察、社会化运营数据等；
2.使用公司自有的大数据工具以及外部开放工具，根据实际需求进行数据的收集、整理和筛选；
3.使用数据研究的各种方法及分析模型，结合相关行业背景，洞悉数据背后的信息与价值，敏锐发现问题并提出合理的解决方案和意见；
4.协助承担商业分析/商业应用报告撰写的工作。
任职条件
1.商科相关专业为佳；
2.做过商业分析/商业应用相关实习为佳；
3.逻辑清晰、踏实好学、对商业分析/商业应用有热情、基本掌握excel、ppt使用规则；
4.每周至少实习4天，实习期三个月以上。
        ",0,0,0,1,0
1286,数据分析文员,珠海汇流,广州,150-500人,大专,不需要融资,企业服务,4.0,应届毕业生,,"[""节日礼物"",""社会保险"",""专项奖金"",""带薪年假""]","
工作职责：1、 负责商城日常操作：产品更新、上下架、优惠券配比、活动设置、商品描述维护；2、 负责发现精彩app、手机银行、微商城、公众号、小程序广告位置上挂、验证维护；3、 商城/app数据及活动审核：品牌审核、产品初审、产品复核、活动情况审核等；4、 数据统计分析：定期维护数据表格、统计监控活动数据、分析提供改善建议、预测产品销售趋势。岗位要求：1、 大专/本科学历，有电子商务/商城管理等相关经验；2、 熟悉电脑操作，熟悉电商系统的上下架及系统配置操作；3、 电子商务/计算机操作/会计财务等专业优先录取。工作时间：朝九晚六，周末双休，节假日正常放假工作地：广州天河区珠江新城南岳大厦薪酬福利：月薪3k~5k，免费提供宿舍或300元宿舍补贴，转正后有五险，带薪年假，员工旅游，生日、节日礼物，培训等。
",0,0,0,0,0
1287,数据分析实习生,小鹏汽车,广州,2000人以上,本科,B轮,汽车丨出行,3.5,应届毕业生,,"[""年底双薪"",""专项奖金"",""绩效奖金"",""股票期权""]","
        岗位职责：
1.负责协助分析研发/运营/产品数据，负责数据的逻辑开发与数据挖掘相关产品研发和维护；
2.通过数据/统计分析，支持研发/运营/产品决策；协助数据功能模块的开发，测试和性能
调优工作；
3.从数据中发现和挖掘价值。


岗位要求：
1.熟悉一种或多种统计编程语言；
2.熟悉数据库，数据仓库相关操作，熟悉sql操作，对数据结构有一定的理解；
3.良好的逻辑思维能力，良好的沟通能力，良好的总结与归纳能力；
4.良好的业务解读能力，善于思考，能够从海量的数据中发现有价值的规律；有高度的责
任心和跨部门的团队合作精神；
5.工程学/统计学/应用数学/bi/da/ds专业加分；
6.有扎实线性代数/概率论背景加分；
7.有kaggle/阿里云天池等竞赛经验加分；
8.有阅读和撰写算法文档能力，能使用英文加分。
        ",0,1,0,0,0
1288,数据分析师,智品网络,广州,50-150人,本科,A轮,电商,21.5,3-5年,,"[""五险一金"",""健身器材"",""扁平管理"",""产品为主""]","
职责描述： 
-- 协助定义增长目标、搭建数据监测看板、分析数据、发现增长机会、分析实验结果 。
职位要求：
-- 重点大学计算机及相关专业及以上学历； 
-- 2-3年数据分析经验；
-- 数据导向，善于数据分析
-- 产品sense和ownership
-- 善于抠细节
工作环境：google工作氛围，配备mac pro/升降工作台/人体工学椅/深度工作间等，以适应工程师（smart creatives）的深度思考、协作、分享交流等不同工作场景。
",0,0,0,0,0
1289,数据分析师,盈富斯,广州,150-500人,大专,C轮,电商,9.5,1-3年,,"[""股票期权"",""带薪年假"",""五险一金"",""弹性工作""]","
工作职责:
1、对接供应链各部门、和大数据部门，参与商品部各项目前期数据调研和项目结束后的数据验证工作，与业务部门沟通数据需求，撰写需求文档并提交大数据部门跟进开发进度，推动商品部数据产品优化；根据公司业务的需要完善各项数据统计，负责制作数据分析模板和模型构建；
2、根据商品部及各相关部门业务特点和需求，提供必要的数据支持，达成商品整体成本、质量、时效最优的目标；
3、商品部日常运营数据监控，及时发现趋势变化和业务过程中的异常，反馈到对应部门，跟进处理结果并定期回顾问题解决的效果；
4、进行专项数据分析，发现面料部运营改善点和潜在的商业机会，输出建议，为业务部门调整运营策略提供决策依据。
5、针对具体的数据信息，研究可开拓的局限性或亮点，进行数据分析并提出优化方案或提炼可复制的模板；  

任职资格:
1、根据公司的战略目标，进行销售额的拆解并监督执行
2、构建数据分析体系，确保数据指标完备性和正确性，推动数据化运营工作。
3、跟踪监督战略执行并定期检讨实施计划及方案，对战略规划动态跟踪，发生重大变化时及时向管理层提出 修改或者调整建议
4、对业务部门进行数据需求支持、挖掘分析主题，开展数据分析工作，基于数据分析成果，为管理层和业务部门提供商业策略分析和业务优化建议，持续改进运营效果。
5、数据研究与分析，通过挖掘数据的内在关系，发现运营与推广中的问题，并推动问题解决
",0,0,0,0,0
1290,高级数据分析师,Bigo,广州,2000人以上,本科,上市公司,社交,32.5,3-5年,,"[""年底双薪"",""五险一金"",""年终奖"",""员工旅游""]","
岗位职责：
1、负责分析海外直播、短视频、日活过亿即时通讯产品等bigo公司旗下核心业务数据分析工作；
2、梳理业务核心逻辑，构建能够刻画业务当前状态的数据体系；
3、对互联网某几项领域有深入的了解，能从行业趋势和产品形态等角度，给业务方方向与业务模式的建议；
4、全面分析各项影响产品提升与增长的因素，各项业务细节，结合业务方向，给出可落地的整体的产品优化方案；
5、能够针对一个业务方向，找出其中问题，产出策略，推动落地执行。

岗位要求：
1、统招本科及以上学历，计算机，统计学，软件工程相关专业优先；985、211优先；
2、3年以上工作经验，对sql，python及hadoop，spark能熟练使用；
3、具备结构化思维，较强学习能力和创造力，有用户同理心以及数据敏感度；
4、有通过数据驱动业务改进和增长的成功案例着优先；
5、对统计学有较深的理解，有 growth hacking、ab 实验、数据建模经验者优先。
福利：年底双薪，年中奖、年终奖、六险一金、弹性工作制、出国游等；
",1,1,0,0,0
1291,数据分析师,广州蓝徒网络科技有限公司,广州,500-2000人,本科,未融资,移动互联网,6.5,1-3年,,"[""绩效奖金"",""专项奖金"",""带薪年假"",""国外旅游""]","
        岗位职责：
1、定期输出各公司数据报告，跟踪运营情况，对异常数据及时反馈；
2、月初核对广告费打款记录，对接财务；
3、完成各部门数据调取工作；
4、维护系统日常权限设置;

岗位要求：
1、有power bi 制作数据分析报表的经验；
2、excel数透+sumif+vlookup 熟练运用；
3、逻辑性强，擅长分析，良好的数据分析及解读能力；
4、1年或以上互联网数据分析经验优先；
5、学历大专及以上。
6、需工作细致，工作主动；

完善的培训体系：入职培训、岗前培训、专业培训、外部培训等。
完善的晋升机制：按技术路线和管理路线，设等级考评。

福利：
（1）完善的休假制度：月休6天（可调休）；享有法定节假日之外，员工享有婚假、产假、带薪年假等；上班时间：9:00-12:00，13:30-18:00；
（2）公司设有员工食堂，提供营养午餐和晚餐；
（3）公司提供员工宿舍，设备齐全，内有热水器、空调、洗衣机等；
（4）公司为员工购买社保（养老保险、医疗保险、工伤保险、失业保险、生育保险）；
（5）公司举办丰富多彩的员工活动，包括员工旅游、部门聚餐、员工生日会、内部分享机制等；
（6）公司提供过节日福利，比如端午粽子、中秋月饼等；
        ",0,0,0,1,0
1292,数据分析师（社会化媒体）,明略科技集团,广州,2000人以上,本科,D轮及以上,数据服务,7.0,不限,,"[""六险一金"",""年底双薪"",""绩效奖金"",""完成E轮融资""]","
◆职位描述 1. 根据团队经理的指导，参与研究项目执行以及公司日常运营，收集并整理社会化媒体行业资讯； 2. 辅助高级数据分析师进行日常工作整理，监控品牌舆情，协助撰写分析报告； 3. 参与公司和团队要求的其它资讯整理和研究工作。  
◆职位要求 1. 本科及以上学历，广告、市场营销、心理学、 统计等相关专业优先；
2. 对互联网行业有浓厚兴趣，经常关注行业资讯；
3. 可以独立完成一些简单的项目研究和报告撰写；
4. 热诚好学，品性坚韧，沟通表达能力和团队协作能力强；
5. 乐观积极，突破求新，乐于面对挑战和压力，责任心强；
6. 优秀的英文听说读写能力，能熟练使用excel和ppt；
7. 经常参与网络社交媒体讨论，种草/明星/综艺话题爱好者，广泛使用各类社交媒体，并持续运营个人账号者（微博/微信/小红书/抖音/论坛等） 优先。
",0,0,0,1,0
1293,数据分析岗（业务方向）,广发银行信用卡中心,广州,2000人以上,本科,不需要融资,金融,30.0,5-10年,"[""早九晚六"",""带薪病假"",""地铁周边""]","[""管理规范"",""平台大机遇好"",""金融科技"",""绩效奖金""]","
岗位描述：
1、通过对用户行为及市场、行业的洞察分析，识别客户消费偏好及场景，围绕用户获客、活跃、增收、挽留等目标，结合实时营销等工具，针对用户的不同阶段制定整体用户不同生命周期的营销策略，并根据策略制定推广计划，统筹各项活动进展及调整活动方向。
2、负责业务领域核心数据体系的规划设计，并推动数据采集和数据口径规范。搭建数据服务产品（业务报表开发和维护），利用可视化工具输出动态仪表盘，赋能业务。
3、通过业务数据分析及时监测业务健康度，并针对异常点开展专项深度分析，发现问题并提供合理业务建议。
4、客户画像标签定制，并落地到相关数据营销系统，助力用户精准营销。
5、负责市场关键业务指标的年度预算制定与分解，定期滚动提供合理的业务预估。
 
任职要求：
1、重点本科及以上学历，理工科、统计学背景， 5年以上相关工作经验；
2、对金融业感兴趣，对数据业务场景敏感，能够横向协同，跨界整合资源，有效结合业务形成一套完整的数据解决方案；
3、具备金融行业或互联网企业前瞻性的整套数据管理、数据服务等解决方案的规划和落地经验尤佳；
4、掌握sql、以及python/sas/r语言（至少一种）的数据分析处理技能；
5、优秀的思维逻辑性、语言表达能力；
6、有一定的市场敏锐度，商业嗅觉敏锐者优先。
",1,1,0,0,1
1294,数据分析专家（电销业务）,广发银行信用卡中心,广州,2000人以上,本科,不需要融资,金融,16.0,3-5年,"[""早九晚六"",""带薪病假"",""地铁周边""]","[""管理规范"",""平台大机遇好"",""金融科技"",""绩效奖金""]","
        职责描述：
1、通过数据对业务相关问题进行量化分析和数据建模，并提出优化策略；
2、负责相关业务报表自动化的开发及维护，构建并完善目标及变量体系；
3、监测业务的日常数据，关注数据波动并能够及时分析和解读数据异动；
4、负责电销关键指标及费用的跟踪管理，专项业务的分析与预测，kpi指标的制定与分解。

任职要求：
1、重点大学本科或以上学历，5年以上数据分析经验；
2、具有银行零售信贷、信用卡，或持牌消费金融公司、知名互联网金融企业从事数据分析、模型搭建或机器学习工作经验优先；
3、具有扎实的数理统计相关知识，熟练使用sql语句； 熟练使用python/r的数据分析工具包，经典机器学习算法包； 熟练使用excel/power bi等数据可视化工具； 有海量数据处理经验者优先。
        ",1,1,0,1,0
1295,数据分析师,智品网络,广州,50-150人,本科,A轮,电商,22.0,1-3年,,"[""五险一金"",""健身器材"",""扁平管理"",""产品为主""]","
1.目前需求：强调数据洞察力、敏锐性
2.项目类别：出海项目（增长）
3.团队背景：腾讯网易班底
4.工作环境：配备mac pro/升降工作台/人体工学椅/深度工作间等，以适应smart creatives的深度思考、协作、分享交流等不同工作场景。
职责：
--负责和管理埋点整个流程的工作，包含不仅限于数据埋点方案、协助开发进行埋点、跟踪埋点效果；
--负责公司数据产品的规划、设计与优化；
--建立和完善的数据采集、分析、监控体系，提供有驱动力的数据分析与洞察，并推动相关方案落地；
--用产品思维分析解读数据，对产品、运营进行数据监测，从数据中发现需求，对产品提出指导与优化的建议；
要求：
--理工科背景，敏锐的数据洞察力。
--对互联网具有极大热情，至少是重度互联网用户。
--思维能力出色，能从核心基本点出发思考问题。
",0,0,0,0,0
1296,资深游戏数据分析师,网易,广州,2000人以上,本科,上市公司,电商,27.5,3-5年,,"[""节日礼物"",""技能培训"",""免费班车"",""带薪年假""]","
        职位描述
1. 参与网易游戏玩家的行为数据整合、分析建模，为产品设计研发及运营提供数据支持；
2. 设计国内外游戏行业、市场研究方案，建立指标体系、算法模型以提供市场分析、预测工具或结果；
3. 探索及开发数据相关工具、应用，拓展或优化产品、用户研究方法或效率；
4. 基于公司内外产品、用户及市场数据的研究和分析，加深对产品及用户群体的理解，形成系统化的分析体系;

职位要求
1. 本科或以上学历，计算机、统计、数学等相关专业毕业；
2. 两年以上互联网产品数据分析挖掘经验；
3. 有linux环境下工作经验，熟悉sql/python/r相关技术优先；
4. 充分的数据敏感度，能从海量数据中提炼核心结论并形成专业报告，及时反馈数据中隐含的变化和问题；
5. 优秀的分析问题和解决问题的能力，能够把合理的思路成功应用于实践；
6. 表达能力强，具备优秀的快速学习能力、沟通协调能力及团队精神；
        ",1,1,0,0,0
1297,游戏数据分析师-广州,网易,广州,2000人以上,本科,上市公司,电商,17.5,1-3年,,"[""节日礼物"",""技能培训"",""免费班车"",""带薪年假""]","
        职位描述
1. 参与网易游戏玩家的行为数据整合、分析建模，为产品设计研发及运营提供数据支持；
2. 设计国内外游戏行业、市场研究方案，建立指标体系、算法模型以提供市场分析、预测工具或结果；
3. 探索及开发数据相关工具、应用，拓展或优化产品、用户研究方法或效率；
4. 基于公司内外产品、用户及市场数据的研究和分析，加深对产品及用户群体的理解，形成系统化的分析体系;

职位要求
1. 本科或以上学历，计算机、统计、数学等相关专业毕业；
2. 两年以上互联网产品数据分析挖掘经验；
3. 有linux环境下工作经验，熟悉sql/python/r相关技术优先；
4. 充分的数据敏感度，能从海量数据中提炼核心结论并形成专业报告，及时反馈数据中隐含的变化和问题；
5. 优秀的分析问题和解决问题的能力，能够把合理的思路成功应用于实践；
6. 表达能力强，具备优秀的快速学习能力、沟通协调能力及团队精神；

**此岗位有外包编制和正式编制，编制类型根据面试综合评价而定**
        ",1,1,0,0,0
1298,高级数据分析师,唯品会,广州,2000人以上,本科,上市公司,电商,18.0,3-5年,,"[""技能培训"",""节日礼物"",""绩效奖金"",""岗位晋升""]","
        岗位职责：
1、结合行业特点及公司运营情况进行行业运营分析，输出贴合行业定义数据指标及相关分析。
2、数据建模：如建立业务量预测模型，对日常、大促业务量进行有效预测，并持续优化、维护。
3、公司核心项目数据支持，对于相关指标予以监控、分析。
4、根据业务部门需求，进行数据报表开发，提高业务部门数据获取效率。

任职要求：
1.理工类专业，统计学、数学、计算机、应用数学等相关专业优先。
2.熟悉预测模型，对于统计分析、数据分析相关理论和方法比较熟悉。
3.熟练使用数据库系统，熟练使用hive/sql处理大数据。
4,熟练掌握数据分析工具，如r、python；有数据建模经验，熟悉关联分析，回归分析，聚类分析等理论和算法。
5.对于电商行业的数据有比较深刻的理解，对于客户体验类数据有独到见解。
6、良好的分析报告输出能力，良好的语言表达能力。
        ",1,1,0,0,0
1300,数据分析工程师（BI）,美的电商,广州,2000人以上,本科,上市公司,电商,13.5,3-5年,,"[""扁平管理"",""团队颜值高"",""不打卡"",""年度旅游""]","
岗位职责：
1.负责对接需求部门的可视化需求，参与报表和看板的原型设计与评审。结合对公司业务模型以及bi平台的了解，提出报表和可视化看板的解决方案；
2.负责需求业务底表的确认，参与数据统计底表的评审；
3.负责业务报表和可视化看板的开发和运维；
4.参与数据策略的制定，并推进应用落地，为线上线下零售业务赋能。

任职资格：
1.本科及以上学历，计算机、统计、数学、信息等相关专业，3年以上相关工作经验优先；
2.具备较强的数据分析能力和数据敏感性，有电商行业数据相关工作经验者优先；
3.熟练掌握永洪bi、finebi、tableau、powerbi等工具，有bi开发项目实战经验者优先。熟悉数据库设计，了解存储过程和函数，有数据etl经验者更佳；
4.有较强的学习能力、沟通理解能力和独自解决问题能力，有一定的创新意识；
5.了解报表技术发展趋势，能够主动学习和掌握新的报表技术工具。

工作地点：
广东省佛山市顺德区北滘镇美的全球创新中心
",0,0,1,0,0
1301,车辆数据分析测试工程师,火烈鸟网络,广州,150-500人,本科,B轮,游戏,6.5,不限,,"[""节日礼物"",""技能培训"",""绩效奖金"",""岗位晋升""]","
        岗位职责：
1. 负责车辆维修诊断相关数据收集；
2. 对车辆维修诊断数据进行整理分析；
3. 提出或优化车辆智能维修诊断方案；
4. 使用测试工具对车辆诊断硬件和软件进行测试。

任职要求：
1. 本科及以上学历，通讯、电子、计算机等相关专业；2021届实习生亦可考虑；
2. 熟悉车载can总线通讯协议和原理、车载以太网通讯协议和原理；
3. 熟悉汽车维修诊断相关的协议数据分析和软硬件测试工作；
4. 熟悉车辆uds、obd等维修诊断通用协议；
5. 性格沉稳，工作踏实，乐于学习，具备较强的承压能力。
        ",0,0,0,0,0
1303,数据分析师,广汽蔚来,广州,150-500人,本科,A轮,汽车丨出行,13.0,3-5年,,"[""股票期权"",""交通补助"",""带薪年假"",""午餐补助""]","
岗位职责：
1、承接数据分析需求、从业务层面进行业务数据分析、产出策略以推动落地改进；
2、根据广汽蔚来社区用户数据提供业务分析、实现用户增长及转化；
3、根据外部推广放计划、整理分析数据、适时调整推广策略、提高留资率、转化率等、并有效控制cpl、cpo成本；
4、建设业务分析模型、不断评估和优化业务分析模型、独立输出各类数据分析报告。

任职要求：
1、 统招本科及以上学历、计算机、数据、统计学等专业优先；
2、 至少3年以上数据分析经验、掌握各种数据分析方法；熟悉汽车互联网平台并拥有运营推广经验的优先考虑；
3、 对数据敏感、具备优秀的逻辑思维能力、抗压能力强；
4、 较强的沟通表达能力、优秀的报告撰写能力。
",0,0,0,0,0
1304,数据分析,Fordeal,广州,2000人以上,本科,C轮,电商,8.0,1-3年,,"[""六险一金"",""不打卡"",""年度奖金"",""带薪休假""]","
        职责描述：
1、负责优化和完善客服数据化运营体系，实现服务数据的全链路监控；
2、负责客服业务数据的拉取与整理，对多种数据源进行组合分析、挖掘，形成各类数据报表，为客服运营提供可靠的数据支持；
3、通过客户服务痛点问题的专项数据分析，输出相关的业务流程及产品优化方案建议。

职位要求：
1、本科以上学历，有数据分析或客服相关行业数据分析经验优先；
2、精通office软件及相关公式、函数等运用，熟练运用sql；
3、具备优秀的逻辑思维、数据敏感度、数据分析及报告呈现能力；
4、具备较强的抗压能力、沟通能力及团队协作能力。
        ",0,1,0,0,0
1305,数据分析师,广东智源,广州,50-150人,本科,不需要融资,企业服务,7.5,不限,,"[""技能培训"",""带薪年假"",""绩效奖金"",""岗位晋升""]","
1、参与数据分析相关项目设计、开发工作；
2、根据项目需要进行需求规划、产品设计功能；
3、编制软件技术文档。
任职资格：
1、计算机、数学或相关专业本科及以上学历；
2、掌握分析的理论知识与数据分析方法，并能灵活运用到实践工作中。
3、具有较强的文档撰写能力；
4、具有良好的职业道德和工作态度，良好的团队合作和协调能力；
5、具备数据处理编程基础，懂oracle数据库、r语言、python语言、大数据处理技术者优先；
6、获得大学英语四级证书。

实习生：取得毕业证视为实习结束、考核合格后可转正，暂不接受短期实习。

公司福利：
       每天7.5小时弹性工作制、周末双休、带薪年假、法定节假日，购买五险一金。定期文体活动、年度旅游、下午茶等公司福利，办公环境良好。
       公司年轻化、老板nice、同事卖得了萌、耍得了二、小清新、重口味、奇葩范……文化自由、工作氛围融洽，为您提供一个发挥个人才能的大舞台。
",1,0,0,0,0
1306,高级数据分析师,趣丸,广州,500-2000人,本科,不需要融资,游戏,22.5,5-10年,,"[""周末双休"",""包三餐"",""六险一金"",""丰厚年终奖""]","
        岗位职责：
（1） 优化和完善数据分析体系，建立用户标签体系、流失预警模型等；
（2） 日常数据监控和分析，及时发现业务问题和机会点，提供可落地性建议；
（3） 负责产品运营、用户运营、营收运营等相关的业务数据分析与挖掘；
（4） 深入理解业务，洞察用户本质，驱动公司业务增长。
任职要求：
（1） 本科及以上学历，统计学、信息与计算科学、数学、计算机相关专业优先； 
（2） 5年以上数据分析、数据算法工作经验；
（3） 熟练使用sql、 excel，熟悉spss、clementine、r、python其中至少一种工具进行数据建模；
（4） 能熟练掌握相关模型算法：如回归、相关、因子、决策树、聚类等，并有成功实战经验；
（5） 很强的责任心、主观能动性，良好的学习能力、跨团队沟通和推动能力；
（6） 数据敏感性强，能通过数据挖掘有价值的信息。
        ",1,1,0,1,1
1307,数据分析师,有车以后,广州,150-500人,本科,C轮,移动互联网,15.0,3-5年,,"[""股票期权"",""带薪年假"",""弹性工作"",""五险一金""]","
岗位职责：
1、负责业务运营的数据开发到分析汇报，定位问题，帮助业务实现精细化运营；
2、通过对用户行为的深度分析，为内容、产品、运营等部门业务优化和增长的评估提供数据支持；
3、基于对产品业务理解，围绕核心目标进行专题分析，为公司运营决策、产品方向优化提供数据支撑；
4、沉淀数据分析框架，转化为数据产品需求，与技术开发协作完善公司数据平台产品建设，并推动落地，为业务部门提供系统性数据。

任职要求：
1、熟悉常用的sql、python、excel等数据开发/分析工具，较强的业务需求分析思维能力，能独立完成数据分析报告；
2、优秀的数据思维逻辑和敏感度，沟通表达能力强，有数据决策表达意识；
3、具备自驱力和抗压能力，对数据分析/数据增长感兴趣，有独立的优秀项目经验者优先；
4、数学、统计学、计算机相关专业本科及以上学历，2年以上互联网数据分析或挖掘相关经验，有内容、电商类业务经验优先。
",1,1,0,1,0
1308,业务数据分析/运营,明略科技集团,广州,2000人以上,本科,D轮及以上,数据服务,14.0,3-5年,,"[""六险一金"",""年底双薪"",""绩效奖金"",""完成E轮融资""]","
        1.数字营销咨询：一方面能够为数字化转型项目输出战略咨询规划，另一方面在实际项目中，为客户提供营销活动的策略建议咨询，能够独立产出咨询方案/报告
2.项目管理：作为项目经理角色主导营销数据平台开发类项目的：项目管理，独立客户沟通，运营交付，协助内部产品梳理需求等工作
3.数据基础：快速学习并熟悉各类数据（广告数据、网站数据、交易购买数据、crm数据等）的采集原理，数据逻辑与应用场景
4.根据需求进行必要的跨部门(广告监测部，产品部门，销售部门等)沟通，能够推动跨部门间的合作完成数据分析或项目推进交付

任职要求：

1.3年以上营销/广告相关背景，其中3年或以上市场咨询经验；或5年数据/营销/互联网背景，其中3年或以上it咨询项目交付/管理经验。此两种类型如有交叉优先考虑
2.有数字敏感性，独立的数据结合业务的分析能力，能够根据营销数据挖掘策略洞察
3.拥有较强逻辑思维能力，能够独立产出咨询方案/报告
4.抗压能力强，认真细致，耐心，有责任心
5.工具要求：精通excel和ppt （sql, powerbi，tableau等数据分析工具加分）
6.大学本科及以上学历，专业不限
工作地址
        ",0,1,1,1,0
1309,数据分析,大麦电商,广州,150-500人,本科,天使轮,电商,8.0,1-3年,,"[""绩效奖金"",""五险一金"",""带薪年假"",""年度旅游""]","
职责描述：
1、提供对业务支持（品牌店铺日常运营数据、行业及竞争对手信息及电商平台后端数据）的相关数据分析需求；
2、对产品、销售渠道进行分析、发现潜在规律、并且做出商业洞察；
3、承担客户方的活动方案分析工作；
4、协助客户推进各个项目及提升kpi；
5、对用户特征、需求、行为分析、活跃度、营销活动效果等特定业务的数据挖掘模型的需求分析。

任职要求：
1、本科及以上学历，1年及以上数据相关工作经验，有电商数据分析经验者优先；
2、对数据敏感， 具有缜密的逻辑思维能力、数据洞察能力和沟通协调能力；
3、具有探索精神，从数据中发现问题和机会点以支持经营决策；
4、责任心强，细致认真，能承受较强的工作压力，热爱数据分析工作；
5、熟练使用excel、ppt、有较好的文字、数据、图表呈现能力及相应的客户对接能力，会使用数据分析软件r/python、sql者优先。
",1,1,0,1,0
1310,数据分析师,BBGAME,广州,150-500人,大专,天使轮,游戏,12.5,1-3年,,[],"
岗位工作内容：

负责满足运营部门、研发部门所提出的数据需求
负责游戏投放数据监控、预警、分析、挖掘工作，为广告投放优化提供数据支持
 通过数据建模分析出业务存在问题，提出可行性建议

岗位职责要求：
1. 本科或以上学历，计算机、统计、数学等相关专业, 游戏数据分析经验1年以上2. 熟悉运用sql，python等工具进行数据处理和分析3. 熟悉游戏业务指标使用方法及场景，能够独立完成游戏业务分析4. 具有一定的数据挖掘、ltv模型、预测能力5. 资深游戏玩家，热爱游戏行业
",1,1,0,0,0
1311,数据分析师,蓝月亮,广州,2000人以上,本科,不需要融资,消费生活,12.0,不限,"[""弹性工作"",""5险1金""]","[""五险一金"",""带薪年假"",""免费班车"",""定期体检""]","
岗位职责：
1.对接公司电商中心bi需求，充分理解业务背景和逻辑，评估需求的数据可行性和业务价值；
2.负责梳理业务部门报表需求的业务口径，并制定验收标准；
3.负责把业务口径转化为技术口径，并完成需求分析说明书，提交开发人员进行开发；
4.负责业务条线报表运营体系的建设，并达到分析效率优化；
5.维护相关需求分析文档并完成业务知识沉淀。

岗位要求：
1.本科及以上学历，计算机或理工科相关专业；
2.1年以上bi需求分析工作经验，能够根据客户的需求提出有参考价值的解决思路；
3.熟练掌握至少一款原型设计软件（如：axure.墨刀）；
4.熟练使用oracle.hive.mysql.postgresql等数据库管理工具，熟悉power bi或cognos.biee.finebi.tableau.qlikview.smartbi等任意一种bi产品；
5.有较强的计划和组织协调能力，具备结果导向思维。具备大数据产品经验优先，供职过大数据公司.快消/零售业为佳。
",0,1,1,0,0
1312,高级数据分析师,高奈特,广州,150-500人,本科,上市公司,信息安全,22.5,3-5年,,"[""结婚生子贺金"",""入职即买五险"",""端午中秋礼品"",""出差额外补贴""]","
岗位职责：
1.根据行业、项目、客户的实际情况，提炼业务需求，梳理底层数据，完成数据的融合、清洗、分析、建模等工作，高效地解决实际问题；
2.社会治理领域的大数据探索和创新，包括数据集成、挖掘算法、产品设计和可视化展现等方向，不断提升该领域的大数据应用能力。
 
岗位要求：
1.硕士及以上学历（或本科学历+3年以上相关工作经验），统计、数学、计算机等相关专业；2.熟练掌握sql（有hadoop生态使用经验优先），掌握数据挖掘相关的编程语言；
3.对数据及业务有敏感度，具备优秀的数据分析或数据挖掘技能，能够设计创新而实际的分析建模方法以解决复杂的业务问题（熟悉互联网安全或公共安全业务优先）；
4.心态积极向上，乐于面对挑战；
5.有团队管理能力优先。
    
",0,1,0,0,0
1313,数据分析师,参数,广州,15-50人,本科,不需要融资,移动互联网,8.5,1-3年,,[],"
        1）深入了解公司业务情况，对产品服务进行定期巡检。
2）搜集及整理市场动态，监测竞品行为，提供运营建议。
3）跟踪各业务渠道及产品数据指标，提供定期数据报告，分析数据波动背后的原因。
4）跨部门协作商业化活动实施，共同优化产品服务体验流程。
5）其他运营事项跟进。
招聘要求：
1）本科及以上学历，数据分析相关专业或工作经验优先。
2）数据敏感度高，有较强的逻辑分析能力。
3）态度端正，乐于学习，执行能力强，善于跨部门沟通协作。
4）熟练操作excel及ppt等办公软件；
5）熟悉支付宝小程序规则，有相关运营经验优先。
        ",0,0,0,1,0
1314,数据分析师-交易方向 (MJ000083),搜款网 VVIC,广州,500-2000人,本科,不需要融资,电商,20.0,3-5年,,"[""股票期权"",""专项奖金"",""带薪年假"",""年度旅游""]","
        职位描述：
1、对搜款网产品运营数据进行分析、监测、统计，参与数据体系搭建；
2、负责为产品运营提供数据分析支持，包含但不限于产品分析、用户分析、运营分析等，并根据分析结果提出可落地的策略建议；
3、搭建业务转化漏斗，通过对用户行为深入分析，发现用户增长关键因素，联合产品、研发、运营等团队寻找提升用户成长方案，推动落地并评估效果。


任职要求：
1、统招本科及以上学历，3 年以上数据分析或数据挖掘经验，有电商或者互联网公司营销、活动、推广、商品类分析经验；
2、较强的统计学基础，了解基本的数据分析方法与模型，统计、数学、计算机等相关专业优先；
3、优秀的数据处理能力，熟练掌握 hive/sql，精通 excel，掌握 python/r 尤佳；
4、敏锐的数据洞察力，良好的业务理解力；
5、能独立完成从数据提取到模型构建，部门沟通到输出分析报告，提出并解决具体的业务问题。
        ",1,1,0,1,0
1316,数据分析总监,广州方舟医药有限公司,广州,500-2000人,本科,B轮,电商,32.5,5-10年,,"[""节日礼物"",""技能培训"",""绩效奖金"",""年度旅游""]","
岗位职责：1、 负责公司数据指标体系及分析模型的建设与优化，推动部门数据化运营；2、 负责对公司业务数据进行专题分析，对于出现数据偏差问题给出运营数据支撑，推动优化上线迭代，以数据驱动业务增长；3、 深入了解业务痛点，结合业务部门的需求提供合理性的优化方案；4、对用户消费特征、行为路径进行挖掘，建立用户分群及标签，支撑业务部门精细化运营；5、负责团队日常项目管理工作任职资格：1.  本科及以上学历，数学、统计学、分析学、计算机专业优先；2.  6年及以上工作经验，至少2年及以上电商、互联网数据分析工作经验；3.  对数据敏感，具备优秀的分析技巧以及报告展示能力；
",0,0,0,0,0
1317,数据分析师,芳禾数据,广州,15-50人,本科,A轮,企业服务,20.0,1-3年,,"[""扁平管理"",""自我驱动"",""跨界创新"",""时尚圈""]","
        岗位职责：
1.定向研究消费行为领域，做数据模型的的产品规划及设计；
2.分析调研行业数据，设定分析模型方向。负责落地数据模型产品全生命周期的工作，包含分解目标、数据探索、需求分析、模型设计、算法研究测试及优化等等。
3.对数据敏感，通过洞悉全盘数据提炼新的数据价值，搭建完善的分析框架并用可视化的方式展现
4.协调业务部门、研发团队，推进产品化进程；关注产品的用户体验，掌握数据和场景的变化，持续优化已有的数据模型产品有效性。
任职要求：
1. 数据科学工作者， 计算机、数学、统计、心理学等等相关专业，本科以上学历，研究生以上学历优先；
2.有零售数据分析，商业零售分析等领域项目经验优先；
3.熟练使用数据库，并至少熟练掌握一种语言，如python、r等；
4.具有独立分析和解决实际业务问题的能力；对新知识、新技术充满求知欲，逻辑严谨、思维活跃、语言表达顺畅。
5.熟练掌握各类研究方法，思维逻辑严密，搭建清晰的研究框架，能针对数据分析结论提出有指导意义的商业建议；
6.优秀的沟通协调能力，抗压性强，自我驱动力强，结果导向；
        ",1,0,0,0,0
1318,数据分析专员,三七互娱,广州,2000人以上,本科,上市公司,游戏,15.0,应届毕业生,,"[""高额奖金"",""快速晋升"",""五险一金"",""带薪年假""]","
        职位描述
1、日常监控数据，实时发现并解决广告投放中出现的问题；

2、负责部门广告数据整理与分析，能够基于数据分析得到有价值的信息，为广告投放决策提供数据支持；

3、收集并拓展游戏行业内数据报告；

4、完成部门日常的其他数据支撑工作。



任职要求
1、全日制本科及以上学历，数据分析专业相关（数学类、统计学类、金融经济学类专业优先）；

2、数据分析和逻辑能力优秀，熟悉excel各项分析与统计，掌握基础数据分析工具；

3、良好的语言组织表达能力，做事认真细心，有上进心，有责任感，能承受工作压力，适应游戏公司的快节奏；

4、熟悉游戏产品，或具有相关游戏分析相关工作经验优先。


",0,0,0,1,0
1319,高级数据分析师,君海游戏,广州,500-2000人,本科,上市公司,游戏,20.0,5-10年,,"[""技能培训"",""年底双薪"",""绩效奖金"",""岗位晋升""]","
岗位职责：1、对游戏数据进行分析,包括关键基础指标分析和用户行为等专题分析；2、快速响应领导的数据分析需求支持；3、使用数据处理工具对数据进行统计分析和输出结果。4、对接日常数据需求并协助bi组完成数仓模块的优化、建设。

任职要求：1、本科及以上学历，统计学、数学及计算机等相关专业优先考虑；2、3年以上数据分析经验，有游戏行业数据分析经验优先；3、熟悉hadoop集群，熟悉常用的spark/hive/mysql/greenplum/hbase等计算框架和工具，有海量数据的处理和优化经验，精通sql；4、有较强的对业务理解与分析能力，对数据敏感；5、思维缜密、清晰，注重细节；6、具备良好的沟通能力和团队合作精神；
",0,1,0,0,0
1320,商业化数据分析,Bigo,广州,2000人以上,本科,上市公司,社交,22.5,1-3年,,"[""年底双薪"",""五险一金"",""年终奖"",""员工旅游""]","
职位描述
1、负责数据分析、数学建模、用户画像、归因分析、内容挖掘等数据挖掘工作;
2、为业务功能需求/产品设计/运营提供有力支持；
3、海量日志清洗加工，并抽象出可以多业务复用的数据模型。
4、深入探索业务数据、理解业务场景，创新性的思考和发现问题，并提出有效解决方案。
职位要求
1、统招本科及以上学历，计算机、统计等相关专业；
2、有扎实的算法基础和编码能力，熟练掌握python，java、scala等至少一门语言；
3、良好的统计分析基础，熟练掌握数据分析的体系流程与方法，较高的数据敏感性，熟悉常用的机器学习、数据挖掘算法；
4、参与过完整的数据采集、清洗、数据整理、指标设计、数据分析和输出报告者优先；有用户画像和推荐系统系统经验者优先;
5、熟悉至少一个分布式框架，如 hadoop/yarn、hive、spark、clickhouse等；
6、优秀的理解沟通能力，能快速理解业务背景，责任心强，具有良好的团队沟通与协作能力；
福利：年底双薪，年中奖、年终奖、六险一金、弹性工作制、出国游等；
",1,1,0,0,0
1321,数据分析员,广东睿盟科技,广州,50-150人,本科,不需要融资,其他,7.5,不限,,"[""技能培训"",""带薪年假"",""绩效奖金"",""年度旅游""]","
        1、岗位职责
1) 对现有数据源进行研究分析，提供有价值的数据信息，挖掘问题，从中提出更优的改进策略。
2) 核心指标的监控和跟踪分析，并对异常波动情况进行分析和问题定位。
3) 协助进行政务智能化的研究与应用。
4) 完成其他数据相关的工作。

2、任职要求
1) 统计学、计算机相关专业。
2) 熟悉常用的数据模型、算法，掌握python、r等其中一种数据挖掘工具。
3) 熟悉oracle等主流数据库的使用，至少会查询。
4) 具备较强的数据处理能力和逻辑思维能力。
5) 具备良好的沟通能力和团队协作能力，良好的写作能力。

",1,0,0,0,0
1322,数据分析师,信用生活,广州,50-150人,本科,A轮,金融,22.5,3-5年,,"[""年底双薪"",""股票期权"",""绩效奖金"",""带薪年假""]","
岗位职责： 主要针对银行零售信贷业务的风险、客户运营以及价值变现等项目进行： 1.根据项目目标进行数据数据分析和挖掘工作，包括数据处理清洗与整合工作，并撰写分析报告； 2.结合分析经验和业务知识，开发并落地相应的业务策略； 3.主动发现业务问题，并根据业务实际情况给出业务优化建议； 4.负责对接各业务方的数据服务需求，从业务需求出发，对业务数据进行分析，发现其中的用户和商业价值，寻找数据产品研发的切入点； 5.负责数据集市、客户画像标签体系的设计与开发，以及可视化bi报表平台、智能推荐、机器学习等数据产品的设计和开发。 岗位要求： 1.数学、统计、计算机、金融等相关专业全日制本科以上学历，并有2年以上银行或消金数据分析/数据模型设计与开发的工作经验（本要求可根据个人能力无视），信用卡行业经验优先； 2.至少精通sql/python/sas base其中之一，并能运用上述工具独立完成数据分析工作； 3.精通常用的数据分析方法，能快速的构建问题框架和分析框架； 4.熟悉基本统计算法，如决策树、逻辑回归等； 5.良好的沟通能力和团队协助能力。
",1,1,0,0,1
1323,数据分析师,千春信用,广州,15-50人,本科,不需要融资,企业服务,5.0,不限,,[],"
        1、负责日常的数据分析工作，包括数据获取、数据清理、数据分析，能够针对业务现状和问题给出对策建议，形成简明扼要的分析报告并推动落地；
2、分析追踪业绩变化趋势，并为公司领导数据化决策及市场开拓提供数据支持；
3、逐渐完善公司数据资源库，建立数据运营体系。
4、其他与数据分析相关的工作。

任职资格
1、统招本科及以上学历，应用数学、统计学、市场营销类专业优先，有相关经验优先；
2、工具基础良好，熟练掌握excel、ppt等分析类工具；
3、良好的数据敏感度，能够独立进行运营相关业务分析、报告撰写等工作；
        ",0,0,0,1,0
1324,数据分析专员,链家广州分公司,广州,2000人以上,本科,C轮,消费生活,10.0,1-3年,,[],"
        【岗位职责】：

1.基于对业务深入理解的基础上，搭建业务分析体系，具备业务底层数据的规划建设能力，能快速实现业务对于基础报表的建设需求，为业务提供数据决策支持；

2.与业务团队密切配合，通过专项分析，输出专项分析报告，为各业务模块的决策和产品方向规划提供数据支持，为产品迭代和流程的优化，提供有效的数据支持以及可视化成果；

3.沉淀数据管理规范和分析方法、提高效率分析工具效率，为业务提供有效的数据驱解决问题体系；

能够持续动态地挖掘日常的业务数据，发现业务的风险点和机会点，为业务发展方向输出有价值建议。



【任职要求】： 

1.统招 本科及以上学历，一年及以上相关工作经验，熟悉房地产行业常用数据分析指标和模型优先；

2.熟悉sql，熟练的excel、ppt技能，独立负责过具体的运营指标体系建设，尤其是具备从0到1基建经验者优先；

3.具备较强的沟通能力，具备系统性思维和良好逻辑分析能力；

4.逻辑思维缜密，数据敏感度高，具有较强的数据分析能力，以及总结能力，具备良好的数据呈现能力。

",0,1,0,1,0
1325,商业数据分析师（广州）,驰骛科技ChiefClouds,广州,50-150人,本科,A轮,数据服务,15.0,1-3年,,[],"
        职位描述：
1、 负责与客户沟通数据分析需求，确定客户业务问题、目标及抓手，并给予有效的数据化解决方案；
2、负责项目中的的数据建模、用户标签体系建设及数据报表设计等；
3、分析用户行为，建立用户画像。

任职要求：
1、统招硕士或重点大学统招本科学历，商业分析、统计学、数学、经济学等相关专业，2年以上工作经验。
2、有扎实的统计学理论功底、掌握机器学习的理论及应用方法；
3、熟练使用sql，至少熟悉python/r中的一种；
4、良好的沟通能力及逻辑思维能力，能够快速解读和抽象业务问题；
5、良好的商业意识，挖掘业务问题和痛点，发现数据创造业务价值的机会；
6、良好的跨团队沟通及推动能力，强烈的主驱动意识；
7、勇于创新并拥有持续学习的动力。
        ",1,1,0,0,0
1326,数据运营（数据分析）,广汽蔚来,广州,150-500人,本科,A轮,汽车丨出行,13.0,3-5年,,"[""股票期权"",""交通补助"",""带薪年假"",""午餐补助""]","
        岗位职责：
1、承接数据分析需求、从业务层面进行业务数据分析、产出策略以推动落地改进；
2、根据广汽蔚来社区用户数据提供业务分析、实现用户增长及转化；
3、根据外部推广放计划、整理分析数据、适时调整推广策略、提高留资率、转化率等、并有效控制cpl、cpo成本；
4、建设业务分析模型、不断评估和优化业务分析模型、独立输出各类数据分析报告。

任职要求：
1、 统招本科及以上学历、计算机、数据、统计学等专业优先；
2、 至少3年以上数据分析经验、掌握各种数据分析方法；熟悉汽车互联网平台并拥有运营推广经验的优先考虑；
3、 对数据敏感、具备优秀的逻辑思维能力、抗压能力强；
4、 较强的沟通表达能力、优秀的报告撰写能力。
        ",0,0,0,0,0
1327,数据分析师（交易方面）,宏鸿钥科技,广州,150-500人,本科,未融资,企业服务,25.0,5-10年,"[""年底双薪"",""免费体检"",""5险1金""]",[],"
职位描述：1、对网络产品运营数据进行分析、监测、统计，参与数据体系搭建；2、负责为产品运营提供数据分析支持，包含但不限于产品分析、用户分析、运营分析等，并根据分析结果提出可落地的策略建议；3、搭建业务转化漏斗，通过对用户行为深入分析，发现用户增长关键因素，联合产品、研发、运营等团队寻找提升用户成长方案，推动落地并评估效果。任职要求：1、35岁内，统招本科及以上学历，4年以上数据分析或数据挖掘经验，有电商或者互联网公司营销、活动、推广、商品类分析经验；2、较强的统计学基础，了解基本的数据分析方法与模型，统计、数学、计算机等相关专业优先；3、优秀的数据处理能力，熟练掌握 hive/sql，精通 excel，掌握 python/r 尤佳；4、敏锐的数据洞察力，良好的业务理解力；5、能独立完成从数据提取到模型构建，部门沟通到输出分析报告，提出并解决具体的业务问题；6、有类似唯品会，京东相关从业经验。
",1,1,0,1,0
1328,高级数据分析师,广发证券,广州,2000人以上,本科,上市公司,金融,35.0,1-3年,,"[""绩效奖金"",""岗位晋升"",""领导好"",""扁平管理""]","
        岗位职责:

1，深入理解业务，熟悉业务运营模式，为业务发展搭建数据分析框架并落地支持业务，基于业务场景规划数据产品并推进落地；

2，提供数据化运营的系统化解决方案，规划业务线数据集市建设方案，搭建层次化的指标体系；

3、了解并跟进业务现状，通过数据解决业务中的具体问题，给出有效的行动建议，推进其在业务运作中的改进；

4、利用多种分析手段分析海量数据，深入了解客户/产品/业务特征，发现商业问题与潜在机会，

5、深入理解业务方向和战略，系统地建立机构业务/互联网金融业务的客户/产品/业务监控、分析、预测模型，为客户管理、产品运营、业务发展等提供决策支持；


任职资格:

1、数学、统计、计算机、经济学等相关专业硕士及以上学历，3年以上相关工作经验（数据/业务分析、bi、决策支持、数据挖掘）；

2、有优秀的产品思维，具有数据产品规划、设计与落地的能力与经验；

3、对数据驱动业务有深入理解，对数据与业务方面有足够的敏感性，有较强的逻辑分析能力和独立思考能力，定义问题和解决问题的能力；

4、具备良好的沟通能力、团队合作精神及抗压能力；

5、精通sql，能熟练运用oracle/my sql/hive等获取分析所需数据；

",0,1,0,0,0
1329,推广与数据分析专员,青木科技,广州,500-2000人,大专,未融资,电商,7.0,1-3年,,"[""绩效奖金"",""年终分红"",""五险一金"",""带薪年假""]","
岗位职责：
1、了解各大电商平台的运营模式，熟练使用淘宝、京东等推广工具，如直通车、钻展等；
2、分析选择合适的推广工具，开展商品和店铺推广，优化流量结构，使推广效果达到最优；
3、对推广效果进行跟踪、评估，及时提出改进措施，制定切实可行的优化方案；
4、熟练excel等数据分析工具，分析预测店铺运营现状并提出运营优化建议。
任职资格：
1、本科及以上学历，数学、统计、经济类等理工科专业背景优先；
2、熟练excel操作，对数据分析感兴趣，较强的学习能力和数据敏感度；
3、良好的团队协作意识。
",0,0,0,1,0
1330,数据分析总监,大麦电商,广州,150-500人,本科,天使轮,电商,22.5,5-10年,,"[""绩效奖金"",""五险一金"",""带薪年假"",""年度旅游""]","
职责描述：  1.  根据行业特性和电商属性，利用大数据进行商业研究和咨询。  2.  了解电商企业需求，对其提供基于数据的咨询服务及合理的业务落地方案。  3.  研究行业发展趋势和电商商家实际经营中主要痛点，主导生产具有一定深度和洞察力的报告或数据产品，支持品牌或店铺的运营决策；  4.  深刻理解电商生态环境及生态内的数据产品和营销工具，整合客户、电商平台及外部数据，构建数据业务体系闭环  5.  建立并持续优化市场行业分析模型、消费者分析模型、消费者运营模型，为不同行业的客户提供定制化的数据解决方案任职要求：  1.  本科及以上学历，市场营销、数学、统计等相关专业；  2.  熟悉休闲食品／个护家清等快消行业，并在其中至少一个行业有深入的了解和实战经验；  3.  有商业问题解决方案设计能力为佳；  4.  本科及以上学历，统计学、数学、数据挖掘、市场营销等相关专业尤佳  5.  有电商平台数据分析管理相关工作经验，或熟悉电商数据分析工具者（生意参谋、品牌数据银行、品牌策略中心等）优先  6.  5年及以上市场研究、咨询公司相关工作经验。
",0,0,0,0,0
1331,游戏数据分析师,广州游爱,广州,500-2000人,本科,上市公司,游戏,19.5,3-5年,,"[""年终分红"",""绩效奖金"",""专项奖金"",""年底双薪""]","
1、为游戏设计提供有价值的数据支持，并针对游戏玩家群分析定制策略；
2、深入了解游戏行业，对游戏数据建立分析模型，获得用户行为动机、目的和原因；
3、研究游戏中各系统的设定，从数据中提出更优的改进策略；
4、及时对游戏产品作数据分析报告，为产品提供迭代开发数据支撑；
5. 热爱网络游戏，对游戏制作有一定了解者优先；

任职要求：

1、本科或以上学历，计算机、统计、数学等相关专业；
2、拥有手游完整项目数据分析经验，对游戏有深刻体验，对主流游戏的核心玩法、商业化设计，经济系统、社交系统等，都有一定了解者优先；
3、有成熟的数据分析经验，熟练掌握和使用excel，至少熟练掌握一种查询工具（sql、hive），至少掌握一种分析建模工具（spss、r语言、sas、python等）；
   
",1,1,0,1,1
1332,电商数据分析主任,谢瑞麟珠宝,广州,2000人以上,本科,上市公司,电商,8.5,3-5年,,[],"
        岗位职责：
1、收集并深入了解业务团队对数据的需求，专项分析电商各平台、用户、活动数据，输出专项分析报告，为电商业务运营、商业决策、品类、产品、活动优化提供信息和数据支持；
2、能够持续动态的挖掘日常和历史业务数据，发现风险点和提升的机会点，并以数据为支撑协助领导分析业务中的异常情况；
3、根据数据分析及发现协助产品开发、活动策划等工作，与各部门沟通反馈电商产品开发方向，市场容量，竞争情况，价格对标等，深入分析平台活动数据，协助优化活动产出效果。
 4、根据生意参谋、品牌数据银行、情报通等数据源，深入挖掘各品类产品销售规律、消费者数据及品牌画像。

任职要求：
1、了解tableau操作，熟悉excel，包括各种公式的应用，熟练使用access更佳；
2、了解淘宝天猫店铺后台及数据分析工具优先，包括但不限于生意参谋、情报通、数据银行、营销策略中心等；
3、较强的策略思维能力、沟通协调能力以及逻辑判断能力；
4、本科以上学历，统计学、数学、电子商务、计算机等相关专业优先。
        ",0,0,1,1,0
1333,数据分析员,赛惟,广州,50-150人,本科,不需要融资,企业服务,7.5,不限,,[],"
        职责描述：
1. 根据公司业务发展需要，熟练操作业务系统；
2. 协助建立公司的大数据库，负责数据分析，清洗，配置规则和监控。
3. 基于大数据管理工具，进行初步的数据分析工作。

任职要求：
1. 本科及以上学历；
2. 诚实正直，严谨细致，善于倾听，理解力强，乐于钻研；
3. 团队协作精神；
4. 优秀的数据处理能力，数理功底好；
5. 必须熟练使用：excel、powerpoint；熟练掌握sql，有tableau项目经验优先考虑。
        ",0,1,1,1,0
1334,高级数据分析工程师 (MJ000613),荔枝,广州,500-2000人,本科,上市公司,社交,25.0,3-5年,,"[""绩效奖金"",""专项奖金"",""带薪年假"",""弹性工作""]","
        市场方向：
职责：
1、洞察音频行业流量、渠道情况，结合公司政策和资源预测流量发展趋势，及时提出优化建议 
2、优化和完善市场分析方向的数据分析体系，支持市场部门日常的商业策略分析、资源投放评估、运营节奏优化等相关数据工作 
3、深度分析市场各个渠道的用户，寻找最优方式、最优成本开拓新用户 
4、跨部门协作协助完成公司重点项目在规划、运营、优化等阶段的数据分析工作 
5、提升团队的数据分析及数据运营水平 

岗位要求：
1、本科及以上学历，统计学、数学及计算机等相关专业优先考虑；
2、对移动app安装分发平台有深度了解，了解各平台的分发的特性、用户群特征等；
3、扎实的数学基础，熟悉hadoop集群，掌握hive、mysql、python等数据处理工具；
4、具有较强的业务理解与分析能力，对数据敏感，且思维清晰有条理，注重细节；
5、工作态度认真负责，良好的沟团队协作意识和沟通协调能力，能承担工作压力，且自驱和独立性强；

业务方向：
岗位职责 
1、洞察音频行业流量、渠道情况、产品特性，结合公司政策和资源预测业务发展趋势，及时提出优化建议 
2、优化和完善业务的数据分析体系，支持业务部门日常的产品更新、数据分析、运营策略调整效果等相关数据工作
3、深度分析产品各个转化路径的用户，寻找最优方式提高用户转化效率 
4、跨部门协作协助完成公司重点项目在规划、运营、优化等阶段的数据分析工作 
5、提升团队的数据分析及数据运营水平 
同岗位工作年限 3-5
学历 本科+
专业 数学、统计学等专业优先
岗位要求 
1、本科及以上学历，统计学、数学及计算机等相关专业优先考虑；
2、对音频行业有深度了解；
3、扎实的数学基础，熟悉hadoop集群，掌握hive、mysql、python等数据处理工具；
4、具有较强的业务理解与分析能力，对数据敏感，且思维清晰有条理，注重细节；
5、工作态度认真负责，良好的沟团队协作意识和沟通协调能力，能承担工作压力，且自驱和独立性强；
        ",1,1,0,0,0
1335,数据分析师-2021届校招,趣丸,广州,500-2000人,本科,不需要融资,游戏,8.0,应届毕业生,,"[""周末双休"",""包三餐"",""六险一金"",""丰厚年终奖""]","
        岗位职责：
1、基于对业务的理解，建立全面的数据监控、分析体系，为运营决策提供有质量的数据决策支持；
2、在用户生命周期内，对用户行为数据进行分析和挖掘，形成用户画像或用户标签体系，支持整体战略决策；
3、根据业务发展情况，开展专题分析，产出分析结果，为团队决策提供有质量的建议。

任职要求：
1、本科及以上学历，计算机、数学、统计学、自动化相关专业；
2、对数据有强烈兴趣，具有较强的逻辑分析能力，对数据敏感，掌握常见数据分析工具和机器学习算法；
3、熟练掌握sql，熟练使用excel、spss等分析工具，掌握python者优先; 
4、有一定的在线产品用户行为研究经验，做过用户画像、标签方面的工作者优先; 
5、优秀的数据分析和规划能力，能够独立完成数据项目工作。

网申链接：http://zhaopin.52tt.com/campus
        ",1,1,0,1,1
1336,数据分析,桔子跑动,广州,15-50人,本科,不需要融资,人工智能,8.0,1年以下,,[],"
【岗位/职位职责】1、数据分析、数据处理【岗位/职位要求】1、本科及以上学历，计算机、数学、统计学等专业；2、具备较好的数据分析能力;熟悉常见的数据挖掘算法；3、熟悉python或java，熟悉网络爬虫;4、熟悉mysql数据库，有较好的sql能力；5、做事认真细心，有上进心，有责任感；6、有良好的技术文档写作能力，以及英文阅读能力；7、研究生优先。
8、我司在面试前后均可能进行电话沟通，请保持各种联系方式能正常联系，如三次以上无法联系将永不录用
",1,1,0,0,0
1337,运营数据分析师,参数,广州,15-50人,本科,不需要融资,移动互联网,8.5,1-3年,,[],"
        1）深入了解公司业务情况，对产品服务进行定期巡检。
2）搜集及整理市场动态，监测竞品行为，提供运营建议。
3）跟踪各业务渠道及产品数据指标，提供定期数据报告，分析数据波动背后的原因。
4）跨部门协作商业化活动实施，共同优化产品服务体验流程。
5）其他运营事项跟进。
招聘要求：
1）本科及以上学历，数据分析相关专业或工作经验优先。
2）数据敏感度高，有较强的逻辑分析能力。
3）态度端正，乐于学习，执行能力强，善于跨部门沟通协作。
4）熟练操作excel及ppt等办公软件；
5）熟悉支付宝小程序规则，有相关运营经验优先。
        ",0,0,0,1,0
1338,市场数据分析主管,亚美,广州,500-2000人,本科,不需要融资,移动互联网,12.5,5-10年,,"[""节日礼物"",""技能培训"",""年度旅游"",""岗位晋升""]","
        工作职责:
1、建立中心数据分析体系，分析市场各业务运营数据，进行监控、预估、深度挖掘与分析，为市场各业务版块提供策略分析和建议；
2、基于业务理解，通过设计数据报表、数据产品，并不断迭代，为业务团队提供日常数据支持，推动业务发展；
3、与技术团队合作，推动数据分析模块的系统化、可视化、自动化、产品化；
4、组织业务团队进行数据产品理念、技能、工具的培训，不断提升团队数据能力基础。
任职资格:
——工作经验 
1、统计学、数学、财务分析类相关专业，本科或以上学历；
2、具备三年及以上互联网行业数据分析管理经验、营销数据分析经验；
3、对数据有较强敏感度，擅长数据挖掘及分析，可将数据灵活运用支持运营决策。
——知识与技能： 
1、能够熟练应用各种办公软件和统计分析软件；
2、具备出色的逻辑思维能力和沟通交流能力，工作态度认真严谨；
3、具有较强的文字表达能力。
——职业素养
1、具有强烈的工作责任心；
2、诚信、务实，具有良好的工作积极性和主动性；
3、具有一定的创新能力和良好的学习能力；
4、沟通、组织、协调和表达能力。
        ",0,0,0,0,0
1339,数据分析师,虎牙科技,广州,2000人以上,本科,上市公司,社交,15.0,1-3年,,"[""五险一金"",""年底双薪"",""午餐补助"",""带薪年假""]","
        工作内容：
1. 分析大量b、c两端数据。
2. 建立用户画像模型，形成或优化资源匹配策略。
3. 基于业绩归因分析、产品特点、价值预测等维度，建立新的安全或运营策略。
4. 负责或参与增长项目全流程，包括：问题定位、数据分析、建立模型或策略、效果检验及项目落地等工作。


任职要求：
1. 3年或以上数据分析、数据挖掘相关经验。
2. 具有较为丰富的增长项目经验。
3. 重点大学数学、物理、计算机、电子工程、工业工程专业优先。
4. 熟悉统计分析方法和相关模型。
5. 熟练使用一种统计分析工具：python/r/matlab；熟练掌握sql。
        ",1,1,0,0,0
1340,数据分析师,信创电子,广州,50-150人,本科,不需要融资,电商,18.5,3-5年,,[],"
        1、负责供应链数据需求分析； 
2、负责供应链数据日常用户支持； 
3、将业务需求转化为标准数据服务或开发需求，并跟进实施进度； 
4、参与供应链数据相关项目工作。

工作要求
1、3年以上数据分析工作经验，有消费品行业供应链数据分析经验优先； 
2、熟悉sap bw系统架构，具有sap bw系统实施经验； 
3、熟悉sap erp 后勤（mm/pp）模块； 
4、熟悉sql 编写； 
5、有tableau或smart bi 、bo等报表工具使用经验； 
6、较好的业务理解和沟通能力。


",0,1,1,0,0
1341,高级数据分析师 (MJ003146),欢聚集团（JOYY Inc.）,广州,2000人以上,本科,上市公司,文娱丨内容,24.0,3-5年,,"[""社交媒体平台"",""全球化"",""人工智能""]","
        岗位职责：
1. 配合部门kpi方向，深入了解业务、挖掘业务问题，并从数据分析专业角度输出周期性、专项数据分析报告及建议，为业务决策、产品方向、运营策略提供决策支撑
2. 沉淀分析思路与框架，提炼转化为数据产品，提升决策效率
3. 基于业务理解，设计搭建准确反映业务运作健康状况的数据分析报表体系
4. 关键数据日常监控及分析，提前预警产品或运营问题


岗位要求：
1. 3年以上相关分析工作经验，本科以上学历
2. 良好的数据敏感度、逻辑思维和分析能力，善于从数据中提炼总结问题并输出建议
3. 良好的行业敏感度，对直播行业有一定关注及了解，有互联网从业经验者优先
4. 良好的数据处理能力，熟练操作excel、ppt等，掌握sql相关数据提取工具，熟练r, spss，sas等分析工具中任一项者优先
5. 具备良好的抗压能力、沟通能力和团队精神，有独立开展分析研究项目经验
        ",0,1,0,1,1
1342,数据分析师 (MJ003027),欢聚集团（JOYY Inc.）,广州,2000人以上,本科,上市公司,文娱丨内容,15.0,1-3年,,"[""社交媒体平台"",""全球化"",""人工智能""]","
        岗位职责：
1、负责产品数据分析工作，包括app日常运营数据监控和产品/运营专题分析；
2、根据数据分析结果输出产品优化建议和运营手段建议，并与业务团队一起执行落地、跟踪、效果监控，完成闭环；
3、与技术团队联动，探寻业务可优化场景、路径，并对优化结果形成监控；
4、参与业务精细化运营，提供用户精细化分群支撑及效果监控；


岗位要求：
1、具备良好的自驱能力，对业务全链路感兴趣，沟通能力强，具有独立支撑完整项目经验的优先考虑；
2、有互联网行业数据分析经验、熟练使用数据分析工具者（sql/python）优先；
3、数据敏感度及逻辑能力强，有清晰的思路和数据建模方法论；
4、具有良好的学习能力，有好奇心；
5、有一定的产品体验感，具备一定的业务思考能力；
6、1-3年工作经验，本科及以上学历，数学、统计、计算机等专业优先考虑。
        ",1,1,0,0,0
1343,数据分析,桔子跑动,广州,15-50人,本科,不需要融资,人工智能,5.0,应届毕业生,,[],"
【岗位/职位职责】1、数据分析、数据处理【岗位/职位要求】1、本科及以上学历，计算机、数学、统计学等专业；2、具备较好的数据分析能力;熟悉常见的数据挖掘算法；3、熟悉python或java，熟悉网络爬虫;4、熟悉mysql数据库，有较好的sql能力；5、做事认真细心，有上进心，有责任感；6、有良好的技术文档写作能力，以及英文阅读能力；7、研究生优先。
8、我司在面试前后均可能进行电话沟通，请保持各种联系方式能正常联系，如三次以上无法联系将永不录用
",1,1,0,0,0
1344,数据分析师,巴图鲁公司,广州,500-2000人,本科,C轮,汽车丨出行,8.5,1-3年,,"[""技能培训"",""节日礼物"",""年底双薪"",""带薪年假""]","
        岗位职责：
1、深入了解业务情况，运用多维度进行组合分析、挖掘、深度分析业务；
2、有主动意识地跟踪、监控数据、指标变化，并深入分析、定位问题、优化现状；
3、支撑业务部门的报表处理及数据需求；
4、协助完成周报、月报等周期分析报表，并能将发现有问题推动解决。

任职要求：
1、本科及以上学历，统计学/数学/计算机等相关数理专业，互联网/金融等行业1-3年数据分析、挖掘相关经验优先；
2、熟练掌握mysql、postgresql、greenplum等数据库的一种或者多种；
3、熟练掌握常用数据挖掘算法，并有实际业务建模经验；
4、注重团队协作，执行力强，抗压能力强；
5、学习意愿、沟通能力强，能快速理解熟悉业务逻辑。
        ",0,1,0,0,0
1345,数据分析,数云,广州,150-500人,本科,C轮,企业服务,11.5,1-3年,,"[""绩效奖金"",""股票期权"",""五险一金"",""通讯津贴""]","
        岗位职责：
1、 对接项目数据需求，提取、分析和整理形成数据报告，为营销策略提供数据支持；
2、 完善数据报表体系和活动报告体系，提升数据服务标准化；
3、 针对营销大数据进行特征提取分析，撰写专题行业分析报告，为业务决策提供数据支持；
4、 数据支持区域业务团队，处理数据需求，结合业务逻辑，帮助寻找业务痛点/改善点。


岗位要求：
1、 熟悉数据库基本原理，熟练运用sql，熟练操作excel、ppt； 有r或python算法经验者优先；
2、 具备良好的数据敏感度、较强的探索精神，能从海量营销数据提炼核心数据洞察点，独立编写商业数据分析报告，及时发现和分析其中隐含的变化和问题，给出建议；
3、 具备良好的跨部门沟通协调能力，以数据支持业务，业务反哺数据；
4、 严谨认真，责任心强，能承受较强的工作压力，具备良好的团队精神和客户服务意识，有数据理想；
5、 本科及以上学历，计算机、统计学、信息管理等相关专业背景优先。
        ",1,1,0,1,0
1346,高级数据分析师,唯品会,广州,2000人以上,本科,上市公司,电商,22.5,3-5年,,"[""技能培训"",""节日礼物"",""绩效奖金"",""岗位晋升""]","
        职位描述:
1、负责以结果为导向进行数据分析挖掘，做个性化的人货匹配，提升搜索购买转化率；
2、负责分析搜索用户行为数据，基于数据分析成果，提出改进建议，提升用户体验；
3、负责深入理解电商搜索业务模式和发展趋势，从对产品、业务和商业的分析挖掘中寻找数据商业价值点，从整体的角度寻找数据中的商业价值和机会
任职要求
职位要求:
1、 统招本科及以上学历，3年及以上的数据分析相关的工作经验，零售、快消行业背景优先；
2、 优秀的分析能力，逻辑严密，思维灵活，具备商业敏感度，良好的报告展示能力；
3、 有较强的团队沟通协调能力，有终身持续学习的意识和习惯；
4、 掌握 hive/presto 等sql类数据库查询提取工具，熟练操作ms office工具；有excel vba/ python 实战经验者优先；
5、 同等条件下，优先考虑对零售行业有热情，喜欢思考分析商业问题，喜欢购物，熟悉时尚潮流者。
        ",1,1,0,1,0
1347,数据分析工程师,云算力,广州,15-50人,本科,天使轮,人工智能,6.0,1年以下,,[],"
        岗位职责： 
1、搜集行业相关信息，为相关需求者提供更准确的数据信息；
2、协助部门经理完善部门管理制度；
3、根据公司内部的数据进行建模；
4、根据公司内部的用户数据进行建模，寻找可以提高用户活跃度的模型；

岗位要求： 
1、应届毕业生，性格开朗，善于沟通；
2、为人诚实，具有责任心、上进心，较强的执行力；   
3、接受大学生在校实习；
4、认真实践备入职前的试岗培训；
5、有相关工作经验者、数学专业、统计学专业优先录取；
6、熟悉r语言、matlab等工具；
        ",0,0,0,0,0
1348,数据分析师,仁里商务,广州,500-2000人,本科,不需要融资,电商,6.5,1-3年,,[],"
        1、对货品的管理，日常调配； 
2、与销售部门进行有效沟通，并统计相关数据； 
3、店面销售数据定期的整理及总结； 
4、责任心强，高度的注重细节，思路清晰，工作认真细致。 
任职资格： 
1、28岁以下，身高163cm以上，形象气质佳； （简历请注明您的身高及附上近期照片） 
2、大专以上学历，熟练使用办公软件； 
3、数字敏感度好，善于进行数据分析，条理性强，有服装数据经验优先； 
4、具有相关岗位工作经验优先。 
工作地址
        ",0,0,0,0,0
1349,数据分析师,广州达信,广州,50-150人,本科,未融资,数据服务,7.5,1-3年,,[],"
1.本科学历以上，想往数据分析发展；2.一年数据处理或者数据分析的经验；3.对数据敏感，了解sql，能应用分析函数及相关的统计分析工具；4.具有较强的沟通及表达分析能力；5.了解过bi相关工具；6.公司上班时间朝九晚六，周末双休，福利待遇良好；
",0,1,0,0,0
1350,数据分析师,绿瘦集团,广州,2000人以上,本科,不需要融资,电商,9.5,1-3年,,"[""年底双薪"",""带薪年假"",""定期体检"",""弹性工作""]","
        岗位职责：
1、支持管理层和业务部门的分析需求，开展数据分析工作；
2、监控业务数据，及时发现异常情况，并深入分析、提供相关数据或分析报告，为业务和运营方提供参考；
3、挖掘分析主题，基于数据分析成果，为管理层和业务部门提供商业策略分析和业务优化建议，持续改进运营效果；
4、优化和完善数据分析体系。
任职资格：
1、本科及以上学历，统计、数学、计算机、理工类等相关专业；
2、2年以上数据分析工作经验，保健品、互联网、通信、金融行业背景优先；
3、严谨的数理逻辑思维，工作自驱，有较强的团队沟通协调能力；
4、熟悉使用sql、excel，掌握r、python、spss之一，了解bi报表工具的使用；
5、能独立完成专题分析项目，优秀的分析能力和汇报能力。
        ",1,1,0,1,1
1351,数据分析专员,广州棒谷科技股份有限公司,广州,2000人以上,不限,不需要融资,电商,7.0,不限,,"[""项目奖金"",""绩效奖金"",""年终奖"",""五险一金""]","
        岗位职责：
1、根据仓储物流部门要求，按日、周、月更新统计相关业务报表并作出合理性分析；
2、通过协助各部门的业务数据梳理，及时反馈数据进展为业务提升方向支持；
3、具有较高的数据敏锐度，能有效判断数据异常及关联性异常并推动问题优化；
4、通过分析业务规律，预测业务变化趋势，为业务提出有效应对举措.

任职要求：
1.本科学历，数据专员优先
2.熟悉office三件套，熟悉常用的excel函数
3.熟练使用数据分析工具者（sql/python）优先

工作地点：广州市白云区聚源街50号欣凯科创园（班车接驳点：白云大道北、萧岗、西村、公园前地铁站）
工作时间：周一~周五 9:00-18:00 大小周 周六：9:00~15:30


",1,1,0,1,0
1352,数据分析师,百布,广州,500-2000人,大专,D轮及以上,移动互联网,20.0,3-5年,,"[""行业翘首"",""扁平管理"",""领导NICE"",""美女多""]","
岗位职责 
1. 负责产品的数据分析，建立和完善产品的数据体系，通过业务指标反映运营状况，完成相关数据分析和数据建模、标签体系建立等
2. 理解业务和用户需求，挖掘用户行为特征，进行深度专题分析，洞察业务中的核心痛点和改善机会
3. 通过对问题的拆解和分析，形成结论，为决策层提供参考依据
4. 负责以数据驱动业务增长，把结论应用到产品/系统的优化
5. 根据部门或产品的实际业务要求，通过数据挖掘或数据分析，主导相关数据模型的构建、维护、部署和评估工作
 
任职要求
1. 3年以上电商、互联网公司数据分析、数据挖掘相关经验，有数据驱动业务产生积极影响的工作经验
2. 极好的数据分析能力，强烈的数据敏感度，能够通过数据发现和分析业务中隐含的商业变化及问题，并能从海量数据提炼核心结果。有较强的逻辑思维和创新能力，具备将业务需求转化成数据处理语言的能力
3. 熟练使用至少一门sas/r/python等数据处理语言经验
4. 有数据可视化经验，熟悉业界主流bi产品，如tableau\bo等
5. 扎实的数学基础，包括概率／统计／代数等，有处理大规模数据的经验，掌握hive、hadoop、mysql等相关数据处理工具
6. 有主流机器学习算法库实践和优化经验，熟练统计学习、分类与聚类、时间序列、归因分析等，并参与过相关实际项目。能够通过算法全流程的设计基于机器学习的bi智能化系统，精通至少一种机器学习系统者优先，如搜索引擎、推荐系统、广告系统等，对该业务的各类问题有全面和深刻的认识
7. 熟悉tensorflow、keras、caffe、theano等深度学习框架的一种或多种者优先
8. 热爱创新与挑战，渴望成长与发展，有良好的快速学习能力与学习意愿；强烈的责任心和团队协作精神
ps:有推荐/广告/搜索算法研发经验，熟悉协同过滤、矩阵分解、ltr等算法模型，在召回、排序方向有实战经验者优先

优于同行的福利待遇：
1、工作时间：9:00-12:00&14:00-18:00，五天7小时工作制
2、入职即购买五险一金+国家法定节假日、婚假、产育假等法定假期+长达15天春节假期
3、具有竞争力的待遇，13~15薪
4、各种节日活动&福利+员工特定慰问金+每月部门吃喝玩乐+专业培训+旅游团建
5、扁平化管理+年轻化团队+老板nice+宽松的工作环境+轻松的工作氛围
6、完善的晋升机制，充裕的发展空间，你有能力，我有平台

如需了解更多职位机会，请搜索“致景薪跳”微信小程序，虚位以待，期待您的加入！
",1,1,1,0,1
1353,数据分析,中工水务,广州,50-150人,大专,不需要融资,企业服务,6.0,1年以下,,"[""年底双薪"",""股票期权"",""午餐补助"",""专项奖金""]","
        1. 负责数据分析建模

2. 配合项目经理完成其他工作

任职要求：

1.gis或计算机相关专业，本科及以上学历，优秀应届生亦可
2.熟悉arcgis，cad软件操作优先
3.熟悉mysql优先
        ",0,1,0,0,0
1354,数据分析专家,全量全速,广州,50-150人,本科,天使轮,电子商务,21.0,5-10年,,[],"
        岗位职责：
1、梳理部门与跨部门业务流程和系统，制定数据模型和数据报表；
2、挖掘销售数据背后的市场方向，分析短缺产品或者元素，为开发提供决策的依据；
3、针对部门具体的业务场景，研究业务中的痛点及亮点，进行数据分析并提出优化方案；
4、分析设计部各岗位的业务需求，固化常规数据报表，提供数据支持，帮助业务提升工作效率；
5、通过数据研究与分析，挖掘数据内在关系，发现业务流程或者系统问题，并推动问题的解决；
6、持续跟踪核心指标变化，优化不合适的指标，剔除不合理的指标，通过数据帮助业务部门高效达成目标，避免指标僵化带来的管理低效；
7、协助定义部门核心指标，并分解到各个业务方向，能够对部门级别的业务进行建模，支持长期发展或者新项目决策；
8、根据部门目标规划方向，定义各个业务线指标，实现业务可度量、指标可解释、目标可预测。
岗位要求：
1、本科及以上学历，统计学等相关专业优先考虑；
2、5年及以上服装、电商、快消等行业经验；
2、具有扎实的数据分析和数据挖掘基础，能够及时发现业务问题，并提供可行建议；
3、具有较强逻辑思维能力、时间管理能力、沟通表达能力；
4、对数据敏感，具备优秀的信息整合和分析能力，能够形成清晰的业务观点和前瞻判断。
        ",0,0,0,0,0
1355,数据分析师,广州银行信用卡中心,广州,2000人以上,本科,不需要融资,金融,12.5,1-3年,,"[""带薪年假"",""午餐补助"",""发展平台"",""金融""]","
        工作模块简介：负责大额分期业务和理财业务

岗位职责：
1. 负责文本数据和app数据抽取、清洗、消重和入仓设计等工作；
2. 根据业务主题要求建立和更新相关词库，使其支持各业务应用；
3. 构建客群画像，输出客群标签并协助目标客户线索获取。

岗位要求：
1. 具有1年以上自然语言分析相关工作经验，包括语法分析、文本处理等，本科及以上学历；
2、具备良好的编程习惯，熟悉常用的数据结构和算法，熟练掌握php/python/java任一语言；
3、具备良好的数据库理论基础知识，较强的sql书写能力，熟练使用mysql/postgres等数据库；
4、有数据处理，etl流程优化实战经验,熟悉sqoop/kettle/informatica等抽取工具。
        ",1,1,0,0,0
1356,数据分析师,玄武科技,广州,500-2000人,本科,上市公司,企业服务,18.5,3-5年,,"[""绩效奖金"",""年底双薪"",""五险一金"",""带薪年假""]","
        职位描述：
1、与客户沟通数据分析需求，确定客户业务问题、目标，并给予有效的数据化解决方案
2、根据商业背景和行业背景，进行数据建模、用户标签体系建设，建立用户画像
3、基于多维数据分析特点，使用公司自有大数据分析工具，洞悉数据信息，满足客户分析需求
4、打造、优化和完善多行业数据分析体系
任职要求：
1、本科及以上学历，3年以上数据分析经验，数学、统计学及信息与计算科学专业等专业
2、具有扎实的统计学、数据分析、数据挖掘基础，能独立完成相应数据分析需求
3、良好的沟通能力及逻辑思维能力，有极强的数据敏感度与和数据分析方案撰写能力
4、具备良好的业务敏感度，并能通过数据验证及建立合理的分析模型
5、具备数据操作能力，熟练使用sql/r/python/excel 等工具，有power bi、tableau、神策数据等bi软件或平台使用经验更佳
6、能够接受国内出差
7、有零售、快消、金融、税务等行业经验优先考虑
        ",1,1,1,1,0
1357,数据分析师,BW,广州,15-50人,本科,未融资,企业服务,6.0,应届毕业生,,"[""技能培训"",""开发"",""岗位晋升"",""年度旅游""]","
        职位描述：
工作内容：
1. 将商业问题转化为数据问题，设计方法和指标；
2. 根据分析方案完成数据收集、清洗、分析建模、结果汇报等工作；
3. 研究各行业数据应用现状，发现可能的改进方向；
4. 学习数据挖掘新技术。



能力要求：
1. 对数据敏感，逻辑性强，有好奇心，喜欢探索；
2. 熟悉统计、概率相关理论和方法，熟悉数据挖掘常用算法，有实际项目经验的优先考虑；
3. 熟练使用r、spss、modeler、python等至少一种数据分析工具；
4. 了解一种数据库系统，如sqlserver/oracle/mysql等；
5. 优秀的沟通、协调、团队合作精神；
6. 有撰写分析报告经验优先；
7. 接受应届毕业生
        ",1,1,0,0,1
1358,数据分析,三七互娱,广州,2000人以上,本科,上市公司,游戏,8.0,应届毕业生,,"[""高额奖金"",""快速晋升"",""五险一金"",""带薪年假""]","
岗位职责：1、日常监控数据，实时发现并解决广告投放中出现的问题；2、负责部门广告数据整理与分析，能够基于数据分析得到有价值的信息，为广告投放决策供数据支持；3、优化并不断改进市场广告流程以及报表系统。4、收集并拓展游戏行业内数据报告；5、完成部门日常的其他数据支撑工作。
任职要求：1、 本科以上学历，数据分析专业相关（理学、统计学等专业优先）2、 具有优秀的学习能力，条理清晰，有良好的表达能力及沟通能力，有较强的组织语言文字功底，数据分析和逻辑能力；3、 做事认真细心，有上进心，有责任感，能承受工作压力，适应游戏公司的快节奏。4、 态度积极，有较好的沟通能力，对游戏产品手游有一定理解了解；5、 精通excel各项分析与统计，掌握一些基础数据分析工具；6、 具有相关游戏分析相关工作经验优先；
",0,0,0,1,0
1359,全栈数据分析工程师,广东广信通信服务有限公司,广州,500-2000人,本科,上市公司,企业服务,17.5,3-5年,,[],"
        工作职责：
岗位一：
1、负责公司可视化数据管理平台、定时数据报表、数据清单输出等工作任务，保障数据的准确性、一致性、稳定性、及时性；
2、负责跟进产品业务实际需要，完成数据统计、数据标签、数据模型等开发工作，开发完善数据分析工具；
3、深入研究大数据行业前沿相关技术和产品，包括计算框架设计开发、数据可视化框架落地和优化等；
4、负责数据治理、数据统计、数据可视化等方面操作流程和文档的组织管理 ；

岗位二：
1 负责天翼看家数据专项治理、数据体系梳理、数据安全和流程管理等，包括数据etl过程、数据指标口径、数据计算、实时离线数据框架选型和应用；
2 负责对接天翼看家集团、智家、分省人员数据需求，规范数据输出的准确性、合理性、安全性。

任职条件：
岗位一：
1、全日制本科及以上学历，3-5年以上大数据分析工作经验，精通数据模型和数据治理相关能力
2、掌握python/java/shell/scala/等相关语言， 能使用shell或python脚本编写自动化工作，有开源bi实践经验者优先；
3、熟练掌握kylin，hive、spark、flink、kafka、redis，mysql等大数据通用技术栈开发经验。
4、熟悉各类模型分类与回归算法，熟悉各类变量筛选与降维算法，精通机器学习、人工智能算法者优先；
5、负责数据治理、数据统计、数据可视化等方面操作流程和文档的组织管理 ；
6、具备良好的业务理解能力和沟通能力，良好的团队合作精神，有较强的执行能力；

岗位二：
1、全日制本科及以上学历。
2、掌握python/java/shell/scala/等相关语言， 能使用shell或python脚本编写自动化工作，有开源bi实践经验者优先； 
3、熟练掌握kylin，hive、spark、flink、kafka、redis，mysql等大数据通用技术栈开发经验。 
4、熟悉机器学习、人工智能算法者优先； 
5、负责数据治理、数据统计、数据可视化等方面操作流程和文档的组织管理 ； 
6、具备良好的业务理解能力和沟通能力，良好的团队合作精神，有较强的执行能力；

上班时间：
周一至周五9:00-18:00
        ",1,1,0,0,0
1360,数据分析工程师,广东广信通信服务有限公司,广州,500-2000人,本科,上市公司,企业服务,15.0,5-10年,,[],"
        工作职责：
岗位一：
1、负责公司可视化数据管理平台、定时数据报表、数据清单输出等工作任务，保障数据的准确性、一致性、稳定性、及时性；
2、负责跟进产品业务实际需要，完成数据统计、数据标签、数据模型等开发工作，开发完善数据分析工具；
3、深入研究大数据行业前沿相关技术和产品，包括计算框架设计开发、数据可视化框架落地和优化等；
4、负责数据治理、数据统计、数据可视化等方面操作流程和文档的组织管理 。

岗位二：
1、负责数据源梳理，制定相关数据规范，进行数据清洗工作 
2、负责建设产品评估指标体系
3、数据分析代码实现。

任职条件：
岗位一：
1、全日制本科及以上学历，3年以上大数据分析工作经验，精通数据模型和数据治理相关能力
2、掌握python/java/shell/scala/等相关语言， 能使用shell或python脚本编写自动化工作，有开源bi实践经验者优先；
3、熟练掌握kylin，hive、spark、flink、kafka、redis，mysql等大数据通用技术栈开发经验。
4、熟悉各类模型分类与回归算法，熟悉各类变量筛选与降维算法，精通机器学习、人工智能算法者优先；
5、负责数据治理、数据统计、数据可视化等方面操作流程和文档的组织管理 ；
6、具备良好的业务理解能力和沟通能力，良好的团队合作精神，有较强的执行能力.

岗位二：
1、全日制本科及以上学历。
2、有数据分析相关从业经验 
3、熟练数据分析工具优先 
4、对数据敏感，有计算机、数学背景优先

上班时间：
周一-周五9:00-18:00
        ",1,1,0,0,0
1361,数据分析师,聚客网络,广州,少于15人,本科,未融资,移动互联网,6.0,1年以下,,[],"
        岗位职责： 
1、搜集行业相关信息，为相关需求者提供更准确的数据信息；
2、协助部门经理完善部门管理制度；
3、根据公司内部的数据进行建模，对自媒体、媒体的信息进行质量评估；
4、根据公司内部的用户数据进行建模，寻找可以提高用户活跃度的模型；

岗位要求： 
1、应届毕业生，性格开朗，善于沟通；
2、为人诚实，具有责任心、上进心，较强的执行力；   
3、接受大学生在校实习；
4、认真实践备入职前的试岗培训；
5、有相关工作经验者、数学专业、统计学专业优先录取；
        ",0,0,0,0,0
1362,数据分析专员,博之林,广州,50-150人,本科,不需要融资,广告营销,7.0,1-3年,,"[""节日礼物"",""绩效奖金"",""岗位晋升"",""扁平管理""]","
        岗位职责：
1、日常统计各团队的数据并进行播报；
2、利用数据对各团队提供指导及业务建议，提供预警数值化指标；
3、文档化规范化各类年、月、周等数据统计；
4、后台统计页面日常核查及校准。
任职要求：
1、本科或以上学历，数学、统计、市场营销等相关专业，或有两年以上数据统计分析工作经验优先；
2、熟悉操作office办公软件，尤其excel数据分析能力、可以使用vba开发excel应用；
3、数据敏感度高，执行力强，有较强的逻辑分析能力；
4、性格开朗，具有较强的沟通、组织、协调及推动能力。
        ",0,0,0,1,0
1363,数据分析师,盈米财富,广州,50-150人,本科,B轮,金融,15.0,不限,,"[""技能培训"",""股票期权"",""午餐补助"",""绩效奖金""]","
工作内容： 1. 负责数据统计、分析，通过数据洞察发现问题及分析，撰写分析报告及建议解决方案，推动问题优化； 2. 负责运营数据的汇总、整理、分析，以及编制各项报告、表格等； 3. 构建分析模型，通过跟踪和监控重点数据，为业务决策提供数据支撑； 4. 参与数据产品及数据可视化系统建设。 职位要求： 1. 数学、统计学、计算机等相关专业优先，有独立项目分析经验者更佳； 2. 至少具备1年以上大型客服/用户中心数据分析、挖掘相关工作经验； 3. 精通office软件及公式、函数等运用，具有优秀的数据分析技能与报告呈现能力优先； 4. 逻辑能力强，具备数据敏感度及问题分析解决能力，有预判性思维。
",0,0,0,0,0
1364,数据分析师,蜜源新媒体,广州,150-500人,本科,不需要融资,电商,22.5,3-5年,,[],"
        岗位职责：
1. 参与设计公司经营数据分析模型，并负责数据建模与分析；
2. 负责数据分析体系的完善，撰写数据分析报告为公司运营、销售、财会等提供数据支持；
3. 完成具体指定的数据统计分析工作，能够深入了解业务挖掘业务问题和痛点，数理分析为公司运营决策、产品规划、运营规划提供数据支持；
任职要求：
1.全日制本科及以上学历，5年以上工作经验，具有互联网工作背景；
2.有数理统计领域工作经验，可独立开展工作；
3.熟悉相关统计分析软件的操作和使用，精通excel操作（常规函数、数据透视表、模型搭建），具有一定的编程、建模能力；
4.对数字敏感，做事细心、有耐心，责任心强，具备敏锐的数据洞察力、结构化思维能力、沟通协调和闭环管理、推进能力。
        ",0,0,0,1,0
1365,数据分析师,后浪互娱,广州,50-150人,不限,A轮,游戏,8.5,应届毕业生,,"[""绩效奖金"",""年底双薪"",""午餐补助"",""定期体检""]","
        岗位职责：
1、负责满足运营部门、研发部门所提出的数据需求；
2、进行游戏内容，功能的统计分析，优化运营活动以及游戏产品；
3、监控游戏日常指标，定位游戏问题，及时反馈给相关部门；
4、定期制作用户调研问卷，了解玩家意向及搜集数据；
5、提供分析报告，对公司业务的运营进行评估和建议，从数据的角度推动公司运营决策、辅助研发调优产品。

任职要求：
1、本科以上学历，统计学/数学/计算机专业优先；
2、游戏数据经验1年以上，手游经验优先；
3、熟悉游戏业务，精通游戏数据逻辑，理解游戏社交、生态游戏；
4、熟练使用数据处理软件，熟练与数据源交互（包括不限于sql，excel，python，r）；
5、资深游戏玩家，热爱游戏行业，对互联网快速变革高度敏感，理解新一代用户的特点。

【工作时间】：9:30-18:30/弹性10:00-19:00 ；
【休假安排】周末双休；法定节假日根据国家放假 ；
【福利01】每天15元餐补，加班到9点餐补+15元，合计30元
【福利02】全勤奖200元
【福利03】人均下午茶一周50元，一三五提供下午茶；月福利总预算200元
【福利04】入职当月购买五险一金
【福利05】团建费 每月人均100元
【生日礼物】人均200元
        ",1,1,0,1,0
1366,数据分析专家,游族网络,广州,500-2000人,本科,上市公司,移动互联网,15.0,1-3年,,"[""节日礼物"",""免费班车"",""股票期权"",""带薪年假""]","
        【工作内容】：
1、负责游戏业务的数据分析工作、规划数据埋点方案。

2、 完成游戏运营中的重点专项报告输出，针对目标用户及细分群体独立输出研究报告。

3、快速深入了解业务，从产品用户生命周期的角度，分析相关数据，深入挖掘用户行为、产品、体验等数据价值，并能为后续运营提供优化建议。

4、通过持续数据分析形成方法论，提炼数据产品需求，形成数据产品解决方案，并推进方案落地执行。

【任职要求】：
1. 3年以上工作经验，有2年以上游戏行业数据分析或数据产品工作经验

2. 至少熟练掌握一种查询工具sql、hive、presto等，掌握python、shell、r等分析工具更佳。

3、数学、统计学、计算机等相关专业优先。

4、对数据敏感，熟悉数据收集、数据分析方法，了解数据建模基本原理和数据挖掘算法，了解服务器构架模式、数据库操作，能将相关方法应用于实际工作。

5、具备良好的沟通技巧和表达能力，有较好的报告撰写能力。

6、数据敏感，有良好的逻辑思维能力，有强烈的责任感和团队合作精神，勇于承担。
        ",1,1,0,0,0
1367,数据分析师,博达祥和,广州,150-500人,本科,未融资,其他,10.0,1-3年,,[],"
        技能要求：bi，数据处理，数据分析，sql，hive职位详情：1、1-3年相关工作经验；全日制统招本科以上学历，有统计学、数学、计算机、财务管理等相关专业优先考虑；2、能掌握简单的sql语句及mysql；3、能熟练使用excel等数据统计整理工具，常用函数及数据透视表；4、逻辑思维能力较强，对数字敏感度较强，能快速理解业务数据及较强的分析能力；
        ",0,1,0,1,0
1368,数据分析经理,健民医药,广州,150-500人,本科,不需要融资,电商,15.0,3-5年,,"[""午餐补助"",""带薪年假"",""绩效奖金"",""定期体检""]","
        1、建立并完善公司内部经营分析体系，输出各部门绩效考核相关的经营目标、预算，业绩、收入、成本、利润等经营数据，整合年度/季度/月度经营分析报告，为管理层决策提供有效参考；
2、收集业务团队对数据的需求，专项分析各平台、用户、活动数据，为投资、运营、商业决策、品类、产品和活动优化提供信息和数据支持；
3、根据日常数据分析、统计工作，搭建数据分析指标体系及报表体系，并及时优化，负责优化数据整理及分析流程，制定高效的数据分析方式；
4. 搭建竞品分析框架，从各公开平台收集数据，对竞争对手经营情况进行定期分析；
5、持续改进公司的项目管理体系，完成对项目的成本分析，预算监控，利润核算，过程监控，实现项目、项目集的成本收益，风险，质量等维度的监控管理。

任职要求：
1、本科及以上学历，统计学、数学、电子商务专业优先；
2、5年以上电商、快消、零售行业商业/市场经营分析工作经验，2年以上团队管理经验；
3、 对数据敏感， 具有缜密的逻辑思维能力、数据洞察能力和沟通协调能力；
4、出色的跨团队沟通能力，责任心强，细致认真，能承受较强的工作压力，热爱数据分析工作；
5、熟练使用excel、ppt、有较好的文字、数据、图表呈现能力，会使用数据分析软件r/python、sql者优先。
        ",1,1,0,1,0
1369,数据分析专员,武汉佰钧成技术有限责任公司,广州,2000人以上,本科,不需要融资,移动互联网,6.5,1-3年,"[""免费班车"",""试用期上社保"",""试用期上公积金"",""免费下午茶"",""一年调薪1次"",""免费体检"",""6险1金"",""前景无限好"",""加班补贴""]","[""带薪年假"",""计算机软件"",""管理规范"",""定期体检""]","
        岗位职责：
1、协助产品经理工作
2、梳理新功能数据上报埋点，跟进上报验收
3、新功能上线效果监控与分析
4、通过数据发现问题，反馈给到相应人员

岗位要求：
1、本科及以上学历，特别优秀的可以考虑专科学历
2、积极主动，有高度的服务意识
3、独立思考，善于总结梳理，工作责任性强
4、有从事互联网产品运营工作经验者优先。
5、梳理excel、sql能力者优先
        ",0,1,0,1,0
1370,数据分析专员,链家广州分公司,广州,2000人以上,本科,C轮,消费生活,9.5,不限,,[],"
        岗位职责：
1.负责监测并解读行业政策，研究市场竞争动态和广州楼市发展趋势，为公司运营业务提供及时且有效的竞争策略或建议；
2.负责不定期针对经纪人、业主和客户的需求开展相关的调研和研究，持续将研究成果转化成培训材料，并输出相应的赋能工具或解决方案，并能够管理对应运营作业改善的过程；
3.负责协助推动公司发展战略的落地，不断完善公司门店布局和拓展的策略，研究能够显著提升重点盘、目标市场和全市市占率的有效商业竞争模式，对已开的门店进行持续提质增效管理；
4.负责持续维护楼盘字典，优化市场研究、竞争模型、客户洞察和门店运营管理的工作流程和标准化文件，对内完成知识性资产的萃取和传递。
任职要求:
1.统招本科及以上学历，营销管理、统计学等相关管理专业市场营销、工商管理、应用统计、数学等相关专业，工作经历高度匹配者可不限专业；
2.具备较强的沟通讨论和组织协调能力，主动积极，具有较强的逻辑性，观点清晰明确；
3.具备较强的执行力和责任心，及主动关注身边发生的新技术和新方法，有较好学习转化能力；
4.国语流利，粤语会听能说更佳，熟练使用办公软件，精通excel，具备使用sql等数据处理能力
        ",0,1,0,1,0
1371,广告投放（信息流/应用商店向/数据分析）,广州速游,广州,150-500人,本科,B轮,游戏,12.0,1-3年,,"[""技能培训"",""年底双薪"",""带薪年假"",""岗位晋升""]","
        岗位职责：
1、主要负责手游产品在不同平台和渠道的广告投放操作；
2、根据需求制定广告投放计划，整理分析投放数据，适时调整投放策略，优化投放效果，提高广告的曝光量、点击率、转化率、安装量、有效注册量；
3、监测广告投放数据，控制投放风险，及时发现问题，定期向相关人员提供数据报表；
4、负责广告素材的收集整理，分析优化，为新广告的设计明确思路；
5、通过投放数据有效的对投放渠道进行优化，降低投放成本。

岗位要求：
1、一年以上移动互联网广告投放经验，至少擅长广点通、爱奇艺、百度等各种推广渠道中的其中一种；
2、熟悉网络广告投放流程和广告数据监测工作；
3、熟悉互联网行业，善于挖掘热点；
4、有较强的沟通和理解能力，具备较强的数据敏感度和分析能力，有独立分析和解决问题的能力。
        ",0,0,0,0,0
1372,数据分析师,浩瀚深度,广州,150-500人,本科,上市公司,硬件,20.0,3-5年,,"[""绩效奖金"",""年底双薪"",""五险一金"",""通讯津贴""]","
岗位职责：
1.         负责构建部门数据分析与数据挖掘业务分析体系,整体架构设计、规划,充分发挥数据的价值,提高数据质量,促进部门业务和项目更好的发展；
2.         通过建立业务的数据分析模型来指导业务的发展,对数据库信息进行深度挖掘和有效利用,充分实现数据的内在价值,构建产品核心竞争力；
3.         负责大数据平台基础架构，以及数据挖掘处理算法、模型、脚本的维护、监控、优化和升级；
4.         负责处理数据分析挖掘工具/平台hadoop/hive/spark/kafka等疑难问题的研究和解决
5.         根据业务需求开发各类工具、中间件；
6.         负责数据分析团队技术规划、演进和人员培养、梯队建设。
 
任职要求：
1.         本科以上学历、计算机/统计学/经济学等相关专业，2年以上工作经验；
2.         具备深厚数据建模(机器学习,数据挖掘,信息检索背景)和分析理论知识和经验；
3.         熟悉 linux 平台的海量数据分布式存储、分布式计算；
4.         精通常用的数据分析工具，有基于 hadoop 的云计算平台，hbase 及类似的 nosql 存储, mysql,和 bi 系统等实践经验；
5.         熟悉互联网并且对于互联网常见的业务形态与商业模式有深入的理解,对业务变化有敏锐的洞察力；
6.         有较强的对业务理解与分析能力，了解业务规划与策划能力以及相应经验；
7.         具备较强的问题定位、分解、解决能力及计划和组织能力；
8.         善于创新、思维敏捷、精力充沛，沟通能力强，能够承受较大工作压力；
9.         热爱数据,对数据及逻辑关系敏感,并对数据体系有深入的认识；
10.     有通信行业或者互联网企业相关经验优先，有软考、思科、华为等方面的证书优先。
",0,1,0,0,0
1373,数据分析师,柯内特,广州,50-150人,本科,不需要融资,数据服务,11.5,不限,,"[""弹性工作"",""节日礼物"",""扁平管理"",""技能培训""]","
        岗位职责：


 负责大数据产品的数据指标体系建设及维护，建立产品的分析逻辑体系，协助数据驱动文化落地；


 撰写数据分析报告，并推动分析报告自动化，打造完整的数据分析服务体系；


 对环保物联网传感数据进行数据挖掘建模，对数据进行分析及建模，发现数据的关联特征，进行预测性分析，为政府行政部门提供决策建议；


 梳理公司内部数据，设计引用性数据产品，将数据分析能力应用到公司内部业务研究中，支持及指导业务。






岗位要求：




 环境科学、环境工程、统计学、数学、计算机科学及其他相关专业本科及以上学历；


 1年以上的数据分析工作经历，有丰富的数据分析及数据建模经验；


 熟练使用sql、了解数据仓库、数据可视化；


 熟练使用python进行数据清洗、数据分析；


 有较强的的逻辑思维能力，能够快速理解业务需求，挖掘数据与业务之间的关联关系；








柯内特广州大数据研究院核心团队来自ibm、hp、emc、oracle等相关领域超过十年的资深专家，实行扁平化的开放式管理，你可以接触和了解到业界先进的的移动物联网平台、大数据体系架构，深度学习技术，和行业先进的模型算法

",1,1,0,0,0
1374,数据分析师,青木科技,广州,500-2000人,本科,未融资,电商,3.0,应届毕业生,,"[""绩效奖金"",""年终分红"",""五险一金"",""带薪年假""]","
        工作职责：
1、负责品牌活动，运营数据指标的统计和分析；
2、数据平台bi报表开发；
3、完成上级安排的工作。

任职资格：
1、统招全日制本科，数学，计算机专业优先；
2、熟练使用mysql/oracle；
3、会使用python/scala/java优先；
4、只考虑2021届的毕业生，能实习3个月以上。
        ",1,1,0,0,0
1375,大数据分析师（会员画像）,钱大妈,广州,2000人以上,本科,D轮及以上,消费生活,23.0,5-10年,,"[""绩效奖金"",""弹性工作"",""公司提供午餐"",""股票期权""]","
岗位职责:
1、负责会员标签体系搭建及研发，同时负责消费者画像分析；
2、负责调研业务部门的会员营销及分析的需求，研究分析公司会员资产，洞察会员生命周期数据，定期输出分析报告；
3、研究分析会员群体画像、与商品的相关指标，并完成统计分析、分类/聚类、推荐算法等会员模型的研发；
4、设计及优化终端门店、电商等不同维度会员运营情况诊断分析模板；
5、会员忠诚度计划实施情况数据监测，定期输出报告；

任职要求：
1、 有3年及以上会员用户数据分析工作经验，熟练使用数据分析工具；
2、 熟悉数据仓库dw，有会员主题模型、etl、调度设计相关经验；
3、 统招本科，数学、统计学相关专业优先；
4、 熟悉分类算法、聚类算法、协同过滤算法等相关算法，并具有会员方面的项目经验优先；
5、 熟悉hive、spark、presto、pyspark、tensorflow/pytorch等组件
",0,1,0,0,0
1376,数据分析,优品数据,广州,50-150人,本科,未融资,数据服务,7.0,1-3年,,[],"
        职位要求：1、本科及以上学历，数学、统计学、计算机等相关专业优先考虑；2、具备有较强的数据分析能力，熟悉数据分析常规流程及可视化方法；3、有sql相关经验者优先；4.有求知欲，有集体荣誉感，有上进心；5.有较好的的团队合作精神。

",0,1,0,0,0
1378,数据分析师,预见网络,广州,15-50人,硕士,未融资,企业服务,11.0,不限,,[],"
        工作职责：
1、 完成高管薪酬与长期激励相关的市场数据收集与调研；
2、 根据项目需求，通过市场公开信息搜集并分析处理数据；
3、 进行公司研究、案例研究及监管政策研究等；
4、 根据项目需求，进行相关专业文件的文本化工作（如中英文翻译）；
5、 参与报告数据分析与统计、撰写、整理、校订工作；
6、 熟悉运营excel、spss等进行数据处理和分析，运用ppt有条理地呈现研究成果；

职位要求：
1、 重点本科及一年相关工作经验或应届硕士生；
2、 有财务会计或者商业或者统计学等相关背景；
3、 具备良好的英语基础；
4、 能够高效收集与处理公开信息和内部资料，从中挖掘有效信息；
5、 耐心细致、具备良好的沟通、逻辑分析与抗压能力。
        ",0,0,0,1,1
1379,高级数据分析师,广州方舟医药有限公司,广州,500-2000人,本科,B轮,电商,12.5,1-3年,,"[""节日礼物"",""技能培训"",""绩效奖金"",""年度旅游""]","
岗位职责：
1.负责各部门的数据统计及分析工作，对部门需求及指标深入理解，分析数据波动及异常原因，给出合理的建议方案；
2.结合分析结果及业务情况，评估业务指标完成进度，挖掘数据分析需求，并根据数据分析结果为各业务的改进提出合理化建议，推动及沟通可实施方案，跟进方案执行的数据效果；
3.优化指标体系及数据产品。
任职要求：
1、 本科及以上学历，统计、计算机、数学专业优先；
2、 具有2年以上的数据分析或者数据挖掘经验；
3、 熟练掌握sql，对数据库的相关知识有所了解；
4、 熟练使用excel，r，sas或其他统计分析工具辅助工作；
5、 至少掌握一门脚本语言，如python/ruby；
6、 熟悉数据挖掘的基本原理和相关算法；
7、 逻辑思维能力强，具备良好的沟通能力。
",1,1,0,1,1
1380,数据分析师,海凯伦,广州,15-50人,本科,不需要融资,信息安全,20.5,3-5年,,[],"
        1、对搜款网产品运营数据进行分析、监测、统计，参与数据体系搭建；
2、负责为产品运营提供数据分析支持，包含但不限于产品分析、用户分析、运营分析等，并根据分析结果提出可落地的策略建议；
3、搭建业务转化漏斗，通过对用户行为深入分析，发现用户增长关键因素，联合产品、研发、运营等团队寻找提升用户成长方案，推动落地并评估效果。
任职要求：
1、统招本科及以上学历，3 年以上数据分析或数据挖掘经验，有电商或者互联网公司营销、活动、推广、商品类分析经验；
2、较强的统计学基础，了解基本的数据分析方法与模型，统计、数学、计算机等相关专业优先；
3、优秀的数据处理能力，熟练掌握 hive/sql，精通 excel，掌握 python/r 尤佳；
4、敏锐的数据洞察力，良好的业务理解力；
5、能独立完成从数据提取到模型构建，部门沟通到输出分析报告，提出并解决具体的业务问题。

",1,1,0,1,0
1381,数据分析师,蜗牛保险,广州,500-2000人,本科,B轮,金融,15.0,3-5年,,"[""大牛带路"",""扁平化管理"",""员工饭堂"",""员工健身房""]","
岗位职责：数据仓库的建立、数据报表的生成等工作，侧重点主要是与业务沟通、与技术沟通，通过埋点等方式采集数据，并且通过数据仓库和定时任务等来处理数据，生成相应的报表。同时也有一定预测与数据挖掘的工作。

职位要求：
1.重点本科及以上学历，计算机相关专业；
2.互联网公司产品或者数据分析经验，懂得基本的数据分析和产品管理流程；
3.有数据仓库，大数据，或者开发经验优先；
4.懂得数据科学，了解机器学习模型优先。
",0,0,0,0,0
1383,数据分析师(J10204),中康资讯,广州,150-500人,本科,不需要融资,医疗丨健康,20.0,3-5年,,"[""扁平管理"",""岗位晋升"",""五险一金"",""绩效奖金""]","
        工作职责:
1、负责连锁药店小票数据的数据挖掘工作，完成挖掘项目中的数据需求，处理数据，输出数据及可视化结果等工作，项目包括人群画像研究，产品标准化建设，连锁药店品类优化研究等；
2、连锁药店小票数据日常决策需求支撑，并形成报表可视化呈现；
3、连锁药店小票数据qc，及提供解决方案，或算法处理异常数据。
任职资格:
1、计算机、数学、统计等专业，本科以上学历，研究生以上学历优先； 
2、具有3年以上数据挖掘工作经验，有零售数据分析，医药零售分析等领域项目经验优先； 
3、熟悉数据挖掘建模过程及主流算法； 
4、熟练使用数据库，并至少熟练掌握一种语言，如python、r等； 
5、具有独立分析和解决实际业务问题的能力；对新知识、新技术充满求知欲，逻辑严谨、思维活跃、语言表达顺畅。

",1,0,0,0,0
1384,数据分析（产品运营方向）,金十数据,广州,150-500人,本科,不需要融资,金融,10.0,3-5年,"[""试用期上社保"",""早九晚六"",""管饭"",""免费下午茶"",""15薪"",""免费体检"",""多奖金"",""定期团建"",""生日聚会"",""免费休闲游"",""试用期上公积金"",""不加班"",""节假日福利"",""地铁周边"",""年终奖金"",""境外团建""]","[""带薪年假"",""节日福利"",""优雅环境"",""五险一金""]","
        岗位职责:

1、深入了解业务和行业，结合定性、定量的分析方法分析用户、市场、及产品体验相关问题，可以独立完成数据策略设计、数据处理与分析、方案评估的工作闭环；

2、充分利用多维数据，高效完成专题研究报告；

3、利用机器学习模型解决实际问题；

4、设计数据监控产品。

5、跟随产品迭代与运营策略，梳理业务数据逻辑



岗位要求:

1、2年以上数据分析工作经验；

2、有机器学习模型实战经验；

3、能熟练使用excel\sql\tableau，至少熟悉r、python中的一种，熟悉常用的数据统计和分析方法；

4、抗压能力强，沟通协调推动能力强；

5、对数字有热情，渴望单独领导部分业务；

6、加分项是熟练使用axure等产品设计软件。



公司福利：

1、 基本福利样样齐全，高于行业平均水平的高薪资，五险一金等等！

2、 行业良心企业领头羊，让你年底无忧的全年13+薪！

3、早9晚6上班制，创意园办公，轻松宽阔的工作环境让你灵感爆发！

4、 充足的假期时间，周末双休、国家法定节假日、带薪年假等，根据节日气氛，还有各种小礼物小红包哦~

5、 午餐无烦恼！公司自建饭堂提供自助餐式午饭、下午茶，新鲜无添加好营养~

6、 活动多多，每月生日会、每周打球活动，不定时户外活动，每年旅游不能少~





",1,1,1,1,0
1385,数据分析师,中伊实业,广州,50-150人,本科,不需要融资,其他,15.0,3-5年,,[],"
职责：

建立公司用户需求分析的数据架构；

通过数据挖掘提出用户需求的可能性；

为每一步的营销及产品设计提供数据验证；

要求：

具备零售行业，尤其是线下现场分析经验；

擅长并热爱数字建模的过程和结果；

熟练使用各种数据挖掘工具。
        ",0,0,0,0,0
1386,数据分析师,利鑫恒实业,广州,50-150人,大专,未融资,数据服务,7.0,1-3年,,[],"
职位要求：1、大专及以上学历，数学、统计学、计算机等相关专业优先考虑；2、具备有较强的数据分析能力，精通excel，数据可视化工具；3、拥有一定开发语言技能，如sql等；4、两年以上相关工作经验优先考虑；5、团队合作精神佳、抗压能力强。
",0,1,0,1,0
1387,微信视频号数据分析 高级工程师,腾讯,广州,2000人以上,硕士,上市公司,社交,37.5,3-5年,"[""免费班车"",""年轻团队"",""学习机会"",""mac办公"",""定期团建"",""开工利是红包""]","[""免费班车"",""成长空间"",""年度旅游"",""岗位晋升""]","
负责微信视频号业务的数据分析和增长黑客工作； 搭建和完善产品各模块的数据指标体系； 负责产品和运营核心策略的分析建模，指导业务科学决策； 设计和分析a/b testing实验以验证策略有效性，并提出优化的业务策略； 探索并落实用户生命周期、产品体验优化和用户增长点

3年以上数据分析或数据科学相关岗位的工作经验； 计算机科学、数据科学、机器学习、统计学、应用数学等领域硕士及以上学历； 敏锐的数据洞察力、严谨的逻辑思维能力和系统的分析总结能力； 熟练使用sql/hive语句，具备hadoop、spark等平台的海量数据处理经验； 熟练使用python/r的数据分析工具包，经典机器学习算法包； 有短视频产品的数据分析和用户增长经验者优先。
",1,1,0,0,0
1388,微信视频号数据分析工程师,腾讯,广州,2000人以上,本科,上市公司,社交,22.5,1-3年,"[""免费班车"",""年轻团队"",""学习机会"",""mac办公"",""定期团建"",""开工利是红包""]","[""免费班车"",""成长空间"",""年度旅游"",""岗位晋升""]","
参与微信视频号业务的数据分析工作； 制定产品功能的数据采集方案，并协助搭建产品的数据指标体系； 监测业务的日常数据，关注数据波动并能够及时分析和解读数据异动； 针对产品和运营相关的业务问题，能够进行量化分析和数据建模，并提出优化策略； 设计和分析a/b testing实验以验证策略有效性，辅助业务决策。

1年以上数据分析或数据科学相关工作经验； 计算机科学、数据科学、统计学、应用数学等领域本科及以上学历； 敏锐的数据洞察力、严谨的逻辑思维能力和系统的分析总结能力； 熟练使用sql/hive语句； 熟练使用python/r的数据分析工具包，经典机器学习算法包； 熟练使用excel/tableau等数据可视化工具； 有hadoop、spark等平台的海量数据处理经验者优先。
",1,1,1,1,0
1389,数据分析师,链家地产,广州,2000人以上,本科,不需要融资,其他,10.0,1-3年,,[],"
岗位职责：
1、负责公司业务覆盖的商圈和楼盘等研究，建立并落实监控行业政策和同行市场竞争动态的管理机制，给予各业务区域的发展提供关键决策建议；
2、不定期针对经纪人、业主和客户的需求开展相关的调研和研究，通过量化分析，提炼出市场需求的痛点；
3、结合运营前线业务需求，不断输出提升运营效率的解决方案或营销工具，持续跟踪方案的实施效果并更新迭代方案或营销工具； 
4、推动公司发展战略的落地，不断完善公司门店布局和拓展的策略，研究能够显著提升重点盘、核心市场和全市市占率的有效商业竞争模式。

任职要求：   
1.具备一年及以上数据分析工作经验，房地产、互联网、连锁经营行业优先；
2.擅长数据处理和数据分析，并能将数据报告可视化处理，有一定的报告输出能力或工作经验，会使用sql、spss等数据分析工具的优先；
3.具备良好的学习和沟通能力，思维活跃，擅于将研究成果转化成落地方案；

薪酬福利：入职购买五险一金，周末双休，带薪年假，生日礼物，团队氛围好

工作地点：广州市越秀区农林下路5号亿达大厦7楼
",0,1,0,0,1
1390,数据分析师,启尔智信息科技,广州,15-50人,大专,未融资,移动互联网,15.0,3-5年,,[],"
岗位职责 1. 负责产品的数据分析，建立和完善产品的数据体系，通过业务指标反映运营状况，完成相关数据分析和数据建模、标签体系建立等2. 理解业务和用户需求，完成客户的数据业务需求3. 通过对问题的拆解和分析，形成结论，为决策层提供参考依据4. 负责以数据驱动业务增长，把结论应用到产品/系统的优化5. 根据部门或产品的实际业务要求，通过数据挖掘或数据分析，主导相关数据模型的构建、维护、部署和评估工作任职要求1. 3年以上电商、互联网公司数据分析、数据挖掘相关经验，有数据驱动业务产生积极影响的工作经验2. 极好的数据分析能力，强烈的数据敏感度，能够通过数据发现和分析业务中隐含的商业变化及问题，并能从海量数据提炼核心结果。有较强的逻辑思维和创新能力，具备将业务需求转化成数据处理语言的能力3. 熟练使用至少一门sas/r/python等数据处理语言经验4. 有数据可视化经验，熟悉业界主流bi产品优先，如tableau\finebi\powerbi等5. 扎实的数学基础，包括概率／统计／代数等，有处理大规模数据的经验，掌握hive、hadoop、mysql、mongodb等相关数据处理工具6. 有主流机器学习算法库实践和优化经验，熟练统计学习、分类与聚类、时间序列、归因分析等，并参与过相关实际项目优先。7. 熟悉tensorflow、keras、caffe、theano等深度学习框架的一种或多种者优先，熟练使用excel、ppt优先8. 热爱创新与挑战，渴望成长与发展，有良好的团队协作能力，有良好的快速学习能力与学习意愿；有较强的责任心及抗压能力。9. 有项目管理经验或走管理方向发展的优先
",1,1,1,1,1
1391,中级数据分析师,巴图鲁公司,广州,500-2000人,本科,C轮,汽车丨出行,11.0,3-5年,,"[""技能培训"",""节日礼物"",""年底双薪"",""带薪年假""]","
岗位职责：
1、深入了解业务情况，运用多维度进行组合分析、挖掘、深度分析业务；
2、有主动意识地跟踪、监控数据、指标变化，并深入分析、定位问题、优化现状；
3、支撑业务部门的报表处理及数据需求；
4、协助完成周报、月报等周期分析报表，并能将发现有问题推动解决。


任职要求：
1、本科及以上学历，统计学/数学/计算机等相关数理专业，互联网/金融等行业3年及以上数据分析、挖掘相关经验优先；
2、熟练掌握mysql、postgresql、greenplum等数据库的一种或者多种；
3、熟练掌握常用数据挖掘算法，并有实际业务建模经验；
4、注重团队协作，执行力强，抗压能力强；
5、学习意愿、沟通能力强，能快速理解熟悉业务逻辑。
",0,1,0,0,0
1393,PowerBI数据分析师,友邦科技,广州,500-2000人,本科,上市公司,数据服务,15.0,应届毕业生,,[],"
 requirement
• bachelor degree in it related disciplines
• 1+ years experiences in it projects
• 1+ years working experience of oracle/sql server/sybase, familiar with sql development
• 1+ years project experience on power bi.
• project experience on etl development/data modelling is preferred
• project experience on mainstream programming is preferred
• good english reading, writing, specking is preferred. good cantonese speaking also is preferred.

 responsibilities
• analyzing user requirements and establishing system objectives
• contributing to the analysis of existing system work flows and procedures and devising both information and process oriented flow charts 
• designing and developing overall specifications for system projects 
• conduct joint application design (prototyping) with users. 
• preparing testing data, conducting system test and system implementation 
• prepare system documentation 
• designing, coding, testing and debugging programs
",0,1,0,0,0
1394,数据分析专员,仅一科技,广州,50-150人,本科,未融资,移动互联网 数据服务,8.0,1-3年,,[],"
任职要求：1、 具备互联网公司数据分析经验者优先；2、 能够熟练运用excel和ppt；3、 具备较强的文字功底，通过图文结合方式清晰展现分析成果；4、 对数据库具备一定基础知识，能够独自进行数据库sql脚本的开发、测试和部署操作；5、 需要具备良好的沟通、理解与语言表达能力。岗位职责：1、通过统计和数据挖掘算法优化经营效果,向决策层提供战略决策数据支持,规范化数据分析流程；2、完成公司业务相关数据挖掘、分析工作；3、配合业务部门外出讲解方案；4、完成领导交代的其他工作；
",0,1,0,1,0
1395,数据分析,广州创想新域网络科技有限公司,广州,150-500人,大专,未融资,电商,8.0,1-3年,,[],"
        岗位职责；

1、负责公司各类产品的各种信息数据统计，分析工作；

2、针对运营方案，进行数据分析、挖掘，为运营方案的提供数据支撑；

3、建立产品的分析模型，提出产品、业务改善建议；用相关工具进行数据提取，分析市场特征；

4、以数据为依托制定精准营销流程规范，对线上营销（包括钻展、直通车、淘宝客）进行数据分析和评估，提供数据报表和改善建议，提升营销效果；

5、定期进行数据分析报告撰写及数据汇报工作。





任职要求：

1、统计学、电子商务、数据挖掘、数学、市场营销、计算机（符合一条即可）等相关专业大专以上学历；

2、优秀的数据分析能力和业务学习能力，善于从海量数据中总结规律；敏锐的观察力，及时根据数据发现问题；

3、具备良好沟通协调能力、性格开朗，做事认真踏实，工作态度好，应变能力强，善于团队协作；

4、熟悉淘宝相关的数据产品，精通淘宝递阶转化率相关指标及提升方法；
        ",0,0,0,0,0
1396,数据分析师,广州拓特网络科技公司,广州,150-500人,本科,不需要融资,电商,8.5,应届毕业生,,"[""午餐补助"",""带薪年假"",""下午茶"",""五险一金""]","
        岗位职责：
1、负责满足运营部门、研发部门所提出的数据需求；
2、进行游戏内容，功能的统计分析，优化运营活动以及游戏产品；
3、监控游戏日常指标，定位游戏问题，及时反馈给相关部门；
4、定期制作用户调研问卷，了解玩家意向及搜集数据；
5、提供分析报告，对公司业务的运营进行评估和建议，从数据的角度推动公司运营决策、辅助研发调优产品。

任职要求：
1、本科以上学历，统计学/数学/计算机专业优先；
2、游戏数据经验1年以上，手游经验优先；
3、熟悉游戏业务，精通游戏数据逻辑，理解游戏社交、生态游戏；
4、熟练使用数据处理软件，熟练与数据源交互（包括不限于sql，excel，python，r）；
5、资深游戏玩家，热爱游戏行业，对互联网快速变革高度敏感，理解新一代用户的特点。
        ",1,1,0,1,0
1397,数据分析师,广州市果肉教育科技有限公司,广州,500-2000人,本科,不需要融资,教育,22.5,3-5年,,"[""年底双薪"",""弹性工作"",""年度旅游"",""节日礼物""]","
【职位描述】 
1、根据业务流程搭建数据监控体系，搭建常规报表，日常数据监控； 
2、根据业务中的关键流程或节点进行数据分析，得出有实际意义的分析结论； 
3、定期迭代数据模型，保障业务健康度。 

【任职要求】 
1、本科及以上学历，2 年以上数据运营工作经验，互联网教育行业优先； 
2、熟悉使用 sql、excel 和 ppt，具备优秀的数据处理及产出报告能力； 
3、拥有强烈的责任心、好奇心、自驱力和抗压能力，有良好的团队协作能力； 
4、具备突出的项目管理能力，时间管理能力，独立思考能力和沟通表达能力。
",0,1,0,1,0
1398,数据分析师,广州市果肉教育科技有限公司,广州,500-2000人,本科,不需要融资,教育,26.5,3-5年,,"[""年底双薪"",""弹性工作"",""年度旅游"",""节日礼物""]","
岗位职责：1、根据业务流程搭建数据监控体系，搭建常规报表，日常数据监控；2、根据业务中的关键流程或节点进行数据分析，得出有实际意义的分析结论；3、定期迭代数据模型，保障业务健康度。岗位要求：1、本科及以上学历，2年以上数据运营工作经验，互联网教育行业优先；2、熟悉使用sql、execl和ppt，具备优秀的数据处理及产出报告能力；3、拥有强烈的责任心、好奇心、自驱力和抗压能力，有良好的团队协作能力；4、具备突出的项目管理能力，时间管理能力，独立思考能力和沟通表达能力。
",0,1,0,0,0
1399,数据分析师,启尔智信息科技,广州,15-50人,大专,未融资,移动互联网,13.5,3-5年,,[],"
数据分析师职位描述：1. 优化和完善经营的数据分析和报表监控体系，包括但不限于kpi指标体系、商品分析体系等2. 建立会员分析体系，包括客群分析，会员生命周期分析，流失分析，挽回分析等；3. 研究行业发展趋势，整理和发布行业分析报告和品牌商业报告；4. 参与产品转化、会员运营、活动运营效果等环节的数据分析，为各部门提供数据决策支持岗位要求：1.两年以上相关领域工作经验，统计.数学.计算机.金融工程等相关专业，大专以上学历，有较好数学或代码基础者优先；2.至少能熟练运用sas，r，python中的一种进行数据分析或建模，熟练掌握数据库操作（如sql语句）；3.掌握逻辑回归，决策树，机器学习等算法，了解算法的原理；4.具备独立思考的能力，逻辑严谨，对数据敏感，善于发现.探索并解决问题，自我驱动力强；5.有较强的责任心及抗压能力；6.同等条件下表达能力强者优先。7.从事过快消零售等行业数据分析、数据挖掘建模分析经验者优先
",1,1,0,0,1
1400,数据分析师,维他奶,广州,500-2000人,本科,上市公司,其他,10.0,不限,,[],"
1. 研究和分析各业务部门数据，并从数据中提出更优的改进策略，为管理层提供优化建议
2. 参与数据提取、清洗、处理和分析工作，使用数据集成、数据分析、机器学习和数据可视化的工具
3. 协调并协助完成数据分析项目
4. 识别，研究，推荐和实施数据分析解决方案
5. 过接触不同的数据和业务场景，加强数据处理，数据分析和客户端系统技能
6. 通过数据建模，机器学习和优化技术分析结构化和非结构化数据，并把结果可视化
7. 将各种数据化为综合报告，通过可视化，趋势分析和相关性分析提供业务见解

任职资格：
1. 计算机科学，数据分析，统计学，精算，数学或相关学科本科毕业
2. 拥有利用sql从数据库提取数据相关技能
3. 拥有数据建模，统计建模和高等分析方面相关经验
4. 拥有使用python或r人工智能或机器学习算法相关经验
5. 研究，沟通和解决数据相关的问题并留意当中的细节
6. 能够应对压力并在紧迫的时间内完成工作
7. 优秀的报告撰写和演讲技巧
8. 基本语言技能，包括英语，粤语和普通话
",1,1,0,0,0
1401,数据分析师,舒合医疗器械,广州,50-150人,大专,不需要融资,电商,7.0,1-3年,,[],"
岗位需求：
1、大专及以上学历，计算机相关专业优先考虑；
2、1年相关工作经验，有powerbi 或 tabluea 的图表制作经验者优先考虑；
3.工作认真负责，做事积极主动，沟通表达良好，具备一定的抗压能力。
福利待遇：
1、五险一金，年终奖，生日会，户外团建，旅行
2、岗前培训，一年两次内部学习晋升机会
",0,0,0,0,0
1402,数据分析师,职教桥,广州,50-150人,本科,未融资,教育,7.5,1-3年,,"[""绩效奖金"",""带薪年假"",""节日礼物"",""五险一金""]","
岗位职责：
1、基于业务及产品开发运营的链路，梳理数据分析相关项目的需求；
2、不断优化迭代数据分析的链路；
3、负责对数据的提取、清洗、分析等工作；
4、负责对数据的进行文本挖掘；
5、负责行业数据报告的编写及整理。

任职要求：
1、本科及以上学历，统计学、数学、计算机相关专业；
2、熟练使用python进行数据处理，掌握python的基本语法、基本的数据结构，熟悉numpy、pandas的用法和功能；
3、掌握sql语句，了解linux环境；
4、熟悉常见统计分析方法；
5、掌握数据分析相关算法，如聚类、文本挖掘等，了解自然语言处理技术；
6、熟练使用word、excel等办公软件；
7、具有较强的逻辑思维能力和学习能力，较强的信息整合和分析能力；
8、有运用python处理大型数据分析项目或工作经验者优先。
",1,1,0,1,0
1403,数据分析师,吾蜜,广州,少于15人,本科,天使轮,电商,17.5,3-5年,,[],"
岗位职责：
1. 构建全面的、准确的、能反映业务与风险运营情况的整体指标体系，及时发现与定位业务及风险问题相关的优化点；
2. 通过专题数据分析，对业务及风险问题进行深入分析与解读，为公司运营决策、业务规则设计等提供数据支持；
3. 以专题数据分析与洞察的结论为指导，独立负责运营或产品项目，对项目的完成质量、进度和结果负责；
4. 沉淀分析思路与框架， 提炼数据产品需求，与相关团协作并推动数据产品的落地。
 
任职要求：
1. 数学、统计学、计量经济学、数据挖掘、金融等相关专业本科及以上学历。3-5年以上数据分析工作经验；
2. 优秀的数据洞察能力，对工业大数据分析感兴趣，能敏锐地发现数据背后的业务意义；
3. 有丰富的etl数据处理编程经验，深入了解多种数据变换的本质和最佳实践方法，有数据建模能力和数据仓库经验尤佳；
4.  优秀的书面和口头表达能力，具备将抽象的技术语言业务化的能力，有优秀的ppt书写能力；
5. 熟练掌握主流数据处理、分析及算法开发工具（python/r/sas/spss等）
6. 热爱数据科学，善于沟通、合作和任务管理。
",1,0,0,0,1
1404,万达普惠-数据分析师,万达普惠,广州,50-150人,本科,不需要融资,金融,16.0,3-5年,,[],"
        岗位职责:
1. 从产品与客户运营的角度,运用数据挖掘/统计学的理论和方法解决运营工作与项目的业务问题；
2. 负责研究各产品用户画像，规划、设计基于客群的数据模型解决方案，从数据中挖掘潜在的问题和商业价值；
3. 根据业务需求和目标，将客户模型转化为实际应用项目与数据化运营措施；
4. 构建公司市场经营数据体系，针对市场与业务变化定期输出分析报告，为业务决策提供依据和建议；
5. 及时完成上级交付的其他工作事项。
任职资格:
1. 本科及以上学历，金融、统计学、应用数学、营销、经济类专业；
2. 三年以上数据经营分析工作经验，具备千万级以上客户规模或百亿级以上资产规模的项目数据分析经验优先；
3. 具有金融或大型互联网公司从业经验，具备全局分析与大型专项数据分析项目经验优先；
4. 熟练掌握数据挖掘或统计学习的基础理论和方法，至少精通python、sas等工具其中一项或多项；
5. 拥有优秀的逻辑分析和沟通协调能力，具有创新意识，工作细致严谨，具有高度的责任感和较强的执行能力。
        ",1,0,0,0,1
1405,高级数据分析师（智能业务方向）,百布,广州,500-2000人,本科,D轮及以上,移动互联网,30.0,5-10年,,"[""行业翘首"",""扁平管理"",""领导NICE"",""美女多""]","
        1.开发自动化算法组件：围绕各类数据，进行数据抽取，挖掘分析，优化决策，实现业务的数据价值。
2.从业务和产品的角度出发，通过数据发现产品、系统或是业务的瓶颈，并提出优化的方案，以及创新产品及业务模式。 
3.数据监控模型设计，代码规范性审核和作业调优。从分析过程中发现问题，提出改进或建议
4.完成其他上司交待相关工作
任职要求：
1. 本科及以上学历，5年及以上有大型数据分析和挖掘的整体实施或管理经验，实际参与过数据分析类项目的需求、开发、维护等各项工作。 
2. 精通一个或多个统计分析软件（py，r优先）；
3. 精通数据分析和建模技术；熟练使用各类挖掘算法和统计分析模型，理解深层原理
4. 有挖掘用户需求，落地需求成果，推动项目验收等相关经验
5. 有良好的数据思维，吃苦耐劳的精神和强抗压能力
        ",0,0,0,0,0
1406,数据分析主管（BI）,卡姿兰集团,广州,500-2000人,不限,未融资,其他,14.0,3-5年,,[],"
岗位职责：
1、收集并深入了解业务团队对数据的需求，专项分析电商各平台、用户、活动数据，输出专项分析报告，为电商业务运营、商业决策、品类、产品、活动优化提供信息和数据支持；
2、能够持续动态的挖掘日常和历史业务数据，发现风险点和提升的机会点；并以数据为支撑协助业务团队和管理层分析业务中的异常情况；
3、根据数据分析及发现协助产品开发、活动策划等工作，与各部门沟通反馈电商产品开发方向，市场容量，竞争情况，价格对标等，深入分析平台活动数据，协助优化活动产出效果；
4、根据第三方数据、生意参谋、客道crm，品牌数据银行等数据源，深入挖掘各品类产品销售规律、消费者数据及品牌画像。

任职要求：
1、2年以上数据分析经验，有电商相关行业经验者；2、有较强的数据处理能力者优先，包括但不限于使用excel、vba、power bi、tableau，sql、r、spss、python等；3、良好的数据敏感度能从数据提炼核心结果，有深刻的业务理解能力和业务分析能力；4、具有良好的沟通能力、团队合作精神，有较强的责任心与进取心。
",1,1,1,1,1
1407,市场数据分析师,冰鸟,广州,150-500人,本科,上市公司,游戏,7.5,应届毕业生,,[],"
职位描述：                                                    
1、负责手游产品在各大媒体的线上投放推广；                          2、通过操作媒体投放后台，优化广告素材和投放的人群定向，降低用户获取成本，提升用户质量；                                        3、通过数据分析和数据模型研究，制定监控广告的智能化策略、广告投放的智能化策略，通过不断调优，把成功的策略模型应用到全部门；                                                 
4、根据所推游戏、渠道、人群分析，提出适合的游戏广告创意。                                     
任职要求：                                                    
1、有较强的逻辑思维能力，能够通过投放数据及现状，摸索媒体线上投放的操作逻辑；
2、良好的数据分析能力，通过数据发现推广中的问题，并且能够运用到实际工作中；          
3、 热爱重度游戏的玩家，有重度rpg游戏，slg游戏经验者优先（不限于手游）；        
4、思维活跃，能够分析游戏受众，结合时下热点提出游戏创意需求；                              
5、211以上理工科专业，本科应届生，有良好阅读习惯，喜欢钻研，有拿过奖学金优先。   
",0,0,0,0,0
1408,海外市场数据分析专员,冰鸟,广州,150-500人,本科,上市公司,游戏,6.0,应届毕业生,,[],"
        职位描述：
1、协助海外产品广告主的账户投放，运营，数据报表整理及分析，通过分析账户结构了解数据呈现的背后逻辑思路，进而优化账户投放效果；
2、负责广告投放素材的协调准备，及时跟进素材投放效果，持续优化，定期总结素材投放效果；
3、整理统计数据报表，定期对投放情况以及损益进行总结及评估。
任职要求：
1、本科及以上，学习和成长能力强，英语四级以上，看读英文能力强，懂韩语的优先；
2、一周工作5天，吃苦耐劳，认真负责；
3、熟练使用excel的各种数据分析函数，会使用数据分析工具，如spss等数据分析工具者优先；
4、良好的沟通能力和团队协作配合能力；
5、对数字敏感，有较强的数据分析能力、逻辑思维能力和成本意识；
6、具备良好的逻辑思维，及积极的工作态度和较强的责任心；
7、热爱游戏，喜欢尝试各种类型游戏；
8、实习表现良好毕业后能转正。
        ",0,0,0,1,1
1409,数据分析实习生岗位,BW,广州,15-50人,本科,未融资,企业服务,2.5,应届毕业生,,"[""技能培训"",""开发"",""岗位晋升"",""年度旅游""]","
【数据分析实习生岗位】（该岗位要求每周工作3天以上，毕业后通过考核可转正）

工作内容：
1、根据项目实际需求进行数据的收集、整理和筛选；
2、协助承担项目分析/项目应用报告撰写的工作；
3、辅助执行其他项目相关工作。

任职资格：
1、主修计算机、应用数学、统计、数据挖掘、人工智能、模式识别等专业方向；
2、熟练使用excel，可以使用至少一个数据分析工具，如r、python等；
3、逻辑性强，突出的分析和归纳能力；
4、工作主动性强，善于交流和沟通，抗压能力强；
5、有数学建模大赛经验优先考虑；
6、要求每周至少可全职实习3天，能长期实习的优先。
",1,0,0,1,0
1410,数据分析师（21届实习）,佰聆数据,广州,150-500人,本科,不需要融资,数据服务,4.0,应届毕业生,,[],"
        岗位职责：
1、负责在大数据平台和数据仓库基础上开展数据建模、开发和实施工作。主要包括需求分析、业务理解、数据探索、数据清洗、模型构建和评估、专业分析报告输出；
2、负责完成数据应用功能页面的开发工作；
3、负责日常数据应用的运行维护工作。
岗位要求：
1、21届重点本科院校或研究生学历，信息科学、软件工程、电力自动化、数据专业；
2、 具有较高的稳定性，抗压能力强，善于沟通交流，具备较好职业素养；
3、具有清晰的数据分析思维和逻辑思维能力；
4、熟练掌握sql，掌握sql的增删改查、嵌套查询和存储过程等。
5、掌握r和python其中一种；
6、具备基本的数据分析思维能力和熟练使用nlp算法、逻辑回归、决策树和随机森林等机器学习算法优先。
        ",1,1,0,0,0
1411,数据分析师（运营数据）,广东三维家信息科技有限公司,广州,500-2000人,本科,B轮,硬件,9.0,1-3年,,"[""技能培训"",""节日礼物"",""绩效奖金"",""美女多""]","
        岗位职责：
1、基于用户增长与渠道推广，负责业务线目标拆解，为团队提供反映产品和运营状况的分
析模型，分析海量用户行为数据，优化用户生命周期流程，提升用户规模，以数据驱动
的方式实现用户增长。
2、对增长业务数据进行处理和分析，发现和跟踪其中的问题。能够从业务和产品的角度出
发，利用数据发现产品、系统或是业务的瓶颈，并提出优化的方案。
3、持续跟踪业务数据，为业务指标异常提供预警、监测和解读。
4、定期、不定期提供数据分析报告，给业务组提供管理提升、业务绩效提升等分析建议。
5、工作认真、负责、仔细，有良好的团队合作精神，良好的分析问题能力、沟通技巧及数
据呈现能力。


岗位要求:
1、统计、数学、信息技术、计算机等本科以上学历，1年以上运营、数据分析或数据产品
工作经历。
2、熟练使用excel、sql、ppt能独立高效地完成数据提取及分析。
3、熟练使用一种或几种分析统计及数据挖掘工具，如：python、spss、r等，能将各类
业务需求转化为适合的数学模型，懂编程或会爬虫优先。
4、良好的数据敏感度，及时发现和分析数据中隐含的变化和问题。
5、有高度的责任感，有上进心和主动性，独立主导和统筹过项目者优先。


福利：
1.法定节假日：员工享有春节、元旦、五一、十一、三八妇女节、清明、中秋等国家规定的法定节假日；
2.带薪假期：员工享有带薪产假（陪）、婚假、丧假、病假、年假；
3.六险一金：公司依照国家规定为员工缴纳五险及住房公积金，额外购买员工商业保险；
4.员工锻炼：公司免费为员工提供多种娱乐设施，乒乓球、桌球、篮球、羽毛球等活动；
5.晋升机制：公司设立良好的晋升机制并提供内部招聘；
6.成长与职业发展：提供内部和外部培训学习机会；
7.节日及生日：传统佳节，公司会派发节日礼品以增添节日气氛；生日派对，公司为每月生日的员工举办生日party及派送贺卡以表祝福；
8.旅游及拓展培训：公司免费提供年度优秀员工出国游、员工集体旅游或拓展培训，以提高同事间的凝聚力；
9.免费班车：公司在市区有多个站点，员工上下班免费班车接送。
        ",1,1,0,1,1
1412,数据分析实习生广州,观远数据,广州,150-500人,不限,B轮,企业服务,4.5,应届毕业生,,"[""绩效奖金"",""带薪年假"",""弹性工作"",""扁平管理""]","
        【地点】广州市海航大厦

【时长】每周4天以上，连续实习5个月以上
【薪资】150元／日

【岗位职责】
1.协助项目组进行需求调研，提供数据分析支持；
2.与多角色密切沟通，协助解决客户的数据问题与需求；
3.对项目的目标、进度、风险进行跟踪，收集并跟进解决项目实施过程中的各类问题；
4.依照项目管理流程跟进及确认项目各阶段的按时交付，并负责项目资料的整理与存档。

【职位要求】
1.信管、计算机、统计、数据分析、数学及相关专业，本科及以上学历；
2.掌握excel、sql，熟悉python/r 等数据分析工具，拥有海量数据处理分析能力，对数据具备敏感度；
3.具有较强沟通能力、学习能力和执行力，具备一定的业务理解能力，工作细心，有较强的责任心。
4.对商业智能bi有相关知识或项目经历。
【加分项】
1.有数据分析项目经验优先；
2.了解商业智能（bi）相关知识优先；
3.了解tableau工具优先。
        ",1,1,1,1,0
1413,实习生-初级数据分析建模方向,DATALINK,广州,15-50人,硕士,不需要融资,数据服务,2.5,3-5年,,[],"
职位信息：1、协助数据分析师进行数据预处理工作和初步建模工作；2、协助建模师用数据挖掘等工具对多种数据源进行分析，提取数据特征，建立分析模型并优化；3、在数据分析师指导下整理编写数据分析报告。任职资格：1、应用数学、统计学或计算机软件相关专业大三或大四实习生（研究生或以上优先）；2、熟悉各种数据库结构基本操作，精通sql等查询工具；3、有算法基础和一定的数据挖掘建模经验；4、会用python优先，对数据挖掘常用算法了解优先；5、有银行、互联网金融、快销品、医院类数据挖掘项目经验者优先。工作地址：广州市天河区特别说明：1、公司不包食宿，能保证连续实习3个月以上，不能连续实习3个月的同学请勿投递简历；2、实习表现优秀者提供转正机会。
",1,1,0,0,0
1414,高级数据分析经理（专家岗）,金山办公软件,广州,2000人以上,本科,上市公司,移动互联网,22.5,3-5年,,"[""年底双薪"",""节日礼物"",""技能培训"",""绩效奖金""]","
岗位职责：
1、基于公司内外流量利用\业务技术问题\用户精准投放，进行数据分析挖掘，并推动落地进行调整优化；
2、分析各项目的数据情况，通过对数据的敏锐洞察及分析，比如分析订单，从价格，到品类，到城市地域差异等，挖掘有潜力的场景流量；
3、形成数据分析报告,为公司运营决策和技术优化提供数据支持。

岗位要求：
1、本科及以上学历,2年以上数据分析相关工作经验,从事过流量运营工作、产品变现相关工作优先；
2.熟练使用excel和ppt,至少熟练使用r、sql、spss、matlab、python中的一种，熟悉常用数据统计和分析、建模方法；
3.性格活泼，沟通能力强，良好团队合作精神和项目管理能力，具备快速学习能力；
4.良好的逻辑思维能力、业务解读能力，能够独立完成的数据分析项目。
",1,1,0,1,1
1415,大数据分析工程师,万方信安,广州,少于15人,本科,不需要融资,信息安全,20.0,5-10年,,[],"
        岗位职责:
1、负责大数据挖掘模型的开发，包括需求分析、模型设计、算法测试和优化； 
2、负责威胁情报挖掘或反欺诈等特定业务方向的数据专题分析和推荐引擎构建 ；
3、负责公司大数据基础平台的开发和优化，保障平台稳定可靠，高效运行

任职资格:
1、本科以上学历；5年以上工作经历， 具3年以上数据挖掘工作经验，有nlp、推荐引擎等领域大型项目经验优先；
2、熟悉hadoop生态体系相关的组件：如spark、hbase、kafka、elasticsearch
3、熟悉数据挖掘建模过程及主流算法； 
4、精通python/go/java等编程语言至少一门，熟悉linux平台、shell编程；
5、优秀的执行力，强烈的上进心和求知欲，较强的学习能力和沟通能力，具备良好的团队合作精神。
6、在互联网反欺诈、大数据挖掘、分析等方面有工作经验者优先；
        ",1,0,0,0,0
1416,初级数据分析师,北京瑞天欣实数据科技有限公司,广州,50-150人,本科,A轮,数据服务,10.0,1-3年,,[],"
        岗位职责：

1.为金融和政府行业客户开发数据分析解决方案，包括针对客户获取，信审决策，账户管理，拖欠催收等的评分系统和商业智能解决方案。

2.对于海量数据进行数据清理，分析和评估。

3.能够为客户开发数据分析方案，包括统计模型的建立，商业智能方案的开发，包括从设计，开发到实施的过程。

4.能够将分析结果用书面文字和口头的方法进行技术性和非技术性的人员进行顺畅的交流。

5.能够用有效的方法对于统计模型方案的实施进行核实和验证。

6.能够为销售和市场营销人员提供数据分析来帮助售前。

7.能对现有产品提供改进方案，并协助数据类和分析类新产品的开发。



任职要求：

1.需要至少一年的数据清理（研究生可放宽至应届），有统计模型和分析经验，sas和unix系统操作经验，可以熟练应用sql语句，会python者可作为加分项。

2. 学士及以上学位，硕士以上更佳，统计、数学相关学科。

3. 能够有效地执行分析类项目。

4. 突出的口头交流和文字表达能力，能够将分析方法论和结果进行有效交流。

5. 要有高度责任心，团队精神，和讲演能力。

",1,1,0,0,1
1417,数据分析师(J10198),中康资讯,广州,150-500人,本科,不需要融资,医疗丨健康,15.0,3-5年,,"[""扁平管理"",""岗位晋升"",""五险一金"",""绩效奖金""]","
        工作职责:
1.负责小票及机构数据清洗、入库数据质量评估及预警，整理并维护数据表，包括字段增删补、口径和类目调整、指标字典建档；
2.根据团队业务数据需求及业务逻辑，生成中间数据表及可用数据标签
3.负责与技术部和产品经理对接相关产品数据需求，快速响应其他部门数据及指标需求。
任职资格:
1、本科及以上学历，统计学、数学及计算机等相关专业优先考虑；
2、3年以上相关工作经验，扎实的数学基础，能够熟练应用一种或多种主流数据库（如：oracle、mysql、python等）；
3、具有较强的业务理解与分析能力，对业务数据敏感，且思维清晰有条理，注重细节； 
4、工作态度认真负责，良好的沟团队协作意识和沟通协调能力，能承担工作压力，且自驱和独立性强；
        ",1,1,0,0,0
1418,高级数据分析师 (MJ002161),SHEIN,广州,2000人以上,本科,C轮,电商,13.5,3-5年,,[],"
        岗位职责：
1.协助完成周报、月报等周期分析报表，并能将发现有问题推动解决；
2.深入供应链业务，构建供应链整体指标监控体系，及时发现与定位业务问题；
3.具体业务场景及其相关数据分析研究，实现业务数据建模，为供应链决策提供数据支持；
4.供应链相关数据分析项目的方案制定、项目推动与运营（例如商品生命周期研究等）；

任职要求：
1.本科及以上学历，3年以上数据运营工作经验，数学，统计，电商或相关专业优先；
2.熟悉供应链相关指标和运作流程，有供应链项目管理经验优先；
3.熟练地使用数据分析相关的语言例如sql、r、python等，具备一定的算法能力，熟悉数据库基本原理和结构，独立且高效地完成数据的提取及分析；
4.良好的数据可视化敏感度和能力，能熟悉掌握cognos、bo、power bi、tableau等某一种数据展现工具最佳；
5.掌握常用数据挖掘算法，并有实际业务建模经验。
        ",1,1,1,0,0
1419,集团总部-数据分析岗（BW方向）,越秀集团,广州,500-2000人,本科,上市公司,金融,25.0,5-10年,,[],"
工作职责：
1、负责业务数据分析、功能模块设计，数据平台的搭建、维护和优化；
2、构建业务数据分析体系，根据各种业务数据指标构建相应的数据结构存储模型，定义关键指标和数据展示；
4、负责构建用户数据模型，挖掘用户属性及用户喜好等需求；
5、通过海量数据的挖掘和分析，形成相关结论及报告，支持战略规划；
6、负责支持sap bpc合并系统bw建模，etl开发；
7、支持财务数据仓库中的数据展现和数据分析工作，培养用户自助数据分析能力。
任职要求：
1、统计学、应用数学、计算机等相关专业，本科及以上学历，5年以上数据分析工作经验。
2、对数据敏感，具备良好的逻辑思维能力，能够从海量数据中发现有价值的规律；
3、具备丰富的sap bw系统开发经验，并成功参与两个或两个以上sap bw项目，sap bpc项目经验尤佳；
4、熟练使用etl工具(sap data service, ibm datastage, informatica等) 或bi工具（qlikview, tableau, power bi, ibm cognos等）；
5、熟悉主流的关系型数据库（mysql, oracle等），熟悉存储过程；
6、具备较强的灵活思考能力、问题的察觉能力，和项目经验的分享能力；
7、具备一定的抗压能力，能接受工作任务调配；
",0,1,1,0,0
1420,数据分析助理,广州酷码教育咨询有限公司,广州,150-500人,大专,A轮,教育,4.5,1年以下,,[],"
工作内容：1、根据项目实际需求进行数据的收集、整理和筛选；2、协助承担项目分析/项目应用报告撰写的工作；3、辅助执行其他项目相关工作。任职资格：1、主修计算机、应用数学、统计、数据挖掘、人工智能、模式识别等专业方向；2、熟练使用excel，world.3、逻辑性强，突出的分析和归纳能力；4、工作主动性强，善于交流和沟通，抗压能力强；
",0,0,0,1,0
1421,HR管培生-数据分析,广州棒谷科技股份有限公司,广州,2000人以上,本科,不需要融资,电商,7.0,应届毕业生,,"[""项目奖金"",""绩效奖金"",""年终奖"",""五险一金""]","
【工作职责】
1、梳理并优化现有数据分析的内容、流程和机制，不断提升数据质量，挖掘数据价值； 
2、结合公司现状，深入分析人力数据和业务数据模型，搭建公司hr数据报告体系和分析平台； 
3、完成月度、季度、年度人力数据分析报告，发现人力资源管理问题，提出改进意见； 
4、支持对接重点人力资源项目，提供数据支持和建议； 
5、对行业、竞争对手等进行hr相关数据整合和研究分析，提供外部对标及观点。

【任职资格】
1、2018、2019届本科及以上学历，统计学、经济学、信息管理系统专业优先，1年左右人力资源数据分析工作经验者优先，可接受2020届毕业生全职实习；
2、对数据敏感，具高度细节关注力，能从数据中发现规律和问题； 
3、极强的保密意识和良好的职业道德，沟通协调能力强； 
4、熟悉数据分析工具，如excel、spss、r等；
5、具备优秀的逻辑思维能力、问题解决能力； 
6、良好的沟通协调能力、学习能力，责任心强，能够承受较大的工作压力。
",0,0,0,1,1
1422,数据分析总监,深圳市浮思特科技有限公司,广州,50-150人,本科,未融资,硬件,55.0,5-10年,,[],"
        工作职责
﻿1.整体公司各项业务的数据分析相关工作，构建业务分析体系，制定并固化常规数据报表； 
2.熟悉数据驱动型产品开发模式，能通过将分析的方法和经验进行抽象和沉淀来搭建和优化数据分析流程机制，提高自动化数据基础能力，保证分析项目高效率运行； 
3.定期输出专题分析报告，对业务问题进行深度挖掘分析，为公司决策、产品方向、运营策略提供具有价值的数据支持 
4.和业务方形成良好的合作与互动. 清楚简洁的把分析结果沟通给合作的业务方. 和业务一起提升数据应用的能力. 通过主动的分析帮助业务方发掘改进产品和业务的机会； 
5.指导并培养团队成员专业成长，完善公司数据体系规划建设。
任职要求
﻿1.统计学、数学、经济学、计算机等相关专业背景；至少3年以上互联网数据运营或数据分析工作经验；管理过数据分析团队； 
2.可熟练通过sql独立完成相应数据分析需求，有bi或数据仓库相关经验 ； 
3.具有数据建模经验，丰富的数据模型建立和数据化运营经验，能够搭建根据业务数据和场景需求的定制化数据模型； 
4.非常好的产品和业务感觉. 能够很好地把产品和业务问题转化成分析问题, 同时也能够很好地把分析的结果转化成产品和业务决策； 
5.良好的逻辑分析能力和文字表达能力，具备数据体系的规划，设计，建设，维护能力； 
6.非常强的跨团队合作能力和沟通能力。
        ",0,1,0,0,0
1423,金融数据分析师,全形资产,广州,150-500人,本科,上市公司,金融,7.5,不限,,[],"
岗位职责：1、对日常经营和平台数据进行采集和加工，设计满足各需求场景的报表模型，推动报表体系建设及数据可视化；2、进行数据挖掘与分析、识别交易风险，提升交易数据质量，优化业务形态；3、负责数据监控，及时发现异常情况，在熟悉业务逻辑的基础上快速发现及定位问题；4、协助构建数据分析体系，负责海量运行数据的分类汇总，分析研究，形成数据分析报告，建立量化策略。；任职要求：1、本科及以上学历，统计学、数学或者计算机相关专业；2、 具备较强的数据敏感度，能独立对业务数据进行分析并产出报告；3、 熟悉掌握至少一种分析工具和语言（excel vba、sas、sql、r/python）等，具有一定的数据挖掘、数据建模能力者优先；
",1,1,0,1,1
1425,数据专员/数据分析师,上海极达,广州,150-500人,本科,未融资,旅游,7.0,1-3年,,"[""年底双薪"",""专项奖金"",""股票期权"",""带薪年假""]","
数据专员/数据分析师
岗位职责：
1、负责业务部门kpi数据的收集、分析、预警，推动业务负责人做不达标kpi改善；
2、负责各类业务数据分析汇总、趋势分析，为流程改善和业务发展提供数据支持；
3、按时间要求完成所有项目的内部报表和外部报表、并进行报表数据的整合与管理；
4、负责数据库资源建设、数据库统计、分析、报告撰写等相关工作。
5、根据业务需求以及市场趋势，对各项进行数据分析的工作，协助进行项目的运营管理
 
任职要求：
1、本科以上学历，计算机、统计、数学等相关专业；
2、熟练使用excel、spss软件、office软件；
3、会excel函数、vba优先考虑
4、具备良好的问题分析能力和逻辑推理能力，对数字敏感；
5、半年到一年以上相关工作经验
",0,0,0,1,1
1426,亚马逊数据分析师,广州时易中,广州,150-500人,本科,未融资,电商,8.0,1-3年,,"[""技能培训"",""带薪年假"",""绩效奖金"",""岗位晋升""]","
工作职责
1、负责亚马逊平台数据分析体系的规划、设计和建设；
2、收集、整理、分析、统计各类数据指标；
3、负责向团队提供数据分析报告的，包括常规的例行报告和特定的专题分析；
4、负责数据分析能力产品化的探索和实现；
5、负责数据可视化领域的探索和实现；
6、对相关的一些专项数据追踪和评估。

岗位要求：
1.本科学历，经济管理、数理统计等相关专业；
2.熟悉办公软件(execl,ppt)，掌握python、r、sas、spss等任一数据分析工具，精通sql脚本编写，有网站数据挖掘分析经验或实际商务智能（bi）应用者优先；
3.良好的数据敏感度，良好的逻辑思维与表达能力，善于用简单语言表述复杂结论；
4.熟悉数据仓库、数据挖掘、人工智能、统计学、机器学习等；
5.对于从数据现象中挖掘信息、数据可视化展现上有着较为活跃的思路。

公司福利：
1. 上班时间：弹性工作制，早上8:00-9:00上班，晚上17:15-18:15下班，确保8小时，大小周；
2. 财富保障：提供优厚薪底薪+绩效，五险一金、商业保险、外出团建保险；餐补、下午茶，加班打车报销、停车费补贴；全勤奖、司龄奖、年终奖、pk赛奖金池、部门个性化奖金；
3. 晋升通道：工作优秀者每半年有晋升、调薪的机会；公司预留了充足的股权和期权，依据个人发展和企业文化匹配度，每年吸纳优秀人才进入时易中合伙人行列；
4. 健康加分：年度健康体检；篮球、羽毛球、乒乓球等体育比赛；
5. 员工活动：年度旅游、团队拓展、尾牙年会、羽毛球比赛、斯巴达中国赛等；
6. 假日福利：法定节假日、带薪年假、节日礼品、节日福利活动、婚假、产假、陪产假等；
7. 贷款福利：内部员工福利贷款，包括购车购房贷款、员工及亲属重大疾病贷款。
",1,1,0,0,1
1427,大数据分析师,宏扬睿智大数据,广州,15-50人,本科,不需要融资,企业服务,10.0,1-3年,,"[""带薪年假"",""股票期权"",""技能培训"",""弹性工作""]","
岗位职责：

负责公司的培训教学任务；
负责大数据技术相关教育产品的研发；
负责完成公司的大数据分析项目。

任职资格：

统计学、应用数学、计算机等相关专业，年龄24岁以上（包含24岁），大学本科及以上学历；
熟练掌握python或java，同时掌握r、scala优先；
至少2年以上软件开发经验（从事大数据研发一年以上），对大规模数据存储与运算平台有实践经验,具有java软件开发经验者优先考虑；
熟悉大数据分析处理（hadoop，hdfs，mapreduce，hbase，pig，hive）等技术，有hadoop集群搭建，管理，优化经验；
对spark有较深研究和实战经验；
熟悉linux操作系统并能进行shell脚本编程；
理论知识扎实，逻辑思维能力强，表达条理清晰；
具备传统javaweb应用平台开发背景的优先；
有培训机构授课或企业讲师经验的优先。
该岗位工作地点为广州高校

 
",1,1,0,0,0
1428,化妆品产品开发（数据分析）,美妆智库,广州,150-500人,大专,不需要融资,电商,6.0,1-3年,,[],"
（特殊时期可通过微信视频面试）
1、负责跨境外贸平台的市场分析，产品开发等事宜，通过对amazon、ebay、wish，aliexpress等跨境电商平台进行市场调查分析，寻找热销及销售潜力大的产品；

2、收集、分析市场情报及竞争对手状况，通过各项分析工具分析新产品销售数据，并适时调整相关策略；

3、通过各种途径确认所售商品的安全合法性，遇有专利产品应确认供应商是否有相关专利授权，以及确认产品是否符合出口相关认证要求；

4、熟练运用关键字，为运营部门提供产品具体信息及相关说明资料，并在有必要时对客服及运营做一定的产品相关知识培训工作。

岗位要求：

1、大专学历，国际贸易、商务英语等专业毕业，英语cet-6及以上优先；

2、具有良好的语言表达和沟通以及灵活应变能力，具有优良的团队协作精神；

3、具有优良的市场意识，具有敏锐的市场洞察力和分析判断能力；

4、了解跨境电商行业、化妆品行业知识，熟悉美妆个护产品，英语阅读表达能力好；

5、工作认真严谨，可承受较大的工作压力；

6、熟练使用office等办公软件。
",0,0,0,0,0
1429,数据分析师（Social &amp; PR Data Analyst）,明略科技集团,广州,2000人以上,本科,D轮及以上,数据服务,5.0,不限,,"[""六险一金"",""年底双薪"",""绩效奖金"",""完成E轮融资""]","
        ◆职位描述
1. 搜集品牌相关的互联网社交媒体舆情数据， 并按照项目需求撰写数据分析报告；
2. 根据项目需求进行品牌 pr 舆情监测， 并撰写 pr 简报；
3. 通过数据分析，绘制数据图表并挖掘出舆情现象背后的影响、推动因素；
4. 参与公司和团队要求的其它资讯整理和研究工作。

◆职位要求
1. 大学本科及以上学历，广告学、统计学、新闻学、信息系统、心理学等相关专业优先；
2. 对互联网行业、社交媒体领域有浓厚的兴趣；
3. 对数据敏感， 逻辑思维能力好，并且可以独立完成一些简单的项目研究和报告撰写；
4. 优秀的英文读写能力，能熟练使用 excel 和 ppt；
5. 认真细致， 热诚好学，沟通表达能力和团队协作能力强；
6. 乐观积极， 品性坚韧，乐于面对挑战和压力，责任心强；
7. 经常参与网络社交媒体讨论，种草/明星/综艺话题爱好者，广泛使用各类社交媒体，并持续运营个人账号者（微博/微信/小红书/抖音/论坛等） 优先。
        ",0,0,0,1,0
1430,数据分析师,智品网络,广州,50-150人,本科,A轮,电商,22.5,3-5年,,"[""五险一金"",""健身器材"",""扁平管理"",""产品为主""]","
职责描述： 
1. 搭建数据分析体系
2.通过数据分析为业务的资源投入做决策；
3.负责业务梳理和分析，构建业务指标体系
及数据指标关联视图；
4. 监测并纠错业务方向，做到警醒作用。
职位要求：
1. 重点大学理工科背景； 
2.2-3年数据产品经验，有百万以上量级成功案例经验
3.有强数据分析能力
4.有强推动力


职位诱惑：
1.竞争力的薪酬：
基本工资+季度奖+项目奖+五险一金，一年15~18薪；
2.超幸福的福利：
提供早晚餐+午餐补贴、还有免费水果零食、咖啡茶饮；
3.人性化的制度：
架构扁平化，弹性工作制，没有996，上下班不打卡，周末双休，年假有10天；
4.超实力的团队：
团队由来自bat、网易、yy等各路牛人，工程师氛围浓厚，专注做产品。
",0,0,0,0,0
1431,数据分析师,智品网络,广州,50-150人,本科,A轮,电商,22.5,不限,,"[""五险一金"",""健身器材"",""扁平管理"",""产品为主""]","
        职责描述： 
1. 搭建数据分析体系
2.通过数据分析为业务的资源投入做决策；
3.负责业务梳理和分析，构建业务指标体系
及数据指标关联视图；
4. 监测并纠错业务方向，做到警醒作用。
职位要求：
1. 重点大学理工科背景； 
2.2-3年数据产品经验，有百万以上量级成功
案例经验
3.有强数据分析能力
4.有强推动力
        ",0,0,0,0,0
1432,高级数据分析师（电商方向）,Bigo,广州,2000人以上,本科,上市公司,社交,30.0,3-5年,,"[""年底双薪"",""五险一金"",""年终奖"",""员工旅游""]","
        工作职责：
1.根据产品当前发展现状，完善数据监控体系，并输出日常监控报表；
2.独立承担商品进销存领域的数据分析，为商品的运营提供业务诊断及决策支持
3.以商品端为出发点，搭建人、货、场全链路更加精准，更加智能的数据监控体系，为业务的增长指明方向。
4.与其它团队高效沟通，能辅助业务团队快速发现问题，定位问题，分析问题，并使用数据来佐证假设，通过数据来说明问题；
5.分析a/b实验数据，为实验的效果以及问题提出合理的解释与优化建议；
岗位要求：
1.本科及以上，计算机，统计学，数学等相关专业；
2.有3年及以上互联网数据分析经验，有电商行业数据分析经验优先
3.熟练使用hive，通过sql快速获取数据；能使用多种工具，包括但不限于spss、sas、r、python等分析工具；
4.具体很强的沟通能力，快速理解业务逻辑，良好的数据敏感度，及时发现和分析数据中隐含的变化和问题，有丰富的数据分析、挖掘、清洗和建模经验。
5.有报表展现经验，熟练使用tableau等工具优先；
6.有a/b测试分析经验优先；
        ",1,1,1,0,1
1433,数据分析专家,广发银行信用卡中心,广州,2000人以上,本科,不需要融资,金融,30.0,5-10年,"[""早九晚六"",""带薪病假"",""地铁周边""]","[""管理规范"",""平台大机遇好"",""金融科技"",""绩效奖金""]","
岗位职责： 1、负责b端新金融数据体系的建设，通过数据+算法+工程化能力，处理和萃取数据特征以及上层的数据运营、数据决策的体系建设；2、参与大数据基础架构、产品技术的规划建设，包括数据采集平台、数据资产、数据产品、数据质量及稳定性保障体系建设。3、负责搭建并完善业务指标及监控体系，为管理层和运营层提供数据支持服务4、负责b端金融各业务部门（风控、市场、产品、运营等）各类分析项目及需求，对业务数据进行深度诊断、分析，为业务提供有建设性的分析结论和建议。任职要求：1、统计学、数据挖掘、大数据、金融工程、计算机与科学等相关专业硕士以上学历优先。2、对业务和数据有很高的敏感度，能够主动发掘业务和数据之间的联系，具备优秀的逻辑思维能力和分析判断能力较为丰富的数据平台的架构经验，精通数据建模理念和实战能力；有较为系统的海量数据性能处理经验，在数据产品和应用一定的成功经验3、快速学习能力，有激情抗压，自我驱动和快速执行力；4、较好的用户视角和产品体验把握能力。对互联网和互联网产品有自己的理解和判断，对科技有好奇心
",0,0,0,0,0
1434,高级数据分析师,Bigo,广州,2000人以上,本科,上市公司,社交,30.0,3-5年,,"[""年底双薪"",""五险一金"",""年终奖"",""员工旅游""]","
        岗位职责：
1、负责分析 likee、imo、bigo live、买量商业化等 bigo 旗下核心业务数据分析工作；
2、梳理业务核心逻辑，构建能够刻画业务当前状态的数据体系；
3、对互联网某几项领域有深入的了解，能从行业趋势和产品形态等角度，给业务方方向与业务模式的建议；
4、全面分析各项影响产品提升与增长的因素，各项业务细节，结合业务方向，给出可落地的整体的产品优化
方案；
5、能够针对一个业务方向，找出其中问题，产出策略，推动落地执行。
岗位要求：
1、本科及以上学历，数学、统计学、计算机相关专业优先；3 年以上工作经验优先。
2、熟练使用 hive，对常用的 hive 窗口函数都有了解，用过 spark sql/presto 的优先，精通
sql/excel/python/r 等工具；
3、具备结构化思维，较强学习能力和创造力，有用户同理心以及数据敏感度；
4、对统计学有较深的理解，有 growth hacking、ab 实验、数据建模经验者优先。
        ",1,1,0,1,0
1435,数据分析师,智品网络,广州,50-150人,本科,A轮,电商,21.5,1-3年,,"[""五险一金"",""健身器材"",""扁平管理"",""产品为主""]","
        项目类型：用户增长
职责描述：
-- 协助定义增长目标、搭建数据监测看板、分析数据、发现增长机会、分析实验结果 。
职位要求：
-- 重点大学计算机及相关专业及以上学历；
-- 2-3年数据分析经验；
-- 数据导向，善于数据分析
-- 产品sense和ownership
-- 善于抠细节
工作环境：google工作氛围，配备mac pro/升降工作台/人体工学椅/深度工作间等，以适应工程师（smart creatives）的深度思考、协作、分享交流等不同工作场景。
        ",0,0,0,0,0
1436,数据分析专家,广发银行信用卡中心,广州,2000人以上,本科,不需要融资,金融,40.0,5-10年,"[""早九晚六"",""带薪病假"",""地铁周边""]","[""管理规范"",""平台大机遇好"",""金融科技"",""绩效奖金""]","
        岗位职责：

1、通过对用户行为及市场、行业的洞察分析，识别客户消费偏好及场景，围绕用户获客、活跃、增收、挽留等目标，结合实时营销等工具，针对用户的不同阶段制定整体用户不同生命周期的营销策略，并根据策略制定推广计划，统筹各项活动进展及调整活动方向。

2、负责业务领域核心数据体系的规划设计，并推动数据采集和数据口径规范。搭建数据服务产品(业务报表开发和维护)，利用可视化工具输出动态仪表盘，赋能业务

3、通过业务数据分析及时监测业务健康度，并针对异常点开展专项深度分析，发现问题并提供合理业务建议。

4、客户画像标签定制，并落地到相关数据营销系统，助力用户精准营销。

5、负责市场关键业务指标的年度预算制定与分解，定期滚动提供合理的业务预估。


任职要求:

1、重点本科及以上学历，理工科、统计学背景，5年以上相关工作经验;

2、对金融业感兴趣，对数据业务场景敏感，能够橫向协同，跨界整合资源，有效结合业务形成一套完整的数据解决方案

3、具备金融行业或互联网企业前瞻性的整套数据管埋、数据服务等解決方案的规划和落地经验尤佳

4、掌握sql、以及 python/sas/r语言(至少一种)的数据分析处理技能

5、优秀的思维逻辑性、语言表达能力

6、有一定的市场敏锐度，商业嗅觉敏锐者优先。
        ",1,1,0,0,1
1437,消费者运营（推广与数据分析）,青木科技,广州,500-2000人,本科,未融资,电商,7.5,1-3年,,"[""绩效奖金"",""年终分红"",""五险一金"",""带薪年假""]","
        工作职责：
1、人群洞察，利用阿里系策略中心、数据银行、达摩盘和京东数坊等数据工具，深入分析行业品类人群和品牌人群属性特征，帮助品牌发现人群渗透机会，并帮助品牌制定相应的人群渗透策略。
2、人群圈选，基于对消费者需求的深入理解，针对品牌具体营销业务场景，利用策略中心、数据银行和达摩盘等工具，进行自定义人群圈选、测试和优化，提升品牌广告投放效果。
3、站内投放，熟练掌握阿里妈妈直通车、智钻、超级推荐、淘宝客、京东快车、购物触点、京东展位和京挑客等主流b2c平台的付费广告工具的投放技巧，帮助品牌在平台内高效引流；
4、店铺运营诊断，通过行业和竞品商品、流量和人群等多维度数据对比分析，发现品牌店铺运营存在问题，并向品牌提出改进改进建议。
5、运营总结 针对消费者运营的阶段性工作、流量运营、大促工作撰写总结方案，能够为品牌提供基本的策略建议。

 任职资格： 
1、本科及以上学历，211/985院校背景或海外留学背景优先考虑；
2、具备优秀逻辑思维能力，喜欢用数据说话，有数据分析、数据挖掘项目经验。
3、对技术有强烈好奇心，喜欢挑战，有不达目的不罢休的极客精神。
4、细心认真，善于发现问题并积极解决问题，乐于团队合作。

岗位优势：部门老大亲自带教、一线国际品牌历练机会、一年两次晋升路径、体系化业务沉淀、行业前沿技术
        ",0,0,0,0,0
1438,数据分析主任,广发银行信用卡中心,广州,2000人以上,本科,不需要融资,金融,22.5,3-5年,"[""早九晚六"",""带薪病假"",""地铁周边""]","[""管理规范"",""平台大机遇好"",""金融科技"",""绩效奖金""]","
        岗位职责：
1、负责b端新金融数据体系的建设，通过数据+算法+工程化能力，处理和萃取数据特征以及上层的数据运营、数据决策的体系建设；
2、参与大数据基础架构、产品技术的规划建设，包括数据采集平台、数据资产、数据产品、数据质量及稳定性保障体系建设。
3、负责搭建并完善业务指标及监控体系，为管理层和运营层提供数据支持服务
4、负责b端金融各业务部门（风控、市场、产品、运营等）各类分析项目及需求，对业务数据进行深度诊断、分析，为业务提供有建设性的分析结论和建议。
岗位要求：
1、统计学、数据挖掘、计算机与科学、金融工程等专业优先
2、1年及以上数据平台工作经验；具有平台架构经验，及系统数据性能处理经验、在数据产品和应用经验的优先；
3、 熟悉大数据相关技术和技能，能从架构上打通应用平台、数据平台及算法平台，有相关数据和算法能力、熟悉python\r语言者优先。

",1,0,0,0,0
1439,高级数据分析师,Bigo,广州,2000人以上,本科,上市公司,社交,30.0,3-5年,,"[""年底双薪"",""五险一金"",""年终奖"",""员工旅游""]","
岗位职责：
1、负责分析海外直播、短视频、即时通讯等bigo公司旗下核心业务数据分析工作；
2、梳理业务核心逻辑，构建能够刻画业务当前状态的数据体系；
3、对互联网某几项领域有深入的了解，能从行业趋势和产品形态等角度，给业务方方向与业务模式的建议；
4、全面分析各项影响产品提升与增长的因素，各项业务细节，结合业务方向，给出可落地的整体的产品优化方案；
5、能够针对一个业务方向，找出其中问题，产出策略，推动落地执行。

岗位要求：
1、统招本科及以上学历，数学、统计学、计算机相关专业优先；3年左右工作经验。
2、熟练使用hive，对常用的hive窗口函数都有了解，用过spark sql/presto的优先，精通sql/excel/python/r等工具；
3、具备结构化思维，较强学习能力和创造力，有用户同理心以及数据敏感度；
4、对统计学有较深的理解，有 growth hacking、ab 实验、数据建模经验者优先。
福利：年底双薪，年中奖、年终奖、六险一金、弹性工作制、出国游等；
",1,1,0,1,0
1440,高级数据分析师（电商方向）,Bigo,广州,2000人以上,本科,上市公司,社交,30.0,3-5年,,"[""年底双薪"",""五险一金"",""年终奖"",""员工旅游""]","
        工作职责：
1、根据产品当前发展现状，完善数据监控体系，并输出日常监控报表；
2、独立承担商品进销存领域的数据分析，为商品的运营提供业务诊断及决策支持
3、以商品端为出发点，搭建人、货、场全链路更加精准，更加智能的数据监控体系，为业务的增长
指明方向。
4、与其它团队高效沟通，能辅助业务团队快速发现问题，定位问题，分析问题，并使用数据来佐证
假设，通过数据来说明问题；
5、分析 a/b 实验数据，为实验的效果以及问题提出合理的解释与优化建议。
岗位要求：
1、本科及以上，计算机，统计学，数学等相关专业；
2、有 3 年及以上互联网数据分析经验，有电商行业数据分析经验优先
3、熟练使用 hive，通过 sql 快速获取数据；能使用多种工具，包括但不限于 spss、sas、r、
python 等分析工具；
4、具体很强的沟通能力，快速理解业务逻辑，良好的数据敏感度，及时发现和分析数据中隐含的变
化和问题，有丰富的数据分析、挖掘、清洗和建模经验。
5、有报表展现经验，熟练使用 tableau 等工具优先；
6、有 a/b 测试分析经验优先。
        ",1,1,1,0,1
1441,游戏数据分析师,网易,广州,2000人以上,本科,上市公司,电商,20.0,不限,,"[""节日礼物"",""技能培训"",""免费班车"",""带薪年假""]","
岗位描述：
1. 参与网易游戏玩家的行为数据整合、分析建模，为产品设计研发及运营提供数据支持；
2. 设计国内外游戏行业、市场研究方案，建立指标体系、算法模型以提供市场分析、预测工具或结果；
3. 探索及开发数据相关工具、应用，拓展或优化产品、用户研究方法或效率；
4. 基于公司内外产品、用户及市场数据的研究和分析，建立产品/用户画像系统，形成系统化的分析体系;
岗位要求：
1. 本科或以上学历，计算机、统计、数学等相关专业毕业；
2. 两年以上互联网产品数据分析挖掘经验；
3. 有linux环境下工作经验，熟悉sql/python/r相关技术优先；
4. 充分的数据敏感度，能从海量数据中提炼核心结论并形成专业报告，及时反馈数据中隐含的变化和问题；
5. 优秀的分析问题和解决问题的能力，能够把合理的思路成功应用于实践；
6. 表达能力强，具备优秀的快速学习能力、沟通协调能力及团队精神；

**此岗位有外包编制和正式编制，编制类型根据面试综合评价而定**
",1,1,0,0,0
1442,高级数据分析师（运营分析方向）,唯品会,广州,2000人以上,本科,上市公司,电商,17.5,3-5年,,"[""技能培训"",""节日礼物"",""绩效奖金"",""岗位晋升""]","
        岗位职责：
1、构建业务监控指标体系，并对运营数据进行实时监控及管理，及时发现运营异常情况，能快速定位问题；
2、从会员、商品、营销、app布局等多角度开展分析工作，并建立对应主题的分析体系、决策及管理体系；
3、与业务管理团队紧密合作，通过专题分析/挖掘数据，探索业务机会点并能贡献自己对业务的独特见解，推动运营业绩持续改善；
4、沉淀分析思路与框架， 提炼数据产品需求，与相关团队（如技术开发团队） 协作并推动数据产品的落地； 
5、作为项目经理，能独立负责项目的方案制定、项目推动与运营，并且指导其他同事在指定的时间里高质量的完成项目，提升团队的数据分析及数据运营水平。

任职要求：
1、大学及本科以上学历，5年以上数据分析工作经验，零售、互联网背景优先，有咨询公司项目经验者优先；
2、熟练使用sql/sas，熟悉至少一种数据库软件，如：oracle、mysql、sql server等，熟悉hadoop者优先；
3、商业嗅觉敏感，逻辑思维严密，有出色的结构化思维能力，有较强的分析能力和报告表达能力；
4、具有良好的团队协作能力、抗压能力及责任心。
        ",0,1,0,0,1
1443,推广与数据分析专员（2020校招）,青木科技,广州,500-2000人,本科,未融资,电商,6.0,应届毕业生,,"[""绩效奖金"",""年终分红"",""五险一金"",""带薪年假""]","
工作职责：
1、你将借助对搜索推荐算法的了解，深入分析平台流量机制，运用专业的推广技巧持续为销售额过千万的大店引入精准高质的流量；
2、你将运用数据挖掘与数据分析的能力，通过对数据的跟踪与洞察，及时发现电商零售大行业变化，为店铺提供专业诊断及优化策略；
3、你将运用数据建模技术，整合多渠道数据，实现店铺数据自动化与高效展现。 
在这里，你将能把数据技术与运营业务完美融合，成为利用数据力量提升商业价值的专家!

任职资格：
1、本科以上学历，具备良好英文听说读写能力更佳；
2、具备优秀逻辑思维能力，喜欢用数据说话，有数据分析、数据挖掘项目经验。
3、对技术有强烈好奇心，喜欢挑战，有不达目的不罢休的极客精神。
4、细心认真，善于发现问题并积极解决问题，乐于团队合作。
",0,0,0,0,0
1444,数据分析工程师,唯品会,广州,2000人以上,本科,上市公司,电商,30.0,3-5年,,"[""技能培训"",""节日礼物"",""绩效奖金"",""岗位晋升""]","
        工作职责：
1. 唯品会数据体系综合建设及运营，不断提高离线/准实时数据体系运转&应用的时效性与稳定性
2. 业务&流量&归因等核心数据模型的开发及迭代，保障数据模型面对业务变化的快速适应
3. 致力于建设公司数据公共层，提升统计&分析型各个数据产品线的的数据公用性
 
岗位要求：
1. 计算机相关专业本科及以上学历
2. 熟悉hive、spark、presto中1~2种常用的大数据处理技术
3. 掌握数据统计分析相关知识
4. 做事认真细致，有良好的逻辑思维及沟通能力
5. 热爱互联网及电商行业，善于学习和总结分析
6. 有机器学习、算法应用经历者优先
7. 有海量数据开发或分析相关经验者优先
8. 对于one module,one id, one service 等数据中台建模有一定了解
        ",0,1,0,0,0
1445,高级/资深数据分析师（市场分析方向）,唯品会,广州,2000人以上,本科,上市公司,电商,19.0,3-5年,,"[""技能培训"",""节日礼物"",""绩效奖金"",""岗位晋升""]","
        工作职责：
1、洞察电商行业流量、渠道情况，结合公司政策和资源预测流量发展趋势，及时提出优化建议；
2、优化和完善市场分析方向的数据分析体系，支持市场部门日常的商业策略分析、资源投放评估、运营节奏优化等相关数据工作；
3、深度分析市场各个渠道的用户，寻找最优方式、最优成本开拓新用户；
4、跨部门协作协助完成公司重点项目在规划、运营、优化等阶段的数据分析工作；
5、提升团队的数据分析及数据运营水平。

职位要求：
1、大学本科及以上学历，3年以上数据分析相关经历，互联网、广告、零售、金融行业背景优先，有团队管理经验者或市场投放分析经验者优先；
2、对移动app安装分发平台有深度了解，了解各平台的分发的特性、用户群特征等；
3、熟练使用sql/sas，熟悉至少一种数据库软件，如：oracle、mysql、sql server等，熟悉hadoop者优先；
4、商业嗅觉敏感，逻辑思维严密，有出色的结构化思维能力，有较强的分析能力和报告表达能力；
5、具有良好的团队协作能力、抗压能力，有较强的责任心。
        ",0,1,0,0,1
1446,高级数据分析师（用户增长）,Bigo,广州,2000人以上,本科,上市公司,社交,30.0,3-5年,,"[""年底双薪"",""五险一金"",""年终奖"",""员工旅游""]","
        工作职责：
1、根据产品当前发展现状，完善数据监控体系，并输出日常监控报表；
2、独立承担商品进销存领域的数据分析，为商品的运营提供业务诊断及决策支持
3、以商品端为出发点，搭建人、货、场全链路更加精准，更加智能的数据监控体系，为业务的增长
指明方向。
4、与其它团队高效沟通，能辅助业务团队快速发现问题，定位问题，分析问题，并使用数据来佐证
假设，通过数据来说明问题；
5、分析 a/b 实验数据，为实验的效果以及问题提出合理的解释与优化建议；
岗位要求：
1、本科及以上，计算机，统计学，数学等相关专业；
2、有 3 年及以上互联网数据分析经验，有电商行业数据分析经验优先
3、熟练使用 hive，通过 sql 快速获取数据；能使用多种工具，包括但不限于 spss、sas、r、
python 等分析工具；
4、具体很强的沟通能力，快速理解业务逻辑，良好的数据敏感度，及时发现和分析数据中隐含的变
化和问题，有丰富的数据分析、挖掘、清洗和建模经验。
5、有报表展现经验，熟练使用 tableau 等工具优先；
6、有 a/b 测试分析经验优先；
        ",1,1,1,0,1
1447,业务数据分析员,链家广州分公司,广州,2000人以上,本科,C轮,消费生活,9.5,1-3年,,[],"
        岗位职责：
1.负责公司各项业务数据的支持与分析，建立各项业务指标体系并进行追踪管理，为业务部门提供业务建议与决策依据；
2.通过业务数据的洞察分析，以及业务流程的深入挖掘，提炼出业务痛点与可提升空间，并针对性地提出可行建议与改进方案；
3.结合公司业务的开展，不断完善各项业务重点工作的指标管理体系，并制定相应的运营策略，推动核心业务指标的提升；
4.结合公司的业务发展战略，整合与调动公司各项资源，建立有效的业务推动机制，充分保证公司业务的健康发展。

任职条件：
1.统招本科及以上学历，营销管理、统计学等相关管理专业，一年以上运营管理模块相关工作经验，有销售运营、行业运营、策略运营相关经验优先；
2.具备较强的沟通讨论和组织协调能力，主动积极，善于与外界建立合作关系；
3.具备较强的执行力和责任心，愿意尝试新的事物及注重工作效率；
4.熟练掌握sql，以及excel、ppt等办公软件
        ",0,1,0,1,0
1448,风险政策专家（数据分析与建模方向）,广发银行信用卡中心,广州,2000人以上,硕士,不需要融资,金融,22.5,1-3年,"[""早九晚六"",""带薪病假"",""地铁周边""]","[""管理规范"",""平台大机遇好"",""金融科技"",""绩效奖金""]","
职责描述：1.在数据分析和充分调研基础上，评估、研究和起草较重大信用卡信用风险管理政策；2.开展或指导开展信用卡风险政策跟踪和分析，保证相关政策的正确性和有效性；3.建立统计分析模型实现风险管理和市场营销的科学决策； 4.运用统计分析方法挖掘信用卡业务数据，支持业务探索和专项分析。任职要求：1.硕士及以上学历。统计学、应用数学、经济学、金融工程、机器学习、人工智能等相关专业；2.熟悉运用数学建模解决实际业务问题优先，熟悉金融行业风险业务或零售信贷风险分析优先；3.逻辑思维清晰，具有较强的逻辑分析能力，熟练运用sas、sql、python等各种分析工具；4.良好的沟通能力、团队合作精神与项目管理能力。
",1,1,0,0,1
1449,游戏数据分析师,网易,广州,2000人以上,本科,上市公司,电商,27.5,3-5年,,"[""节日礼物"",""技能培训"",""免费班车"",""带薪年假""]","
        职位描述
1. 参与网易游戏玩家的行为数据整合、分析建模，为产品设计研发及运营提供数据支持；
2. 设计国内外游戏行业、市场研究方案，建立指标体系、算法模型以提供市场分析、预测工具或结果；
3. 探索及开发数据相关工具、应用，拓展或优化产品、用户研究方法或效率；
4. 基于公司内外产品、用户及市场数据的研究和分析，加深对产品及用户群体的理解，形成系统化的分析体系;
职位要求
1. 本科或以上学历，计算机、统计、数学等相关专业毕业；
2. 两年以上互联网产品数据分析挖掘经验；
3. 有linux环境下工作经验，熟悉sql/python/r相关技术优先；
4. 充分的数据敏感度，能从海量数据中提炼核心结论并形成专业报告，及时反馈数据中隐含的变化和问题；
5. 优秀的分析问题和解决问题的能力，能够把合理的思路成功应用于实践；
6. 表达能力强，具备优秀的快速学习能力、沟通协调能力及团队精神；

",1,1,0,0,0
1450,数据分析师/主管/经理,网易,广州,2000人以上,大专,上市公司,电商,30.0,不限,,"[""节日礼物"",""技能培训"",""免费班车"",""带薪年假""]","
职位描述
1、与网易系游戏、直播、藏宝阁（电商）、大神（新媒体）等业务等产品、运营部门进行紧密配合，通过大数据优化产品功能、挖掘用户需求、推动目标达成； 2、通过大数据处理、数据分析、挖掘等技术，对海量用户行为数据进行挖掘与分析，提供决策支持； 3、建立业务评估体系、用户画像系统，设计并研发评估指标，并与数据产品技术同事一起完成数据自动化展示； 4、参与海量用户行为日志设计、数据仓库设计等。
职位要求
1、统计、数学、计算机、信息科学等理工科相关专业，本科以上学历，大型公司产品、经营分析3年以上工作经验，有组建团队和带团队经验优先； 2、精通sql/python等脚本或高级语言的一种或多种，熟悉分布式平台和相关技术； 3、有较强的数据分析能力及数据敏感度，认同以数据为导向的工作方式； 4、逻辑清晰，有商业敏感度和市场洞察力。
",1,1,0,0,0
1451,高级数据分析师（新零售部门）,唯品会,广州,2000人以上,本科,上市公司,电商,20.0,5-10年,,"[""技能培训"",""节日礼物"",""绩效奖金"",""岗位晋升""]","
        1、开展数据分析工作，基于数据分析成果，为管理层和业务部门提供商业策略分析和业务优化建议，持续改进经营效果；

2、负责调研各业务部门的数据需求，为各业务部门提供数据指导及业务建议；涉及品牌梯队管理、采买备货、门店管理、货品运营、促销活动、提升日常运营效率、顾客池营销、利润管控及供应链方面 等等前端后台的多种业务场景；

3、利用数据资源，分析顾客的行为特征与消费属性变化，及时反馈给领导层或业务部门，对整体业务开展及营销变化提供数据支持等；

4、协助部门最高负责人优化和完善所属方向的数据分析体系，包括kpi指标体系、报表体系、专题分析体系；

5、作为项目经理，负责项目的方案制定、项目推动与运营，并且指导其他同事在指定的时间里高质量的完成项目。

职位要求:

1、 统招本科及以上学历，5年及以上的数据分析相关的工作经验，零售、快消行业背景优先；

2、 优秀的分析能力，逻辑严密，思维灵活，具备商业敏感度，良好的报告展示能力；

3、 有较强的团队沟通协调能力，有终身持续学习的意识和习惯；

4、 掌握 hive/presto 等sql类数据库查询提取工具，熟练操作ms office工具；有excel vba/ python 实战经验者优先；

5、同等条件下，优先考虑对零售行业有热情，喜欢思考分析商业问题，喜欢购物，熟悉时尚潮流者。
        ",1,1,0,1,0
1452,业务数据分析师,广州市果肉教育科技有限公司,广州,500-2000人,本科,不需要融资,教育,22.5,3-5年,,"[""年底双薪"",""弹性工作"",""年度旅游"",""节日礼物""]","
岗位职责：
1、根据业务流程搭建数据监控体系，搭建常规报表，日常数据监控；
2、根据业务中的关键流程或节点进行数据分析，得出有实际意义的分析结论；
3、定期迭代数据模型，保障业务健康度。

岗位要求：
1、本科及以上学历，2年以上数据运营工作经验，互联网教育行业优先；
2、熟悉使用sql、execl和ppt，具备优秀的数据处理及产出报告能力；
3、拥有强烈的责任心、好奇心、自驱力和抗压能力，有良好的团队协作能力；
4、具备突出的项目管理能力，时间管理能力，独立思考能力和沟通表达能力。
",0,1,0,0,0
1453,财务数据分析,如祺出行,广州,150-500人,本科,未融资,汽车丨出行,25.0,5-10年,,"[""带薪年假"",""午餐补助"",""通讯津贴"",""定期体检""]","
        岗位职责：
1、 搭建公司财务体系框架及数据基础，实现对影响财务指标的数据化监控；
2、 按需提取数据，或指导业务方数据获取方式方法；支持立项及上线项目收益评估相关数据支持；
3、 结合预算目标，对核心数据和异常数据进行专项分析，独立撰写分析报告，找出问题本质，提出合理建议；
4、 通过对数据分析、数据挖掘，推动财务数据化运营管理，对于财务性kpi进行监控及绩效评估，提高综合运营效率，改善经营状况。
任职要求：
1、 数学与应用数学、统计学、会计学专业优先；
2、 熟练使用excel、ppt、hivesql、tableau；会使用统计软件中的一种，如：spss、sas等；
3、 5年以上相关工作经验，熟悉数据分析理论，良好的数据敏感性；能从海量数据提炼核心结果，有丰富的数据分析、挖掘、清洗和建模基础。
        ",0,1,1,1,1
1454,管理培训生（数据分析）,广发银行信用卡中心,广州,2000人以上,本科,不需要融资,金融,12.5,应届毕业生,"[""早九晚六"",""带薪病假"",""地铁周边""]","[""管理规范"",""平台大机遇好"",""金融科技"",""绩效奖金""]","
【此岗位参与广发卡2020届春招，欢迎同学们通过“广发信用卡中心招聘”公众号同步进行投递，岗位方向：数据分析岗位（商业分析方向）】

职责描述：1、通过数据分析、业务预测等方法，协助制定市场发卡、客户维护及品牌策略，完成市场和商户业务分析及规划的跟进执行。2、负责相关市场业务报表的开发及维护，并根据数据对市场活动、营销策略等进行评估及分析，提供合理建议。3、协助专项业务的分析与预测，kpi指标的制定与分解。4、协助市场关键指标及市场费用的跟踪管理，提供合理的业务预估，控制市场费用在预算范围内。5、参与制定市场相关业务策略，落实到业务规划中，并推动业务及策略的落地执行。任职要求：1、重点大学全日制本科及以上学历，统计学、商业分析、经济学等相关专业优先；2、具备高度的市场敏锐度与分析判断能力，执行力与抗压能力强。3、思维活跃，沟通协作能力强，富有团队精神。4、做事踏实认真，富有进取心与责任感。
",0,0,0,0,0
1455,数据分析专家（业务方向）,广发银行信用卡中心,广州,2000人以上,本科,不需要融资,金融,30.0,5-10年,"[""早九晚六"",""带薪病假"",""地铁周边""]","[""管理规范"",""平台大机遇好"",""金融科技"",""绩效奖金""]","
岗位描述：

通过对用户行为及市场、行业的洞察分析，识别客户消费偏好及场景，围绕用户获客、活跃、增收、挽留等目标，结合实时营销等工具，针对用户的不同阶段制定整体用户不同生命周期的营销策略，并根据策略制定推广计划，统筹各项活动进展及调整活动方向；
负责业务领域核心数据体系的规划设计，并推动数据采集和数据口径规范。搭建数据服务产品（业务报表开发和维护），利用可视化工具输出动态仪表盘，赋能业务；
通过业务数据分析及时检测业务健康度，并针对异常点开展专项深度分析，发现问题并提供合理业务建议；
客户画像标签定制，并落地到相关数据营销系统，助力用户精准营销；
负责市场关键业务指标的年度预算制定与分解，定期滚动提供合理的业务预估。


任职要求：

重点本科及以上学历，理工科、统计学背景，5年以上相关工作经验；
对金融业感兴趣，对数据业务场景敏感，能够横向协同，跨界整合资源，有效结合业务形成一套完整的数据解决方案；
具备金融行业或互联网企业前瞻性的整套数据管理、数据服务等解决方案的规划和落地经验尤佳；
掌握sql，以及python/sas/r语言（至少一种）的数据分析处理技能；
优秀的思维逻辑性、语言表达能力；
有一定的市场敏锐度，商业嗅觉敏锐者优先。

",1,1,0,0,1
1456,运营数据分析助理,参数,广州,15-50人,本科,不需要融资,移动互联网,8.5,1-3年,,[],"
        1）深入了解公司业务情况，对产品服务进行定期巡检。

2）搜集及整理市场动态，监测竞品行为，提供运营建议。

3）跟踪各业务渠道及产品数据指标，提供定期数据报告，分析数据波动背后的原因。

4）跨部门协作商业化活动实施，共同优化产品服务体验流程。

5）其他运营事项跟进。

招聘要求：

1）本科及以上学历，数据分析相关专业或工作经验优先。

2）数据敏感度高，有较强的逻辑分析能力。

3）态度端正，乐于学习，执行能力强，善于跨部门沟通协作。

4）熟练操作excel及ppt等办公软件；

5）熟悉支付宝小程序规则，有相关运营经验优先。
        ",0,0,0,1,0
1457,数据分析师 (MJ003100),欢聚集团（JOYY Inc.）,广州,2000人以上,本科,上市公司,文娱丨内容,21.5,应届毕业生,,"[""社交媒体平台"",""全球化"",""人工智能""]","
        岗位职责：
1、结合业务特点，探索并建立分析主题，对数据进行深度分析和挖掘，输出可读性强的分析报告，以及为实际业务开展提供数据支撑；
2、监测并洞察市场环境的变化及竞争情况，及时发现潜在机会及警示潜在风险。
任职要求：
1、具备统计学相关知识，统计/数学/信息科学/金融/公共管理等专业优先；
2、熟悉移动互联网产品、网络直播或游戏等娱乐行业优先；
3、熟悉sql、hadoop等，有处理大规模数据的经验优先；熟悉java，python或其他脚本语言。
        ",1,1,0,0,0
1458,业务数据分析师,巴图鲁公司,广州,500-2000人,本科,C轮,汽车丨出行,10.5,1-3年,,"[""技能培训"",""节日礼物"",""年底双薪"",""带薪年假""]","
1、收集并分析来自客户的原始需求，在发现商业问题的基础上，能够对于业务的产品发展、客户运营、商业策略提供高价值的策略和数据解决方案；
2、设计和建设智能数据分析，研究用户行为分析，帮助业务做好商业判断、优化运营；
3、积极与部门配合，实施以数据为基础的项目，为部门提供基于数据的决策依据；
4、促进团队成员的成长，完成上级交办的其它工作任务
 
任职资格：
1、本科及以上学历，具备1年以上相关数据运营分析经验；
2、有电商数据分析背景，有品类、商品、商家数据分析运营背景优先；
3、对数据敏感，能够通过大数据分析形成清晰的产品观点和并对业务作出预期判断；
4、具有良好的沟通、协调能力，执行能力，能承担工作压力；
5、掌握mysql等主流数据库基础编程，能快速捞取数据；
",0,1,0,0,0
1459,高级数据分析,百布,广州,500-2000人,本科,D轮及以上,移动互联网,20.0,5-10年,,"[""行业翘首"",""扁平管理"",""领导NICE"",""美女多""]","
ps：**期间采用远程视频或电话面试、远程办公

工作职责：
1.负责公司数据bi报表制作，可视化展示，及制作分析报告模板，丰富bi产品内容。收集各项指标，建立各类分析模型所需要的数据框架；
2.负责业务需求调研，梳理指标口径。有针对性进行数据分析建模；
3.数据监控模型设计，数据增长运营为主导。从分析过程中发现问题，提出改进或建议；
4.完成分析报告，并按需求进行设计和优化；
5.完成其他上司交待相关工作；

任职要求：
1. 学历：全日制本科以上；
2.专业知识：计算机、大数据、应用数学、统计学、产品运营等相关专业；
3. 5 年以上互联网产品/运营/数据分析经验，对数据应用有一定的积累或思考，熟练r，py，tableau优先考虑；
4. 对用户需求有深刻的理解；对新技术、新业务持拥抱态度，学习能力强；有良好的数据思维，吃苦耐劳的精神和强抗压能力；
5.工作事业心强，有较强的自我和团队驱动力；具备较强的逻辑思维能力、学习创新能力、数据分析能力和语言表达能力；

优于同行的福利待遇：
1、工作时间：9:00-12:00&14:00-18:00，五天7小时工作制
2、入职即购买五险一金+国家法定节假日、婚假、产育假等法定假期+长达15天春节假期
3、具有竞争力的待遇
4、各种节日活动&福利+员工特定慰问金+每月部门吃喝玩乐+专业培训+旅游团建
5、扁平化管理+年轻化团队+老板nice+宽松的工作环境+轻松的工作氛围
6、完善的晋升机制，充裕的发展空间，你有能力，我有平台

如需了解更多职位机会，请搜索“致景薪跳”微信小程序，虚位以待，期待您的加入！
",0,0,1,0,0
1460,高级数据分析师（业务分析方向）,百布,广州,500-2000人,本科,D轮及以上,移动互联网,27.5,5-10年,,"[""行业翘首"",""扁平管理"",""领导NICE"",""美女多""]","
        1. 深入业务，理解并设计各项指标，建立各类分析模型所需要的数据框架
2. 有针对性进行数据分析和建模，深入思考每一个数字背后的含义
3. 需要进行大量的思考，阅读和分析，并从分析过程中发现潜在问题，提出改进或建议
4. 完成分析报告，并自主或按需求进行设计和优化
5. 完成其他上司交待相关工作
任职要求：
1. 数据类分析运营，商业顾问等相关岗位5年以上，有优秀的商业理解能力
2. 数学，统计学，计算机，社会学相关专业；全日制本科以上；社会学硕士优先
3. 掌握统计学，概率论等相关统计分析知识，熟悉机器学习，及各类分析模型和算法
4. 好奇心强，思路敏捷，探索能力强，对行业数据敏感，有较强的信息筛选、分类、归纳和总结能力
5. 有良好的数据思维和逻辑推理，优秀的阅读和理解能力，良好的沟通表达能力
6. 精通office办公软件，有项目管理经验，精通sql语句，熟练制作各类bi分析报告模板
7. 需要拥有加班，吃苦耐劳的精神和强抗压能力
        ",0,1,0,0,0
1461,数据分析师,大箴（杭州）科技有限公司,杭州,50-150人,本科,不需要融资,人工智能,25.0,3-5年,,"[""年终分红"",""午餐补助"",""带薪年假"",""专项奖金""]","
        岗位职责：
1.挖掘客户需求，负责公司基础产品需求管理和方案沉淀，对接业务线，生态合作伙伴，高效保障重点项目和需求按时上线，并取得业务结果，提升产品竞争力；
2.对多种数据源进行深度诊断性组合分析、挖掘、深度分析和建模；构建产品需求相关业务特征的整体指标体系；
3.沉淀分析思路与框架，提炼数据产品需求，提供数据产品解决方案帮助业务更高效的使用数据，与相关团队（如算法团队） 协作并推动数据产品的落地，为业务提供数据挖掘、模型及算法等相关服务，推动业务部门的数据化运营、产品需求管理机制数据化；
4.建立数据化用户运营体系，实现数据的获取、变现，和全流程的数据监控和数据驱动。能够从用户的角度思考问题，通过数据分析，找出用户痛点，完善用户体验。
任职要求：
1.统计学与数学、信息技术及软件、计算机及自动化、经济学及金融学、bi /ai/数据挖掘/运筹学/控制论/本科以上学历，三年以上相关工作经历。有互联网、金融行业、大数据行业数据分析经验优先；
2.数据处理能力强，可使用多种方式提取数据并进行分析，掌握sql、python、r语言，掌握matlab、spss等相关数据提取工具，熟练操作excel、ppt等工具；
3.对常用机器学习算法有一定深入理解和应用经验。熟悉mysql等数据库技术，掌握大数据集、分布式计算工具，有map/reduce，hadoop，hive等使用经验，熟练运用sql，能高效的与算法团队进行沟通；
4.掌握数据挖掘的前沿算法，并能熟练运用python, r,等工具，曾用数据挖掘的算法为业务提供能够落地的数据解决方案，并带来业务创新；
5.良好的数据敏感度,能从海量数据提炼核心结果；有丰富的数据分析、挖掘、清洗和建模的经验，有客户数据模型建立和运营经验、数据化运营经验、数据类产品类规划经验。
        ",1,1,0,1,1
1462,数据分析,兑吧,杭州,500-2000人,本科,上市公司,移动互联网,16.0,3-5年,,"[""包午餐晚餐"",""奖金多多多"",""零食下午茶"",""全员出国游""]","
        职位描述：
1、通过对业务的深入了解，构建完善的客户体验相关的业务监测体系，能够有效地披露业务进展与风险；
2、从市场环境与客户体验出发，分析洞察影响客户体验的各类问题，提出有价值的潜在业务机会，辅助业务决策；
3、独立承担复杂分析任务，擅于运用各类数据分析专业技术，实施深度数据诊断，并能总结沉淀关键分析思路，推动产品化进程；
4、积极进行跨部门沟通与协作，主动推动业务发展和体验改善
岗位要求
1、统计、数学、信息技术、生物统计、计算机本科及以上学历；3年及以上相关工作经历。
2、掌握sql等相关代码编写，熟练操作excel、sas/spss/r等工具。
3、有丰富的数据分析、挖掘经验，有成熟的问题分析方法论，并能灵活运用于实践，有独立编写商家分析报告的经验。
4、拥有出色的沟通能力和团队协作能力，强烈的责任心，乐于主动推进解决各种难题。
5、有广告平台分析经验者优先。
工作地址
        ",0,1,0,1,1
1463,数据分析师,豪猪,杭州,50-150人,本科,不需要融资,移动互联网,19.0,3-5年,,[],"
        岗位描述：
1、 理解业务结合数据进行分析建模，及时准确地为业务线提供有洞察力的数据分析结论和策略建议，向业务团队反向提出优化方向及优化策略；
2、 根据业务场景，构建业务指标体系，建立和完善日常业务报告体系，能够及时、准确、完整的披露公司整体及各项目的运作情况； 并且能够及时发现与定位业务问题，提出改进建议；
3、 基于外部市场环境和内部业务的监控，主动挖掘有价值的商业分析专题。通过专题分析，对业务问题进行深入分析，为公司运营决策、产品方向、销售及运营策略、用户增长等提供数据支持；通过专项分析，输出专项分析报告，为业务模块的决策和产品方向提供数据支持；
4、 沉淀分析思路与框架，提炼数据产品需求，与相关团队（如技术开发团队、营销投放团队） 协作并推动数据产品的落地，支持数据化运营。

岗位要求：
1、全日制本科及以上，数学、统计学、计算机专业优先；
2、从事数据/分析相关工作三年及以上，有互联网内容型产品相关数据分析工作经历；
3、具备大数据的处理能力，掌握hive、sql等相关数据提取工具，熟练操作excel、sas/python、ppt等工具，或具备快速学习上述技能的潜力；
4、良好的数据敏感度，能从海量数据提炼核心结果；有数据分析、挖掘、清洗和建模的经验；
5、了解营销投放相关内容，对数字营销体系有了解有思考
6、熟练独立编写商业数据分析报告，及时发现和分析其中隐含的变化和问题，具备良好的商业敏感度和创新意识，快速识别商业问题和机会；
7、具备良好的抗压能力、沟通能力和团队精神，有独立开展分析研究项目能力，具备跨部门协调获取资源的能力；


",1,1,0,1,1
1464,数据分析师,达摩网络,杭州,150-500人,本科,A轮,企业服务,15.0,1-3年,,"[""扁平管理"",""节日礼物"",""岗位晋升"",""定期体检""]","
        岗位职责：
1. 利用数据分析，建立业务数据模型，为品牌方提供运营状况的数据分析报告。
2. 根据业务需求，结合我们的分析数据，提供报表，制定和优化运营策略，提高运营质量。
3. 推动公司数据挖掘、商业智能应用的分析研究、设计、开发。
4. 监控和分析核心指标， 为运营及业务部门提供优化方案。
 岗位要求：
1.本科及以上学历，2年以上相关工作经验，应用数学、统计学、经济学等相关专业优先；
2.对数据敏感度高，细心耐心，有很强的逻辑能力；
3.熟悉掌握sas/spss/r等分析工具，数据挖掘算法；
4.熟悉hadoop hive spark等大数据分析工具优先；
5.熟悉至少一种数据库软件，有使用过永洪bi软件者、quickbi优先；
6.互联网或者新零售行业经验者优先考虑。
        ",0,1,0,0,1
1465,数据分析师,浙江盘石,杭州,2000人以上,本科,上市公司,广告营销,8.0,1-3年,,"[""节日礼物"",""股票期权"",""带薪年假"",""岗位晋升""]","
        工作职责

1、负责业务数据的提取、处理、分析。撰写分析报告
2、负责业务报表和风险预警体系的开发和维护
3、负责外部数据的测试、策略使用分析
4、负责和风险有关相关财务数据的测算
5、负责评分模型的监控和监督


任职资格
1、全日制统招本科及以上学历，统计学、数学、金融学等相关专业优先 2、一年以上数据分析相关工作经验
 3、熟练使用sql、excel、python等分析软件
 4、有一定抗压能力
        ",1,1,0,1,0
1466,数据分析师,青塔,杭州,50-150人,本科,A轮,数据服务,7.0,不限,,"[""午餐补助"",""定期体检"",""扁平管理"",""年底双薪""]","
岗位职责：
1. 根据公司安排进行高等教育相关数据的采集、清理、整理、分析；
2. 对数据进行挖掘及建模分析，提炼数据背后的价值；
3. 参与公司数据产品的运维与更新；
4. 协助公司承担的机构合作研究课题项目的开展。
岗位要求：
1. 统计学、教育学等相关本科以及上学历，1年左右工作经验，也接受优秀的应届毕业生；
2. 对高等教育、互联网、数据分析等熟悉并且足够感兴趣；
3. 逻辑分析能力较强，有一定的数据意识。
",0,0,0,0,0
1467,数据分析师,汇信科技,杭州,150-500人,本科,未融资,电商,17.5,3-5年,,"[""节日礼物"",""带薪年假"",""岗位晋升"",""美女多""]","
岗位职责：
1、针对公司运营的业务数据，日志数据等进行分析，例如数字证书发证、使用情况；
2、外部合作数据分析；
3、对内部运营决策进行支持；
4、建立一套针对企业的信用体系；
5、把公司现有的大量的数据积累转换为数据运营；
6、数据分析建模，利用公司现有的数据来进行数据分析建模，提取一些针对公司有用的分析数据；
7、数据产品策划：基于现有的数据来策划数据产品。

岗位要求：
1、三年以上互联网、金融等行业的数据分析/挖掘相关工作经验；
2、精通数据挖掘算法及其原理；挖掘工具熟练，熟悉oracle、mysql等数据库，精通sql；
3、对数据分析方法论有深刻理解，有系统性的分析思路，对业务发展趋势有敏锐的洞察力和创新意识；
4、对数字敏感，具有良好的团队协同能力和报告撰写能力；
5、思维敏捷，能够举一反三；优秀的逻辑分析能力及问题解决能力；
6、良好的跨部门沟通及组织能力，较强的学习及人际技巧、影响说服能力。
",0,1,0,0,0
1468,数据分析实习生,观远数据,杭州,150-500人,本科,B轮,企业服务,4.0,应届毕业生,,"[""绩效奖金"",""带薪年假"",""弹性工作"",""扁平管理""]","
岗位职责：
1、深耕零售与消费品行业，为超百家行业**零售与消费品公司提供全链条的数据分析与商业智能解决方案，助力全行业效率革命； 2、深入业务场景，聚焦商业问题，构建指标体系，提炼分析逻辑，助力数据赋能业务，数据驱动决策； 3、熟练掌握数据融合，处理，建模，分析，可视化，用户交互，数据应用，智能决策等全链条数据分析知识与技能； 4、研究国内外数据分析最佳实践，覆盖战略计划、供应链、商品、渠道、营运、顾客关系、财务、市场营销等全场景。
岗位要求： 1、重点大学理工科专业，对数据敏感，逻辑思维能力强，对数据分析有浓厚的兴趣； 2、熟练使用sql，熟悉主流数据库的任一种； 3、良好的沟通及团队合作； 4、 每周4天，连续实习4个月以上。
加分项：
python、r、java等任何一种编程语言 或 任何一种商业智能工具平台经验。
",1,1,0,0,0
1469,资深数据分析师,网易,杭州,2000人以上,本科,上市公司,电商,32.5,3-5年,,"[""节日礼物"",""技能培训"",""免费班车"",""带薪年假""]","
        【职位描述】
1、结合业务日常看数和分析需求，设计并优化数据报表；
2、紧跟业务变化，在关键节点进行深入分析，为业务策略制定、效果评估和策略优化提供洞见；
3、定期进行经营状况的全面诊断，发现业务问题和机会点，为上层决策提供参考；
4、基于业务需求和数据价值洞察，设计并落地数据服务，推动数据化运营。

【职位要求】
1、数学、 统计学、经济学、计算机等相关专业，本科及以上学历，3年以上数据分析工作经验，零售、供应链、电商行业背景优先；
2、对数据敏感， 具有缜密的逻辑思维能力、数据洞察能力和沟通协调能力；
3、具有探索精神，从数据中发现问题和机会点以支持经营决策；
3、责任心强，细致认真，能承受较强的工作压力，热爱数据分析工作；
4、熟练使用excel、ppt、数据分析软件r/python、sql，有较好的文字、数据、图表呈现能力。
        ",1,1,0,1,0
1470,数据分析leader,慧闻学院,杭州,15-50人,本科,不需要融资,企业服务,60.0,5-10年,,[],"
        职位描述：
1、 建立和优化业务逻辑模型和数据模型，包括s&op预测、仓储布局、订单合并与拆分等；
2、 通过数据挖掘，提炼出仓储物流运营质量的改善方向和商家分布区域；
3、 负责电商业务的供应链数据分析，并推动业务问题解决和落地；
4、 负责物流运营指标监控，及报表优化。
职位要求：
1、 本科及以上学历，数学、统计学、计算机、供应链与物流等相关专业；
2、 精通 sql，并熟练使用 r、python等一门语言；
3、 对数据分析、数据挖掘有深刻的理解，熟悉逻辑回归、关联分析等常用算法；
4、 有较强的学习能力和好奇心，逻辑清晰；
5、 有电商供应链数据分析和建模经验者优先。


",1,1,0,0,0
1471,资深数据分析,兑吧,杭州,500-2000人,本科,上市公司,移动互联网,18.0,3-5年,,"[""包午餐晚餐"",""奖金多多多"",""零食下午茶"",""全员出国游""]","
        职位描述：
1、通过对业务的深入了解，构建完善的客户体验相关的业务监测体系，能够有效地披露业务进展与风险；
2、从市场环境与客户体验出发，分析洞察影响客户体验的各类问题，提出有价值的潜在业务机会，辅助业务决策；
3、独立承担复杂分析任务，擅于运用各类数据分析专业技术，实施深度数据诊断，并能总结沉淀关键分析思路，推动产品化进程；
4、积极进行跨部门沟通与协作，主动推动业务发展和体验改善
岗位要求
1、统计、数学、信息技术、生物统计、计算机本科及以上学历；三年及以上相关工作经历。
2、掌握sql等相关代码编写，熟练操作excel、sas/spss/r等工具。
3、有丰富的数据分析、挖掘经验，有成熟的问题分析方法论，并能灵活运用于实践，有独立编写商家分析报告的经验。
4、拥有出色的沟通能力和团队协作能力，强烈的责任心，乐于主动推进解决各种难题。
5、有广告平台分析经验者优先。
        ",0,1,0,1,1
1472,解决方案顾问/数据分析师,观远数据,杭州,150-500人,本科,B轮,企业服务,15.0,1-3年,,"[""绩效奖金"",""带薪年假"",""弹性工作"",""扁平管理""]","
职位描述：

完成数据分析项目售前工作，包括方案撰写、产品演示、需求分析、投标、it咨询、方案咨询等工作；
为客户提供售后咨询、培训、实施以及技术支持，确保解决方案有效的执行并落地；
研究国内外的最佳解决方案实践，提炼、沉淀并形成解决方案积累；
全程跟踪客户对产品的使用，将客户的反馈进行归纳，与产品研发团队深入沟通，完善产品。


岗位要求：

数据能力：1）业务能力：具备良好的数据敏感度、业务视野与调研分析能力；在某一细分行业有2-3年的数据分析或数据运营经验，连锁零售行业优先；2）技术能力：具备一定的数据应用能力，熟悉bi产品，具有良好的数据分析能力，逻辑思维能力和快速解决问题能力；对数据建模、数据开发、数据资产管理、数据分析等大数据领域或机器学习等人工智能领域有一定认知者优先；
项目管理以及解决方案能力：1）具有良好的项目规划、设计与项目落地能力，能够跨组织跨团队协作、推动甚至直接负责项目如期落地，能够与产品经理协作炼行业客户中具备行业特性的产品需求，推动行业产品落地，熟悉数据及数据技术并能与技术人员很好的沟通与协作，并进行技术风险预估；2）有2-3年大数据咨询项目的行业交付经验优先，具备基本的数据架构咨询和业务咨询能力，具备良好的客户沟通和管理能力。

",0,0,0,0,0
1473,数据分析建模工程师,云真信,杭州,50-150人,本科,A轮,数据服务,26.5,1-3年,,"[""16-25薪"",""一年两次调薪"",""团建"",""五险一金""]","
职位描述： 1、对行为数据进行特征工程，挖掘信用相关指标；金融领域数据产品设计、建模、优化；多种数据源的评估、清洗、整合； 2、深入挖掘和分析海量数据，得出重要的业务结论； 3、能够独立建立和测试大数据金融业务模型，并协助完成模型优化和机器学习算法更新； 4、通过主动的数据分析来帮助业务方发掘改进产品和业务，实践数据智能； 5、研究机器学习算法在不同业务场景下的应用，开发具有原创性的算法； 6、配合项目计划，负责客户驻场合作建模项目，完成客户需求的任务。   职位要求： 1、学习创新能力强、专注、善于沟通协作，要求985/211或同等学校； 2、计算机或统计学专业，有算法和机器学习基础，理解常见经典模型，有1年以上非外包类数据建模项目经历； 3、分析和编程能力佳，逻辑性强； 4、了解分布式存储、计算原理，有分布式数据项目经验； 5、有金融类建模工作、或kaggle、topcoder、codeforces排名者优先； 6、非常好的产品和业务感觉，能够很好的把产品和业务问题转化为分析问题，同时也能够很好的把分析结果转化成产品和业务决策； 7、做事有责任意识，有较强主动性，能够自觉完成任务和发现解决问题。
",0,0,0,0,0
1474,数据分析建模工程师（高级）,云真信,杭州,50-150人,本科,A轮,数据服务,29.0,3-5年,,"[""16-25薪"",""一年两次调薪"",""团建"",""五险一金""]","
职位描述： 1、对行为数据进行特征工程，挖掘信用相关指标；金融领域数据产品设计、建模、优化；多种数据源的评估、清洗、整合； 2、深入挖掘和分析海量数据，得出重要的业务结论； 3、能够独立建立和测试大数据金融业务模型，并协助完成模型优化和机器学习算法更新； 4、通过主动的数据分析来帮助业务方发掘改进产品和业务，实践数据智能； 5、研究机器学习算法在不同业务场景下的应用，开发具有原创性的算法； 6、配合项目计划，负责客户驻场合作建模项目，完成客户需求的任务。    职位要求： 1、学习创新能力强、专注、善于沟通协作，要求985/211或同等学校； 2、计算机或统计学专业，有算法和机器学习基础，理解常见经典模型，有3年以上非外包类数据建模项目经历； 3、分析和编程能力佳，逻辑性强； 4、了解分布式存储、计算原理，有分布式数据项目经验； 5、有金融类建模工作、或kaggle、topcoder、codeforces排名者优先； 6、非常好的产品和业务感觉，能够很好的把产品和业务问题转化为分析问题，同时也能够很好的把分析结果转化成产品和业务决策； 7、做事有责任意识，有较强主动性，能够自觉完成任务和发现解决问题。
",0,0,0,0,0
1475,财务数据分析师,顺联动力,杭州,150-500人,本科,不需要融资,电商,15.0,3-5年,,"[""年终分红"",""绩效奖金"",""定期体检"",""年底双薪""]","
岗位职责：1、对公司财务成本数据进行分析，通过数据分析，找出数据背后的行业关键信息；2、与相关部门积极沟通，及时掌握及了解行业关键信息；3、提供相关数据报表，业务报告；4、参与公司关键流程项目，协助进行项目管理；5、参与公司各关键项目，从数据的角度为项目计划、风险评估、项目管控、项目收益等方面提供支持；6、跟进数据分析产生的行动项，并持续通过数据分析进行纠偏和达标确认。
岗位要求：
1、本科，数学或财务类相关专业；2、3年以上财务数据分析/财务成本分析经验；3、熟练操作erp，office相关软件；4、spss，matlab等数据分析软件；5、对数据敏感度高，很强的数据分析能力；6、沟通，反映，协调能力强。
",0,0,0,0,1
1476,运营渠道数据分析师,腾展科技,杭州,150-500人,本科,上市公司,社交,15.0,3-5年,"[""ipo倒计时""]","[""出国旅游"",""股票期权"",""精英团队"",""强悍的创始人""]","
        岗位描述：
1、跟踪分析各运营渠道来源用户产生的数据，为广告投放和活动运营提供运营决策依据；
2、分析，挖掘用户行为特征，为运营和产品优化留存、提高收入提供数据支持；
3、协助产品、运营、bi部门做好数据埋点，数据对接，数据规整入库，根据运营、产品需求整理成自动化的数据报表 ；
4、对数据库里的数据进行分析，挖掘出各种有效信息，为运营，产品提供决策依据；
任职要求：
1、本科及以上学历，统计学、数学、计算机等相关专业，3年以上互联网数据分析经验；
2、有app数据分析或网站，或电商数据分析经验（这一条必备）
3、精通sql，掌握数据库基础知识，有大数据处理经验；
4、熟悉至少一种数据分析工具（python/r/spss/matlab等）；
5、对数据分析有特别的兴趣，热衷于从数据中找出答案
6、对数据敏感，逻辑思维能力强，具有积极主动的工作态度，较强的业务规划能力，善于表达沟通。
        ",1,1,0,0,1
1477,数据分析负责人 or 数据分析师,同花顺,杭州,2000人以上,本科,上市公司,金融,37.5,3-5年,,"[""带薪年假"",""定期体检"",""免费班车"",""领导好""]","
（数据分析负责人/leader、数据分析师、数据分析校招生都在招聘中，同花顺移动端主要流量业务，日活千万，欢迎交流。薪资为平台自动生成，具体面议）

【数据分析负责人/leader】
岗位职责：
1、利用数据敏锐捕捉业务方向，并能通过数据视角了解业务趋势，推演业务发展，跟踪业务进展，优化业务链路；
2、能够深入了解业务、挖掘业务问题和痛点，通过专题分析为业务决策、产品方向、运营策略提供数据支持；
3、通过用户行为数据分析，推动建设用户画像，针对不同用户提供业务指导建议；
4、组建数据分析团队，强化目标和结果，进行人才培养。
任职要求：
1、良好的数据敏感度，能从海量数据提炼核心结果；有丰富的数据分析、挖掘、清洗和建模的经验；
2、对用户画像、标签体系、增长黑客等有较深的理解与应用；
3、有丰富的跨团队、部门的项目资源整合能力，能够独立开展研究项目；
4、精通r，python等至少一种数据分析工具，熟悉基于hive的数据仓库的使用，熟练掌握hivesql, sparksql等数据查询工具；
5、有数据驱动产品运营、股票短线经验、擅长数据解读业务优先考虑；
6、有团队管理经验，有人才梯队的梳理能力，培养出优秀的助手；
7、本科学历及以上，计算机、数学、统计学相关专业。

【数据分析师】
岗位职责：
1、负责同花顺业务数据分析工作，为运营和产品提供数据驱动解决方案；
2、深度挖掘潜在用户需求，对用户行为数据进行分析、整理和报告；
3、评估业务质量，指导业务人员改进策略。 
任职要求：
1、本科及以上学历，计算机、数学、统计学相关专业优先；
2、熟悉sql语言，熟练使用数据分析工具；
3、对业务和数据敏感，在数据发生异动时，及时感知数据背后的业务原理，并从中找出原因，指导业务决策；
4、有数据驱动产品运营，提升kpi指标的case优先考虑；有股票短线经验、擅长数据解读业务优先考虑。
",1,1,0,0,0
1478,数据分析师,邻汇吧,杭州,150-500人,本科,B轮,企业服务,20.0,1-3年,,"[""带薪年假"",""午餐补助"",""弹性工作"",""技能培训""]","
我们需要您:
1、以结果导向，能进行整体业务目标拆解，并在项目中以全链路数据化驱动的方式帮助项目组拿结果;
2、通过专题分析，对业务进行洞察，能够帮助业务发现问题、挖掘潜在机会，为运营、产品等提供业务诊断和商业决策建议;
3、落地分析框架，实现业务全链路的数据监控体系的设计和搭建;
4、建立公司bi分析体系及数据化用户运营体系;
5、推广数据驱动文化，负责数据技术和产品相关的理念、技能、工具的培训.
我们希望您:
1、统计、数学、信息技术、计算机等本科以上学历;
2、良好的逻辑思维能力，良好的数据敏感度，对数据分析有强烈兴趣，能从数据提炼核心结果，有丰富的数据分析经验，熟练运用sql，熟悉python/java更佳;
3、良好的业务协同能力，能快速的了解业务，对业务数据化，能够给出业务建设性的意见，同时能够非常好地和业务协同拿结果;
4、有海量数据处理经验优先，有用户画像、数据化运营、数据类产品规划等相关经验优先;
5、有数据仓库建设及实现经验优先.
",1,1,0,0,0
1479,数据分析师-BI,卖好车,杭州,500-2000人,本科,B轮,汽车丨出行,27.5,5-10年,,"[""技能培训"",""股票期权"",""带薪年假"",""岗位晋升""]","
        职位职责：
1、负责卖好车数据产品的开发迭代工作，为业务决策提供数据赋能；
2、优化bi 系统核心架构，负责平台技术规划与建设，优化工程效率研发；
3、把控产品思路及技术架构，和 pm 一起进行数据产品建设与推广；
4、完善基础组件支持，更好地支撑业务迭代，根据业务需求，为团队引入新技术和方案；
5、搭建高效协作、专业的优化团队，建设人才梯队，培养优秀人才，指导并培养团队成员，带领团队不断攻克技术/业务难题。

职位要求：
1. 计算机或相关专业本科及以上学历，5 年以上工作经验，有扎实的编程能力、优秀的设计能力和代码品味；
2. 熟悉 mysql、redis、hive、spark、presto、druid、elasticsearch、clickhouse 等开源软件和框架中的至少两项，有 bi 经验优先，有数据建模和 olap 经验优先；
3. 具有较好的产品意识；
4. 具备较强的责任心，良好的内外部沟通能力、自我驱动能力和协调能力，有一定的抗压能力；
5. 对技术有激情，勇于接受挑战，思维活跃，善于分析、归纳、解决问题；
6. 有团队搭建和管理经验者优先
        ",0,1,0,0,0
1480,资深数据分析师 - 音乐事业部028,网易,杭州,2000人以上,本科,上市公司,电商,35.0,3-5年,,"[""节日礼物"",""技能培训"",""免费班车"",""带薪年假""]","
        【职位描述】
1、支持业务需求，完成部门内部交付的数据分析和挖掘任务； 
2、对业务问题进行深入分析，能对关键分析思路进行产品化；
3、具有较强的团队合作精神，数据驱动业务迭代发展，沉淀分析框架；
4、有toc产品分析经验者优先。

【职位要求】
1、本科及以上学历，数学、统计学、计算机专业优先；
2、3年以上互联网数据分析经验，具备统计业务背景，大量数据处理经验，对用户分析、运营分析有深刻见解； 
3、有一定的创新能力，在以往的数据分析、挖掘等工作中有自己独特的见解； 
4、具有较强的逻辑思维能力、数据洞察能力和沟通协调能力，拥有强烈的责任心和团队合作精神； 
5、具有探索精神，从数据中发现价值用以支持决策； 
6、熟练掌握数据分析工具和技术，比如sql、r、spss、excel、sas等； 7、熟练掌握统计学方法，较强数学逻辑，对数据有较强敏感度。
        ",0,1,0,1,1
1481,数据分析实习生 (MJ000087),袋鼠云,杭州,150-500人,本科,B轮,数据服务,3.5,应届毕业生,,"[""股票期权"",""弹性工作"",""领导好"",""五险一金""]","
1、协助数据分析师进行标签体系梳理，兴趣偏好类标签挖掘；
2、参与特征开发、数据清洗、结构化等工作；

岗位要求：
1、计算机、软件或相关专业在校生，2021届本科及以上学历，基础扎实，可以连续实习3个月及以上；
2、熟悉机器学习、数据挖掘相关基础知识；
3、对数据敏感，有一定的数据分析、逻辑推理能力和解决问题能力；
4、有使用机器学习算法进行用户画像，精准营销，商品推荐等经验者优先；
5、优秀的团队合作意识和沟通能力。
",0,0,0,0,0
1482,数据分析-2021届春招,同花顺,杭州,2000人以上,本科,上市公司,金融,25.0,不限,,"[""带薪年假"",""定期体检"",""免费班车"",""领导好""]","
        同花顺21届校招信息：
网申 8.20-9.18
笔试（一场）9.5 早上10.00-12.00
笔试（第二场）9.18 晚上19:00-20:00
面试 9月中下旬
发放offer 9月下旬-10月上旬
欢迎您自荐和推荐！！！

职位描述：

1.负责同花顺业务数据分析工作，为运营和产品提供数据驱动解决方案；

2.深度挖掘潜在用户需求，对用户行为数据进行分析、整理和报告；

3.评估业务质量，指导业务人员改进策略。 



任职资格：

1.2021届同学，本科学历及以上，计算机、数学、统计学相关专业；

2.熟悉sql语言，熟练使用数据分析工具；

3.对业务和数据敏感，在数据发生异动时，及时感知数据背后的业务原理，并从中找出原因，指导业务决策；

4.有数据驱动产品运营，提升kpi指标的case优先考虑；有股票短线经验、擅长数据解读业务优先考虑。
        ",0,1,0,0,0
1483,数据分析师实习生,云表汇通,杭州,15-50人,不限,A轮,数据服务,4.5,应届毕业生,,[],"
不能实习半年以上，勿扰！！！
职位描述
1、    学习并掌握运用公司数据分析产品datafocus进行数据处理、数据可视化以及数据分析；
2、    深入分析相应的商业领域数据，总结行业分析方法，撰写数据分析报告；
3、  根据数据分析实践开发相应的数据分析视频教程、数据分析专题教程；
4、  数字敏感、有敏锐的分析头脑、以及文字功底好者优先；
",0,0,0,0,0
1484,【2021校招】数据分析师,顺网科技,杭州,500-2000人,不限,上市公司,游戏,12.5,应届毕业生,,"[""技能培训"",""节日礼物"",""年度旅游"",""岗位晋升""]","
        工作职责:
1、 开展商业数据分析与研究，为数据化运营等提供决策支持；
2、 构建与开发数据模型，实现数据模型在业务中的实际应用； 
3、 搭建模型，挖掘海量数据中的用户特征，构建用户画像；
4、参与个性化推荐、精准营销、信息流等项目，实现大数据为商业应用赋能。
任职资格:
1、 本科及以上学历，统计、数学、it类、工程类等相关专业优先；
2、 喜欢商业数据分析，动手能力强；
3、 极强的数据敏感性、逻辑能力，能建立分析模型，撰写分析报告；
4、能够熟练使用sql、excel、python（或r）；
5、有hadoop、spark平台数据分析经验者优先。
ps:此岗位面向于2021届应届毕业生
        ",1,1,0,1,0
1485,高级数据分析师,雅乐科技,杭州,150-500人,本科,B轮,电商,30.0,5-10年,,"[""定期体检"",""带薪年假"",""绩效奖金"",""股票期权""]","
        岗位职责：
1、根据不同的业务场景，构建业务指标体系，建立和完善日常业务报告体系，能够及时、准确的反馈平台运作情况；
2、通过深度挖掘用户行为，发现、分析、解决问题；
3、建立用户画像和各类标签，为个性化推荐提供支持。
4、理解业务和用户需求，做深度运营分析。
岗位要求：
1、本科及以上学历，5年以上分析相关工作经验，有团队管理经验优先；
2、具备大数据的处理能力，掌握hive、hadoop、sql等相关数据提取工具，熟练操作python、r、sas等数据分析工具； 
3、良好的数据敏感度，具备较强的分析总结能力，具备良好的数据呈现能力。
4、具备良好的沟通能力和团队精神，有独立分析项目工作经验。
        ",1,1,0,0,1
1486,数据分析师-Lark,字节跳动,杭州,2000人以上,本科,C轮,文娱丨内容,30.0,3-5年,,"[""扁平管理"",""弹性工作"",""大厨定制三餐"",""就近租房补贴""]","
        职位职责：
1、整体负责字节跳动核心业务系统的各项数据分析相关工作；
2、对互联网即时通讯、企业办公、工具类及社交等领域有深入的了解，能从行业趋势和产品形态等角度，给业务方方向与业务模式的建议；
3、全面分析各项影响产品体验提升与用户增长的因素，各项业务细节，结合业务方向，给出可落地的整体的产品优化方案；
4、与产品，运营，研发等配合，推进优化方案落地执行，带来业务的实际提升增长。

职位要求：
1、好奇心强，求知欲强，有钻研探索精神，对数据分析有强烈兴趣者优先；
2、有过成功业务优化经验者优先；
3、有互联网公司数据分析，产品经理，运营经理，策略经理等多方面经验者优先；
4、创新能力强，面对业务上各种新问题，能创造性的发明新的分析优化方案者优先；
5、性格严谨细致认真。
        ",0,0,0,0,0
1487,数据分析师-企业SaaS应用,字节跳动,杭州,2000人以上,本科,C轮,文娱丨内容,30.0,3-5年,,"[""扁平管理"",""弹性工作"",""大厨定制三餐"",""就近租房补贴""]","
        职位职责：
1、整体负责字节跳动核心业务系统的各项数据分析相关工作；
2、对互联网即时通讯、企业办公、工具类及社交等领域有深入的了解，能从行业趋势和产品形态等角度，给业务方方向与业务模式的建议；
3、全面分析各项影响产品体验提升与用户增长的因素，各项业务细节，结合业务方向，给出可落地的整体的产品优化方案；
4、与产品，运营，研发等配合，推进优化方案落地执行，带来业务的实际提升增长。

职位要求：
1、好奇心强，求知欲强，有钻研探索精神，对数据分析有强烈兴趣者优先；
2、有过成功业务优化经验者优先；
3、有互联网公司数据分析，产品经理，运营经理，策略经理等多方面经验者优先；
4、创新能力强，面对业务上各种新问题，能创造性的发明新的分析优化方案者优先；
5、性格严谨细致认真。
        ",0,0,0,0,0
1488,资深数据分析师,橙鹰,杭州,150-500人,不限,不需要融资,数据服务,22.5,5-10年,,"[""年底双薪"",""带薪年假"",""午餐补助"",""定期体检""]","
岗位职责：
1、深入了解业务及数据服务能力，通过数据分析及运营策略，提升能力到价值的转化；
2、通过建立产品服务价值运营指标体系，推动产品能力提升，构建数据及价值运营体系；
3、对接客户业务，产出业务价值，总结与推广现有数据服务能力价值基础上，发现与沉淀更多价值需求。

任职要求：
﻿1、统计学、数学、计算机等相关专业，5年以上数据分析或数据处理等相关经验；
2、熟练使用excel、sql、spss/sas、powerpoint等工具， 良好的数据敏感度,能从海量数据提炼核心结果，有丰富的数据分析、发觉、清洗和建模经验，能独立编写商业数据分析报告，熟悉互联网安全或公共安全业务优先；
3、拥有良好的沟通能力和团队协作能力，具有跨团队的推进项目的能力；
4、为人正直，正能量，乐于面对挑战，思维活跃，善于创新，具备钻研精神﻿。
",0,1,0,1,1
1489,数据分析师,个推,杭州,500-2000人,本科,上市公司,移动互联网,14.0,1-3年,,"[""数据智能"",""上市公司"",""股票期权"",""年底双薪""]","
        职位描述：
1、与各大业务方合作, 通过实验的方式或者分析观测数据的方式来做出重要的业务决策；
2、通过主动的数据分析来帮助各个业务方发掘改进产品和业务的机会，实践数据智能；
3、建立统计模型来帮助提高用户的转换率和粘性；
4、清楚简洁地把分析结果沟通给公司各个层级的同事； 
5、调研新的，适用于个推各业务的实验和统计建模的方法，并且把这些方法应用到实际业务问题。
岗位要求：
1、统计、应用数学、运筹学、计算机、经济学或者类似专业的教育背景；
2、熟悉掌握数据分析和算法模型训练系统之一(如r、python、tensorflow等）；
3、熟练sql和类sql数据库操作。
4、良好的统计的基本知识和直觉，熟练掌握各类统计分析方法；
5、非常好的产品和业务感觉. 能够很好地把产品和业务问题转化成分析问题,同时也能够很好地把分析的结果转化成产品和业务决策；
6、非常强的跨团队合作能力和沟通能力；
7、有较强的分析能力和逻辑思维能力；学习能力强，包括信息搜集能力、主动解决问题能力、快速学习能力；
8、做事有责任意识，有较强主动性，能自觉完成任务和发现解决问题。
        ",1,1,0,0,0
1490,数据分析师,个推,杭州,500-2000人,本科,上市公司,移动互联网,14.0,3-5年,,"[""数据智能"",""上市公司"",""股票期权"",""年底双薪""]","
        1、深入理解业务需求，利用大数据分析的手段，发现具体问题和机会，推进业务演进，打造高质量数据业务服务； 
2、构建全面的、准确的、能反映服务业务线特征的整体指标体系 并基于业务监控指标体系，及时发现与定位业务问题； 
3、通过专题分析，对业务问题进行深入分析，为团队运营决策、产品方向、服务售策略提供数据支持； 
4、沉淀分析思路与框架，提炼数据产品需求，与相关团队（如技术开发团队）协作并推动数据产品的落地；
 5、与相关团队协作进行数据建模工作，推动部门的数据化运营能力提升。 岗位要求： 1、统计、应用数学、信息技术、计算机等本科以上学历；
 2、熟练掌握数据仓库的应用，熟悉sqlhadoophive等大数据分析工具； 3、熟练独立编写商业数据分析报告，及时发现和分析其中隐含的变化和问题；
 4、良好的数据敏感度，能从海量数据提炼核心结果，有丰富的数据分析、挖掘、清洗和建模的经验；
 5、熟练掌握至少一门编程语言（r、python、shell、php等）；
 6、有较强的逻辑分析能力，具备良好的沟通能力和团队合作精神。
        ",1,1,0,0,0
1491,数据分析师,微医,杭州,2000人以上,硕士,D轮及以上,医疗丨健康,20.0,3-5年,,"[""五险一金"",""午餐补助"",""交通补助"",""定期体检""]","
        岗位职责：
1、构建全面的，准确的，能反应业务特征的整体指标体系，并基于业务监控指标体系，及时发现与定位业务问题;
2、通过专题分析，对业务问题进行深入分析，为公司运营决策，产品方向，销售策略提供数据支持;
3、沉淀分析思路与框架；能将数据转化为业务建议，推动数据价值落地;
4、支持业务部门需求，完成部门内部交付的数据分析任务。

任职要求：
1、本科及以上学历，3年以上工作经验，统计学、计算机等相关专业，互联网医疗行业经验优先，熟悉用户画像、用户运营优先；
2、有一定的创新能力，在以往的数据分析、挖掘等工作中有自己独特的见解；
3、具有较强的逻辑思维能力、数据洞察能力和沟通协调能力，拥有强烈的责任心和团队合作精神；
4、具有探索精神，从数据中发现价值用以支持决策；
        ",0,0,0,0,0
1493,运营数据分析师,诺诺网络科技,杭州,500-2000人,本科,未融资,企业服务,15.0,3-5年,,[],"
        【岗位职责】
1.负责诺诺网全网业务的数据分析平台运营，包括数据系统建设、用户数据画像和内容标签的完善、日常数据分析和专题分析；
2.对各业务线推广核心指标拆解至过程指标监测执行，并以此为基础进行问题诊断进而输出业务建议，跟进执行落地表现，形成数据策略反馈。
3.熟悉用户增长的框架和分析方法，针对拉新、留存、转化优化等进行深入的专题分析；
4．配合各业务线完成日常运营的数据分析和挖掘需求并出具可参考性策略报告
【岗位要求】
1、全日制本科及以上学历，统计学、计算机、经济学、数学等相关专业；
2、至少3年以上运营数据分析、数据挖掘等大数据分析岗位的经验；
3、具备优秀的数据分析能力，掌握常用算法，能通过数据分析、模型构建、数据预测等方式解决业务问题；
4、具备优秀的业务理解能力、逻辑思考能力和问题解决能力，能够对产品的运营问题进行系统化的思考和分析，能独立承担复杂的数据分析任务；
5、掌握sql语言、hive sql、python、shell脚本等数据分析相关语言工具；
6、沟通能力良好，富有团队精神，敢于承担，乐于分享，具有优秀的目标管理能力和自我驱动力；
        ",1,1,0,0,0
1494,数据分析经理/主管（财务类）,行云网,杭州,150-500人,本科,B轮,电商,12.5,3-5年,,"[""带薪年假"",""股票期权"",""五险一金"",""互联网公司""]","
        岗位职责：
1、负责对公司采购、销售订单数据跟踪，物流出入库数据、物流相关数据进行汇总分析，形成可视化报表；
2、对数据分析相关的需求进行调研、需求分析等；
3、根据战略目标和年度预算目标构建业务指标体系，建立和完善常规数据报告，定期监测业务数据并提供相关数据支持，包括业务指标分析、财务指标分析、现金流、盈利预测分析等；
4、定期进行利润预测分析和项目分析,并形成报告,为公司经营决策提供依据；
5、通过各项数据分析及时发现运营过程中各类问题，与公司各部门及财务团队进行跨部门协作,推动持续运营及提升业务工作效率。

任职要求：
1、本科及以上学历，4年以上数据分析经验，有财务背景，数学、统计学、金融专业优先 ；
2、了解数据库相关技术,具有出色的逻辑能力，对数据有高度敏感度,思维严谨；
3、熟练使用office,尤其熟练运用excel图表、函数、数据透视等数据处理（sql等数据查询语言掌握者优先)；
4、有较强的理解能力、沟通表达能力及责任心；
5、tob或电商类互联网公司经验,熟悉相关业务和财务知识者优先,如采购模式、财务结算、资金管理、供应链管理等。
        ",0,1,0,1,0
1495,数据分析专家(J11900),小电,杭州,2000人以上,本科,C轮,硬件,30.0,3-5年,"[""5险1金""]","[""五险一金"",""周末双休"",""全员mac"",""全额公积金""]","
        工作职责:
1. 理解业务目标，做数据采集和数据分析；并能给出业务的相关数据结论，推动和优化整体业务逻辑；
2. 理解公司业务方向，建立和完善日常业务报告，能够及时、准确、深入的向管理层提供数据分析报告；
3. 通过专项分析，对业务问题进行准确、深入分析，支持决策，推动问题闭环。

任职资格:
1. 有3年以上相关工作经验，本科及以上学历，计算机、商业分析、数学、统计学等相关专业方向；
2. 有丰富的数据分析、挖掘和建模经验，熟练掌握相关工具，例如sql、python/r;
3. 具有快速学习能力、独立思考能力，对业务和数据敏感；
4. 具备良好的抗压能力、沟通能力、逻辑思维能力。

",1,1,0,0,0
1496,资深数据分析师(J12003),小电,杭州,2000人以上,本科,C轮,硬件,24.0,3-5年,"[""5险1金""]","[""五险一金"",""周末双休"",""全员mac"",""全额公积金""]","
        工作职责:
1、根据小电不同的业务场景，构建业务指标体系，建立和完善日常业务报告体系，能够及时、准确、完整的披露公司整体及各项目的运作情况；
2、通过专项分析，输出专项分析报告，为业务模块的决策和产品方向提供数据支持；
3、能够持续动态的挖掘日常的业务数据，发现业务的风险和机会点。

任职资格:
1、3年以上数据分析/挖掘相关工作经验有互联网或物流相关行业经验；
2、具有深厚的数学、统计学和计算机相关知识，精通sql等数据查询语言及sasr等统计分析软件，熟悉数据仓库，具有海量数据挖掘、分析相关项目实施经验，参加过完整的数据挖掘项目并有成功案例；
3、对商业和业务逻辑敏感，具备良好的逻辑分析能力和系统性思维能力，良好的跨团队的沟通能力；
4、数字敏感度高，具备较强的分析总结能力，具备良好的数据呈现能力，包括ppt展示和讲解能力。

",0,1,0,0,1
1497,数据分析师,杭州布谷科技有限责任公司,杭州,15-50人,本科,B轮,数据服务,18.0,1-3年,,[],"
        1、主要负责教育产品数据分析，服务于各级教育局、教研院、学校、学生和家长，根据业务逻辑，进行数据分析产品设计（如报表、word报告、网页、app）；
2、负责项目数据分析服务，包括需求交流、数据分析内容设计，根据项目需求，进行数据分析模型设计、数据处理、数据可视化。


要求：
至少精通一中数据分析/挖掘软件操作，如hive、sas、spss等；
教育行业背景优先
数据可视化经理优先
        ",0,1,0,0,1
1498,数据分析师,大搜车,杭州,2000人以上,本科,D轮及以上,汽车丨出行,27.5,5-10年,,"[""技能培训"",""Geek"",""开放"",""扁平管理""]","
        【岗位职责】

1. 对事业部及部门决策提供数据支持；参与各业务部门的重点项目，负责从数据的角度给出决策建议；

2. 数据提炼、分析、归纳用户属性、行为等信息，完成分析结果；

3. 处理用户海量数据，挖掘用户行为特征，为产品、运营提供参考依据；

4. 针对具体业务问题，研究影响用户的潜在因素，进行数据分析验证并提出改善举措；

5. 能实现业务所需的数据分析的应用系统开发。



【任职要求】

1. 本科或以上学位；数学、统计学、计算机、金融或相关专业；5年以上互联网数据分析工作经验；

2. 熟悉多种数据源深度诊断性组合分析、挖掘和建模、数理统计、数据分析、数据挖掘以及常用算法；

3. 熟悉sql语言，熟练操作excel，熟练使用1种以上数据分析和挖掘工具（如spss/clementine、sas/em、r等）；

4. 商业感觉敏锐，对数据敏感，能快速理解业务，能主动寻找业务各环节中数据分析的应用机会；

5. 良好的逻辑分析、文字表达及沟通推进能力，能独立完成专题分析及跟进落地；

6. 良好的学习与抗压能力，能自我驱动，有强烈的责任感。

",0,1,0,1,1
1499,数据分析师,北京瑞天欣实数据科技有限公司,杭州,50-150人,硕士,A轮,数据服务,10.5,不限,,[],"
职责描述：
1. 为金融和政府行业客户开发数据分析解决方案，包括针对客户获取，信审决策，账户管理，拖欠催收等的评分系统和商业智能解决方案。
2. 对于海量数据进行数据清理，分析和评估。
3. 能够为客户开发数据分析方案，包括统计模型的建立，商业智能方案的开发，包括从设计，开发到实施的过程。
4. 能够将分析结果用书面文字和口头的方法进行技术性和非技术性的人员进行顺畅的交流。
5. 能够用有效的方法对于统计模型方案的实施进行核实和验证。
6. 能够为销售和市场营销人员提供数据分析来帮助售前。
7. 能对现有产品提供改进方案，并协助数据类和分析类新产品的开发。
任职要求：
1. 至少一年的数据清理，评估，统计模型和分析经验，sas和unix系统操作经验。
2. 学士以上学位，硕士以上更佳，统计，数学相关学科。
3. 能够有效地执行分析类项目。
4. 突出的口头交流和文字表达能力，能够将分析方法论和结果进行有效交流。
5. 要有高度责任心，团队精神，和讲演能力。
",0,0,0,0,1
1500,品牌数据银行资深数据分析运营,爱赞网络,杭州,50-150人,本科,天使轮,广告营销,17.5,1-3年,,"[""节日礼物"",""带薪年假"",""绩效奖金"",""五险一金""]","
        上班时间：朝九晚六 周末双休
由于业务迅速扩张，本岗位提供极具竞争力的薪资待遇，诚邀有丰富经验的伙伴们加入团队，和团队一起发展成长。

工作内容：
1、利用阿里品牌数据银行和淘内数据平台工具，形成有价值的洞察，输出行业分析报告，用于指导品牌消费者运营、品牌形象建设、品牌渗透率提升、以及行业市场拓展。；
2、建立并持续优化市场行业分析模型、消费者分析模型、消费者运营模型，为品牌电商提供定制化的数据解决方案。
3、深刻理解电商生态环境内外的数据产品和营销工具，整合客户、电商平台及外部数据，构建数据业务体系闭环，驱动品牌数据业务不断增长。

任职资格：
1、本科，数学统计学专业优先；
2、1年以上品方或数据银行isv的数据运营/数据分析类工作经验；
3、熟悉数据银行、生意参谋、达摩盘等工具，输出过有深度、有价值的行业洞察报告；
4、有敏锐的数据意识与商业洞察，具备较强的数据分析能力，能够基于数据分析结果，提出合理的建议。
        ",0,0,0,0,0
1501,资深数据分析,保险师 · 微易信息科技,杭州,150-500人,本科,B轮,金融,24.0,5-10年,,"[""节日礼物"",""带薪年假"",""年度旅游"",""定期体检""]","
        工作职责:
1、基于数据分析，辅助业务管理团队科学决策，协助团队商业目标的达成；
2、构建全面准确的指标体系，跟踪日常业务指标，及时发现并定位业务及风险问题与优化点；
3、能够独立通过专题数据分析，对重点问题进行深入分析与解读，为公司运营决策提供数据支持及策略建议；
4、沉淀分析思路与框架，提炼成数据可视化产品，提升数据产出的效率，推动团队数据驱动的能力；
5、对于具体的场景，运用数据分析，与大数据算法、数仓同学深度合作，解决业务的核心痛点和难点。

任职资格:
1、本科及以上学历，5年以上数据分析经验，能力特别优秀者3年以上数据分析经验亦可；
2、数据敏感度高，具备较强的思维逻辑，有分析总结、数据呈现和讲解能力；
3、互联网行业或保险行业背景优先，对互联网运营业务有较好的理解和思考；
4、对业务感兴趣，有好奇心去主动思考业务问题，有良好的团队协作精神和沟通能力；
5、熟练操作和使用办公软件和数据分析相关软件，如sql、spss、excel、ppt等。

",0,1,0,1,1
1502,数据分析师,微博,杭州,2000人以上,本科,上市公司,文娱丨内容,14.5,应届毕业生,"[""免费班车"",""免费健身房"",""弹性工作""]","[""年底双薪"",""专项奖金"",""股票期权"",""五险一金""]","
职位描述：

我们需要你：

1、建设业务分析模型，不断评估和优化业务分析模型，能够将各项业务进行量化评估；

2、根据用户行为数据进行业务分析，帮助业务快速提升；

3、梳理业务逻辑模型，管理和建设报表体系。

我们希望你：

1、数学、统计学、计算机相关专业优先，对数据分析有强烈兴趣者优先；

2、有it大数据分析经验，有大型互联网公司数据分析经验、互联网数据建模分析经验者优先；

3、精通 sql，熟练使用 python/r 进行数据清洗、分析，熟悉spark、hive；

4、能快速理解业务，发掘业务细节和数据之间的联系；

5、有互联网feed流业务经验优先 
",1,1,0,0,0
1503,数据分析工程师-杭州,酷家乐,杭州,500-2000人,本科,D轮及以上,房产家居,14.0,应届毕业生,,"[""两次加薪"",""弹性工作"",""期权丰厚"",""两次晋升""]","
        岗位描述：

1.负责酷家乐业务数据分析，包括报表设计、数据建模等；针对产品和用户，有能力在海量数据中进行特征提取与分析；

2.配合平台产品或业务线线对其用户数据进行深度分析与挖掘，提供数据支撑，并持续优化分析系统；能独立完成业务数据建模；并将结果转化为运营指标；

3.完善数据报表体系，及时准确监控运营状况，并提供专业分析报告。关注产品线日常运营数据报表，从数据出发给业务部门提出相应的优化建议。



岗位要求：

1.熟悉并热衷于互联网产品，对业务有敏锐的观察力和数据洞见；

2.精通excel、sql、hadoop海量数据处理，有构建海量数据数据仓库经验优先，擅长python有计算机相关专业背景者优先；

3.对数字有敏锐的观察力，喜欢和数字打交道，严谨细致； 较强的分析能力，逻辑推理能力；

4.较强的书面及口头表达能力； 具有较强的自主学习能力，乐于接受挑战；

5.有责任心、具有团队合作精神，能承受一定的工作压力。

6.2021届毕业生。
        ",1,1,0,1,0
1504,数据分析,派湃科技,杭州,500-2000人,本科,不需要融资,软件开发,30.0,3-5年,,[],"
岗位职责：
1、负责搭建各产品线车型价格体系的搭建及完善；
2、负责搭建竞对价格监控体系，实施监控竞对价格变化，并作出应对策略；
3、负责全国自营、加盟城市的价格策略制定及调整实施；
4、负责价格组的统筹管理工作，对于价格相关工作不足之处进行及时改善，确保价格体系的正常运转；
任职标准：
1、本科及以上学历5年以上工作经验，3年以上定价相关工作经验；
2、精通数据分析及数学建模，熟练应用spss/matlab等数据分析、建模工具；
3、思维敏捷、思路清晰，且抗压能力较好；
4、卓越的跨部门沟通及协调能力；
",0,0,0,0,1
1505,BI数据分析师,老爸评测,杭州,150-500人,本科,不需要融资,电商,15.0,1-3年,,"[""年底双薪"",""绩效奖金"",""带薪年假"",""定期体检""]","
        岗位职责：
1.整理数据和分析数据，通过分析数据给出专业的建议和结论；
2.紧跟业务变化，在关键节点进行深入分析，为业务策略制定、效果评估和策略优化提供洞见，根据业务需求建立分析模型，并输出业务所需的报告；
3.对异常数据进行及时预警，定期形成相关的报表，并向相关部门提供数据支持及策略；
4.基于分析，对业务核心指标有深刻认识，能根据业务的发展制定短期和长期定量分析，搭建业务分析体系，研究，评估，执行和展示统计分析的结果，产出有精炼意义的观点用来推进业务重要的决策。
任职要求：
1、 本科及以上学历，硕士学历优先，数学、统计学等数理专业优先考虑；
2、两年以上数据分析相关工作经验，对数据敏感，热爱数据分析工作；
3、具备良好的数据分析能力，逻辑思维清晰，有较强的学习能力；
4、沟通能力佳，有较强责任心和良好的团队合作意识。
        ",0,0,0,0,0
1506,金融风控数据分析师,有赞,杭州,2000人以上,不限,上市公司,企业服务,27.0,3-5年,,"[""工程师氛围"",""弹性工作"",""扁平管理"",""上班不打卡""]","
        工作内容
1. 对平台内外部数据进行数据处理，搭建符合业务和风控需求的数据指标和监控体系
2. 针对场景中的业务流程，分析潜在风险点和优化点，完善风险管理体系
3. 对平台交易数据，深入探索挖掘商家和买家潜在诉求，为优化产品和服务提供支持
岗位职责:
1.数据指标设计与开发工作；通过各种渠道高效的完成体系内外部数据的获取、清洗、整理和分析，构建特征库；
2.基于业务需求，搭建风险监控体系；持续跟踪业务数据、监测业务发展态势，及时发现和定位业务问题，并协助业务部⻔确定问题解决的方向;
3.通过专项分析，对业务问题进行深入数据挖掘，为公司运营决策、产品方向、运营策略提供数据支持;
4. 对平台沉淀的交易数据，分析商家、买家、交易行为，为差异化服务提供数据支持。
任职要求:
1. 本科及以上学历，计算机、数学、统计学及相关专业，有互联网金融、电商相关工作经验优先
2. 3年以上数据分析工作经验，熟悉etl过程；精通sql，熟练hive或spark做数据分析和开发
3. 熟练python，掌握常用的聚类、回归、决策树等机器学习算法，有建模经验优先
4. 良好的数据敏感度、逻辑思维和分析能力，能从海量数据提炼核心结果
5. 具备跨团队合作和沟通能力，较强的学习能力，能承担一定的工作压力


成⻓建议:
1.多实操熟练使用数据分析相关的工具:sql/python等
2.可通过读书和日程工作实践去刻意锻炼对于数据的敏感度和逻辑分析能力
        ",1,1,0,0,0
1507,资深数据分析师（杭州）,有赞,杭州,2000人以上,不限,上市公司,企业服务,20.0,3-5年,,"[""工程师氛围"",""弹性工作"",""扁平管理"",""上班不打卡""]","
岗位职责：
1. 构建业务指标体系，负责公司日常报表开发、维护，为业务部门提供多层面数据支持；
2. 根据不同场景特征，向业务部门提供产品、运营等相关数据支持，指导业务发展；
3. 基于业务场景进行多维度专题分析，为业务决策和产品方案提供数据支撑。

岗位要求：
1. 本科及以上学历，计算机、数理统计相关专业；
2. 3年以上数据分析工作经验，有互联网行业，特别是电商类相关工作经验优先;
3. 精通sql，有一定sql性能优化经验，熟悉hive/mysql等开源数据库，有hadoop/spark平台经验更佳；
4. 熟练使用r或python，具有数据清洗、特征学习和聚类/回归/决策树等常规模型落地经验，有数据挖掘和建模的经验优先；
5. 良好的数据敏感度、逻辑思维和分析能力，能从海量数据提炼核心结果；
6. 具备不错的跨团队合作和沟通能力，较强的学习能力，能承担一定的工作压力。

成长建议：
1、多实操熟练使用数据分析相关的工具：sql/python等
2、可通过读书和日程工作实践去刻意锻炼对于数据的敏感度和逻辑分析能力
",1,1,0,0,0
1508,数据分析实习生,青塔,杭州,50-150人,本科,A轮,数据服务,3.5,应届毕业生,,"[""午餐补助"",""定期体检"",""扁平管理"",""年底双薪""]","
        岗位职责：
1. 根据公司安排进行高等教育相关数据的采集、清理、整理、分析；
2. 参与公司咨询项目的执行，对数据进行挖掘分析，撰写高等教育数据分析报告；
3. 参与公司数据产品的运维与更新。

岗位要求：
1. 全日制本科及以上学历大三、大四在读，统计学、教育学；
2. 对高等教育、互联网、数据分析等熟悉并且足够感兴趣；
3. 精通office办公软件，能够使用excel各类函数和公式；
4. 每周保证至少3天及以上的现场工作时间，可实习3个月及以上。
        ",0,0,0,1,0
1509,数据分析专家,多准大数据,杭州,150-500人,本科,A轮,数据服务,37.5,3-5年,,"[""开放式办公"",""扁平管理"",""带薪假期"",""弹性工作时间""]","
职位诱惑：六险一金、一年两次境外旅游、带薪年假、培训发展、阿里腾讯数据挖掘技术大牛带队职位描述：1.根据业务需求，收集、整理、整合内外部品类行业市场与消费者数据（快消品/耐用品行业），并形成有价值的洞察，输出行业分析报告，用于指导品牌消费者运营、品牌形象建设、品牌渗透率提升、以及行业市场拓展。2.建立并持续优化市场行业分析模型、消费者分析模型、消费者运营模型，为不同行业的客户提供定制化的数据解决方案。3.深刻理解电商生态环境内外的数据产品和营销工具，整合客户、电商平台及外部数据，构建数据业务体系闭环，驱动公司电商大数据业务不断增长。岗位要求： 1.熟悉服饰、快消、或耐用品等行业，在其中至少一个行业有深入的了解和实战经验，输出过有深度、有价值的行业洞察报告。2.有商业问题解决方案设计能力为佳。3.具备良好的跨团队沟通及推动落地能力。4.本科及以上学历，统计学、经济学、市场营销专业优先。5.5年及以上市场研究、咨询公司相关工作经验。
",0,0,0,0,0
1510,数据分析师/数据建模师,小白工作室,杭州,150-500人,本科,不需要融资,游戏,30.0,3-5年,,"[""忍者必须死3"",""年终分红"",""专项奖金"",""交通补助""]","
        岗位职责：
1. 负责数据仓库模型规划、设计和搭建，建立数据体系和算法模型，为建立精细化游戏数据分析体系提供基础；
2. 基于玩家画像和算法，将个性化推荐、精准投放、行为预测等应用在项目中落地；
 3. 参与游戏项目的数据分析工作，为数据平台和游戏产品的迭代提供支撑；

任职要求：
1. 本科或以上学历，计算机相关专业，三年以上工作经验。
 2. 熟悉linux平台下的代码开发，精通一种以上面向对象编程语言及其思想，精通sql；
3. 熟悉分布式架构，有hadoop/hive使用经验
4. 熟悉常用研究模型、算法，理解原理并具备实际项目经验；
5. 掌握常用统计方法（相关分析、线性和逻辑回归、决策树等），有数学建模相关项目经验
 6. 具备较强的逻辑思维能力，对数据有敏锐的洞察力，责任心强，自我驱动。
        ",0,1,0,0,0
1511,资深数据分析师（ST）,橙鹰,杭州,150-500人,本科,不需要融资,数据服务,22.5,3-5年,,"[""年底双薪"",""带薪年假"",""午餐补助"",""定期体检""]","
        岗位职责：
1、通过外部情报分析、业务大数据挖掘、业务个案深挖，探索与论证新业务机会点；
2、对运营过程中的异常情况和典型案例的分析，挖掘可复制的增长模式；
3、对商业机会点和商务策略的分析支撑。
胜任力要求：
1.统招本科及以上学历， 5年及以上数据分析和运营经验，有良好的业务sense，保险行业为佳；
2. 数据处理能力强，熟练掌握sql等相关数据提取工具；
3. 业务与技术的钻研精神强，主动性强，具有创新精神；
4. 能够承受较大的工作压力，愿意和团队共同成长。
        ",0,1,0,0,0
1512,高级数据建模工程师/数据分析师,浙江农信,杭州,2000人以上,本科,未融资,其他,35.0,5-10年,,"[""管理规范"",""岗位晋升"",""五险一金"",""绩效奖金""]","
岗位职责：
1. 负责数据分析、挖掘相关工作，研究行内外数据特征，为业务部门的决策提供策略支持；
2. 负责从精细化运营、精准营销、客户画像、风险管理等应用方向构建分析模型；
3. 跟踪大数据分析挖掘技术前沿研究，配合业务管理部门提炼相关分析主题；
4. 主动发起或配合其他业务部门的数据应用需求。
岗位要求：
1. 年龄在35周岁以内，全日制本科及以上学历并取得相关学位，计算机、应用数学、统计、金融工程及相关专业优先; 
2. 5年以上工作经验；
3. 对数据建模分析有强烈兴趣,熟练掌握python、scala、sas等至少一种建模语言与方法; 
4. 熟练掌握常见机器学习算法原理,熟悉各类模型分类与回归算法，熟悉各类变量筛选与降维算法；
5. 熟悉hadoop、hive、分布式仓库者，熟悉tensorflow、caffe、pytorch等深度学习框架使用经验，对用户画像分层/推荐系统有经验者优先；
6. 具备良好的专业背景、逻辑能力好，有较强的执行力和沟通能力。
",1,1,0,0,1
1513,数据分析师,浙江盘石,杭州,2000人以上,本科,上市公司,广告营销,15.0,3-5年,,"[""节日礼物"",""股票期权"",""带薪年假"",""岗位晋升""]","
        工作职责

1、负责业务数据的提取、处理、分析。撰写分析报告
2、负责业务报表和风险预警体系的开发和维护
3、负责外部数据的测试、策略使用分析
4、负责和风险有关相关财务数据的测算
5、负责评分模型的监控和监督


任职资格1、全日制统招本科及以上学历，统计学、数学等相关专业优先 2、一年以上数据分析相关工作经验 3、熟练使用sql、excel、python等分析软件 4、有一定抗压能力
        ",1,1,0,1,0
1514,数据分析师,滴滴,杭州,2000人以上,本科,不需要融资,汽车丨出行,30.0,3-5年,,"[""弹性工作"",""节日礼物"",""岗位晋升"",""技能培训""]","
        岗位职责：
1.支持部门日常数据需求,包括但不限于数据提取、看板构建等工作,提升各团队的数据效率;
2.从用户价值出发,挖掘规模增长的核心驱动因素及潜力场景，帮助业务发现增长路径;
3、根据实际业务需要，建立科学的实验方案,并进行严谨科学的实验评估,辅助业务看清策略效果;
4.结合业务发展规划,有序开展深度专题分析,产出业务洞察,为团队提供决策支持。

任职要求：
1. 3年以上商业数据分析经验, 具有互联网，咨询公司工作经验者优先;
2. 思维活跃,思路清晰,逻辑严密。优秀的问题发现、分析、解决能力,能够以独特的视角看待问题,独立完成相关数据分析并得出可信结论,独立完成分析报告的撰写与展示;
3. 优秀的ppt制作与演示能力. 有较强分析与策略输出能力
4. 熟练使用sql. excel等数据分析工具 ,具有tableau等数据可视化报表制作经验的可作为加分项;，具备一定的数据建模知识与能力,具有、python. spss等数据经验可作为加分项。
5. 有洞察力、视野和见解；极强的学习能力,拥抱变化的能力,有抗压能力
        ",1,1,1,1,1
1515,数据分析师,天下网商,杭州,150-500人,本科,不需要融资,广告营销,12.5,3-5年,,"[""年底双薪"",""节日礼物"",""技能培训"",""年度旅游""]","
        岗位职责：
1、 分析服务品牌消费者行为数据、品牌营销数据及品牌客户的营销闭环数据，由数据总结经验，反推结果。
2、 为品牌数据营销提供有价值的数据分析结果，产出对业务有直接推动作用的策略建议。
3、 确立品牌营销数据分析报告的商业模式。
4、 根据品牌的痛点，洞察品牌insight，通过大数据赋能品牌。

岗位要求：
1、 本科及以上学历，4年以上广告、媒体、电商等行业数据分析能力，服务过ka品牌客户优先。
2、 熟具有数据分析与统计学的理论基础，掌握数据分析工具及语言，具有行业数据分析经验，通过excel及ppt、可视化形式呈现报告能力，数学、统计、计算机等专业优先。
3、 有整体策划方案能力与产品包装能力、客户提案能力优先。
4、 有良好的沟通能力，优秀的数据分析挖掘能力，优秀的逻辑思维能力，对业务系统的学习能力和理解能力。
        ",0,0,0,1,0
1516,资深数据分析师,单创,杭州,500-2000人,本科,未融资,电商,22.5,3-5年,,"[""带薪年假"",""通讯津贴"",""午餐补助"",""定期体检""]","
        岗位职责
1、负责理清所对接业务的业务流程、产品逻辑和数据现状，并结合业务发展需要，梳理形成数仓主题数据集建设的要求和建议，并能推动数仓业务域的建设落地。
2、负责所对接业务的监控分析体系的需求梳理和开发落地。
3、根据业务需要，深入分析并挖掘数据应用场景，提炼相应的数据产品或工具，帮助业务提高决策的效率和科学性。

职位要求
1、3年以上电商行业数据分析经验，有某行业/领域的体系化分析思路；
2、精通sql，熟悉hive，了解数仓建模理论、工作流程和基本规范；
3、熟练操作excel/ppt等工具，熟练使用某种可视化报表工具；
4、思维敏捷，有良好的数据敏感度，能快速理解需求要点及较强的归纳总结能力；
5、积极主动，善于沟通，优秀的跨部门多角色协调沟通能力和执行力；
6、对数据产品感兴趣，有数据分析产品建设经验或者参与过相关数据产品建设；
        ",0,1,0,1,0
1517,数据分析师,单创,杭州,500-2000人,本科,未融资,电商,9.0,1-3年,,"[""带薪年假"",""通讯津贴"",""午餐补助"",""定期体检""]","
        岗位职责：1、搭建供应链和客服业务相关的数据体系，包括数据指标体系、临时需求和项目分析；2、能够结合业务实际情况，设计科学数据指标，衡量业务现状；3、通过数据搭建、数据分析，推动业务指标不断改善，使公司业务不断改善；4、能够快速响应和处理交付的需求。
任职要求：1、本科硕士均可，计算机、统计学、数学专业优先                2、有电商实习经验优先考虑；3、有供应链相关理论或者时间经验优先；4、积极主动、自驱型优先；5、对个人价值取向和对行业/公司文化、业务体系内容的认同；   
        ",0,0,0,0,0
1518,数据分析师,玩呐网络,杭州,15-50人,本科,未融资,金融,17.5,1-3年,,[],"
        岗位职责：
1、股票基金数据分析
2、建立模型，预测不同股票波动及走势相关性
3、建立模型，根据第三方消息，预测股票波动及走势
任职要求:
1、 有2年以上用户数据分析工作经验，熟练使用数据分析工具（要求熟练使用python，sql）
2、 本科，数学、统计学相关专业优先
3、 数据思维敏锐，思路清晰，能独立输出数据报告
4、 积极好学，有钻研精神，责任心强
        ",1,1,0,0,0
1519,数据分析师,微拍堂,杭州,500-2000人,大专,A轮,电商,30.0,3-5年,,"[""岗位晋升"",""年度旅游"",""年底双薪"",""午餐补助""]","
职位描述： 1、负责常规业务数据支持和数据分析，通过对业务数据深度诊断性组合分析、挖掘、深度分析,分析潜在业务机会给出可执行建议，并主动推动业务优化和体验改善； 2、与开发团队合作，针对用户体系、交易刷单等电商相关黑灰产进行风险计量，通过数据挖掘等手段，建立针对性的刷单风险管理策略、风险模型与侦测机制； 3、可独立承担复杂分析任务，对业务问题进行深入分析，为电商业务风控决策提供数据支持，能对关键分析思路进行产品化；
",0,0,0,0,0
1520,资深数据分析师,溪鸟物流,杭州,150-500人,本科,不需要融资,移动互联网,12.5,不限,,"[""绩效奖金"",""定期体检"",""弹性工作"",""节日礼物""]","
岗位描述：
1、根据溪鸟不同的业务场景，构建业务指标体系，建立和完善日常业务报告，能够及时、准确、完整的披露公司整体及各项目的运作情况；
2、通过专项分析，输出专项分析报告，为业务模块的决策和产品方向提供数据支持；
3、能够持续动态的挖掘日常的业务数据，发现业务的风险和机会点。

岗位要求：
1、3年以上工作经验，3年以上数据分析/挖掘相关工作经验；有互联网或物流相关行业经验；
2、有统计学/数据挖掘/数据分析背景知识，精通sql等数据查询语言及sas,r等统计分析软件，熟悉数据仓库，具有海量数据挖掘、分析相关项目实施经验，参加过完整的数据项目并有成功案例；
3、对商业和业务逻辑敏感，具备良好的逻辑分析能力和系统性思维能力，良好的跨团队的沟通能力 ；
4、数字敏感度高，具备较强的分析总结能力，具备良好的数据呈现能力，包括ppt展示和讲解能力。
",0,1,0,0,1
1522,资深数据分析师 (MJ000007),多准大数据,杭州,150-500人,本科,A轮,数据服务,20.0,3-5年,,"[""开放式办公"",""扁平管理"",""带薪假期"",""弹性工作时间""]","
岗位职责：
1. 根据业务需求，利用阿里、京东大数据工具，为品牌客户提供电商数据咨询服务，包括但不限于消费者分析、竞品分析、市场分析、营销效果分析等；
2. 独立负责电商数据咨询项目，对项目整体交付成果负责：根据项目需求进行任务拆解、与团队成员共同协作推动项目完成，输出洞察与策略报告；
3. 建立并持续优化快消或耐消行业分析模型和方法论，赋能团队方法论升级。
岗位要求：
1. 具备以下行业经验优先：
（1）3年左右电商行业工作经验：熟悉电商生态，能够通过电商数据产品和营销工具，设计电商业务问题解决方案
（2）3年左右零售、市场营销、消费者分析、或媒介数据分析工作经验：独立负责过商业数据分析或咨询类项目，具有优秀的商业洞察能力，能够独立撰写商业数据分析报告
2. 有带团队经验（1-3人团队），能够带领团队共同完成工作目标；并具备良好的跨团队沟通协作能力
3. 本科及以上学历，统计学、数学、经济学、市场营销专业优先
",0,0,0,0,0
1523,BI数据分析师,凡声科技,杭州,500-2000人,本科,B轮,金融,24.0,5-10年,,"[""弹性工作"",""扁平管理"",""领导好"",""五险一金""]","
岗位职责:
1、统计整理业务基础数据，输出数据日报、周报、月报;
2、支持业务部]对业务数据的挖掘、分析，寻找提升销售转化的症结点，提出关键举措，推动运营指标及业务能力的提升;
3、沉淀分析思路与框架，提炼数据产品需求，与相关团队协作并推动数据产品落地。

任职条件:
1、要求本科及以上，数学、统计学、计算机或相关专业，5年及以上数据分析工作经验。
2、良好的数据敏感度和逻辑分析能力，创新数据运用思维，有数据清洗、分析、挖掘的经验。
3、责任心强，能高效地和合作团队沟通，推动产品或策略改进并跟进落地。
",0,0,0,0,0
1524,数据分析师,东家,杭州,150-500人,本科,B轮,移动互联网,4.0,应届毕业生,,"[""股票期权"",""学者明星活动"",""东方美学培训"",""牛人分享""]","
        1.负责东家app业务数据分析，对业务进行洞察，能够帮助业务发现问题、挖掘潜在机会，为运营、产品等提供业务诊断和商业决策建议;

2.深度挖掘潜在用户需求、行业研究需求，对用户行为数据进行分析、整理和报告；

3.战略规划的执行。 



任职资格：

1.2021届同学，本科/研究生学历及以上，计算机、数学、统计学、经济学相关专业；

2.对业务和数据敏感，在数据发生异动时，及时感知数据背后的业务原理，并从中找出原因，指导业务决策；

3、熟练使用办公室软件；

",0,0,0,0,0
1525,数据分析专家,云车物联科技,杭州,500-2000人,本科,未融资,数据服务,37.5,5-10年,,[],"
        【岗位职责】
1.推进数据管理工作，包括但不限于：
-建立数据治理相关制度、流程、机制；
-持续完善、推广并管理公司数据标准；
-持续改善公司数据质量，建立数据质量管控长效机制；
-建立并实施统一的元数据管理体系；
2. 负责构建数据仓库体系和数据指标体系，为不同业务的数据分析提供框架支持。
3. 负责与相关业务团队沟通，主导数据分析的模型构建与实现。
4. 通过数据分析支持产品改进及新模式的探索，从而发挥数据价值；
5. 构建业务数据分析体系，确定各项业务数据指标；
6. 针对数据分析及报表数据结果提出问题并给出解决、改进建议；

【岗位要求】
1、 本科及以上学历，3年以上金融机构数据管理从业经验;
2、扎实的数据分析与挖掘能力，能够灵活运用数量分析方法解决实际的商业应用问题，支持业务优化与决策；
3、能熟练运用sql、excel、r、python等工具建模与策略制定；
4、工作细致、有耐心、条理清晰、逻辑思维能力强，勇于接受挑战，具有奋斗者精神；
5、具备良好跨组织协调能力、表达能力、学习意愿及快速学习能力。
        ",1,1,0,1,0
1526,数据分析师,云车物联科技,杭州,500-2000人,本科,未融资,数据服务,15.0,3-5年,,[],"
        岗位职责：
1.构建全面、准确的业务与风险指标管理体系，实现数据报表的常态化、可视化输出，并能通过数据及时发现并定位问题，建立数据预警机制；
2.通过专题数据分析，对业务及风险问题进行深入分析，为公司经营决策提供准确、完整的数据支撑；
3.与各部门对接，统筹整理各项经营管理数据，为业务团队提供各类业务及风险数据，并对数据提供的及时性和准确性负责；
4.沉淀分析思路及框架，提炼数据产品需求，与科技团队协作并推动数据产品落地。

任职要求：
1.本科及以上学历，3年以上工作经验，其中有1年以上的金融行业数据分析实操经验；
2.熟悉mysql、sqlserver等数据库；
3.熟练掌握sql、存储过程、excel等，有良好的python基础；
3.逻辑能力强，具有良好的沟通能力；
4.热爱数据分析工作，有强烈的工作成就动机，具有奋斗精神。
        ",1,1,0,1,0
1527,数据分析专家,菜鸟网络,杭州,2000人以上,本科,B轮,物流丨运输,35.0,5-10年,"[""16薪"",""15薪"",""bat背景"",""免费体检"",""mac办公"",""定期团建""]","[""股票期权"",""五险一金"",""带薪年假"",""免费班车""]","
1、根据菜鸟不同的业务场景，构建业务指标体系，建立和完善日常业务报告体系，能够及时、准确、完整的披露公司整体及各项目的运作情况；
2、通过专项分析，输出专项分析报告，为业务模块的决策和产品方向提供数据支持；
3、能够持续动态的挖掘日常的业务数据，发现业务的风险和机会点；
职位描述
1、5年以上工作经验，3年以上数据分析/挖掘相关工作经验；有互联网或物流相关行业经验；
2、具有深厚的数学、统计学和计算机相关知识，精通sql等数据查询语言及sas,r等统计分析软件，熟悉数据仓库，具有海量数据挖掘、分析相关项目实施经验，参加过完整的数据挖掘项目并有成功案例；
3、对商业和业务逻辑敏感，具备良好的逻辑分析能力和系统性思维能力，良好的跨团队的沟通能力 ；
4、数字敏感度高，具备较强的分析总结能力，具备良好的数据呈现能力，包括ppt展示和讲解能力；
",0,1,0,0,1
1528,数据分析专员,博彦科技,杭州,2000人以上,本科,上市公司,电商,10.0,1-3年,,"[""领导好"",""技能培训"",""管理规范"",""扁平管理""]","
        职责描述： 
1、负责整个部门的部分数据分析工作，梳理数据统计逻辑及流程，规范统计规则； 
2、了解各部门的业务情况，并与各个部门进行及时有效的沟通，让各部门对接人员按统一要求准确、及时的提交相关报告； 
3、熟悉公司的内部管理要求，监督管理各部门的经营数据，发现存在的问题并能解决； 
4、承接领导交代的其他工作，包括但不限于部门内各种数据的测算； 
5、输出方法论、方案、制度等，向各部门输出、宣贯，确保落地； 
任职要求： 
1、对数据分析有一定的经验，熟悉excel，对数据敏感，善于做数据的统计分析； 
2、擅长职场沟通，情商高，能与各部门进行有效沟通； 
3、对自己有要求，具备较强的学习能力沟通能力，态度积极向上； 
4、3年以上工作经验
        ",0,0,0,1,0
1529,数据分析师,东方国信,杭州,2000人以上,本科,上市公司,数据服务,14.0,3-5年,"[""早九晚六"",""免费下午茶"",""免费体检"",""地铁周边"",""晋升机制""]","[""大数据软件"",""技能培训"",""节日礼物"",""年底双薪""]","
岗位职责：
1、  根据需求分析文档进行模型建设相关工作；
2、  梳理数据源，根据数据情况进行数据仓库建设工作；
3、  根据客户提出的商机需求，结合数据挖掘相关算法，落地商机模型；
4、  数据质量核验，算法优化，持续迭代提升模型精度。
5、  负责用户需求进行数据挖掘工作，编写挖掘分析报告
任职要求：
1、  1-2年的数据挖掘与分析工作经验，计算机、统计学、数学等相关专业，硕士及以上学历优先；
2、  熟练掌握数据开发能力，能够独立完成分析报告
3、  能够利用常规挖掘算法解决业务问题，要求在某项专题分析上有自己成熟的分析体系及思路；
4、  具备良好的团队沟通能力，能够及时高效的完成与项目组其他成员的需求对接；
5、  学习力强，技术知识面宽广，能把握最新的挖掘算法；
6、能够完成对外技术交流、有通信行业工作经验优先。
",0,0,0,0,0
1530,数据分析师,国誉信睿,杭州,15-50人,本科,未融资,企业服务,17.5,3-5年,,"[""带薪年假"",""技能培训"",""扁平管理"",""管理规范""]","
数据分析师：    岗位描述：    1. 负责收集客户的业务数据，帮助客户搭建业务数据体系，结合业务对数据进行深度诊断、组合分析和挖掘，发现客户潜在的问题。    2. 深入分析客户业务问题，对分析思路进行产品化为客户业务的策略和产品优化提供数据支持；    3、负责数据挖掘算法的开发，针对特定问题进行数学建模，并解决各种应用问题；    4、对海量用户数据数据进行挖掘、分析，通过对复杂业务或系统问题进行建模，分析影响系统的关键因素，规划、设计和实现新的解决方案，评估并优化模型；    5、分析影响及触发相关用户关键动作的行为并针对性的给出有效的改进策略。    岗位要求：    1. 全日制统招本科或以上学历，计算机、应用数学、统计学等相关专业。(硕士优先)，二年以上相关工作经历；    2. 熟悉数据库基本原理，熟练运用python、sql；熟悉数据挖掘的基本原理，熟练操作powerbi、 clementine等数据分析/挖掘工具的优先；    3. 良好的数据敏感度，能从海量数据提炼核心结果，熟练独立编写商业数据分析报告，及时发现和分析其中隐含的变化和问题，给出建议；    4. 熟悉xgboost、adaboost、cnn、rnn、lstm等算法种一种或多种，对机器学习算法熟练、了解深度学习在数据分析中的应用优先；    5. 有扎实的数据结构和算法功底，具备良好的逻辑思维能力、沟通能力和团队精神，能承担一定的工作压力；
",1,1,0,0,0
1531,数据分析实习生,海拍客,杭州,2000人以上,不限,D轮及以上,电商,2.5,应届毕业生,,"[""股票期权"",""带薪年假"",""绩效奖金"",""年终分红""]","
        岗位职责：
1、配合业务需求，完成搜索推荐业务数据的整理、统计和分析；
2、协助整理和分析相关行业和研究数据；
3、理解搜索推荐业务，通过数据分析发现最有效的杠杆，驱动业务优化、增长；
4、数据分析的同时更好的了解搜索推荐业务，完成搜索基础数据review工作；

任职资格：
1、统计，数学，计算机等相关专业，2021届/2022届在校学生；
2、精通使用sql、熟练使用excel进行数据处理；
3、工作细心，积极主动，学习能力强，能快速响应分析需求；
4.、每周能有4天及以上在岗时间。
        ",0,1,0,1,0
1532,数据分析工程师,诚智天扬,杭州,50-150人,本科,未融资,移动互联网,11.0,1-3年,,"[""技能培训"",""节日礼物"",""年底双薪"",""专项奖金""]","
        工作职责：
1、 多源大数据的处理、融合与分析，基于大数据的应用模型研发；
2、 算法设计，并撰写相关算法设计书；
3、分析处理城市/交通规划领域相关大数据，承担项目实施工作；
4、成果报告及汇报文件ppt撰写。
岗位要求：
1、全日制统招本科及又上学历，城市规划、交通规划、统计学、地理信息及其它相关专业；
2、具备良好的明达能力和文档撰写编制能力，较好的自我学习能力；
3、熟悉arcgis、supermap、sql、python语言者优先考虑。
4、在智慧城市、城市规划、土地规划、多规合一等领域内有工作经验，或在国内中等以上城市具备实际规划经验，或熟悉数据统计与分析基本方法者优先；
        ",1,1,0,0,0
1533,数据分析专家,米尘,杭州,50-150人,本科,未融资,社交,20.0,5-10年,,[],"
        工作职责:
负责标签体系、数据建模、专项分析、bi以及通用数据产品策划

任职要求：
1. 本科以上学历，统计或数学相关专业。
2. 精通数据分析、数据仓库和bi等业务。
3. 能够搭建用户画像、标签、分层分群等数据产品。
4. 熟悉hivesql，如熟悉superset，etl等工具加分。
5. 热爱数据分析和数据产品策划，喜欢折腾。

共享服务团队是米尘集团核心研发团队，负责数据中台、智能推荐、大数据挖掘、web前端等方向的中台产品设计、研发和运营等工作，持续赋能业务增长。

团队使命是让业务生长更高效。
团队愿景是成为业务最受信赖的伙伴。
团队价值观是相信、沉淀、成长、高效、开放。

leader很nice，团队氛围很happy，常搞团建和娱乐活动，时常有人请喝奶茶。

欢迎志同道合的朋友，一起快乐工作，快乐成长。

",0,1,0,0,0
1534,数据分析师,顺网科技,杭州,500-2000人,本科,上市公司,游戏,18.0,1-3年,,"[""技能培训"",""节日礼物"",""年度旅游"",""岗位晋升""]","
        工作职责:
1、全方位分析业务状况，判定业务发展趋势，为公司运营决策、产品方向、销售策略提供数据支持； 
2、监控业务数据，分析诊断业务运营中的问题，并推动业务问题的解决； 
3、进行用户行为分析，构建平台用户画像，搭建模型挖掘用户群体行为特征，提升业务指标和用户体验；
4、研究个性化推荐、精准营销、信息流等业务模式，推动大数据在互联网产品中的应用；
5、聚焦业务问题，开展业务调研，独立编写商业数据分析报告，及时发现和分析其中隐含的变化和问题；
6、沉淀思路与框架，提炼数据产品需求，与产品、研发等团队，协作并推动数据产品落地，实现数据产品化。

任职资格:
1、全日制本科以上学历，要求统计、数学、it类、工程类等专业，一年以上互联网公司数据分析相关工作经验；
2、熟悉数据挖掘的常用算法（线性回归、逻辑回归、关联分析、聚类、分类等），拥有海量数据处理和挖掘经验者优先；
3、熟练使用各种办公软件，如ppt、excel等，能独立撰写数据分析报告，从数据中发现有价值的规律；
4、精通sql/hive sql，精通至少一种数据分析工具（python/r/sas/spss/matlab等）；
5、逻辑思维能力强，对数据敏感，能够及时发现业务中的关键问题； 
6、有大项目的经验，有丰富的跨团队、跨部门的项目资源整合能力，能够独立开展研究项目者优先；
7、有强烈的责任心、沟通、协调能力以及团队合作精神。
8、有用户画像、计算广告、推荐引擎等项目经验优先，有数据化运营、数据产品类规划经验的优先。
        ",1,1,0,1,1
1535,数据分析专家,数神科技,杭州,150-500人,本科,未融资,数据服务,37.5,5-10年,,"[""弹性工作"",""技能培训"",""岗位晋升"",""五险一金""]","
工作职责：
1. 负责公司业务的数据和信息的收集、分析报告产出、数据建模、数据看板制作等工作；
2. 根据公司的实际业务要求，完成深入的专项数据分析并形成分析报告；
3. 推动业务伙伴定期沟通，制订赋能计划，并积极推动bi策略在业务侧落地。包括而不限于数据看板使用、分析策略实施、效果收集和评估等；
4. 深度分析和挖掘公司的业务动作变化和行业的变化，并以数据量化。通过数据分析帮助公司做出相应的判断，提供策略，帮助业务做出相应的决策。配合制定测评标准，反馈改进机制。
任职资格：
1. 本科以上学历，统计基础扎实，对业务逻辑和数据变化敏感，具备优秀逻辑分析能力；
2. 出色的信息收集甄别能力，系统性思考分析问题能力，复杂业务场景的梳理能力，用户痛点挖掘能力；
3. 熟悉数据分析与数据挖掘理论，海量数据分析的经验，熟练使用sql；
4. 具备良好的沟通能力和表达能力，能够独立开展业务调研、数据分析、报告编写工作，能承受一定的工作压力。
",0,1,0,0,0
1536,数据分析专家,饿了么,杭州,2000人以上,本科,D轮及以上,消费生活,45.0,5-10年,"[""试用期上社保"",""试用期上公积金"",""免费体检"",""5险1金""]","[""节日礼物"",""绩效奖金"",""年度旅游"",""岗位晋升""]","
        职位描述：
1，充分理解业务线的政策方向和战略调整，为销售业务线提供决策性的数据支持。
2，了解业务作业链路，基于业务方向从销售漏斗的角度，对整个销售效率进行优化分析，并且帮助业务发现问题和捕捉商机。
3，基于分析后发现的生意机会，做专项的推进落地，针对销售流程，产品进行优化方案，并跟进落地效果
4，熟悉bi数据方案体系，建立合理的业务数据监控体系，赋能业务团队快速获得数据。

岗位要求：
1，计算机、统计、数学、信息技术、社会学、心理学等专业本科及以上学历优先；
2，互联网相关数据分析工作经历、知名咨询公司工作经历、餐饮行业、快销行业数据分析经验优先；
3，具备大数据的处理能力，掌握hive、sql等相关数据提取工具，熟练操作excel、sas/spss、ppt等工具；
4，良好的数据敏感度，能从海量数据提炼核心结果；有丰富的数据分析、挖掘、清洗和建模的经验；
5，具备多元化的背景（销售，bi，产品，运营）优先
        ",0,1,0,1,1
1537,数据分析师,婚礼纪,杭州,500-2000人,本科,D轮及以上,消费生活,15.0,1-3年,,"[""六险一金"",""快乐高效文化"",""绩效奖金"",""信任""]","
工作职责:
1.跨业务线梳理数据分析需求、构建分析模型、及时发现业务问题、给管理层提供专业的分析报告；
2.深入理解业务、结合数据体系挖掘分析主题、设计挖掘模型、输出专项分析报告；
3.以用户为基础、从数据的维度发现用户需求点、主导用户画像设计；
4.参与智能推荐系统的设计、推荐算法的研究。

任职资格:
1.本科及以上学历、应用数学、统计学、经济学等相关专业优先；
2.熟练掌握sas/spss/r等分析工具、数据分析技术（聚类分析、回归分析、决策树等）、数据挖掘算法、机器学习算法；
3.熟练使用sql、熟悉至少一种数据库软件、如:mysql、sql server等、熟悉hadoop者优先；
4.互联网行业（电子商务、门户网站、社区网站、）经验者优先考虑。
",0,1,0,0,1
1538,数据分析师,观远数据,杭州,50-150人,本科,B轮,企业服务,18.0,不限,,[],"
数据分析工程师：岗位描述：1、从数据中探寻并发现业务规律，并主动与客户沟通，提炼场景，为算法工程师提供业务经验指导，协同合作，形成解决方案；2、构建端到端的算法项目实现，主要工作包括数据源对接，数据探索，数据清洗，特征工程，同时快速构建模型，并基于误差进行分析迭代；3、制定有效项目进度管理机制，按照项目上线时间表，推进项目研发工作；4、定期与客户沟通，相关材料与ppt准备。岗位要求：1、拥有计算机科学、统计或相关学科学位，或在大数据领域有工作经验； 2、熟练使用python，熟悉至少一种数据库（mysql、oracle等），对数据仓库、nosql和hadoop等有一定的了解；3、熟悉机器学习的基本原理与运作流程；4、良好的数据分析能力和习惯，能从业务角度进行各类eda与数据处理，善于通过数据发现问题或机会；5、良好的沟通能力和团队合作精神，有一定的组织协调能力和项目管理能力；6、有过零售、快销、鞋服类行业项目落地经验者优先。
",1,1,0,0,0
1539,数据分析师,汇数智通,杭州,少于15人,本科,A轮,移动互联网,4.5,应届毕业生,,"[""股票期权"",""年度旅游"",""扁平管理"",""五险一金""]","
        不能实习半年以上，勿扰！！！

职位描述

 1、 学习并掌握运用公司数据分析产品datafocus进行数据处理、数据可视化以及数据分析；

 2、 深入分析相应的商业领域数据，总结行业分析方法，撰写数据分析报告；

 3、 根据数据分析实践开发相应的数据分析视频教程、数据分析专题教程；

 4、 数字敏感、有敏锐的分析头脑、以及文字功底好者优先；
        ",0,0,0,0,0
1540,BI数据分析师（KKL）,铭师堂,杭州,500-2000人,本科,不需要融资,教育,22.5,3-5年,,"[""自主盈利"",""扁平管理"",""技术大牛"",""岗位晋升""]","
        资深bi数据分析师

岗位描述：
1、基于在线教育的业务理解，建立全面的数据监控、分析体系，为运营决策提供有质量的数据视角；
2、通过数据监控能快速精准的发现问题，并能够找出背后的根本原因，推动业务部门解决；
3、专项项目分析，构建业务指标，建立和完善日常业务报告，能够及时、准确、完整透传各项目的运作情况；
4、使用sql/hive等相关数据提取工具，熟练操作excel、sas/spss、ppt等工具；
5、擅长沟通、跨部门合作，有很强的协同工作能力。
任职要求：
1、有猿辅导、学而思等教育公司经验的优先；
2、3年以上数据分析/挖掘相关工作经验，本科及以上相关专业学历，硕士优先；
3、具有深厚的数学、统计学和计算机相关知识，精通sql、hive等相关数据提取工具；
4、参加过完整的数据挖掘项目并有成功案例，逻辑清晰优先。
        ",0,1,0,1,1
1541,bi数据分析师,百世物流,杭州,2000人以上,本科,D轮及以上,物流丨运输,20.0,不限,,"[""技能培训"",""节日礼物"",""年底双薪"",""带薪年假""]","
岗位职责：
1、 负责数据仓库产品设计、研发和测试
2、 负责数据仓库建模、调度系统、数据预处理子系统的设计和开发
3、 负责数据仓库etl流程的优化及解决etl相关技术问题。 
4、 主要负责利用数据仓库、商业智能工具实现业务数据分析。
5、 负责数据仓库的性能优化。
6、 负责相关技术文档的编写工作。
7、 参与bi整体架构设计及bi实施工作。 
8、 熟悉数据仓库原理，数据仓库建模方法论，熟练使用建模工具进行数据仓库模型设计
任职要求：
1、 大学本科学历以上，计算机或相关专业毕业，有2年bi或数据分析工作经验者优先。 
2、 能够熟练应用一种或多种主流数据库（如：oracle、mysql等），有千万量级数据量的数据库设计能力者优先。
3、 精通复杂型sql，有较好的sql性能调优经验。
4、 熟悉数据仓库建模，熟悉一种或多种etl工具的开发，如kettle、informatica、datastage等。 
5、 使用过一种或多种bi平台（如：tableau、cognos等）者优先。 
6、 有java web开发经验者优先。。
7、 有很强的自学和自律能力，能在较短时间内掌握新技术，责任心强、具备一定的抗压能力。
",0,1,1,0,0
1542,高级数据分析师,爱赛德科技,杭州,15-50人,本科,天使轮,信息安全,15.0,3-5年,,"[""交通补助"",""节日礼物"",""技能培训""]","
        岗位职责：
1、全面理解业务需求，并负责编写需求，完成软件及分析模型的需求分析、概要设计、详细设计、数据建模；
2、以客户需求为导向，负责软件整体架构、主模块设计、架构及核心模块的开发工作，主导软件详细设计；
3、负责团队项目开发跟进，解决项目级或者产品级的技术问题；
4、对软件设计质量负责，及时编写各种文档和标准化资料；
5、负责团队培养，帮助团队成员技术能力提升；

任职要求：
1. 掌握sqlite、my sql及sql server等数据库任一种的开发与使用，精通数据库各种存储引擎及分区分表方案；
2. 熟练运用python对大数据进行可视化分析；
3. 熟悉linux的开发和部署；
4. 掌握代码重构的技能，掌握常见的软件开发流程，熟悉svn、git等版本管理工具的使用。
5. 2年以上数据分析相关工作经验；
6.担任过相关工作主管级或技术管理等管理岗位者优先。
        ",1,1,0,0,0
1543,数据分析师,创客矩阵咨询,杭州,少于15人,不限,未融资,数据服务、教育,30.0,应届毕业生,,[],"
1.远程工作2.项目经验多者优先3.科研竞赛成果多者优先4.具体可以详细了解
",0,0,0,0,0
1544,数据分析,杰方数字科技,杭州,50-150人,本科,未融资,人工智能、数据服务,18.0,1-3年,,[],"
        1.大学本科及以上学历，计算机、统计、信息、数学等相关专业毕业，两年以上项目经验；
2.擅长spss、python、matlab、r、eviews、stata、amos、mplus、excel等至少一种数据分析软件，擅长本学科内的若干研究方法和数据分析方法；
3.能够针对客户的需求提供定制化服务，如：问卷分析、仿真绘图、程序代写，帮助客户处理数据、解决数据分析难题等；
4.社科类统计、医学统计、生物统计、教育心理统计等应用统计方向优先；
5.发表过核心期刊的在读硕博优先；
6.有较强的文字功底和分析能力，能够独立开展数据分析和建立分析模型；
7.有较强的学习能力和执行力，做事认真踏实，愿意不断的学习数据分析知识并输出。

",1,0,0,1,1
1545,数据分析师,观远数据,杭州,50-150人,本科,B轮,企业服务,18.0,3-5年,,[],"
职责描述：1、完成数据分析项目的落地实施与客户维护，包括方案咨询、需求分析、实施落地、项目管理、it咨询等工作，确保解决方案有效的执行落地。2、为客户提供产品演示、产品培训、产品咨询以及技术支持，促进数据分析项目的成单、增销与推广；3、研究国内外的最佳解决方案实践，提炼、沉淀并形成解决方案积累；4、全程跟踪客户对产品的使用，维护客情，将客户的反馈进行归纳，与产品研发团队深入沟通，完善产品。任职要求：1、良好的英语书写与口语能力，cet-6以上，能使用英语作为工作语言；2、有2年以上tob软件售前／售后／咨询服务等相关经验；3、有良好的客户服务意识，有良好的人际沟通和项目管理能力；4、良好的逻辑分析能力和数据分析习惯，善于通过数据发现问题或机会；5、熟练使用sql，熟悉至少一种数据库（mysql、oracle等），对数据仓库、nosql和hadoop等有一定的了解；6、熟悉至少一款市场主流的商业智能（businessintelligence）产品，或参与过bi或大数据相关项目的建设；7、加分项：有大型外企工作经验或为大型外企提供tob服务经验
",0,1,0,0,0
1546,店铺数据分析,杭州微念品牌管理有限公司,杭州,150-500人,本科,B轮,电商,15.0,3-5年,,"[""技能培训"",""带薪年假"",""绩效奖金"",""岗位晋升""]","
        微念科技，老板超级nice,一言不合就搞福利，二言不合就甩红包，轻松的工作氛围，团队年轻活跃，美女帅哥多多，欢迎自荐推荐！加入公司，您将享有理想的工作环境和优厚的薪酬福利待遇。1、双休，除国家法定的节假日外，还享受带薪年假、婚假、丧假、产假、陪产假、三八妇女节假期等；2、拥有培训发展机会，完善的职业发展通道和晋升机制；3、公司内设茶水间、吧台，每天轻松一刻的下午茶时间，休闲一刻，等你来玩耍；未完待续，敬请期待……

岗位职责：
1.负责天猫等各电商渠道运营数据的采集、整理、汇总和分析；
2.用相关工具进行数据提取，分析顾客及市场特征，提供相应的运营建设；
3.制定相关数据标准，根据数据决定网店页面布局及宝贝关联，改进进店导流关键流程；
4.对竞争对手的产品及同类新产品进行定期数据监控，并形成对产品改进的有效建议；
5.定期进行数据分析报告撰写及数据汇报工作。

任职要求：
1.统计学等相关专业出身，2年电商数据运营相关工作经验，食品类目经验优先；
2.对数据和电商业务有足够敏感度和耐心，有较好的逻辑思维能力和数据洞察力；
3.有敏锐的数据意识，具备较强的数据分析能力，能够基于数据分析结果，提出合理的运营建议。


我们是一个成熟快速发展的企业，我们需要未来的你有冒险家的精神。
我们这里有年轻传奇的ceo。在这里，你会看到遇到各种小奶狗、小姐姐、大咖。
在这里你会看到世界另外一个样子。我们需求多元化的个性，你可以尽情发挥，但我们需要你在工作上全力以赴。
未来你将有机会参与公司核心层面的讨论，发挥你的价值。在你所在的岗位上，你将获得最前沿的行业动态，获得高效的成长。
我们虽不能帮你脱单，但我可以先帮你脱贫。
现在有一个机会摆在眼前，一个被90后欢声笑语包围的地方，今年，你会来吗？
请投递最新完整的简历，有助于我们更快速，更全面的认识你！
        ",0,0,0,0,0
1547,数据分析师(J10147),Babycare,杭州,2000人以上,本科,不需要融资,电商,12.5,1-3年,,"[""绩效奖金"",""交通补助"",""带薪年假"",""定期体检""]","
        工作职责:
岗位职责：
1、根据部门要求，按周、月更新、制作相关业务报表；
2、通过协助各部门的业务数据梳理，及时反映数据进展，为业务提升方向支持；
3、通过内部数据，平台数据分析，竞争对手数据，行业数据，社会趋势等的分析，为电商提供决策支持；
4、定期抓取数据并建立数据管理系统，协助各组进行数据统计与分析模型建立，提供数据支撑；
5、探索数据分析方法和业务中数据赋能的应用场景，推动有价值的数据应用方案；
6、配合上级完成其他各类数据挖掘分析，并促进转化。
任职资格:
任职要求：
1、本科及以上学历，统计学、数学等相关专业，2年以上电商运营数据分析相关工作经验；
2、具备较强文字分析和数据处理能力，能熟练完成抽取数据、制作图表、数字展示等流程；
3、熟悉数据分析与数据挖掘理论，熟悉常用的数据库和大数据技术工具， 至少能熟练地使用1种统计和数据挖掘软件；
4、能根据事业部各电商平台的运营需求,对数据进行专项分析,并给出建议；
5、逻辑思维能力强，强烈的数据敏感度，具备敏锐的洞察力和独立分析能力，有一定的影响力和预判性思维。
6、有一定的数据分析方法论的沉淀，职业规划目标清晰，有极强的自驱力。
        ",0,0,0,0,0
1548,数据分析师,杭州众数信息技术有限公司,杭州,15-50人,本科,不需要融资,数据服务,11.5,1-3年,,[],"
职位描述 1、负责数据库日常维护； 2、数据分析结合业务分析的能力；
3、数据可视化的能力，应用主流组件使用流畅；4、少量出差；岗位要求 1、具有一定的文案能力 2、能承受工作压力　　　 3、具备良好的团队意识 
",0,0,0,0,0
1549,数据分析专员,柒耀网络,杭州,50-150人,本科,未融资,电商,9.0,1-3年,,"[""年底双薪"",""绩效奖金"",""带薪年假"",""午餐补助""]","
        公司成立于2015年，2018年搬到杭州后更名为柒耀。公司是集生产、加工与销售为一体的网络科技公司。
        公司经营滋补产品，以海参、鲍鱼、鱼胶为主，公司旗下久年旗舰店连续三年都是行业类目top5以内，2019年双十一行业****。ka商家，店铺第七层级。
       公司自成立以来，始终坚持原产地实地采购、 坚持与符合国标的企业合作、 坚持以最严苛的方式把控质量关，为消费者提供货真价实的商品。
       随着国民生活水平和保健消费意识的不断提高，公司将深耕健康产业，坚持做的产品，致力于成为滋补品类中的新锐品牌。让真品不再难寻！

岗位职责：
1、构建电商业务指标体系，完善日常数据报告体系，能够及时、准确、完整的披露业务整体及各项目的运作情况；
2、收集并深入了解业务团队对数据的需求，专项分析渠道、用户、产品、活动等数据，输出专项分析报告，为电商业务运营、商业决策、品类、产品优化提供信息和数据支持；
3、能够持续动态的挖掘日常和历史业务数据，发现风险点和提升的机会点；并以数据为支撑协助领导分析业务中的异常情况；
4、负责开展竞品与市场分析，挖掘消费者需求与市场机会，并提供运营建议及新品开发方案；
5、负责搭建公司数据体系，包含需求调研，数据模型搭建，开发bi工具及数据产品；
6、协助公司新产品开发进度的跟进与协调，并负责领导交办的各项其他工作。

岗位要求：
1、本科及以上学历，3年以上工作经验，需具备电商行业数据分析相关工作经验；
2、熟悉数据可视化和应用模板开发及数据表格和数据分析工具的使用；
3、工作态度严谨，数据敏锐度高、较强的数据整理、统计和分析能力，较强的市场敏感度；
4、具备电商生鲜/滋补/食品类目新产品开发经验为佳。
",0,0,0,0,0
1550,高级数据分析师,潼澄网络,杭州,50-150人,本科,不需要融资,电商,21.5,3-5年,,[],"
岗位职责1、负责独立构建分布式大数据服务平台, 包含大数据存储, 离线/实时计算, 实时查询, 大数据系统运维等工作;2、基于大数据平台完成各类统计和开发任务,承担数据抽取、清洗、转化等数据处理；3、熟悉业务形态，参与需求分析和方案设计，包括不限于推荐模型、用户画像、商业预测等；4、协助承担架构性体系工作,配合制定技术实施方案;任职要求1、本科及以上学历,有3年以上数据分析开发相关工作经验;2、具备实际的大数据业务开发经验，熟悉 hadoop、spark、flink 等流批数据处理的开发经验，具备 sql、python 语言的开发能力，熟练掌握常用数据结构和算法;3、有数据仓库经验以及报表平台开发经验;3、具备较强的抗压能力，能接受加班工作，拥有自主学习能力，乐于接受挑战，保密意识强;4、有独立进行数据分析项目，特别是电商行业数据分析的优先考虑;
",1,1,0,0,0
1551,数据分析,昆明至鹏科技有限公司,杭州,150-500人,本科,未融资,电商,32.5,3-5年,,[],"

1、本科以上学历，3年以上数据分析经验，有团队管理经验优先
2、好奇心强，有数据探索精神，对数据分析有强烈兴趣者优先
3、性格严谨细致认真
4、有过成功业务优化经验者优先
5、有互联网公司数据分析，产品经理，运营经理，策略经理等多方面经验者优先
",0,0,0,0,0
1552,数据分析师G00078,斯凯,杭州,150-500人,本科,上市公司,游戏,18.5,3-5年,,"[""年终分红"",""绩效奖金"",""股票期权"",""五险一金""]","
        职位描述：
1.负责与医疗机构等客户的对接，获取医院管理和临床需求，通过数据去帮助客户发现问题和解决问题；
2.根据项目需求提取、清洗、转换和整合数据，进行深度研究和数据挖掘，根据数据分析和对业务形态的理解，将关键分析思路产品化，对公司产品研发提出合理化建议；
3.深度解读和分析行业相关数据的特点，跟踪学习数据挖掘、机器学习算法领域的前沿技术和业界先进应用，不断探索创新，通过技术驱动医疗数据价值的提升；
4.负责部门团队成员技术成长路径设计和培训；
5.完成公司安排的其他临时专项数据分析工作。
任职要求：
1.应用数学、统计学、计算机、经济学等相关专业，硕士或以上学历，3年以
上工作经验；
2.具备扎实的理论基础（统计分析、假设检验、预测模型），熟悉回归、分类、聚类、关联等算法，熟悉数据统计建模、数据挖掘、机器学习方法，有丰富的数据清洗、分析、挖掘和建模的经验；
3.具有强烈的好奇心、优秀的数据洞察能力，能从海量数据提炼核心结果；能系统化的分析问题的根源及因果，并确定核心关键点；
4.熟练应用r、python、sql、sas、spss等相关数据分析工具，熟悉医疗
数据、有医疗数据分析挖掘经验的优先；
5.良好的沟通能力和强烈的责任心，具有团队精神、工作认真踏实，能够承受一定的工作压力；
6.热爱并致力于在医疗大数据的方向发展优先。
        ",1,1,0,0,1
1553,资深数据分析师03-06-153,大搜车,杭州,2000人以上,本科,D轮及以上,汽车丨出行,30.0,3-5年,,"[""技能培训"",""Geek"",""开放"",""扁平管理""]","
        【岗位职责】
1. 对事业部及部门决策提供数据支持；参与各业务部门的重点项目，负责从数据的角度给出决策建议；
2. 数据提炼、分析、归纳用户属性、行为等信息，完成分析结果；
3. 处理用户海量数据，挖掘用户行为特征，为产品、运营提供参考依据；
4. 针对具体业务问题，研究影响用户的潜在因素，进行数据分析验证并提出改善举措；
5. 能实现业务所需的数据分析的应用系统开发。


【任职要求】
1. 本科或以上学位；数学、统计学、计算机、金融或相关专业；5年以上互联网数据分析工作经验；
2. 熟悉多种数据源深度诊断性组合分析、挖掘和建模、数理统计、数据分析、数据挖掘以及常用算法；
3. 熟悉sql语言，熟练操作excel，熟练使用1种以上数据分析和挖掘工具（如spss/clementine、sas/em、r等）；
4. 商业感觉敏锐，对数据敏感，能快速理解业务，能主动寻找业务各环节中数据分析的应用机会；
5. 良好的逻辑分析、文字表达及沟通推进能力，能独立完成专题分析及跟进落地；
6. 良好的学习与抗压能力，能自我驱动，有强烈的责任感。
        ",0,1,0,1,1
1554,数据分析师(J11715),微医,杭州,2000人以上,本科,D轮及以上,医疗丨健康,20.0,3-5年,,"[""五险一金"",""午餐补助"",""交通补助"",""定期体检""]","
        工作职责:
1、支持业务需求，完成部门内部交付的数据分析和挖掘任务；
2、对业务问题进行深入分析，能对关键分析思路进行产品化；
3、具有较强的团队合作精神，数据驱动业务迭代发展，沉淀分析框架；
4、流量分析、用户行为分析、竞品分析等业务分析经验者优先。
5、熟悉数据仓库模型设计，掌握常用数据建模方法经验者优先。
任职资格:
1、本科及以上学历，数学、统计学、计算机专业优先；
2、3年以上互联网数据分析经验，具备统计业务背景，大量数据处理经验，对用户分析、运营分析有深刻见解；
3、有一定的创新能力，在以往的数据分析、挖掘等工作中有自己独特的见解；
4、具有较强的逻辑思维能力、数据洞察能力和沟通协调能力，拥有强烈的责任心和团队合作精神；
5、具有探索精神，从数据中发现价值用以支持决策；
6、熟练掌握hive、spark等大数据工具，有数据仓库、数据分析的工作经验；
7、熟练掌握统计学方法，较强数学逻辑，对数据有较强敏感度。
        ",0,1,0,0,0
1555,数据分析专家-甘(J200605028),滴滴,杭州,2000人以上,本科,不需要融资,汽车丨出行,20.0,5-10年,,"[""弹性工作"",""节日礼物"",""岗位晋升"",""技能培训""]","
        岗位职责
1、理解商业模式，抽象业务逻辑，定义并持续跟踪关键指标
2、设计、开发并优化数据链路，保障数据能够准确、及时、全面反映业务状况
3、设计实验方案，深入分析并评估实验结果，输出关键洞见
4、构建数据模型，识别关键信息，提升业务理解深度，探索发现长期趋势及机会
5、探索发现决策机会点，配合相关团队推动优化动作落地
岗位要求：
1、2 年以上定量分析经验
2、四年制本科工程、数学、统计学等相关学位，硕士及以上学位优
3、具有使用 sql或 hive/hadoop 经验，有 r/python 使用经验优先
4、自我驱动，能够有效独立产出高质量分析
5、优秀的沟通和跨团队协作能力
        ",1,1,0,0,0
1556,经营数据分析专家,谊品生鲜,杭州,2000人以上,本科,B轮,消费生活,11.5,3-5年,,[],"
        岗位职责：
1、以财务数据资料为基础，系统归集和整理平台经营全过程中关键数据资料；
2、基于数据分析，为业务部门提供商业策略分析和业务优化建议，持续改进运营效果，含用户留存分析，商户运营及品类分析，物流分析，经营规划等；
3、通过专题数据分析来发现问题，实现数据驱动，提升交易运营效率，扩大市场份额，提升交易、物流的协同联动；
4、提升团队的整体数据分析、财务分析、数据运营等能力。
任职资格：
1、本科及以上学历，工商企业管理、财务管理、会计等相关专业优先；
2、有互联网行业或生鲜零售行业经营分析工作经验优先；
3、有很好的大局观以及系统化、体系化思维能力，有足够的数据敏感度，能提前发现问题发展趋势并组织协调解决，具备较强的工作推动能力，善于学习、敢于挑战高目标。
        ",0,0,0,0,0
1557,数据分析支持G00495,心怡供应链,杭州,2000人以上,本科,C轮,企业服务,30.0,5-10年,,"[""年底双薪"",""带薪年假"",""午餐补助"",""绩效奖金""]","
岗位职责：1、仓配物流网络中长期规划，包含开搬扩缩关仓以及配送路由线路优化；2、与供应链部门协同，保障日常与大促仓容需求能力匹配；3、物流全链路成本&时效优化，当前主要聚焦猫超行业，未来会拓展至阿里健康等集团内业务线。岗位要求：1、需要对excel、ppt使用精通，对visio、project、sql语言有所掌握；2、思维逻辑缜密、条理清晰，能够在excel表格中搭建简洁清晰测算模型；3、工作内容会更多的和供应链规划&计划、财务分析等部门交互协同。
",0,1,0,1,0
1558,行业数据分析,涂鸦智能,杭州,500-2000人,本科,C轮,硬件,25.0,5-10年,,"[""5星办公环境"",""年底奖金"",""团队牛B"",""五险一金""]","
        职位描述：
1、负责公司各行业各项数据专题分析相关工作；
2、建立数据化运营体系，搭建全链路业务数据指标体系，能够根据指标监控体系找出影响业务增长核心因素；
3、全面分析行业市场现状及行业数据，提供对应行业的市场分析报告，并能够结合业务方向，分析核心关键点，给出业务方向；
4、专题性分析，能够提供专题分析报告，帮助业务发现问题，挖掘潜在机会，提供商业建议。


职位要求：
1、好奇心强，求知欲强，有钻研探索精神，对数据分析有强烈兴趣者优先；
2、sql、python、bi及数据库处理技能扎实；
3、有过行业专业性分析经验者优先；
4、有咨询公司分析工作、用研公司等方面经验者优先；
5、有数据敏感度，能够从大量数据中提炼核心结果，有数据分析、清洗、挖掘经验者优先；
6、性格严谨细致认真。
        ",1,1,0,0,0
1559,数据分析师 (MJ000129),微拍堂,杭州,500-2000人,本科,A轮,电商,30.0,5-10年,,"[""岗位晋升"",""年度旅游"",""年底双薪"",""午餐补助""]","
        1. 完善微拍堂指标体系并基于业务监控指标体系，及时发现与定位业务问题；
2.负责监控项目上线效果情况，主动分析项目上线利弊点，为项目提供可行性参考建议；
3. 通过专题分析，对业务问题进行深入分析，为业务运营决策提供数据支持； 
4. 沉淀分析思路与框架，提炼数据产品需求，协作并推动数据产品落地； 
5. 通过数据分析结合实际业务需求推动数据化运营； 


岗位要求
1.数学、计算机、统计学等相关专业本科以上学历，3~4年以上相关工作经历; 
2.熟练掌握多种统计和挖掘方法，熟练使用hive查询数据、熟练使用spss、sas、python等相关软件；
3. 熟练独立编写商业数据分析报告，及时发现和分析其中隐含的变化和问题;
4. 良好的数据敏感度能从海量数据提炼核心结果，有丰富的数据分析、挖掘、清洗和建模的经验; 
5. 有数据模型建立和运营经验、数据化运营经验、数据类产品类规划经验，尤其是互联网相关的优先;
        ",1,1,0,0,1
1560,BI商业数据分析师 (MJ001505),海拍客,杭州,2000人以上,本科,D轮及以上,电商,15.0,5-10年,,"[""股票期权"",""带薪年假"",""绩效奖金"",""年终分红""]","
职位描述
1、根据业务场景，构建业务指标体系，建立和完善日常业务报告体系，能够及时、准确、完整的披露公司整体及各项目的运作情况；
2、通过专项分析，输出专项分析报告，为业务模块的决策和产品方向提供数据支持；
3、能够持续动态的挖掘日常的业务数据，发现业务的风险和机会点。

岗位要求：
1、5年以上工作经验，3年以上数据分析/挖掘相关工作经验；有互联网、物流、分销渠道相关行业经验；
2、具有深厚的数学、统计学和计算机相关知识，精通sql等数据查询语言及sas,r等统计分析软件，熟悉数据仓库，具有海量数据挖掘、分析相关项目实施经验，参加过完整的数据挖掘项目并有成功案例；
3、对商业和业务逻辑敏感，具备良好的逻辑分析能力和系统性思维能力，良好的跨团队的沟通能力 ；
4、数字敏感度高，具备较强的分析总结能力，具备良好的数据呈现能力，包括ppt展示和讲解能力。
",0,1,0,0,1
1561,金融数据分析师（XD） (MJ000733),连连支付,杭州,500-2000人,本科,不需要融资,移动互联网,25.0,3-5年,,"[""年底双薪"",""节日礼物"",""免费班车"",""股票期权""]","
        岗位职责：
1、针对互联网金融业务，设计并优化支持业务进展、资产质量、运营转化、成本核算等监控分析的核心指标及报表体系，利用自助式bi工具建立每日监控、定期分析机制；
2、对各产品不同阶段用户进行分层，结合各类用户特征及表现，分析客群营销促动影响因素，产出分析结果及对应策略建议，配合产品运营团队，在流量分发、营销转化等上进行实践应用；
3、整合多种客户特征数据，刻画用户分层画像，配合风控及产品运营团队在营销运营及贷中风险经营上实践应用；
4、沟通理解业务方数据提取和分析需求，结合自身对业务的理解和业务数据的敏感，通过数据分析洞察业务，支持需求的同时主动输出策略建议；

任职标准：
1、全日制本科及以上学历，计算机、金融或数据统计专业，3年及以上数据分析相关经验，有金融背景的优先 ;
2、熟练掌握sql，tableau；熟悉至少一种常用数据库，熟练使用excel、r、python等至少一种分析工具；兼具数据分析及数据开发经验者优先；
3、熟悉互联网金融业务指标体系及分析方法，具备强逻辑能力、举一反三的主动思考能力，能快速理解业务并能用数据表达业务，发挥数据对业务推动的价值；
4、了解统计学常识，可以利用统计学相关知识服务于工作；
5、对于业务数据足够严谨、细心、耐心，能敏锐发现数据问题并推动治理
        ",1,1,1,1,0
1562,业务与数据分析师实习生（每周至少实习3天以上）,览众数据,杭州,150-500人,本科,B轮,人工智能,4.0,应届毕业生,,"[""技能培训"",""股票期权"",""带薪年假"",""绩效奖金""]","
        职位描述：
1.进行需求调研、蓝图设计；负责poc项目提供数据分析和建模支持，使用公司产品和其他模型等工具进行数据分析。
2.对项目的目标、进度、风险进行跟踪，收集并跟进解决项目实施过程中的各类问题；
3.依照项目管理流程跟进及确认项目各阶段交付物的按时提交，并负责项目文档资料的整理与存档； 
职位要求
1.信管、计算机、统计、供应链及相关专业,本科及以上学历；具备供应链管理相关经验尤佳；
2.掌握excel、sql，熟悉python/r 等数据分析工具，拥有海量数据处理分析能力，对数据具备敏感度； 
3.在校大三、研二学生，每周实习至少3天以上，至少实习3个月；
加分项：
1.有数据分析经验优先； 
2.了解供应链管理知识优先； 
3.了解erp系统优先；
        ",1,1,0,1,0
1563,业务与数据分析师,览众数据,杭州,150-500人,本科,B轮,人工智能,18.0,3-5年,,"[""技能培训"",""股票期权"",""带薪年假"",""绩效奖金""]","
        职位描述：
1. 在售前和项目阶段提供数据分析和建模支持。
2. 使用公司产品和其他模型等工具进行数据分析。
3. 理解客户业务，同客户业务结合，初步探索企业客户问题。
4. 准备售前和项目汇报用ppt。
职位要求：
1. 热爱数据分析，善于从数据中发现问题热爱数据分析，善于从数据中发现问题；
2. 具有一般水平的数学、统计学和计算机相关知识，了解数据仓库，数据挖掘以及机器学习；
3. 理解并能使用常用的基本模型；
4. 熟悉使用excel、ppt、word等办公软件；
5. 具备良好的学习能力、逻辑分析能力、数据分析能力、组织沟通能力、执行能力、书面及口头表达能力、团队精神。
6. 曾经参与过数据采集、整理、分析等工作或实践者优先考虑；
7. 商业和业务逻辑敏感者优先考虑；
8. 对sql, python, kettle及etl熟悉者优先考虑。
9.服装行业背景优先考虑。


",1,1,0,1,0
1564,大数据分析工程师(J11108),朗新科技,杭州,2000人以上,本科,上市公司,企业服务,11.5,应届毕业生,,"[""技能培训"",""年底双薪"",""带薪年假"",""岗位晋升""]","
        工作职责:
1.进行大数据相关产品的研发，包括时序存储、流计算、离线分析等
2.利用统计，机器学习，深度学习等算法解决问题，将人工智能算法应用到各种应用场景
任职资格:
1、2020届全日制本科及以上学历应届毕业生，计算机/软件工程/信息管理/数学与应用数学等理工科类专业；                                                                           2、熟悉java、scala，熟悉数据结构与算法设计，了解并发程序设计，熟悉python、、octave等某一种的开发经验
3、对hadoop、spark、flink、hive、hbase等有过开发经验，对分布式消息中间件以及分布式数据库有过开发经验
4、具有很强的数据分析能力与敏感度，能快速从给定的数据中找出规律
5、有扎实的基本功和良好的逻辑思维能力
        ",1,1,0,0,0
1566,BI数据分析,51信用卡管家,杭州,500-2000人,本科,上市公司,金融,15.0,1-3年,"[""16薪""]","[""节日礼物"",""专项奖金"",""带薪年假"",""扁平管理""]","
工作内容：
1、建立和完善贷后报表体系，负责数据的收集整理，制作和维护日常报表;
2、监控风险指标，跟进和分析策略执行情况，提出策略优化建议;
3、对于指标波动等情况进行数据分析，出具分析报告，提出有效建议。

任职资格：
1、本科及以上学历，数学、统计、金融等理工类专业;
2、2年以上金融行业或银行风险管理或数据分析相关工作经验;
3、熟练使用sas、sql、python或r中的一项或几项工具进行数据分析;
4、具有良好的风险敏感度和优秀的数据分析技能，注重业务逻辑与数据逻辑相结合，执行能力和落地能力较强。
5、有责任心，工作态度认真，能适应较高强度的工作压力。
",1,1,0,0,1
1567,高级/资深 数据分析师,酷家乐,杭州,500-2000人,本科,D轮及以上,房产家居,21.5,3-5年,,"[""两次加薪"",""弹性工作"",""期权丰厚"",""两次晋升""]","
        1，负责酷家乐业务数据分析，包括报表设计、数据建模等；针对产品和用户，有能力在海量数据中进行特征提取与分析； 
2，配合业务线对其业务数据进行深度分析与挖掘，提供数据支撑，并持续优化分析系统；能独立完成业务数据建模；并将结果转化为运营指标； 
3，完善数据报表体系，及时准确监控运营状况，并提供专业分析报告。


岗位要求： 
1. 熟悉并热衷于互联网产品，对业务有敏锐的观察力和数据洞见，有tob或财务经营数据分析者优先； 
2. 精通hive sql，有阿里云maxcompute平台使用经验者优先； 
3. 对数字有敏锐的观察力，喜欢和数字打交道，严谨细致； 较强的分析能力，逻辑推理能力； 
4. 较强的书面及口头表达能力； 具有较强的自主学习能力，乐于接受挑战； 
5. 有责任心、具有团队合作精神，能承受一定的工作压力。
        ",0,1,0,0,0
1568,BI数据分析师,天猫,杭州,2000人以上,本科,上市公司,电商,25.0,3-5年,"[""16薪"",""一年调薪2次""]","[""技能培训"",""年底双薪"",""节日礼物"",""绩效奖金""]","
职位描述：
1、通过业务了解，构建完善的客户体验业务监测体系，有效披露业务进展与风险；
2、从市场环境与客户体验出发，分析洞察影响客户体验的问题，提出有价值的业务机会，辅助业务决策；
3、独立承担复杂分析任务，擅于运用各类数据分析技术，实施深度数据诊断，并能沉淀关键分析思路，推动产品化进程；
4、积极进行跨部门沟通与协作，主动推动业务发展和体验改善。
职位要求：
1、统计、数学、计算机本科及以上学历，三年及以上相关工作经历；
2、有丰富的数据分析挖掘经验，并能灵活运用于实践。有较强的逻辑思考能力，能独立撰写思路清晰的分析报告。较强的商业观；
3、察能力和判断能力，能主动推动业务落地；
4、掌握sql等代码编写，熟悉常用算法模型，如聚类、关联和分类等，熟练操作excel、r等工具
加分项：
有咨询公司、大型电商、互联网背景优先；
每段工作履历2年以上优先；
国内外高校硕士、博士优先；
",0,1,0,1,0
1569,金融数据分析师,贝贝集团,杭州,500-2000人,本科,D轮及以上,电商,25.0,3-5年,,"[""生日趴"",""每月腐败基金"",""每月补贴"",""年度旅游""]","
岗位职责：
1、通过用户电商、网站、信贷等数据挖掘用户特征；
2、分析各资产方用户特征及资金方的用户特征，提升资金资产分发匹配率；
3、结合业务情况，独立开展专题性分析包括但不限于流量利用优化、用户画像、触达分析等，最终产出结论及建议有效落地于业务中；
4、结合传统风控模型理论，综合管理及探索多家合作机构的风控策略，实现多产品线、多合作机构的标准化和差异化策略管理；
5、定期进行经营状况的全面诊断，发现业务问题和机会点，为上层决策提供参考；

岗位要求：
1、本科以上学历，数学、统计、金融分析等理工科专业优先；
2、三年以上工作经验，有2年以上大数据分析及建模经验优先；
3、熟悉基本机器学习框架，有过相关机器学习项目落地经验； 
4、熟练掌握python、r、sas等一种或多种语言；
5、有智能分发、精准营销、推荐算法经验、独立负责过大型数据分析项目的优先。
",1,0,0,0,1
1571,数据分析师(J10642),Babycare,杭州,2000人以上,本科,不需要融资,电商,17.5,1-3年,,"[""绩效奖金"",""交通补助"",""带薪年假"",""定期体检""]","
        工作职责:
1、梳理业务逻辑，构建业务指标体系，输出数据报告，进行可视化，并基于指标及时发现与定位业务问题；
2、对业务数据进行分析，找到业务增长的改进点，利用数据驱动业务；
3、与产品经理、数据工程师协作，共同完成改进点的上线实施，迭代式地实现数据驱动业务增长；
4、通过专项分析，输出专项分析报告，为业务模块的决策和产品方向提供数据支持；
5、能够持续动态的挖掘日常的业务数据，发现业务的风险和机会点。
任职资格:
1、计算机、统计、数学相关专业优先，精通 sql 以及至少一种脚本语言，熟练使用常见的数据分析工具；
2、对全生命周期的数据工作有深刻理解，包括：埋点与日志解析、数据仓库建模、数据可视化、数据分析与建模；
3、熟练使用hive，熟悉python/scala等语言，能独立完成相关的数据分析工作；
4、能独立完成数据提取与清洗，分析业务问题，并基于分析结论提出产品改进方向；
5、负责多维数据模型的规划与设计、业务数据报表需求分析、设计、落地，为业务及管理层提供决策支持。
        ",1,1,0,0,0
1572,高级数据分析师 (MJ000038),Club Factory,杭州,500-2000人,不限,D轮及以上,电商,22.5,不限,,"[""海量大数据"",""世界级产品"",""AI"",""智能供应链""]","
工作职责：
1.基于跨境电商的业务场景，理解业务指标体系，监测和衡量业务运营状况；
2.分析选品、流量运营、采购、供应链各环节数据，发现业务的风险和机会点，提升业务效率；
3.深入分析用户行为，获得洞察。设计商业优化方案，推动增长。
任职要求：
1. 3年以上互联网行业数据分析挖掘经验，有成功落地的商业分析案例，对用数据驱动业务增长充满激情；
2.逻辑严密，优秀的分析能力和数据呈现能力；
3.出色的统计学基础，熟练使用sql、python、r等工具。
",1,1,0,0,0
1573,bi数据分析师,银泰商业集团,杭州,2000人以上,本科,不需要融资,移动互联网,27.0,5-10年,,"[""通讯津贴"",""岗位晋升"",""阿里团队"",""技术大牛云集""]","
        1、通过对业务的深入了解，运用业务、财务数据，构建业财一体的数据监测体系，能够有效地披露业务进展与风险；

2、从市场环境与业务发展出发，分析洞察影响市场销售、利润相关的各类问题，提出有价值的潜在业务机会，辅助业务决策；

3、独立承担复杂分析任务，擅于运用各类统计分析，机器学习等专业技术，实施深度数据诊断，并能总结沉淀关键分析思路，推动产品化进程；

4、积极进行跨部门沟通与协作，主动推动业务发展和盈利改善。

职位要求
1、统计、数学、信息技术、生物统计、计算机本科及以上学历；三年及以上相关工作经历 ；

2、掌握hive、sql等相关代码编写；熟悉常用算法模型，如聚类、关联和分类等；熟练操作r、python等工具；

3、有丰富的数据分析、挖掘经验，并能灵活运用于实践，有较强的逻辑思考能力，能够有清晰的口头及书面表达能力，能独立撰写思路清晰的分析报告

4、较强的商业观察能力和判断能力，对所洞察到的商业机会能主动推动相关业务方落地。
        ",1,1,0,0,0
1574,数据分析师（舆情）,公苑科技,杭州,150-500人,本科,不需要融资,文娱丨内容,17.5,3-5年,,"[""午餐补助"",""带薪年假"",""六险一金"",""阿里生态""]","
        岗位职责
1.构建全面的能反映公关传播、舆情风险关键指标体系，并基于指标体系，及时发现与定位业务问题。
2.通过专题分析，对关键业务问题进行深入分析，为公关传播提供数据支持。
3.针对重点传播项目进行专题分析，提供决策依据。
4.沉淀分析思路与框架，提炼数据产品需求，与相关团队协作并推动数据产品落地。

职位要求
1.统计、数学、信息技术、商业分析本科以上学历。
2.3年以上大型企业为管理层提供决策支持的商业分析类或市场分析类岗位工作经历。
3.良好的商业理解力和数据敏感度，熟练运用sql，能从海量数据提炼核心数据指标。
4.良好的沟通能力，有丰富的跨部门项目经验，能够独立推进分析项目。
5.经济学研究背景优先。
        ",0,1,0,0,0
1575,数据分析工程师,老板电器,杭州,2000人以上,本科,上市公司,电商,25.0,5-10年,,"[""午餐补助"",""绩效奖金"",""定期体检"",""技能培训""]","
        职责描述：
1、通过数据洞察发现问题及分析场景，撰写分析报告及建议解决方案，推动业务变革；
2、使用常用的数据分析及挖掘算法模型，按需求建立模型，为业务提供决策支持；
3、面向用户、业务部门发布数据报告，参与数据产品及数据可视化建设；
4、挖掘用户、设备数据，为决策提供数据支撑。
任职要求：
1、统招本科及以上学历，5年以上数据分析或数据挖掘经验；
2、熟悉常用的数理统计理论、数据分析方法及挖掘算法；
3、掌握r、python、spss等分析挖掘工具；
4、熟练使用办公软件，有较强的报告撰写能力及一定的汇报能力；
5、熟悉大数据体系基本架构。
        ",1,0,0,0,1
1576,数据分析工程师,创客矩阵咨询,杭州,少于15人,不限,未融资,数据服务、教育,45.0,应届毕业生,,[],"
1.远程工作2.项目经验多者优先3.科研竞赛成果多者优先4.具体可以详细了解
",0,0,0,0,0
1577,商业数据分析,盛锋咨询,杭州,50-150人,本科,未融资,数据服务,7.0,3-5年,,[],"
数据分析的职位描述岗位职责：    1 负责项目数据质量的复核及统计分析；    2 负责项目配额控制表的设计制作；    3 负责项目执行任务与调查问卷的发布；    4 负责数据挖掘与分析技术的改进；    5 领导交办的其他本职相关工作。        任职资格： （请仔细阅读理解）    1 喜爱数据统计分析和市场研究工作；    2 认真负责，善于沟通表达；    3 统计学、计算机信息与科学等相关专业本科以上学历；    4 熟练掌握excel操作技能、数据透视、函数、vba；    5 熟练掌握word、ppt操作技能；    6 熟练掌握sql数据库的优先；  
",0,1,0,1,0
1578,BI（高级数据分析师）,虎虎科技,杭州,50-150人,本科,不需要融资,移动互联网,30.0,3-5年,,"[""节日礼物"",""技能培训"",""绩效奖金"",""年度旅游""]","
工作职责：
1、用数据和数据技术去理解产品效果，从数据中获取洞见，影响和参与到产品的决策和迭代
2、理解并构建现金贷业务的运营指标体系
3、负责数据产品的设计、数据开发与维护，对数据产品的使用成效负责
4、负责用户特征的挖掘与分析，推动用户特征用于实际业务中并产生可量化的商业价值
5、提升团队成员的数据分析、数据挖掘和数据开发能力

任职要求：
1、本科及以上学历，计算机，数学，物理等相关背景优先
2、 3年以上工作经验，1年以上管理经验
3、熟练使用sql，有实际使用python进行数据开发、处理和分析的经验
4、 对数据敏感，有好奇心，能从海量数据中发现数据价值，有互联网、金融行业数据分析经验者优先
5、有较强的学习能力和良好的沟通能力，有自驱力，能承担压力，工作结果导向
",1,1,0,0,0
1579,Python开发工程师（数据分析、算法方向）,追游科技,杭州,少于15人,本科,未融资,数据服务,12.0,不限,,"[""绩效奖金"",""定期体检"",""交通补助"",""五险一金""]","
岗位职责（全职、实习均可）：
1、编写该传感器模拟输入输出的算法模型工具；
2、利用数据，训练制作用于预测的深度学习算法。
技术要求：
1、扎实的数学基础，本科以上学历；
2、熟练使用python语言，有较强逻辑推理和python编码能力；
3、熟悉numpy、scipy、matplotlib等科学计算库，能独立完成数据模型建立；
4、熟悉机器学习常用算法，了解深度学习算法，理解迁移学习原理并做过尝试；
5、科研能力，学习能力强，能搜索国内外相关文献，阅读文献；
6、具备良好的团队合作精神和沟通表达能力。
",1,0,0,0,0
1580,阿里巴巴－业务中台高级数据分析工程师,阿里巴巴-B类事业群,杭州,2000人以上,本科,上市公司,电商,30.0,1-3年,,"[""年底双薪"",""绩效奖金"",""带薪年假"",""股票期权""]","
阿里巴巴－业务平台数据研发／数据分析招聘
＝＝＝＝＝＝＝＝＝＝＝＝＝＝＝＝＝＝＝＝

业务平台事业部－2015年底，阿里巴巴全面启动集团中台战略，构建符合dt时代的更创新灵活的“大中台，小前台”。 业务平台事业部是阿里巴巴商业操作系统的基石，是中台新零售战略的主阵地，由会员、商品、店铺、营销，交易、资金、数据等多个核心业务平台组成，高效高质量地支持阿里巴巴集团业务的全球化布局和创新性发展。在这里你可以参与构建阿里巴巴商业操作系统，你可以提升对未来技术的洞察能力，并探索未来商业的创新，同时，我们有成功的经验帮你在阿里落地与成长。

作为业务平台事业部的数据团队，我们承载了业务平台数据智能化的核心工作，包括1）阿里巴巴会员，商品，店铺，营销，交易，资金等核心商业要素（经济体高效运转）的数据智能化以及知识图谱工作，2）阿里巴巴商业能力构建（经济体创新效率）的需求，研发，测试，运维，运营的全流程的数据智能化工作 3）阿里巴巴安全生产与技术风险（经济体双11等核心技术）数据智能化工作，使得包括淘宝，天猫，盒马，飞猪，饿了么等阿里巴巴各项核心业务能够快速智能的获得集团业务中台能力的支持，让商业创新更简单，更高效，更智能！

如果你对数字化的商业发展，复杂变化的业务场景以及其支持的核心系统有数据化智能化的经验，对企业数字化转型中的核心数据技术（数据研发，数据分析，数据挖掘，数据科学等）的深度和体系有追求，对商业的本质以及技术创新新商业感兴趣，欢迎加入阿里巴巴业务平台事业部数据团队。

部门关键词： 阿里巴巴商业操作系统，阿里巴巴“新零售”中台，阿里巴巴知识图谱引擎（“藏经阁”），双11电商核心技术
工作地：杭州

职位描述：
＝＝＝＝
1. 为阿里巴巴电商／本地生活等核心业务以及商业要素，商业能力，技术创新和安全生产系统建立完整、科学的指标监控、报告，评估与优化体系；
2. 基于阿里内外部的商业要素数据，剖析问题、发现机会，并提出有落地可能性的商业策略建议或解决方案，让经济体人，货，场以及资金运转更智能，让业务管理和高层战略决策更高效。
3. 基于阿里商业能力研发和创新效率量化数据，洞察分析阿里体系内商业能力矩阵优化，发现新商业能力布局的机会点，降低商业能力研发门槛，提升商业能力交付体验，让经济体商业创新更高效。
4. 基于阿里安全生产与技术风险系统数据，建立数据化的经济体技术体检系统，识别与解决当前以及未来的阿里技术“健康”风险，让包括双11大促等核心业务活动在内的阿里经济体运转更轻松安全。
5.建设支撑以上数据化目标的核心数据科学，数据分析挖掘以及数据资产研发管理体系，沉淀核心能力并产品化赋能阿里内外业务。


职位要求：
＝＝＝＝
1. 统计、数学、计算机，大数据相关专业，本科及以上学历，至少2年以上国内外知名公司的数据研发etl／数据分析／数据挖掘工作经验；
2.数据研发岗位：熟练掌握大数据研发技术，对分布式数据处理系统（hadoop，flink，spark，storm等）了解，能灵活运用sql进行海量数据的etl加工处理，并根据业务目标建立数据集市以及业务数据指标体系，为业务提供准确，高效以及安全的数据服务，有数据建模，数据架构，数据资产管理等经验者优先。
3.数据分析岗位：对数据敏感，能熟练运用sql和python等语言，喜欢并善于从海量数据中发现规律，并能基于业务目标确定指标体系，熟练应用数据分析技术帮助业务分析洞察机会点，并用简洁而清晰的方式呈现数据分析背后的商业逻辑和关键洞见，有管理咨询、商业分析，以及应用算法进行数据挖掘等经验者优先。
4.逻辑思维强，有良好的学习以及沟通能力，可以进行跨团队、部门沟通及资源整合工作，能够独立体系化地开展项目；
5. 较强的抗压能力，能在迅速变化的商业环境和动态的业务需求中，抓住重点并交出有质量的产出。
",1,1,0,0,0
1583,高级/资深数据分析师-人力资源部034,网易,杭州,2000人以上,本科,上市公司,电商,20.0,5-10年,,"[""节日礼物"",""技能培训"",""免费班车"",""带薪年假""]","
        【职位描述】
1、负责人力资源业务的数据分析工作，需求调研、数据分析挖掘、报表报告制作；
2、结合业务目标，搭建人力资源管理指标体系；结合组织、人才等主题进行分析模型建设；
3、能够与业务方沟通，从数据角度独立分析业务中存在的问题，提出可执行的建议，推进业务更好发展；
4、具有数据科学相关知识，能够在业务需求中进行算法应用；

【职位要求】
1、数据驱动，业务导向，具备良好的沟通能力和团队协作精神，有独立开展分析研究项目经验；
2、逻辑分析能力&可视化具象表达能力，掌握hive、sql等相关数据提取工具，熟练使用excel、spss、ppt，能够使用python或r等开发语言；
3、有人力资源领域咨询、数据分析经验的优先；
4、本科以上学历，统计学/经济学/计算机等相关专业。
        ",1,1,0,1,1
1584,数据分析师,个推,杭州,500-2000人,本科,上市公司,移动互联网,12.5,应届毕业生,,"[""数据智能"",""上市公司"",""股票期权"",""年底双薪""]","
        【2021年校招岗位，欢迎2021年之后毕业的同学投递简历】
工作内容：

1、深入理解业务需求，利用大数据分析的手段，发现具体问题和机会，推进业务演进，打造高质量数据业务服务；

2、构建全面的、准确的、能反映服务业务线特征的整体指标体系, 并基于业务监控指标体系，及时发现与定位业务问题；

3、通过专题分析，对业务问题进行深入分析，为团队运营决策、产品方向、服务售策略提供数据支持；

4、沉淀分析思路与框架，提炼数据产品需求，与相关团队（如技术开发团队）协作并推动数据产品的落地；

5、与相关团队协作进行数据建模工作，推动部门的数据化运营能力提升。

3. 每日跟踪关键指标数据与监控报告，及时发现问题并反馈

4. 针对项目问题进行深入的数据分析，查找原因，产出分析报告

5. 协助数据分析师优化旅游数据建模方案


岗位要求：

1. 数据敏感，责任心强

2. 熟练掌握excel处理和分析数据的方法

3. 了解并熟悉接口类产品运营模式以及旅游大数据行业发展现状

",0,0,0,1,0
1585,市场与用户研究经理——数据分析方向,字节跳动,杭州,2000人以上,本科,C轮,文娱丨内容,22.5,3-5年,,"[""扁平管理"",""弹性工作"",""大厨定制三餐"",""就近租房补贴""]","
        职位职责：
1、深度参与游戏从设计开发到发行运营的全流程，评估并不断提升游戏的用户体验水平；
2、在海量用户和数据的支持下，通过数据挖掘和数据分析等专业的方法开展市场分析和用户研究，为游戏提供优化方案和指导意见；
3、深入了解国内和海外市场，关注行业前沿动态，为公司在相应业务上的战略决策提供支持。
职位要求：
1、本科及以上学历，专业不限，心理学、计算机、统计学，自动化，金融，经济等相关专业优先；
2、外语能力强优先；
3、具备良好的问题分析和解决能力，有很好的逻辑思维能力，有很好的数据敏感度；
4、熟悉各类研究方法和数据分析方法，精通数据库理论和sql语言，掌握至少一门计算机语言，如c/c++、python、r等。
5、沟通和表达能力强，能够清晰的讲解分析方法、过程和结论；
6、热爱游戏，有丰富的游戏经验，有志于投身游戏行业；
7、2年以上相关领域工作经验，具备独立主导项目的经验。
        ",1,1,0,0,0
1586,资深数据分析师,单创,杭州,500-2000人,本科,未融资,电商,22.5,5-10年,,"[""带薪年假"",""通讯津贴"",""午餐补助"",""定期体检""]","
        岗位职责：1、负责公司整体bi建设，带领团队进行战略和业务分析，为业务决策提供有力支撑；2、管理培养bi和数据产品团队，提高团队的整体能力；3、领导和推动公司各个业务方向的bi系统建设，满足公司各个团队的核心业务数据分析需求，同时抽象出更高层次的数据逻辑，反向指导业务方向；4、对数据敏感，搭建并管理整个平台的数据链路。岗位要求：1、逻辑严谨、结构清晰、能够快速有效地通过数据分析为企业经营过程中所面临的复杂问题提供解决方法；2、能够通过高效的沟通表达技巧，理清方案，挖掘深层次的问题解决需求；3、工作主动、高效领导团队、乐于培养团队；4、有5年以上bi相关工作经验，有数仓建设相关经验优先；5、咨询公司，互联网公司经验优先。
        ",0,0,0,0,0
1587,数据分析师,橙鹰,杭州,150-500人,本科,不需要融资,数据服务,22.5,3-5年,,"[""年底双薪"",""带薪年假"",""午餐补助"",""定期体检""]","
""岗位职责：1、负责日常业务数据的统计与分析，产出常规业务数据报表，形成专项分析报告。2、对现有用户相关数据进行分析，提炼用户分类、画像和行为等，不断发现问题和提升空间。3、协助运营策划制定和落实不同层级用户维护策略和活动方案，以提升用户活跃度、留存等为目标。4、完善数据分析工具或面板，协助常规报表的自动化处理，提升团队的工作效率。""            ""胜任力要求：1、有tob、tog、会员、数据分析等相关工作经验者优先；2、熟练使用sql、tableau、power bi，bi背景优先；3、具备较强的数据处理、分析能力，逻辑思维强，能够独立完成数据分析报告。4、能吃苦耐劳，积极乐观，自我驱动型强。""
",0,1,1,0,0
1589,数据分析工程师（21届校招）,个推,杭州,500-2000人,本科,上市公司,移动互联网,12.5,应届毕业生,,"[""数据智能"",""上市公司"",""股票期权"",""年底双薪""]","
        工作内容：
1、深入理解业务需求，利用大数据分析的手段，发现具体问题和机会，推进业务演进，打造高质量数据业务服务；
2、构建全面的、准确的、能反映服务业务线特征的整体指标体系, 并基于业务监控指标体系，及时发现与定位业务问题；
3、通过专题分析，对业务问题进行深入分析，为团队运营决策、产品方向、服务售策略提供数据支持；
4、沉淀分析思路与框架，提炼数据产品需求，与相关团队（如技术开发团队）协作并推动数据产品的落地；
5、与相关团队协作进行数据建模工作，推动部门的数据化运营能力提升。

欢迎所有优秀的21届理工科专业的同学们投递简历~
来个推，成为最牛的自己
【数据之美】亿万级技术应用场景，数千种画像标签，一起领略数据之美；
【极客技术】真正的高并发，实时触达，极客牛人定义极客技术；
【码出温度】杭州健康码，地震速报······参与最具社会责任感的项目，赋予数据温度；
【大咖云集】有趣有料的新兵训练营，创始大佬面对面授课、牛人导师手把手帮带；
【指数成长】指数级成长速度，从校招生到leader，从单兵作战到多兵种指挥战斗，用无限可能回报卓越人才；
【乘风破浪】平均年龄27.8岁，够年轻、够创新、够牛、够拼，一起乘风破浪走上人生巅峰；

个推鲸彩大礼包
offer大约是：16-18薪！听说有人能拿20薪？每年2次调薪机会！在个推，一切皆有可能~
360度成长计划：95后储备干部计划、管培生、头狼精英计划、新人袋鼠计划、智狼计划、利刃计划、特种兵计划、虎鲸计划、技术嘉年华、boss shit、vip面对面，快乐学习，天天向上！
福利至少包括：年度体检、年度旅游、带薪年假、小仙女生理假、餐补、商务通讯补、节日礼物、7*24小时免费健身房等；
吃货世界：无限量零食、水果；无数团建、温馨晚餐吃吃；员工家属开放日、月度生日party吃吃吃！（白白胖胖，充满希望！）
无社团，不青春：美食社团、狼人杀社团、游泳社团、健身社团、羽毛球社团、篮球社团、宠物社团……


",0,0,0,0,0
1590,资深数据分析师,单创,杭州,500-2000人,不限,未融资,电商,22.5,不限,,"[""带薪年假"",""通讯津贴"",""午餐补助"",""定期体检""]","
        岗位职责：
 1、搭建供应链和客服业务相关的数据体系，包括数据指标体系、临时需求和项目分析；
 2、能够结合业务实际情况，设计科学数据指标，衡量业务现状；
 3、通过数据搭建、数据分析，推动业务指标不断改善，使公司业务不断改善；
 4、对供应链业务有一定了解，自己独立思考发现问题，并提供一定解决方案。
 岗位要求：
 1、本科硕士均可，计算机、统计学、数学专业优先；
 2、有电商相关经验优先考虑；
 3、供应链备货策略、库存健康管理、仓储策略相关，2个以上项目优先，需要有跨多团队合作经验优先，包括数据开发、业务产品、业务方、数仓开发、数据产品等部门；
 4、供应链领域备货策略、库存健康管理、仓储策略相关两年及以上经验，有独立项目规划、分析发现、推动落地、效果验证等推动业务改善的闭环链路实操过程优先。
 5、第五条对个人价值取向和对行业/公司文化、业务体系内容的认同； 积极主动、自驱型优先 。

",0,0,0,0,0
1591,资深数据分析专家,网易,杭州,2000人以上,本科,上市公司,电商,85.0,10年以上,,"[""节日礼物"",""技能培训"",""免费班车"",""带薪年假""]","
职位描述
1、负责构建云音乐业务分析体系，帮助业务线发现、分析和解决问题；2、用数据驱动决策，通过准确的数据分析结果为公司运营决策、运营策略提供支持；3、根据业务情况，通过专题分析，完成深入的专项分析并形成数据分析报告；4、对数据准确性负责，体系化地解决数据准确性问题；5、负责团队建设及人员培养。
职位要求
1、本科及以上学历，其中2年以上团队管理经验，具备to c产品经验优先；2、熟练掌握数据分析工具和技术，比如sql、r、spss、excel、sas等；3、8年以上互联网数据分析经验，大量数据处理经验，对用户分析、运营分析有深刻见解；4、具有较强的逻辑思维能力、数据洞察能力和沟通协调能力，拥有强烈的责任心和团队合作精神。
",0,1,0,1,1
1592,数据分析专家,网易,杭州,2000人以上,本科,上市公司,电商,45.0,5-10年,,"[""节日礼物"",""技能培训"",""免费班车"",""带薪年假""]","
        岗位职责：
1. 网易集团数据资产、全域用户画像的梳理、分析、应用的策划者；
2. 具备商业意识，通过数据分析手段，描述业务特征，结合市场行业状况，发现业务瓶颈并给出行动建议，以推动业务发展；
3. 和业务紧密合作，致力于业务精准拉新促活、提升流量变现效率，会员生命周期运营等提供支持；
4. 理解业务和用户需求、理解数据背后的用户行为和商业意义，策划用户画像、跨域用户行为特征、标签；

任职要求：
1. 5年或以上互联网数据分析/数据产品相关工作经验，电商、广告、游戏相关领域最佳；
2. 良好商业思维意识，对数据敏感，能从海量数据提炼核心结果；有丰富的数据分析和数据应用经验；
3. 产品和用户角度思维、熟悉从用户需求到产品方案的整个思考模式，有独特见解；
4. 具备大数据的处理能力，掌握hive、hadoop、sql等相关数据提取工具，熟练操作数据分析工具；
5. 具备良好的沟通能力和团队精神，有独立开展分析研究并对业务产生重大影响的项目经验。
        ",0,1,0,0,0
1593,数据分析师,有赞,杭州,2000人以上,本科,上市公司,企业服务,22.5,3-5年,,"[""工程师氛围"",""弹性工作"",""扁平管理"",""上班不打卡""]","
岗位职责：1. 根据不同场景特征，向业务部门提供产品、运营等相关数据支持，指导业务发展3. 基于业务场景进行多维度专题分析，提供业务决策支持3. 对于saas行业、竞品分析有分析经验，撰写专项研究分析报告4. 结合有赞业务，发现有价值的机会点，并推动落地岗位要求：1. 本科及以上学历，计算机、数理统计相关专业2. 3年以上数据分析工作经验，有互联网行业，特别是电商类相关工作经验优先3. 精通sql，有一定sql性能优化经验，熟悉hive/mysql等开源数据库4. 熟练使用r或python，具有数据清洗、特征学习和聚类/回归/决策树等常规模型落地经验5. 良好的数据敏感度、逻辑思维和分析能力，善于总结思考，善于使用方法论指导日常工作6. 具备财务分析、市场及用户研究经验者优先7. 具备不错的跨团队合作和沟通能力，较强的学习能力，能承担一定的工作压力
",1,1,0,0,0
1594,数据分析建模工程师,个推,杭州,500-2000人,本科,上市公司,移动互联网,22.5,不限,,"[""数据智能"",""上市公司"",""股票期权"",""年底双薪""]","
        职位描述：

1、深入挖掘和分析海量数据，得出重要的业务结论；

2、能够独立建立和测试大数据模型，并协助完成模型优化和机器学习算法更新；

3、通过主动的数据分析来帮助业务方发掘改进产品和业务，实践数据智能；

4、研究机器学习算法在不同风控场景下的应用，开发具有原创性的算法；

5、清楚简洁地把分析结果沟通给公司各个层级的同事；

 6、配合项目计划，负责客户驻场合作建模项目，完成客户需求的任务；



岗位要求：

1、统计、应用数学、运筹学、计算机、经济学或者类似专业的教育背景，特别优秀者可以放宽要求；

2、熟悉掌握数据分析和算法模型训练系统之一(如r、python、tensorflow等）；

3、熟练sql和类sql数据库操作。

4、良好的统计的基本知识和直觉，熟练掌握各类统计分析方法；

5、非常好的产品和业务感觉. 能够很好地把产品和业务问题转化成分析问题,同时也能够很好地把分析的结果转化成产品和业务决策；

6、有较强的分析能力和逻辑思维能力；学习能力强，包括信息搜集能力、主动解决问题能力、快速学习能力；

7、做事有责任意识，有较强主动性，能自觉完成任务和发现解决问题。
        ",1,1,0,0,0
1595,数据分析专家03-10-217,大搜车,杭州,2000人以上,本科,D轮及以上,汽车丨出行,30.0,5-10年,,"[""技能培训"",""Geek"",""开放"",""扁平管理""]","
【岗位职责】
1.带领团队对部门及公司决策提供数据支持；参与各业务部门的重点项目，负责从数据的角度给出决策建议；
2.数据提炼、分析、归纳用户属性、行为等信息；
3.处理用户海量数据，挖掘用户行为特征，为产品、运营提供参考依据；
4.针对具体业务问题，研究影响用户的潜在因素，进行数据分析验证并提出改善举措；
5.能实现业务所需的数据分析的应用系统开发对接。

【任职要求】
1.本科或以上学位；数学、统计学、计算机、金融或相关专业；5年以上互联网数据分析工作经验；
2.熟悉多种数据源深度诊断性组合分析、挖掘和建模、数理统计、数据分析、数据挖掘以及常用算法；
3.熟悉sql语言，熟练操作excel，熟练使用1种以上数据分析和挖掘工具（如spss/clementine、sas/em、r/python等）； 
4.商业感觉敏锐，对数据敏感，能快速理解业务，能主动寻找业务各环节中数据分析的应用机会； 
5.良好的逻辑分析、文字表达及沟通推进能力，能独立完成专题分析及跟进落地； 
6.良好的学习与抗压能力，能自我驱动，有强烈的责任感。

【加分项】
咨询公司背景/证券市场分析背景加分。
",1,1,0,1,1
1596,数据分析师（社招）,个推,杭州,500-2000人,不限,上市公司,移动互联网,20.0,应届毕业生,,"[""数据智能"",""上市公司"",""股票期权"",""年底双薪""]","
职位描述：
1、与各大业务方合作, 通过实验的方式或者分析观测数据的方式来做出重要的业务决策；
2、通过主动的数据分析来帮助各个业务方发掘改进产品和业务的机会，实践数据智能；
3、建立统计模型来帮助提高用户的转换率和粘性；
4、清楚简洁地把分析结果沟通给公司各个层级的同事；
5、调研新的，适用于个推各业务的实验和统计建模的方法，并且把这些方法应用到实际业务问题。
岗位要求：
1、统计、应用数学、运筹学、计算机、经济学或者类似专业的教育背景；
2、熟悉掌握数据分析和算法模型训练系统之一(如r、python、tensorflow等）；
3、熟练sql和类sql数据库操作。
4、良好的统计的基本知识和直觉，熟练掌握各类统计分析方法；
5、非常好的产品和业务感觉. 能够很好地把产品和业务问题转化成分析问题,同时也能够很好地把分析的结果转化成产品和业务决策；
6、非常强的跨团队合作能力和沟通能力；
7、有较强的分析能力和逻辑思维能力；学习能力强，包括信息搜集能力、主动解决问题能力、快速学习能力；
8、做事有责任意识，有较强主动性，能自觉完成任务和发现解决问题。
",1,1,0,0,0
1598,用户增长专家（数据分析方向）(J200428008),滴滴,杭州,2000人以上,本科,不需要融资,汽车丨出行,30.0,5-10年,,"[""弹性工作"",""节日礼物"",""岗位晋升"",""技能培训""]","
        岗位职责
1 参与能源数据体系搭建，建立业务分析和指标体系，能够较全面的发现并预警业务问题，并快速分析定位原因
2 业务结果驱动，产出高质量数据分析，持续迭代数据产品，赋能各业务团队；
3 数据驱动，指导业务增长
岗位要求：
1. 5年以上来自互联网/咨询行业的商业分析、数据分析或数据挖掘工作经验；
2.具有较强的数据敏感度和数据分析技能，对业务有系统的认知，有运用创新且实际的分析方法解决商业问题的经验；
3.具备良好的沟通协调能力，能够积极主动地推动数据成果落地，并取得良好业务结果；
4.熟悉机器学习与数据挖掘相关理论和算法；熟悉linux shell、hadoop、hive、spark 等基本技术；至少精通一种编程语言(python、r 等)；精通sql。
        ",1,1,0,0,0
1599,资深数据分析师/专家（商品）,网易,杭州,2000人以上,本科,上市公司,电商,37.5,5-10年,,"[""节日礼物"",""技能培训"",""免费班车"",""带薪年假""]","
职位描述
1、构建商品日常监控数据体系和追溯体系，帮助商品bu定位业务问题和增长点； 2、定期进行类目和商品结构的全面诊断，发现问题和机会点，为类目和商品发展提供战略性洞见； 3、围绕商品运营，深化人、货、场、价全方面分析，为商品bu提升流量&折扣效益、扩大用户盘子、做大活动爆发、实现采销一体化提供建设性洞见； 4、基于业务需求和数据价值洞察，设计并落地数据服务，推动数据化运营； 5、关注电商、零售领域的热点趋势和行业变化，对重点趋势和行业变化进行深入分析解读，把握市场走向和机会点，并融入到当前业务判断和理解中。

职位要求
1、数学、 统计学、经济学、营销学、计算机等相关专业，本科及以上学历，5年以上数据分析工作经验，零售、电商行业背景优先；有运营、商品、数据等复合岗位背景更佳； 2、对数据敏感， 具有缜密的逻辑思维能力、数据洞察能力和沟通协调能力，具备较强的分析总结能力和良好的数据呈现能力，包括ppt展示和演讲能力； 3、具有探索精神，从数据中发现问题和机会点以支持经营决策； 4、责任心强，严谨认真，能承受较强的工作压力，热爱数据分析工作，有数据理想，坚信数据智能化方向并积极推动数据价值商业化； 5、商业意识好，对业务有深入的理解；沟通协调能力强，能有效的驱动业务优化； 6、熟练使用excel、ppt、数据分析软件r/python、sql，有较好的文字、数据、图表呈现能力。
",1,1,0,1,0
1600,数据分析建模工程师（校招）,云真信,杭州,50-150人,硕士,A轮,数据服务,14.0,应届毕业生,,"[""16-25薪"",""一年两次调薪"",""团建"",""五险一金""]","
        职位描述：
1、对行为数据进行特征工程，挖掘信用相关指标；金融领域数据产品设计、建模、优化；多种数据源的评估、清洗、整合；
2、能够在带教下建立和测试大数据金融模型，并协助完成模型优化和机器学习算法更新；
3、通过主动的数据分析来帮助业务方发掘改进产品和业务，实践数据智能；4、研究机器学习算法在不同业务场景下的应用，开发具有原创性的算法。

职位要求：
1、学习创新能力强、专注、善于沟通协作，要求985/211或同等学校；
2、计算机或统计学专业，在学校内有算法和机器学习基础，理解常见经典模型，有校内数据建模项目经历者优先；
3、分析和编程能力佳，逻辑性强；
4、了解分布式存储、计算原理，有分布式数据项目经验；
5、对安全计算、联邦学习、图挖掘等方面有过使用、部署、调优等实践经验的优先考虑。
6、做事有责任意识，有较强主动性，能够自觉完成任务和发现解决问题。

",0,0,0,0,0
1601,资深数据分析师,单创,杭州,500-2000人,本科,未融资,电商,22.5,5-10年,,"[""带薪年假"",""通讯津贴"",""午餐补助"",""定期体检""]","
        岗位职责：
1、搭建供应链和客服业务相关的数据体系，包括数据指标体系、临时需求和项目分析；
2、能够结合业务实际情况，设计科学数据指标，衡量业务现状；
3、通过数据搭建、数据分析，推动业务指标不断改善，使公司业务不断改善；
4、对供应链业务有一定了解，自己独立思考发现问题，并提供一定解决方案。

任职要求：
1、本科硕士均可，计算机、统计学、数学专业优先
2、有电商、供应链领域2年以上经验优先考虑；
3、供应链备货策略、库存健康管理、仓储策略相关，2个以上项目优先，需要有跨多团队合作经验优先，包括数据开发、业务产品、业务方、数仓开发、数据产品等部门；
4、供应链领域备货策略、库存健康管理、仓储策略相关两年及以上经验，有独立项目规划、分析发现、推动落地、效果验证等推动业务改善的闭环链路实操过程优先。
5、对个人价值取向和对行业/公司文化、业务体系内容的认同； 积极主动、自驱型、责任感较强的同学优先。
        ",0,0,0,0,0
1602,数据分析师（风险方向）,云车物联科技,杭州,500-2000人,本科,未融资,数据服务,8.5,1-3年,,[],"
        【岗位职责】
1.构建全面、准确的业务与风险指标管理体系，实现数据报表的常态化、可视化输出，并能通过数据及时发现并定位问题，建立数据预警机制；
2.通过专题数据分析，对业务及风险问题进行深入分析，为公司经营决策提供准确、完整的数据支撑；
3.与各部门对接，统筹整理各项经营管理数据，为业务团队提供各类业务及风险数据，并对数据提供的及时性和准确性负责；
4.沉淀分析思路及框架，提炼数据产品需求，与科技团队协作并推动数据产品落地。

【任职要求】
1.有一年以上的汽车金融行业数据分析实操经验。
2.熟练掌握sql、excel、vba等，有良好的python基础。
3.逻辑能力强，具有良好的沟通能力及优秀的ppt呈现能力。
4.热爱数据分析工作，有强烈的工作成就动机，具有奋斗精神。
        ",1,1,0,1,0
1604,数据分析师,映潮科技,成都,50-150人,本科,未融资,数据服务,9.0,3-5年,,"[""绩效奖金"",""五险一金"",""交通补助"",""带薪年假""]","
岗位职责：
1、分析方面：对电子商务有一定了解，能够基于对行业的把握，进行地域电子商务数据分析；
2、数据需求：能基于当前分析方案要求，向上游部门提出合理的相关数据需求，按时按质的完成当前分析方案；
3、文案撰写：具有较强的敏锐力，能及时捕捉热点事件（舆情），快速形成分析文案；
4、报告服务：根据数据分析，按当前经济形式及行业情况形成客观观点，为客户提供及时、有效的市场信息，并形成研究性分析报告；
5、行业拓展：结合互联网发展环境，洞悉行业发展趋势以及业务走向，同时形成数据分析的结构化思维，对相关行业数据进行拓展，将数据服务延伸至其他领域；
6、其他：完成上级交办的其他工作以及其他组同事的相关支持和需求配合。

职位要求： 
1、本科以上学历，经济学、新闻学、统计学等相关专业优先；
2、能够把握行业发展状况，对经济、政策或者电子商务方面感兴趣或者研究精神；
3、能熟练使用办公软件（如：ppt、excel等）；
4、具有较强写作能力或表达能力，能撰写/解读数据分析报告及方案；
5、具有较强的逻辑思维能力、语言表达能力和归纳总结能力；
6、具有良好的沟通能力和抗压能力；具备持续学习的热情、潜心钻研的工作态度。
",0,0,0,1,0
1605,数据分析师,NEXA,成都,50-150人,本科,不需要融资,游戏,16.0,3-5年,,"[""节日礼物"",""技能培训"",""绩效奖金"",""岗位晋升""]","
岗位角色：
分析运营与市场数据，帮助公司进行商业决策，搭建公司完备的数据系统。

岗位职责：

建设与完善数据分析体系，协助优化产品，推动业务的精细化运营；
基于对移动应用与游戏业务的深入理解，制定需求，收集数据，并对数据进行统计分析、可视化等工作；
不断完善数据分析体系，同时建设数据分析平台，推动业务的精细化运营和自动化分析；
根据分析的结论，对接公司各部门，通过数据为业务策略、产品优化提产品优化提供分析支持、优化建议和回归分析；
自主检测业务的日常数据，关注数据趋势，并能够分析和解读数据异常。


任职要求：

本科及以上学历，计算机科学/数学/统计学/经济学等相关专业优先
至少3年数据分析相关工作经验，it或者行业经验优先
对数据，商业逻辑敏感，擅长分析、总结，能够将数据分析与业务相结合
熟悉sql，熟悉其他数据工具如python等优先
技能：数据分析，策略分析，数据挖掘，数据库管理，逻辑，时间管理等


what's the role?
analyzes operation and market data to help company making business decisions, at the same time, involves in building robust data warehouse system.

responsibility:

involved in company data warehouse setup project to build robust data analysis system
audits data to know its accuracy, errors and have detail plan to deal with data inaccuracy
consistently report and monitor performance based on multiple data sources
build mathematical models based on in-game user behaviors and monetization aspects to help the market intelligence team put these models into practice
support other departments on relevant tasks as necessary


requirements:

at least a bachelor's in computer science, mathematics, statistics, economics or relevant
1+ years relevant, solid experience in data analysis. it or game industry will be a plus
sensitive with business logic and figures
proficiency in sql is a must. other tools such as spss, sas, matlab,r is a plus.
skills: data analysis, statistical analysis, data mining, database management, critical thinking, analytical, logical, communication, presentation, time management

",1,1,0,0,1
1606,数据分析师,嘉谊互娱,成都,50-150人,本科,未融资,游戏,6.0,1-3年,,"[""五险一金"",""定期体检"",""带薪年假"",""弹性工作""]","
        任职要求：
1、完成临时数据分析需求，负责取数，抓取数据，完成数据分析报表；
2、核验数据准确性，及时发现数据异常，经过有效沟通及时修复；
3、参与数据中台建设，完成数据的清洗、处理、分析等基础工作。

任职要求：
1、本科及以上学历，数学统计、财务、金融等相关专业优先；
2、有一定数据分析基础，业务理解能力强，对数据敏感，能直观发现数据中的异常和潜在规律，具备一定的sql能力；
3、熟练使用数据分析工具，如excel、tableau、r/python等；
4、突出的分析归纳能力，优秀的沟通表达能力，较强的学习能力，良好的团队协作能力，工作细心踏实。
        ",1,1,1,1,0
1607,数据分析师,BBD,成都,500-2000人,本科,D轮及以上,数据服务,12.5,1-3年,,"[""带薪年假"",""扁平管理"",""美女多"",""领导好""]","
        工作职责:
1.协助完成金融信贷模型的设计、开发、测试和实施，包括不局限于反欺诈模型、申请评分、行为评分、催收评分模型框架设计开发；
2.通过对基础数据的清洗和挖掘，解读数据分析结果，及时发现业务的变化和问题；并基于问题实施模型的持续优化；
3.协调产品、运营、开发等多个部门，确保模型的准确实施和部署；
4.协助与客户沟通模型部分的需求与分析成果。


任职资格:
1、本科及以上学历，数学、统计、计算机、金融及相关专业硕士优先；
2、掌握逻辑回归基本算法，熟悉woe、iv分箱操作；
3、有统计分析基础，具备数据分析能力者、有建模竞赛经验者优先；
4、能够使用r、python、sas、matlab其中之一的统计分析及编程软件；
5、具备逻辑思维能力、对内外组织沟通能力、执行能力和团队精神；有诚信、愿意分享和承担责任，勇于探索与坚持创新。
注：此岗位需要出差，介意者请慎投。
        ",1,0,0,0,1
1608,高级数据分析师,小鸡叫叫,成都,500-2000人,本科,B轮,文娱丨内容,20.0,3-5年,,"[""岗位晋升"",""扁平管理"",""顶级项目"",""年底1-3薪""]","
        工作职责：
1. 与业务团队紧密合作，通过分析/挖掘数据，探索业务机会点并能贡献自己对业务的独特见解；
2. 业务数据报表收集整理，监控相关核心数据，查找、分析运营过程中的异常情况；
3. 通过数据赋能的方式推动公司的数据运营化，同时探索数据产品化的机会，让数据在业务中发挥更大的价值。
任职要求：
1.统计学、数学、信息技术相关专业本科以上学历，互联网3年以上数据分析/商业分析相关经验，有教育行业从业经历者优先；
2. 良好的业务嗅觉，有一定的数据分析、挖掘和建模的经验，熟悉互联网常见产品分析，用户分析方法论，熟悉数据挖掘算法者优先。
3.熟练掌握excel/spss等数据分析工具，具备一定sql/python/r coding能力者优先；
4. 具备较强跨团队协作及英语沟通表达能力。

",1,1,0,1,1
1609,数据分析师,厦门科拓通讯技术股份有限公司,成都,500-2000人,本科,不需要融资,硬件,16.0,3-5年,,[],"
        岗位职责：

1、负责分析挖掘用户/停车场对大数据产品的需求（应用场景如用户画像，个性化推荐，趋势预测等）；

2、进行大数据场景下的数据统计、数据挖掘、机器学习、包括数据整理、模型建立、模型应用、评估优化等；

3、运用数据挖掘、统计学习的理论和方法，深入挖掘和分析数据，并设计实现相应的算法；

4、指导开发人员完成算法实现，必要时独自完成算法设计与实现。

任职要求：

1、计算机、数学或统计学相关专业学士本科以上学位，三年以上工作经验；

2、扎实的机器学习理论基础，熟悉分类、回归、聚类等常用的机器学习/数据挖掘方法，有机器学习实践经验；

3、具有海量数据挖掘及分析相关项目经验，参加过完整的数据挖掘项目；

4、精通各种数据挖掘算法及其原理，能根据业务场景，建立挖掘模型，选择最合适和高效的算法并实现；

5、精通sql，熟练使用pandas或r语言。有hadoop生态圈工具应用经验者优先；

6、性格积极乐观，诚信，有较强的语言表达能力。具备强烈的进取心、求知欲及团队合作精神。

",0,1,0,0,0
1610,数据分析师,萌想科技,成都,150-500人,本科,B轮,企业服务,6.5,1年以下,,"[""美女多"",""技能培训"",""扁平管理"",""领导好""]","
        职位描述：

1、基于当前分析方案要求，给予合理分析报告；

2、参与大数据建模，编写建模、数仓等代码；

3、模型分类算法分析，分类结果评估；

4、参与评估模型结果，改进建模方法。


岗位要求：

1、计算机，数学、统计学或相关专业毕业；

2、精通至少一种通用编程语言，如python或java；

3、精通至少一种数据库通用语言，如sql；

4、对数据敏感，热衷于数据分析挖掘，熟练使用excel；

5、有机器学习方法学或大数据分析经验，如回归分析、分类算法、聚类分析等优先；

6、学习能力强，逻辑清晰，认真严谨，有一定抗压能力。



",1,1,0,1,0
1611,数据分析师,国研网,成都,150-500人,本科,上市公司,企业服务,8.0,3-5年,,"[""专项奖金"",""年终分红"",""定期体检"",""弹性工作""]","
        工作内容：
1、结合公司所在行业的研究方向，研究国内外经济统计类软件产品，形成竞品分析报告。负责产品策划，输出相应产品策划书。
2、使用ppt，axure，墨刀等ui设计工具进行产品原型设计，输出相应原型图及产品需求说明书。
3、参与产品公司内部讨论，配合软件研发，进行内部需求确认，配合技术落地产品。
4、运用excel进行宏观数据加工处理、运用python、mysql、r等进行微观数据清洗分析，对产品进行数据内容更新与维护。

任职要求：
1、本科及以上学历，统计学、数量经济学等相关专业。 
2、4年以上数据分析或产品设计相关工作经验，熟悉常用的数据分析软件和方法，熟悉产品原型图绘制及产品需求说明书撰写规范，有宏观经济、金融产品数据分析经验优先。 
3、具备数据清洗的基本理论知识，熟悉数据清洗流程。同时具有良好的统计学知识更佳。 
4、输出竞品分析报告、产品策划方案、原型图及产品需求说明书。 
5、具有统计学知识，能够运用excel、python、mysql、stata、r等1种以上工具进行数据处理与分析 ，有数据建模经验。
6、诚信踏实、勤奋好学、较强的抗压能力
        ",1,1,0,1,0
1612,数据分析师,厚立信息,成都,50-150人,硕士,天使轮,医疗丨健康,17.5,1-3年,,"[""年底双薪"",""带薪年假"",""交通补助"",""定期体检""]","
        1、原始数据分析，参与模型算法选择；
2、参与大数据建模，编写建模代码；
3、模型分类算法分析，分类结果评估；
4、参与评估模型结果，改进建模方法。

岗位要求：
1、硕士研究生学历，数学、统计学或相关专业毕业；
2、精通至少一种通用编程语言，如python、r或java；
3、精通至少一种数据库通用语言，如sql；
4、对数据敏感，热衷于数据分析挖掘；
5、有机器学习方法学或大数据分析经验，如回归分析、分类算法、聚类分析等优先；
6、对并行运算，大数据框架（spark、mapreduce等）了解的优先；
7、做过医疗大数据的优先。
        ",1,1,0,0,0
1613,数据分析实习生,生学教育,成都,150-500人,本科,A轮,教育,3.0,应届毕业生,,"[""节日礼物"",""专项奖金"",""股票期权"",""带薪年假""]","
        岗位职责：

1：熟悉mysql、hive、mongodb数据库应用开发；
2：根据提纲和标准目录，撰写教育行业数据标准文档。
3：第三方系统数据对接，主要工作导入、导出、转换数据，格式不限于excel、json、关系数据库。
4：熟悉java或者python编程语，扎实的编程基础
5、具有良好的表达能力和沟通能力，工作责任心强，善于学习
6、熟悉springboot框架者优先，有微服务及大数据开发经验者优先；


岗位要求：

1、本科及以上学历，计算机相关专业
2、熟悉java编程，熟悉mysql，hadoop，hive；
3、良好的沟通能力和学习能力。
4、欢迎21年毕业的应届生投递。
        ",1,1,0,1,0
1614,数据分析师,星石悦文,成都,50-150人,不限,未融资,金融,15.0,不限,,[],"
        岗位要求:




1、具有逻辑思维能力、判断与决策能力、计划与执行能力。




2、较强的学习能力，可以领悟培训中的核心要素




3、开朗、自信，能够承受较大压力，思维敏捷，行动迅速;




岗位职责:




1、负责辅助经理编制内的公司资金使用计划，有效管理好公司给予的资金。




2、辅助公司分析和研究各项项目




3、提出并实施公司资金管理工作改进建议;完善资金管理制度。




4、做好资金风控管理。




5、完成上级领导交办的其他专项工作。
        ",0,0,0,0,0
1615,数据分析师,延华医疗研究院,成都,150-500人,本科,上市公司,医疗丨健康,6.0,1-3年,,"[""股票期权"",""绩效奖金"",""带薪年假"",""交通补助""]","
        一、岗位概述：根据公司的顶层规划与业务方向，结合高级数据分析师和产品经理的任务安排，进行数据分析类功能规划；对公司产品业务数据进行分析，生成分析报告，对数据进行深入挖掘和二次开发，完成数据可视化开发，提升数据价值，协助优化业务流程及数据收集的内容；在高级数据分析师的指导下，进行知识体系构建，并指导初级人员学习学知识体系构建；
二、工作职责：
1、按照公司顶层设计和产品战略，结合高级数据分析师和产品经理的任务安排，进行数据分析类功能的规划；与项目成员合作完成功能开发；协助完善功能开发中各个阶段的文档编写（概要设计等）；
2、按照公司产品战略公司需求和市场需求，参与数据分析类产品研发，完成常规任务开发，利用工具完成数据可视化开发（如报表、大屏、分析界面等）；
3、根据公司产品线的特点，结合部门规划，深入常规业务进行业务流程中的数据分析，形成分析报告，为业务优化和数据分析类产品规划提供数据支撑
三、岗位要求：
1、掌握数据分析领域的最新发展趋势，至少熟悉一门数据库（oracle、mysql、sql server、hadoop等）及一种数据建模工具（ssas、kylin等）；
2、能够有产品思维，愿意在变化和不确定性中寻找价值
3、具有从数据挖掘、大数据分析、机器学习背景者优先；
4、为人正直，善于分析思考，积极进取，具备较强的项目管理能力、逻辑分析能力和沟通协调能力；
5、有医疗行业数据分析相关经验者优先；
6、熟悉报表（如帆软、fr3等）开发者优先；
        ",0,1,0,0,1
1616,大数据分析师,清华能源互联网研究院,成都,150-500人,硕士,不需要融资,数据服务,20.0,3-5年,,[],"
        岗位职责：
1. 基于自主研发的大数据平台产品、典型以及开源的数仓系统，为企业级客户提供数据工程服务，包括数据建模、数据接入、数据集成和数据治理等工作；
2. 基于大数据平台和数据仓库系统的数据建模，etl设计、开发与维护，进行数据抽取、清洗、转换、集成，最后加载到大数据平台/数据仓库中等工作。
任职要求：
1. 有数据库和数据仓库设计基础，有关系数据库建模和数据仓库系统的工作经验；
2. 熟练掌握java开发，理解面向对象方法；
3. 熟悉linux操作系统，熟练掌握脚本语言和sql，熟悉常用的etl工具；
4. 了解hadoop生态，了解hive/hdfs/mapreduce/greenplum等系统。
        ",0,1,0,0,0
1617,数据分析（建模）,映潮科技,成都,50-150人,硕士,未融资,数据服务,15.0,1-3年,,"[""绩效奖金"",""五险一金"",""交通补助"",""带薪年假""]","
岗位职责：1． 深入理解业务，对业务中面临的问题进行详细分析，通过收集、整理的数据，构建合理的算法模型，解决问题，提高工作效率与质量2． 对数据进行深入挖掘，利用回归、决策树、时间序列、神经网络等机器学习技术建立预测预警模型，发现数据潜在的价值及隐藏的信息，发现新的行业变化趋势和潜在的机会，为产业及公司的运营优化提供支持； 3． 参与各类业务报表的设计、开发、实施与跟踪，参与创新方法和应用的研发，充分挖掘数据的商业价值；4．领导安排的其他临时事项。任职要求：1． 统计、管理、数理、计算机全日制研究生以上学历，学历学位双证齐全；2． 2年以上相关工作经验，有基于大型数据库系统的数据挖掘、建模分析经验；3． 精通sql语言，熟练掌握python、sas、r等其中一种建模语言；4． 具有较强的学习能力、分析能力、解决问题能力、沟通协调能力以及创新能力，强烈的工作责任感。
",1,1,0,0,1
1619,数据分析师,锐昶金融,成都,50-150人,本科,不需要融资,金融,10.0,1-3年,,[],"
        岗位职责：
1、负责各类项目数据清理、分析、建模，并撰写数据分析报告，进行入校解读；
2、负责定制化项目设计，根据客户需求，设计分析方案；
3、参与产品设计（包括需求分析、问卷/大纲设计、报告设计等）；
4、参与产品升级（包括了解用户反馈、跟踪产品表现、产品设计升级）。
任职要求:
1、秀本科学历，统计学、数学、社会学、经济学等相关专业；
2、有相关实习或工作经验者优先；
3、熟悉sas/spss/r、excel、ppt等常用工具，了解常用统计分析方法；
4、注重细节，对数据有高度敏感性和洞察力；
5、逻辑性强，具备快速学习和分析能力；
6、具有良好的沟通能力和团队协作精神。
        ",0,0,0,1,1
1632,大数据分析助理,成都肆零肆,成都,50-150人,大专,未融资,信息安全,6.0,不限,,"[""弹性工作"",""帅哥多"",""节日礼物"",""管理规范""]","
        岗位职责：

1. 对国内外热点事件进行跟踪和深度分析,建立文献型、事实型和数值型数据库；
2. 对事件涉及的组织机构或个人的影响进行总结，并总结合理有效的分析结论、走势预测，对后续跟进提出建议；
3. 通过各种已有渠道对情报信息进行筛选、收集、分析归类；
4. 归纳总结日常数据收集、分析方法及规律，为算法开发给出可操作性信息。



任职要求：

1. 性别不限，大专及以上学历，网络舆情、中文、新闻、汉语言文学、社会学、政治学等相关专业，具备大数据相关基础知识，了解机器学习者优先；
2. 思维活跃、逻辑性强，具有敏锐的洞察力和分析能力,擅长信息收集、数据处理，研究能力强,可以对特定信息进行结构化分析和定量分析；
3. 熟练阅读英文材料,熟练使用excel,sql等数据处理工具,有较强的文字功底；
4. 对多源数据融合有一定经验；
5. 具有一定的政治素养,遵守网络信息安全与信息保密要求,具有优秀的理解沟通能力，较强的抗压能力及团队协作精神，学习能力和服务意识强，工作责任心。
        ",0,1,0,1,0
1634,数据分析（实习生） (MJ000482),西山居游戏,成都,2000人以上,本科,不需要融资,游戏,3.0,应届毕业生,,"[""带薪年假"",""年度旅游"",""节日礼物"",""大牛多多""]","
        岗位职责：
1、负责游戏运营数据监控及分析，及时发现服务异常点，并推动其改善；
2、负责用户行为数据分析及勾画，优化服务逻辑，提升用户体验；
3、负责竞品体验和分析，总结输出分析文档及产品改善建议。
岗位要求：
1、热爱游戏，至少玩过3款以上的端游或者手游；（特别熟悉指尖江湖者优先）；
2、计算机、统计学、应用数学及金融工程等专业本科及以上学历，有it行业数据挖掘，或文本分析知识图谱构建经验者优先；
3、精通excel、sql等工具，了解hadoop、hive、storm等大数据存储和分析平台，掌握python或r语言技能者优先。
        ",1,1,0,1,0
1637,数据分析/数据科学研究员,微慕客（成都）科技有限公司,成都,50-150人,本科,不需要融资,数据服务,15.0,3-5年,,[],"
工作职责：
1.学习微软官方发布（更新）的数据分析/数据科学等课程，总结知识点，撰写相应的知识点文案
2.根据总结的知识点内容进行数据分析/数据科学等课程的设计与开发工作，编写课程大纲、课件以及学生手册并录制相应中文解析视频
3.负责课程实验（课程作业）的脚本编写工作，并且录制详细的代码/项目解析视频
4.指导研究员助理完成日常的字幕、文案资料翻译整理工作以及学习平台后台配置工作
5.配合公司活动宣传的需要进行对内以及对外的公开课、路演工作
6.协助产品部门完成课程的迭代与打磨，逐步完善课程开发工作
7.协助市场部门进行课程咨询工作，帮助客户更好的了解课程内容，了解客户的需求以不断改善课程内容设计

职位要求：
1.扎实的英文和机器学习背景；计算机，统计学，数学，金融，数据挖掘、理工科等相关专业本科及硕士以上学历
2.两年以上数据分析/挖掘相关工作经验；熟悉数据分析流程，数据敏感度及逻辑能力强，有清晰的思路和数据建模方法论
3.熟悉分类、回归、聚类等数据统计模型，具有一定的建模经验，善于从数据中挖掘出问题，做过定量、定性分析者优先
4.熟练使用python、t-sql等编程语言，能够灵活运用powerbi/excel等数据分析工具者优先
5.具备较强的规划和统筹能力，有较好的学习驱动力及有效的学习方法
6.具备良好的文字表达能力和沟通能力，擅长与内部及外部合作团队交流沟通，具有优秀的报告讲解能力
7.有责任心，可以承受较大的工作压力；富有团队合作精神、执行力强
8.有paas、saas经验，熟悉azure、培训工作经验，课程设计、开发和讲授经验者优先

“获得微软mpp认证者面试可获得加分(mpp - microsoft professional program) ”
",1,1,0,1,0
1639,数据分析（数值方向）,仙潭酒业集团,成都,500-2000人,本科,不需要融资,其他,9.5,不限,,"[""社会保险"",""年终奖金"",""节日福利"",""生日礼物""]","
        岗位职责：
1、 参与搭建公司运营线上活动框架，负责活动抽奖概率数值、经济数值的框架设计；
2、 运用常用的数值设计方法与实现工具，进行有效的数值模拟、实现、调优；
3、 负责对用户行为进行数据分析，有总结的输出建设性优化方案；
4、 有系统正规的数值系统，有完整的分析和总结。

岗位要求：
1、 大学本科以上学历，统计学、数学相关专业（硬性要求）；
2、 不限年限：优秀的研究在校生和统计学专业应届毕业生优先考虑；
4、 熟练使用office办公软件，精通excel的数值建模与运算，掌握vba或matlab者优先考虑；
5、 具备优秀的逻辑思维能力和数据分析能力，良好的沟通表达能力和抗压能力，工作认真负责，积极主动。
        ",0,0,0,1,0
1640,数据分析师（数据挖掘工程师 ）(研发中心),久远银海,成都,2000人以上,本科,上市公司,硬件,12.5,3-5年,,"[""节日礼物"",""专项奖金"",""带薪年假"",""岗位晋升""]","
1、本科及以上学历，数学、计算机等相关专业，3年以上数据分析或者算法应用经验2、熟练应用r/python、sql编程，熟悉c/java等编程3、熟悉常用的数据挖掘算法，对数据结构和算法设计有较深刻的理解4、有具体落地项目经验，能很好的解读业务需求5、熟悉spark、tensorflow等主流框架者优先    
",1,1,0,0,0
1641,大数据分析工程师（初级）,成都主导,成都,500-2000人,本科,不需要融资,其他,12.0,1-3年,,"[""年底双薪"",""绩效奖金"",""专项奖金"",""通讯津贴""]","
        岗位职责：
1、根据项目需求开展相关技术、业务调研，形成算法方案；
2、进行大数据场景下的数据统计、数据分析、数据挖掘，包括数据整理、模型建立、模型应用、评估优化等；
3、将客户需求准确转化为可执行的数据模型，针对不同的应用场景，负责编写数据挖掘算法及其优化，并形成算法开发文档；
4、跟进专业新技术、拓展专业内技能。
任职资格：
1、硕士及以上学历，大数据分析、数据挖掘、机器学习、应用数学等相关专业，1年及以上相关经验；
2、有扎实的数学理论基础，有数据分析、数据挖掘相关工作经验者优先；
3、至少熟练使用一种python/c++/c/matlab编程语言；
4、责任心强、具备优秀的学习能力，能独立分析和解决问题，具有较强的沟通技巧和团队协作能力。
        ",1,0,0,0,0
1642,大数据分析工程师（中级）,成都主导,成都,500-2000人,本科,不需要融资,其他,17.5,3-5年,,"[""年底双薪"",""绩效奖金"",""专项奖金"",""通讯津贴""]","
        岗位职责：
1、根据项目需求开展相关技术、业务调研，形成算法方案；
2、进行大数据场景下的数据统计、数据分析、数据挖掘，包括数据整理、模型建立、模型应用、评估优化等；
3、将客户需求准确转化为可执行的数据模型，针对不同的应用场景，负责编写数据挖掘算法及其优化，并形成算法开发文档；
4、跟进专业新技术、拓展专业内技能。
任职资格：
1、硕士及以上学历，大数据分析、数据挖掘、机器学习、应用数学等相关专业，3年及以上相关经验；
2、有扎实的数学理论基础，有数据分析、数据挖掘相关工作经验者优先；
3、至少熟练使用一种python/c++/c/matlab编程语言；
4、责任心强、具备优秀的学习能力，能独立分析和解决问题，具有较强的沟通技巧和团队协作能力。
        ",1,0,0,0,0
1643,数据分析师,字节跳动,成都,2000人以上,本科,C轮,文娱丨内容,37.5,不限,,"[""扁平管理"",""弹性工作"",""大厨定制三餐"",""就近租房补贴""]","
        职位职责：
1. 梳理业务逻辑模型，管理和建设数据体系；
2. 根据用户行为数据进行业务分析，帮助业务快速提升；
3. 建设业务分析模型，不断评估和优化业务分析模型。

职位要求：
1. 本科及以上学历，数学、统计学、计算机相关专业优先，对数据分析有强烈兴趣者优先；
2. 有it大数据分析经验，有大型互联网公司数据分析经验、互联网数据建模分析经验者优先；
3. 有一线产品或运营业务优化经验者优先；
4. 精通 sql，熟练使用 r/python 进行数据清洗、分析；
5. 能快速理解业务，发掘业务细节和数据之间的联系；
6. 掌握 tableau 等 bi 工具尤佳。
        ",1,1,1,0,0
1644,数据分析师,字节跳动,成都,2000人以上,本科,C轮,文娱丨内容,13.5,不限,,"[""扁平管理"",""弹性工作"",""大厨定制三餐"",""就近租房补贴""]","
        职位职责：
1、整理部门业务数据需求，建立业务数据模型；
2、负责部门层面的业务分析工作，通过对数据的收集、统计分析与利用，编制分析报告，提出业务管理的改进建议；
3、跟踪业务/重点项目的发展变化，对业务经营发展状态进行监控分析，提出策略建议报告；
4、负责监控各业务线执行情况，推进经营分析相关事项的落地；
5、其他相关工作任务。
职位要求：
1、重点大学本科及以上学历，金融、数学、统计学等相关专业优先；
2、具有快速学习和思考能力，优秀的商业分析能力、敏锐的数据洞察力、结构化思维能力；
3、五年以上数据分析相关从业经验；
4、精通excel、ppt，能使用sql数据库软件者加分；
5、责任心强，具备沟通协调和闭环管理、推进能力。
        ",0,1,0,1,0
1645,大数据分析师,智能家庭医生,成都,50-150人,不限,未融资,医疗丨健康,12.5,3-5年,,"[""带薪年假"",""交通补助"",""弹性工作"",""节日礼物""]","
        大数据分析师

岗位职责：

1、负责业务需求分析行业项目模型建设，编写大数据分析报告，能更深刻的理解并方便的运用数据；

2、海量样本数据的提取、分析、挖掘、定期编写分析报告；

3、检测分析业务数据并撰写报告，为业务团队提供数据分析解决方案和策略调整方案；

4、需要主动发现和识别业务问题，为业务问题排查原因，提供解决方案，为产品数据化运营提供优化建议；

任职要求：

1、3年以上it领域经验

2、有互联网行业数据分析相关经验

3、扎实的数学基础，对数字敏感，具备良好的分析能力，有数据产品的构建经验或数据报告编写经验，能高效与相关团队进行沟通。

4、运用sql，使用主流数据库技术，有python、scala、java等至少一门开发语言功底，能熟练使用r、sas、spss建模工具

",1,1,0,0,1
1646,数据分析助理,中证投资管理,成都,50-150人,本科,未融资,金融,9.5,1-3年,,[],"
技能要求：宏观分析，量化分析，模型搭建技能要求：一、职位概述：1、学习并深入了解市场情况，根据市场行情制定相关策略并执行。2、不断学习及研究市场最新动态，提升技能技巧，完善系统。3、对于市场风险要有一定的敏锐度，严格制定自身风控体系，并强力执行，管理好账户，将账户风险最小化。4、合理运用公司资金，将公司提供的资源利益最大化。二、任职要求：1、大专学历及以上，年龄18周岁以上，男女不限。2、有相关方面工作经验者优先考虑。3、具有较强的学习能力，对于金融行业有一定的兴趣，并愿意在此行长远发展。4、对于金融市场以及新鲜事物有一定的敏锐度，善于思考和总结。5、愿意接受新兴的行业模式，并具有较强执行力。三、相关说明：1、公司会有专业系统的岗前技术培训，无经验或背景的应聘者，公司会有专人一对一指导，引领你在短时间内进入市场，了解市场。2、公司为技术性公司，无销售、业绩方面的压力3、对于优秀人才，公司在评估后可直接入职。4、公司在入职后将进行持续性的培训，奉行不断学习，持续进步的理念。5、公司氛围、同事关系都非常和谐友好，会给大家提供一个良好的工作环境。四、工作时间：周一至周五，上午10：00—下午18:00，中午休息一个半小时。周末双休，节假日正常放假。五、福利待遇：（一）薪资待遇1、 入职后薪资结构主要为底薪加提成，公司奉行能者多得的原则，薪资收入没有上限。2、有能力的人才月入轻松过万，薪资待遇也可面议。（二）福利待遇：1、社保双休，节假日正常休假。2、定期举行团建聚餐活动，让员工能劳逸结合3、可给大四学生提供实习证明，并支持各类人才进一步学习创新，考取各类证件，合适人才将会报销其相关费用。4、对于优秀人才，可提供海外学习交流的机会。
",0,0,0,0,0
1647,数据分析实习生（业务分析）(J10401),知道创宇,成都,500-2000人,硕士,C轮,信息安全,5.5,应届毕业生,,"[""节日礼物"",""岗位晋升"",""美女多"",""领导好""]","
        工作职责:
1.参与项目实施，协助项目负责人成项目方案内容；

2.支撑项目需求，协助项目过程中数据梳理、数据处理、逻辑确认、可视化等一系列分析内容的设计、实现与交付；
3.对于实施过程中问题，及时沟通及确认，如异常数据，协助核查及问题的追踪及处理；

4.整理项目重要资料和信息，输出相关业务分析报告
任职资格:
岗位要求：
1.专业：研究生及以上学历，具备计算机、通信、信管等背景，有实习经验者优先；
2.技能：熟练使用ppt、excel、word等办公软件，有行研、数据处理经历者优先；
3.资质：具备良好的沟通能力、逻辑清晰，思维缜密，能够快速理解业务需求
4.工作态度：工作积极主动、善于沟通，具有良好的团队意识和协作精神；
5. 经验：有相关项目经验者优先；
6. 其他：需全职实习
        ",0,0,0,1,0
1648,电商运营助理店长淘宝推广专员数据分析,仆儿电商,成都,少于15人,本科,未融资,电商,6.0,不限,,[],"
        1、高效的学习（不限工作经验）（不限行业）
2、善于沟通，店铺运营，产品分析，直通车推广，老顾客维护，淘宝群，网红积累各平台的流量资源提升产品品牌影响力和销量；
3、电商团队的管理，工作的安排和考核；根据店铺运营指标，制定并实施店铺运营方案，完成店铺销售指标；
4、分析并把握各种类型的客户需求，针对客户需求开展网站优化调整；制定推广方案并负责实施，对推广效果进行评估，对店铺及 产品访问量、转化率数据进行分析；
5、负责数据监控（营销数据、交易数据、商品管理、顾客管理）；
6、定期针对推广效果进行跟踪、评估，并提交推广效果的统计分析报表，及时提出营销改进措施，给出切实可行的改进方案；控制推广费用、致力于roi最大化；
7、策划营销活动方案，按计划执行，并分析、监控效果；
任职要求：
1、本科及以上学历，电子商务、市场营销等相关专业毕业（足够优秀什么专业都可以）有无经验均可；
2、有团队合作精神和领导能力，性格开朗，责任心强，为人诚信正直，有耐心；
3、具备较强的服务意识和良好的人际沟通、协调能力，抗压能力强，能够适应高效率的工作环境，合伙人心态而工作。
1. 福利待遇：
1. 底薪+奖金+年终团队奖金+工作满3年期权；
2. 岗前培训：带薪培训，掌握工作技能技巧；
3.爱心基金：保障员工家属的爱心帮扶保险计划；
4.节日庆贺：传统节假日、生日庆贺等福利。
成都仆儿电子商务有限公司
公司使命用真诚的心，高效的行，为更多人提供价值
愿景做一家在运营公司中最愿意分享的公司（对于加入我们的人高强度的实战，与学习培养了优秀的人才，同时这些学到的内容对加入我们的人高度透明分享，仆儿会给执着的奋斗者更多机会。）
与你同行的是官方认证直通车专家，高级店小秘人工训练师，品牌数据银行分析师，数据分析师，top级视觉公司创业者，数字化管理专家。分享精神经营，让进入公司的人得到有更多的学习机会，如果你想进步，我们将给你足够多的资源，足够多的舞台，让你快速成长。
公司以分享精神经营，你足够优秀能3月一涨薪，让有实力的奋斗者得到丰厚的回报。这里不要打工者，来这里就是要成就我们的顾客，成就你自己。仆儿会真心诚意的给你资源，给你舞台。
目前精细化运营多家年销售2000万以上的店铺，在运营与设计结合上总结了多年经验，创始人为成都top设计公司股东，主张用更好的运营体系，用更好的设计，更好的运营体系品质精准营销，做一个，带来品质服务，给别人带来价值对大家来说的小事，但这是我们得大事，我们忠于内心，团结一致，努力奋斗用心高效为更多人提供价值服务作为使命；不管遇到什么困难都能克服，也能不管状况多么好，都保持谦逊认真，把这件事一直坚持下去，让接触我们产品的陌生人对我们产生信任，因为你相信我们，并和我们一步步成长，我们有责任让你得到更多，我们不仅要好，我们要更好，在设计上我们要更好的设计，在产品品质选择上我们会给我们尽12分努力寻找到更佳品质；在服务上我们会让来选择我们产品的人一次次感到安心；放心；惊喜。我们始终从内到外保持着一致，小仆值得信任的 因为小仆有一颗单纯的心懂得感恩；感谢每个给予信任的人，感谢客户，感谢一起奋斗的人，让我们一步步成长，一步步实现自己得梦想，小仆也会继续用心寻找纯净 回馈给你们，我们非常期待你感受到小仆深深的爱与热情时一声 哇！
        ",0,0,0,0,0
1649,数据分析师,K2DATA,成都,150-500人,本科,B轮,数据服务,16.0,不限,,"[""风口行业"",""顶尖团队"",""扁平管理"",""学习型组织""]","
岗位职责:
--针对重点行业的智能制造与工业互联网的大数据分析需求，深入现场了解业务，运用数据分析算法落地实现并应用；
--对共性分析算法进行研究与开发，并以分析产品（大数据平台产品、软硬一体的智能产品、工业物联网服务等）的形态呈现，形成有行业影响力的算法、专利、产品与案例。
任职要求：
--熟练掌握数据挖掘/机器学习算法（包括deep learning）；
--至少熟悉一种数据分析软件巟具（如, r, python，sas, spss modeler等）；
--有程序开发经验（java, c++等）；
--善于交流，具备较好的职业素养。
优先条件：
--有工业专业教育背景或者工作经历（如冶金、自动化、机械、电气、石油等）优先。



公司介绍：
四川省工业大数据创新中心是四川省首批三家省级制造业创新中心之一。
——承载单位为四川昆仑智汇数据科技有限公司（公司目前10个人巠右）。
——由北京工业大数据创新中心、清华四川能源互联网研究院、积微物联集团有限公司、四川省机械研究设计院和四方作为股东单位共同发起。
中心主要依托清华大学软件学院、清华大学大数据系统软件国家工程实验室的核心技术和力量，面向制造业在数据领域的重大需求，创建工业大数据样板工程；建设工业大数据公共服务云平台，研发四川省制造产业基础大数据平台及决策支持系统；打造***工业大数据产业集聚基地。 2018年1月，四川省正式向国家工信部申请将四川省工业大数据创新中心纳入***制造业创新中心培育，中心的目标是三年以内升格为***制造业创新中心。创新中心核心产品kmx工业大数据平台被国家工信部评为2017大数据优秀产品，广泛应用于能源、钢铁、电子、装备、机械、化工和军工领域。
福利待遇：
1.丰厚的岗位薪酬；
2. 按项目提成的奖金分配制度；
3. 主持或参与国家重点研发计划、省部级重点科研项目；
4. 积极推举参评“国家千人”、“四川千人”、“天府英才”、“天府万人计划”等人才专项政策，获取含金量极高的发展起点；
5. 成都高新区人才购房资格；
6. 积极协调申请人才公寓资格；
7. 协调申请四川省博士安家专项补助（针对博士毕业生）；
8. 积极推荐参评工程师、高级工程师等职称资格；
9. 帮助协调子女入托就学等人才优惠；
10. 工作地点位于高新区管委会一街之隔的茂业中心，地铁直通，方便快捷；
",1,0,0,0,1
1650,数据分析师,美呗,成都,500-2000人,本科,B轮,移动互联网,12.5,1-3年,,"[""管理规范"",""岗位晋升"",""五险一金"",""大牛多""]","
        职责：
1.能够熟悉业务，能够利用bi软件，建立相应的在线可视化看板。
2.熟练常用商业模型，例如：客户画像，业绩预测模型等，建立相应的模型供团队使用。
3.熟悉数仓，能够梳理业务的数据流，并在数仓中建立相应的模型层和应用层。
4.能够独立完成常规的业务分析需求，以及其它数据需求任务。
任职要求：
1.大学本科以上学历，至少3年的数据分析工作经验。
2.熟悉一种数据库或者云服务产品，例如my sql；熟练使用sql语言。
3.熟悉常用的监督和非监督机器学习，例如：时间序列，线性回归，聚类等
4.熟练使用office软件，一种bi软件，例如tableau。
5.良好的沟通与表达能力
        ",0,1,1,0,0
1651,数据分析实习生,美呗,成都,500-2000人,本科,B轮,移动互联网,3.0,不限,,"[""管理规范"",""岗位晋升"",""五险一金"",""大牛多""]","
        职位描述
1.与资深数据分析师共同搭建业务监控指标体系，及时发现业务问题；
2.参与专题分析，经营分析，竞品分析，为业务方提供数据服务；
3.支持业务方的日常数据需求，进行报表开发，提炼数据产品需求；
4.组织数据技术与产品相关的理念、技能、工具的培训。

职位要求
1.熟练掌握excel、sql；
2.熟悉r、python或其他编程语言优先；
3.数学、统计、经济学、商业分析、运筹学、管理学、信息科学专业优先；
4.学习能力强，对新事物保有好奇心，并能快速适应新环境；
5.良好的沟通能力和团队协同能力。
        ",1,1,0,1,0
1652,数据分析师-成都,明略科技集团,成都,2000人以上,本科,D轮及以上,数据服务,5.0,不限,,"[""六险一金"",""年底双薪"",""绩效奖金"",""完成E轮融资""]","
工作职责:1. 搜集品牌相关的互联网社交媒体舆情数据， 并按照项目需求撰写数据分析报告；2. 根据项目需求进行品牌 pr 舆情监测， 并撰写 pr 简报；3. 通过数据分析，绘制数据图表并挖掘出舆情现象背后的影响、推动因素；
4. 负责客户需求对接以及独立解答相关咨询和疑问；5. 参与公司和团队要求的其它资讯整理和研究工作。
职位要求：1. 大学本科及以上学历，广告学、统计学、新闻学、信息系统、心理学等相关专业优先；2. 对互联网行业、社交媒体领域有浓厚的兴趣；3. 对数据敏感， 逻辑思维能力好，并且可以独立完成一些简单的项目研究和分析报告撰写；4. 优秀的英文读写能力，能熟练使用 excel 和 ppt；5. 认真细致， 热诚好学，沟通表达能力和团队协作能力强；6. 乐观积极， 品性坚韧，乐于面对挑战和压力，责任心强；7. 经常参与网络社交媒体讨论，种草/明星/综艺话题爱好者，广泛使用各类社交媒体，并持续运营个人账号者（微博/微信/小红书/抖音/论坛等） 优先。 

你可以获得：1.职业成长：清晰且有竞争力的职业成长道路；2.大平台：ai独角兽公司；3.涨知识：了解数字营销行业、品牌广告、明星综艺最新玩法趋势；4.完善的福利：六险一金，餐费补助，带薪年假，带薪病假，年终奖金，团队旅游。工作时间：9:30-18:30，每周轮班休息两天。
",0,0,0,1,0
1653,数据分析师,北京瑞天欣实数据科技有限公司,成都,50-150人,硕士,A轮,数据服务,10.5,不限,,[],"
职责描述：
1. 为金融和政府行业客户开发数据分析解决方案，包括针对客户获取，信审决策，账户管理，拖欠催收等的评分系统和商业智能解决方案。
2. 对于海量数据进行数据清理，分析和评估。
3. 能够为客户开发数据分析方案，包括统计模型的建立，商业智能方案的开发，包括从设计，开发到实施的过程。
4. 能够将分析结果用书面文字和口头的方法进行技术性和非技术性的人员进行顺畅的交流。
5. 能够用有效的方法对于统计模型方案的实施进行核实和验证。
6. 能够为销售和市场营销人员提供数据分析来帮助售前。
7. 能对现有产品提供改进方案，并协助数据类和分析类新产品的开发。
任职要求：
1. 至少一年的数据清理，评估，统计模型和分析经验，sas和unix系统操作经验。
2. 学士以上学位，硕士以上更佳，统计，数学相关学科。
3. 能够有效地执行分析类项目。
4. 突出的口头交流和文字表达能力，能够将分析方法论和结果进行有效交流。
5. 要有高度责任心，团队精神，和讲演能力。
",0,0,0,0,1
1654,数据分析师,路行通,成都,500-2000人,本科,不需要融资,消费生活,14.0,3-5年,,"[""年度旅游"",""岗位晋升"",""五险一金"",""弹性工作""]","
        岗位职责：
1.负责车辆碰撞场景的高阶数据分析。
2.负责碰撞特征的数据提取、数据处理，及碰撞准确率和召回率提升的解决方案。
3.负责挖掘新的碰撞特征及特征重要性评估。

岗位要求：
1. 初始学历统招本科及以上学历，应用数学、统计学、计算机专业相关；
2. 3年以上数据分析岗位经验，且熟练掌握python/matlab/ r等多种语言，能够写工程级数据分析代码；
3.熟练使用常见的数据挖掘算法，能够解决聚类、回归、分类问题；

加分项：
大数据下的数据分析项目实战经验
        ",1,0,0,0,0
1655,数据分析师,智库2861,成都,15-50人,本科,天使轮,数据服务,10.5,1-3年,,"[""绩效奖金"",""定期体检"",""带薪年假"",""扁平管理""]","
        1、本科及以上学历，数学、计算机、信息处理相关专业，2年以上编程经验。
2、较好的数学基础，逻辑思维能力较强，并对大数据及人工智能有极大的兴趣。
3、熟练掌握python编程。
4、具备良好的编程习惯。
5、211、985院校优先。
6、能力优秀者薪酬范围可以调整。
        ",1,0,0,0,0
1656,游戏客服（数据分析方向）,成都卓杭,成都,150-500人,大专,不需要融资,游戏,4.5,不限,,"[""带薪年假"",""午餐补助"",""绩效奖金"",""周末双休""]","
        岗位职责：
1、负责协助上级建设服务指标体系，并不断细化指标；
2、基于数据推动客服系统不断完善，保证链路畅通；
3、通过客服数据分析，及时发现异常指标及业务风险，并及时评估风险并制定解决方案；
4、根据服务指标，提升团队服务效率从而提升用户服务体验。

任职要求：
1、统计学、数学专业优先；
2、熟练使用excel，ppt等办公软件，拥有较强的数据敏感度和数据分析能力；
3、思维逻辑清晰，能够准确严谨的将服务报表呈现给各业务部门；
4、银行、互联网企业大型呼叫中心从事数据工作经验优先。
        ",0,0,0,1,0
1657,数据分析师--3006,爱奇艺,成都,2000人以上,本科,上市公司,文娱丨内容,10.0,1-3年,,"[""绩效奖金"",""五险一金"",""交通补助"",""带薪年假""]","
岗位职责:
1、为手机游戏日常运营和产品优化提供数据支持。解读研发及产品的数据需求，提取数据、清洗并整合数据，设计数据可视化，得出商业结论，产出分析报告，提出优化建议； 2、参与多款手游项目的市场调研、竞品研究、用户行为研究等专题的数据准备工作，产出分析报告。
任职要求:
1、计算机、统计、数学等相关专业。喜爱手游，有游戏行业1年以上从业经验优先； 2、了解关系型数据库，精通mysql，精通excel； 3、有python/sas编程经验优先考虑，有tableau使用经验优先考虑； 4、有数据敏感度，较强的逻辑分析能力，快速学习能力及文档写作能力； 5、有较强的跨部门沟通能力及团队合作能力。
温馨提醒： 如果7天内您没有收到爱奇艺的面试邀请，那么目前我们不会安排您参加后续的面试环节，感谢您的理解和对爱奇艺的关注与认可
",1,1,1,1,1
1658,大数据分析师,哈工大大数据,成都,15-50人,本科,未融资,数据服务,11.0,应届毕业生,,[],"
        岗位职责:
（1）基于业务场景需求探索构建数据模型，管理基础数据，提供数据功能的相关设计方案，提升数据利用效率和价值;
（2）拓展数据部门的数据收集渠道，优化数据清洗方案，为管理，产品，运营提供数字化决策指导的分析意见; 
（3）规划公司数据产品的能力发展方向?以及产品功能设计方案。 
（4）熟练使用python工具进行数据搜集整理进行办公自动化 
任职要求：
（1）大学本科及以上学历，计算机、统计学专业优先；
（2）有非常好的沟通和协调能力，工作积极主动，具有较强的责任心和团队合作精神，敢于接受挑战性的工作；
（3）具备良好的ppt制作和演示演讲能力，能够独立专业的讲解技术方案，了解并反馈客户需求，并能与客户的关键技术人员建立良好的沟通关系；
（4）具有良好的方案协作能力和ppt编制能力，能够独立完成企业信息化整体规划设计和数据分析方案编写。
        ",1,0,0,0,0
1659,数据分析工程师,联通大数据,成都,150-500人,本科,不需要融资,数据服务,11.5,3-5年,,[],"
工作内容：
负责公司产品和项目研发中数据源调研分析、数据质量的整体管控，负责数据标准化存储规范的制定和管理、数据分析处理、数据安全管控，参与数据分析类报告撰写
1、负责数据源的调研分析、撰写爬虫需求、对数据供应商的数据维度和质量进行调研分析
2、负责数据指标和标签的加工处理
3、负责数据库账号管理、数据安全流程管控
4、负责制定数据治理过程中的清洗规则
5、负责撰写数据分析类报告

任职资格：
1、专业要求：计算机、数学、统计学等相关专业
2、教育水平：本科及以上学历
3、工作经验：数据分析或数据库管理类工作3年及以上，能够独立承担产品项目中的数据分析、数据梳理工作。要求对运营商数据、企业数据有一定了解
4、专业知识：熟练掌握sql，熟练掌握数据清洗流程，有dba经验者最佳
5、所需技能：对数据有很高的敏感性，需要一定的沟通协调能力
",0,1,0,0,0
1660,数据分析师,无糖信息,成都,50-150人,大专,A轮,信息安全,6.5,1-3年,,"[""带薪年假"",""五险一金"",""弹性工作"",""领导好""]","
        岗位职责：
1.根据客户、其他部门需求进行数据分析，并编制分析报告。
2. 不定期的对于公司的数据进行分析和挖掘，并编制相关分析报告。
职位要求:
1.熟练掌握python或r
2.熟练掌握sql以及主流数据库，需具有数据清洗的能力
3.有编制相关长篇分析报告者优先
4. 能够独立思考、分析问题、思维敏捷，良好的沟通能力和团队合作精神，和较强的责任心。
        ",1,1,0,0,0
1661,数据分析工程师（校招）,tap4fun,成都,500-2000人,本科,不需要融资,游戏,15.0,应届毕业生,,"[""技能培训"",""节日礼物"",""年底双薪"",""带薪年假""]","
        岗位描述：
挖掘用户行为数据，帮助提高游戏质量，提升玩家体验及价值
研究用户画像、开发预测模型、分析渠道作弊，提升投放精准度

岗位要求：
硕士及以上学历，统计学、数学、计算机、等数据分析相关学科或者有量化研究背景
至少掌握一种编程建模语言，如python、r、matlab等
熟悉决策树、聚类、逻辑回归、关联分析、svm、贝叶斯等算法
对机器学习、概率统计，最优化等算法原理及其在互联网行业的应用有深入的理解和浓厚的兴趣
        ",1,0,0,0,0
1662,数据分析经理,去哪儿网,成都,2000人以上,大专,不需要融资,旅游,12.5,3-5年,"[""16薪"",""免费体检"",""地铁周边"",""5险1金""]","[""技能培训"",""节日礼物"",""带薪年假"",""试用期全薪""]","
1、负责制作、整理、汇总、统计分析各种部门数据报表；2、负责相关业务数据拉取与整理，对多种数据源进行深度诊断性组合分析、挖掘，出具数据报告，为用服整体运营提供数据支持；3、开展数据分析专项，基于数据和项目分析成果，为管理层和相关业务部门提供商业策略分析和业务优化建议，持续改进部门运营效果；4、与各部门沟通协调，市场、产品、技术等对接及反馈；5、从数据角度提出对系统层面的完善，侧重于问题的防范及对已发生问题的分析及解决方案；
",0,0,0,0,0
1663,数据分析师,无糖信息,成都,50-150人,本科,A轮,信息安全,6.5,1-3年,,"[""带薪年假"",""五险一金"",""弹性工作"",""领导好""]","
岗位职责：1、对业务数据进行数据分析或数据挖掘；5-82、负责研究领域相关周期性的报告输出和决策支撑；任职要求：
1、本科及以上学历2、需熟练使用sql和 python(r)；
3、对涉网犯罪领域有了解者优先；
4、有nlp/机器学习/舆情分析者优先；
",1,1,0,0,0
1666,数据分析,广播电视研究所,成都,150-500人,本科,不需要融资,其他,9.0,1-3年,,[],"
        岗位职责：
1、熟练使用常用开源框架进行现有java web前端项目开发； 
2、负责后端模块的设计、编码与测试； 
3、完成常规需求对接、需求分析、数据分析工作，独立完成数据建模开发任务； 
4、参与大数据项目的研发工作及日常维护工作； 
5、按照规范书写相关设计、开发文档； 
6、与其他同事共享开发经验，优化产品的功能和性能。

任职要求： 
1、全日制本科及以上学历，计算机相关专业，2年以上数据分析、指标开发相关工作经验；
2、java基础扎实，理解io、多线程、集合等基础框架； 
3、精通sql，能独立完成业务数据指标开发，了解数据建模、业务建模和操作; 
4、具有一定的数据库开发经验，熟悉oracle、mysql等主流数据库，了解非关系型数据库；
5、对数据敏感，擅于数据分析和数据挖掘，需要较强的逻辑分析、数据分析能力、问题排查能力；
6、有一定的算法基础，如线性代数、概率统计等优先；
7、了解hadoop、storm、spark、druid等大数据框架组件者优先； 
8、较强的用户需求沟通、判断、把控能力，善于合作协调沟通，思维敏捷，责任心强，具有良好的书面和口头表达能力； 
9、积极向上，有良好的团队合作精神及较强的抗压能力；
        ",0,1,0,0,0
1667,高级数据分析师,小鸡叫叫,成都,500-2000人,本科,B轮,文娱丨内容,12.5,3-5年,,"[""岗位晋升"",""扁平管理"",""顶级项目"",""年底1-3薪""]","
        工作职责：
1. 与业务团队紧密合作，通过分析/挖掘数据，探索业务机会点并能贡献自己对业务的独特见解；
2. 业务数据报表收集整理，监控相关核心数据，查找、分析运营过程中的异常情况； 
3. 通过数据赋能的方式推动公司的数据运营化，同时探索数据产品化的机会，让数据在业务中发挥更大的价值。

任职要求：
1.统计学、数学、信息技术相关专业本科以上学历，互联网3年以上数据分析/商业分析相关经验，有教育行业从业经历者优先；
2. 良好的业务嗅觉，有一定的数据分析、挖掘和建模的经验，熟悉互联网常见产品分析，用户分析方法论，熟悉数据挖掘算法者优先。
3.熟练掌握excel/spss等数据分析工具，具备一定sql/python/r coding能力者优先；
4. 具备较强跨团队协作及英语沟通表达能力。
        ",1,1,0,1,1
1668,IT数据分析工程师,易初明通,成都,500-2000人,本科,不需要融资,其他,11.0,3-5年,,[],"
        岗位职责：

根据业务部门的需求，负责对所有上线系统的数据分析相关工作进行技术支持，以满足业务部门的需要，了解业务部门的需求，并能够通过bi工具，etl，数据管理架构实现数据的可视化。
1、参与bi，ba等项目，协助业务部门构建健壮的数据分析系统；
2、结合业务需求和分析成果，协助业务部门构建数据分析模型；
3、负责收集数据分析需求，制定分析方案并实施，根据分析结果为业务部门提供合理建议；
4、主导构建数据中心，融合公司所有信息系统的流程和数据，给公司bu和管理层提供客观准确的数据信息以便于进行分析和决策；
5、完成数据建模，通过bi平台对业务现有或临时的报表需求提供支持；
6、对平行团队的成员进行数据分析相关知识培训， 根据其他部门的需求给予终端用户相关的培训。


任职资格：
1、专科，计算机or统计学or应用数学等相关专业；
2、3年以上bi和数据建模工作经验，掌握数据库知识、sql、数据分析建模或统计学；
3、具备操作系统的能力、数据库使用的能力。数据分析能力，统计分析、数据挖掘，沟通，时间管理等；
4、良好的sql处理经验，拥有视图，连接，编写和解析复制查询和存储过程方面的知识；
5、必须精通sql和数据建模，熟悉etl tools和bi产品者优先，对业务逻辑和数据敏感，拥有良好的协调沟通能力。
        ",0,1,0,0,0
1669,数据分析工程师,诚迈科技,成都,2000人以上,大专,上市公司,移动互联网,15.0,3-5年,,"[""年底双薪"",""专项奖金"",""交通补助"",""午餐补助""]","
        岗位要求：
1、计算机、统计学相关专业专科及以上学历，掌握概率论，数据统计相关知识，4年以上工作经验；
2、精通sql语言，熟练掌握hive、spark、python、r语言等一种或者多种言语，有java开发经验者优先；
3、有企业大数据治理经验，熟悉数仓模型分层设计，具备etl流程设计和调优经验;
4、对数据敏感，可独立编写数据分析报告，及时发现和分析其中隐含的变化和问题；
岗位职责：
1、参与软工系统数据运营平台的建设，为业务提供有价值的数据产品；
2、负责软工系统研发过程数据采集、清洗、分析等工作，为下游系统提供数据模型；
3、负责软件系统业务报表开发，满足业务部门对数据看板的诉求；
        ",1,1,0,0,0
1670,金融数据分析,北京中经惠众科技有限公司,成都,150-500人,本科,不需要融资,金融,32.5,10年以上,,[],"
工作职责：
1/ 金融业务数据分析，包含金融业务过程数据、金融监管数据（客户风险/east）等数据拆解；
2/ 为企业金融画像、评级、评分、反欺诈等提供数据规范，构建指标体系，提取指标数据；

能力要求：
1/ 本科及以上学历，具备3年以上金融机构/金融科技公司数据分析从业经验；
2/ 至少熟悉一下其中1类数据，人民银行（全科目、反洗钱、征信）、银保监各主题（1104、客户风险、east等）、银行业务数据；
3/ 能熟练运用sql查询和提取数据，构建风控建模需要的指标体系，优化完善相关指标/模型/报表，数据敏感度高；
4/ 熟悉east优先；
5/ 良好的沟通能力、执行能力，逻辑思维能力强，勤奋好
",0,1,0,0,0
1671,金融数据分析师,星石悦文,成都,50-150人,本科,未融资,金融,12.5,3-5年,,[],"
岗位职责1、定期整理金融数据，向上级领导账户分析结果；2、按照要求进行技术和基本面规律的分析，进行的数据搜集及整理；3、严格执行公司各项制度，配合部门领导有关工作；     4、遵守公司的各项管理制度，承办领导交办的其他工作。任职要求1、对金融经济知识感兴趣，希望踏足金融圈的；2、有无经验亦可，金融专业以及具有操作经验者优先考虑；3、有较强的学习能力，公司提供完善免费的岗前培训；4、有求知欲，有集体荣誉感，有上进心，有赚钱的信心和欲望；5、有冷静的头脑与不被别人影响的判断力，能够坚持己见。
",0,0,0,0,0
1672,数据分析岗,锦程消费金融公司,成都,150-500人,本科,未融资,金融,10.0,1-3年,,[],"
岗位职责：1.策略研究，为大小额贷款产品的开发、贷前、贷中、贷后及运营等提供数据和策略支持；2.联合建模，积极联合第三方公司，使用内外部数据进行模型研究，建立稳定有效的数据模型；3.联合运营，通过运用内外部数据，通过一定策略进行二次监控，确保联合运营产品的风险处于合理水平；4.评分卡模型，针对现有评分卡模型的持续调整优化；5.建立模型、策略运行效果评估机制，进行持续的监控和调优；6.推进规则引擎的开发接入；7.完成上级交办的其他工作。

任职要求：1.经济学、金融学、统计学、应用数学、信息管理与技术等相关专业本科及以上学历；2.熟练掌握数据库查询并具有统计分析专业背景，具有一定的银行相关数据分析工作经验；3.有银行、担保公司及其他金融行业相关数据分析工作经历，或数据相关的项目实施或项目管理经验者优先。4.熟悉市场、产品、风险、审批、催收、运营等相关业务，能为深入数据分析和模型、策略的研究提供支持；
",0,0,0,0,0
1673,数据分析师,晟汇铭启,成都,50-150人,大专,未融资,金融,10.0,1-3年,,[],"
1. 编制计划，设计模型和系统。2. 为公司部门提供信息，制定方案。3. 执行，评估和提升运营策略，研究行情波动。任职要求：1. 与金融行业有一定接触，能够有能力独立进行市场研判和行情分析。2. 对金融行业有一定兴趣，具备学习能力，能够快速分析和理解新的概念和理念。3.大专以上学历相关说明：1. 岗位主要从事技术性工作，无销售性质2. 工作时间上午10:00-18:00，工作时间可灵活调配。福利待遇：1. 公司定期团建，出游，提倡劳逸结合。2. 节假日正常放假，周末双休。3. 提供海外交流学习机会，鼓励学习进步，优秀人才报销各类证照考试费用。
",0,0,0,0,0
1674,数据分析师,冰鉴科技,成都,150-500人,本科,C轮,信息安全,14.0,1-3年,,"[""福利关怀丰厚"",""组织管理扁平"",""年终奖金丰厚"",""技术实力强大""]","
        工作职责：
1.负责金融风险管理相关的数据分析，对风险预警异常情况进行深入分析，对业务风险指标进行跟踪分析及优化；
2.负责机器学习模型的构建、维护、和评估；
3.参与公司征信评分模型和征信系统的研发，包括但不局限于反欺诈模型、申请评分、行为评分、催收评分等模型设计开发；
4.对于部门内产品、需求提供数据支持，对于风险规则策略提供建议；
5.配合项目计划，负责建模驻场项目，完成客户需求的任务。
职位要求：
1)统计、数学、计算机等理工科相关专业本科及以上学历，有金融业相关工作经验为佳， 做过个人风控和企业风控最佳；
2)熟悉常用数据挖掘算法与模型，熟悉逻辑回归、神经网络、决策树、聚类等建模方法；
3)熟练使用 python、r 等数据处理工具，熟悉 sql、hive、spark，hadoop，了解mapreduce 分布式计算，具备扎实的数据分析功底；
4）对数据敏感且对处理大量数据有强烈兴趣，喜欢探索钻研，有独立思考的能力；
5)思维活跃，有创新思考能力，具有良好的逻辑分析能力，能够快速学习新方法，责任心强；
6)注重团队协作，有独立承担项目的经验和能力，具有优秀的职业素养和抗压能力；
7）具有良好的编码能力，具备产品思维，可适应短期出差者优先考虑。
        ",1,1,0,0,0
1675,数据分析专员,固舟信息,成都,50-150人,大专,未融资,金融,6.5,1-3年,,[],"
        工作时间：
前期朝九晚六，后期可自由安排工作时间，周末双休。本岗位属于纯技术岗，无销售性质。
工作内容： 
1、分析市场形势，时刻关注市场的变动和相关重要资讯；
2、跟踪市场动态及走势，收集整理并且分析相关数据。
3、无经验者公司会安排一对一带，让你能更快地进入工作状态。
职位要求：
1、本科以上学历，接触过市场数据分析。
2、对行业有浓厚的兴趣，热爱这个行业。
3、严格遵守公司制度，有集体荣誉感。
福利待遇：1.底薪5k-12k+岗位分红+五险 2.每三个月晋升一次，薪资涨幅1000-2000
3.交通补助+全勤奖+年终分红 4.每年一次员工旅游
        ",0,0,0,0,0
1676,Data Scientist(数据分析),宏利金融全球服务中心,成都,150-500人,本科,上市公司,金融,16.5,不限,,"[""绩效奖金"",""五险一金"",""带薪年假"",""年度旅游""]","
        responsibilities

® determine the source of the data, coordinate extraction and acquisition

® explore and discover new data sources, and transform raw data extract through profiling, cleaning, mapping and validation with expert resources

® assess data quality, identify gaps in the data and eliminate irrelevant data

® provide summary statistics of key performance metrics and other measures deemed significant business units

® perform multivariate analysis, predictive modelling, cluster, market basket analysis using sophisticated statistical techniques

® apply advanced analytics techniques to reveal actionable insights and drive revenue or efficiency campaigns

® present and visualize the data with the relevant use of graphs and charts in business intelligence clients (e.g. qlikview)

® coordinate and manage data analytics activities with stakeholders

® support ad-hoc requests for data analysis from stakeholders



qualifications

® bachelor’s degree in statistics, mathematics, engineering, operations research, computer science, information technology or related fields. university graduates are encouraged to apply.

® up to 5 years work experience in related fields is an advantage but not required

® knowledge of descriptive statistics, and use of appropriate charts and visuals for effective reporting

® knowledge of r, python, sas, stata, matlab, spss or other related statistical packages

® knowledge of machine learning/predictive analytics such as time-series forecasting, regression (linear, glm, etc.), decision trees, random forests, basket analysis, etc.

® knowledge of evaluating success of predictive models, both for classification (e.g. percent correct classification, confusion matrix, lift, gain, receiver operating characteristic and area under the curve) and continuous (r-squared, average error, mean squared error, median error, average absolute error, median absolute error) models

® advanced knowledge of microsoft excel features such as pivot tables, pivot charts, filters, and functions

® knowledge of microsoft sql and other relational databases preferred but not required

® excellent oral and written communication skills

® strong analytical and problem solving skills

® highly collaborative and results-oriented
        ",1,1,0,1,1
1677,大数据分析开发工程师,钛马车联网,成都,150-500人,本科,B轮,数据服务,12.5,3-5年,,"[""技能培训"",""节日礼物"",""互联网汽车"",""绩效奖金""]","
        职位信息
1、负责大数据平台模块的设计开发工作。
2、基于项目需要对新技术进行调研。
3、负责大数据平台上的数据存储、维护和优化，计算调优。

任职要求
1、本科或以上学历，计算机相关专业，3年以上大数据平台开发经验。
2、java基础扎实，掌握spring、spring boot等开发框架。
3、掌握常用大数据平台解决方案，如hadoop、spark、hive、hbase等。
4、熟练使用至少一种etl工具，具备1年以上实际工作经验具备etl优化能力。
5、了解常用大数据技术的概念及底层原理、处理流程。
6、熟悉linux操作系统。
7、具备数据仓库设计、建模经验。
8、有公有云（如aws、阿里云、腾讯云等）大数据开发实践经验者优先。
9、关注大数据技术的发展和演进。
10、良好的沟通合作能力，热爱技术并善于钻研，能主动思考，有解决疑难问题的毅力和决心。

",0,1,0,0,0
1678,高级数据分析师,普华永道成都SDC,成都,2000人以上,本科,不需要融资,金融,10.0,3-5年,,[],"
        职责描述

1. work as service expert, identify work opportunity between engagement and sdc delivery team continuously 作为该业务的专家，不断拓展现有审计业务团队和sdc 交付团队之间更多的合作机会 

2. sort out the process and identify the risk lies in 整理流程并识别内在风险 

3. manage and complete the business learn and transforming 主导并完成业务的学习及转移 

4. continuously improve the quality and efficiency 持续不断的改进业务的质量及效率 

5. work with service manager and capability leader to complete the process excellent achievement 同业务经理及拓展主管一起完成质量流程提升这一关键指标 

6. execute other supporting activities assigned by direct supervisor 完成主管分配的其他支持相关工作 

7. coach and develop skills of junior specialist 协助专员提升业务技能并提供相应的指导 

任职要求

essential criteria 

1. bachelor degree, major in information management, statistics, maths ,computer science and software engineering (database systems), accounting, financial management, finance、auditing is preferred 大学本科学历，专业不限，统计学、数学、信息管理、计算机科学及软件工程（数据库方向）、会计学、财务管理、金融学、审计学优先考虑 

2. 3-6 years working experience in data cleansing , visualisation and data analysis related position 3~6年审计及数据清洗、数据分析及数据可视化相关岗位工作经验 

3. strong analytical and highly commitment to quality client service 很强的分析和沟通能力，勤勉敬业，致力于向客户提供卓越服务 

4. willing to acquire cross-functional knowledge about accounting\ auditing\ data analysis related knowledge 愿意跨专业学习财务、审计、内控、数据分析等领域知识 

5. excellent written and oral communication skills in both english and mandarin chinese, including both technical and business writing, documentation and presentation skills， effective interpersonal and influencing skills 优秀的中英文口语和书面表达能力，高效的沟通能力和个人沟通技巧 

6. can adapt to travel for short term or ot 能够适应短期出差及加班 

7. able to work independently with minimum supervision and manage multi tasks at the same period 能独立承担相应的工作, 具备同时处理多任务的能力 

8. efficient analytical and problem solving skills; 较强的分析与解决问题的能力 

9. flexible, self-starter possessing intellectual curiosity; 适应灵活的工作方式并且能自我激励 

advantage criteria 

1. knowledge and experience on any of the soft wares below is an advantage: sql /qlikview/ tableau / powerbi /python /vba. 有以下软件中任一软件有相关经验者优先： sql/qlikview/ tableau / /powerbi/ python/vba 

2. knowledge on data analysis and reporting analysis is advantage. 有数据分析以及报表分析经验的人员将优先考虑 

3. experience in process transformation\six sigma experience is preferred. 有流程转化或西格玛管理经验将优先考虑 

4. experience in process optimization, automation is preferred. 有流程优化和自动化相关工作经验者优先 

5. prior bpo centre experience will also be preferred. 有bpo 行业相关经验的将优先考虑
        ",1,1,1,1,0
1679,数据分析师,西瓜创客,成都,150-500人,不限,B轮,教育,15.0,不限,,"[""牛人多"",""快速发展"",""带薪年假"",""定期体检""]","
你来做什么
1、根据业务需求设计试验和指标；
2、追踪、整理和分析试验和产品运营数据，制作日常或项目分析报告；
3、与产品运营、研发等团队协调沟通，帮助产品迭代；
4、设计数据后台信息架构，帮助各团队及时发现问题；
5、帮助其他团队成员提升数据分析能力。

我们需要你
1、全日制本科及以上学历，持续学习者，不害怕没有接触过的技术和方法；
2、统计、数学、信息技术、管理科学、生物统计等相关专业；
3、熟练运用至少一门编程语言（python、ruby、r、matlab、c#等），熟悉数据库建模和操作；
4、有产品思维，善于从全局考虑问题，愿意在变化和不确定性中创造价值；
5、具有数据挖掘、大数据分析、机器学习背景者优先，有从0到1的创业经历者优先。
",1,0,0,0,0
1680,金融数据分析师,晟汇铭启,成都,50-150人,大专,未融资,金融,9.0,1-3年,,[],"
1. 编制计划，设计模型和系统。2. 为公司部门提供信息，制定方案。3. 执行，评估和提升运营策略，研究行情波动。任职要求：1. 与金融行业有一定接触，能够有能力独立进行市场研判和行情分析。2. 对金融行业有一定兴趣，具备学习能力，能够快速分析和理解新的概念和理念。3.大专以上学历相关说明：1. 岗位主要从事技术性工作，无销售性质2. 工作时间上午10:00-18:00，工作时间可灵活调配。福利待遇：1. 公司定期团建，出游，提倡劳逸结合。2. 节假日正常放假，周末双休。3. 提供海外交流学习机会，鼓励学习进步，优秀人才报销各类证照考试费用。
",0,0,0,0,0
1681,数据分析专员,金熊猫,成都,150-500人,本科,不需要融资,文娱丨内容,9.0,3-5年,,[],"
        岗位职责：
1、负责公司日常数据的监控、分析，对产品优化、业务运营提供数据支撑；对数据高度敏感，通过数据为导向指导业务或产品发展；
2、根据业务部门的需求，进行定向数据分析，形成可视化分析报告；
3、参与公司数据产品建设工作，对产品建设过程中提出建设性意见与建议。
4、对公司重点业务熟知，关注行业动态，通过数据报告对业务动态进行汇报。

岗位要求：
1、统招全日制本科及以上学历，数学、统计学或计算机相关专业，三年以上数据分析相关工作经验；
2、热爱传媒行业，对视频行业有一定认知，对舆情热点等有敏锐感知；
3、精通excel及其常用插件，能熟练使用sql查询，熟练掌握python数据分析方法，尤其是pandas、matplotlib等库的使用；熟练使用powerpoint等办公软件。
4、良好的沟通与语言表达能力，善于在沟通中捕捉业务部门的核心需求；
5、拥有出色的学习能力，能跟随公司、跟随团队一起成长
        ",1,1,0,1,0
1682,金融数据分析师助理,东惠锦烁,成都,50-150人,大专,未融资,金融,6.0,不限,,[],"
        岗位要求：
1、具有逻辑思维能力、判断与决策能力、计划与执行能力； 
2、较强的学习能力，可以领悟培训中的核心要点；
3、开朗、自信，能够承受较大压力，思维敏捷，行动迅速；
岗位职责：
1、负责辅助经理编制内的公司资金使用计划，有效管理好公司给予的资金； 
2、辅助公司分析和研究各项项目；
3、提出并实施公司资金管理工作改进建议;完善资金管理制度；
4、做好资金风控管理； 
5、完成上级领导交办的其他专项工作。
20-35岁
        ",0,0,0,0,0
1683,金融数据分析师,东惠锦烁,成都,50-150人,大专,未融资,金融,12.0,1-3年,,[],"
        任职资格:
1、对金融行业有充分的兴趣，学习能力强，善于接纳和运行新的理念和技术，不畏挑战。
2、工作态度积极，自律能力强，始终保持进取心，不安于现状，有一定的竞争意识，有充足的自信心。
3、对金融市场有一定的了解，自学成才或专业学习均可。
4、公司会进行全方位的岗前培训，全面按照公司的理念和思路进行培养。
5.对合适人才的学历和背景没有限制。
相关说明:
1、底薪( 5000-20000) +补助+盈利提成+年终奖金+五险一金。
2、公司提供资金和资源进行操作，重视人才，珍惜人才。
3、能力突出的人才公司将提升基础薪酬待遇，月入直接过万。
4、岗位无销售推广工作，不需要拉资金拉客户，完全是技术岗位。
5、工作时间10:00-17:00，市场开放时段可以自由安排工作时间。
        ",0,0,0,0,0
1684,数据分析师,创力科技,成都,15-50人,本科,未融资,企业服务,16.0,3-5年,,[],"
岗位职责：
1、根据国有集团客户战略规划，收集经济发展趋势、行业政策导向、同业竞争态势等相关数据进行分析；
2、分析集团客户各单位的战略情况，独立完成数据分析项目过程中的日常业务数据提取、数据分析、数据展示工作，编制数据分析报告；
3、根据集团客户业务及行业特性进行数据清洗、分析与挖掘，搭建利于业务决策的数据模型，制定切实可行的数据规划及分析方案；
4、完成行业数据分析报告、集团客户经营分析报告、盈利分析报告等；根据行业特性、业务特性制定可视化图形展示。

任职要求：
1、宏观经济、工商管理、统计学等相关专业，大学本科以上学历；
2、具备3年以上数据统计分析工作经验，2年以上战略或有项目可研相关工作经验；
3、熟悉掌握企业战略等相关知识，对行业相关政策、经济形势等有良好的敏感度；
4、学习分析能力强，优秀的文案写作能力及ppt制作能力，能够依据相关资料进行独立分析并撰写报告；
5、在国有企业、大数据行业、管理咨询公司有相关从业经验者优先；
ps：本职位享有股权激励
",0,0,0,0,0
1685,数据分析主管,成都方源房地产咨询服务有限公司,成都,2000人以上,本科,D轮及以上,房产家居,8.0,3-5年,,[],"
        岗位职责：
1、负责搭建当地报表体系，对业务数据进行统一管理，建立、优化和完善运营数据指标体系； 
2、负责深度分析城市数据，针对关键问题进行业务诊断并形成专项分析报告； 
3、负责通过数据发现业务规律与潜在问题，在规律中寻找增长点，并建立预警机制，确保业务健康； 
4、负责对接数据产品，完善数据分析工具，提升数据输出效能。
任职要求：
1、本科及以上学历，统计/数学/计算机相关专业学历背景优先，优秀者可适当放宽； 
2、具备较强的数据敏感度和逻辑思维，能够独立搭建数据模型与数据体系，并能通过数据发现问题提供策略； 
3、熟悉ppt制作，精通sql、excel，bi背景优先考虑。
        ",0,1,0,1,0
1686,数据分析（BI）,成都方源房地产咨询服务有限公司,成都,2000人以上,本科,D轮及以上,房产家居,8.0,1-3年,,[],"
        岗位职责：
1、负责搭建当地报表体系，对业务数据进行统一管理，建立、优化和完善运营数据指标体系；
2、负责深度分析城市数据，针对关键问题进行业务诊断并形成专项分析报告；
3、负责通过数据发现业务规律与潜在问题，在规律中寻找增长点，并建立预警机制，确保业务健康；
4、负责对接数据产品，完善数据分析工具，提升数据输出效能。
任职要求：
1、本科及以上学历，统计/数学/计算机相关专业学历背景优先，优秀者可适当放宽；
2、具备较强的数据敏感度和逻辑思维，能够独立搭建数据模型与数据体系，并能通过数据发现问题提供策略；
3、熟悉ppt制作，精通sql、excel，bi背景优先考虑。
        ",0,1,0,1,0
1687,数据分析师（风控模型 偏算法）,冰鉴科技,成都,150-500人,本科,C轮,信息安全,17.5,1-3年,,"[""福利关怀丰厚"",""组织管理扁平"",""年终奖金丰厚"",""技术实力强大""]","
        1. 负责金融风险管理相关的数据分析，对风险预警异常情况进行深入分析，对业务风险指标进行跟踪分析及优化；
2. 负责机器学习模型的构建、维护、和评估；
3. 参与公司征信评分模型和征信系统的研发，包括但不局限于反欺诈模型、申请评分、行为评分、催收评分等模型设计开发；
4. 对于部门内产品、需求提供数据支持，对于风险规则策略提供建议；
5. 配合项目计划，负责建模驻场项目，完成客户需求的任务。
职位要求：
1) 统计、数学、计算机等理工科相关专业本科及以上学历，有金融业相关工作经验为佳，做过个人风控和企业风控最佳；
2) 熟悉常用数据挖掘算法与模型，熟悉逻辑回归、神经网络、决策树、聚类等建模方法；
3) 熟练使用python、r等数据处理工具，熟悉sql、hive、spark，hadoop，了解mapreduce分布式计算，具备扎实的数据分析功底；
4）对数据敏感且对处理大量数据有强烈兴趣，喜欢探索钻研，有独立思考的能力；
5) 思维活跃，有创新思考能力，具有良好的逻辑分析能力，能够快速学习新方法，责任心强；
6) 注重团队协作，有独立承担项目的经验和能力，具有优秀的职业素养和抗压能力；
7）具有良好的编码能力，具备产品思维，可适应短期出差者优先考虑。
        ",1,1,0,0,0
1688,数据分析,华为技术有限公司,成都,2000人以上,本科,不需要融资,通讯电子,30.0,5-10年,"[""试用期上社保"",""试用期上公积金"",""一对一带教"",""免费体检"",""5险1金"",""定期团建"",""试用享转正工资"",""团队年轻有活力"",""加班补贴""]","[""福利完善"",""国际化平台"",""定期体检"",""绩效奖金""]","
岗位要求:1.负责大数据数据分析和挖掘平台的，规划，开发，运营和优化；2.能够根据项目设计开发数据模型，数据挖掘和处理算法，通过数据探索和模型输出进行分析，给出分析结果3.具有丰富的数据分析，挖掘，数据仓库建模的项目实践经验，擅长常用的统计方法如：线性回归，逻辑回归，实验设计，市场分析，聚类，分群等任职要求：1.扎实的计算机编程能力和良好的编程习惯，熟悉java io,多线程编程，熟悉jvm运行机制和内存管理，网络协议2. 具备大数据平台项目及大数据应用项目的项目管理经验，熟悉大数据平台，工具，大数据应用总体架构，具备全局规划能力3.全日制大学本科及以上学历，5年以上工作经验，
",0,0,0,0,0
1689,高级数据分析师7659,OPPO,成都,2000人以上,本科,不需要融资,硬件,25.0,5-10年,,"[""丰厚年终"",""扁平管理"",""追求极致"",""本分""]","
        岗位职责:1. 负责研发过程数据分析工作，主导数据建模、分析，找到改进点优化指标体系，提升研发效能；2. 负责业务手机运行数据分析，通过运行数据，提练手机状态指标，辅助研发定位问题，承接软件开发领域行业视角的数据分析专项；3. 搭建并完善业务的报表及监控体系，通过对数据的敏锐洞察，迅速定位内部问题或发现机会，针对异常情况协调资源进行跟踪和深入分析；4. 建设与完善数据分析体系方法论，关注开发业务和用户动态，通过数据驱动产品优化的同时，挖掘用户与市场趋势，驱动战略规划的布局和落地。

任职资格:1. 计算机、数据等相关专业本科以上学历，三年及以上大数据相关工作经验，熟悉互联网行业常见的分析指标，互联网行业背景优先；2. 熟练使用sql，hive等技术，了解hadoop工作原理；3. 熟练使用linux操作系统，精通shell/python编程；4. 熟练掌握数据分析工具（r、python、excel等），能够独立产出数据报告，熟悉数据采集到报表展示的全流程；5. 有一定的业务数据敏感度，较强的数据分析能力. 逻辑思维能力，以及分析问题. 解决问题的能力；6. 较强的沟通能力和团队合作能力，勇于承担工作压力。

",1,1,0,1,0
1690,数据分析师,房助拍,成都,50-150人,大专,未融资,其他,4.0,不限,,[],"
岗位职责：
1、负责crm管理体系的维护和完善2、使用crm系统，房源管理
3、根据分析需要，统计收集各类房产拍卖数据，分析房产市场经营数据；
4、根据分析方案进行数据分析，在既定时间内提交给上级管理人员；
5、对分析情况进行总结，得出客户、市场、竞争形势结论报告,并基本预测市场发展趋势；
任职要求：
1.大专以上学历，计算机，统计学等专业优先。2.有较强的责任心，团队沟通及协调能力。3.熟练使用excel，了解excel中常用的函数。4.具备数据清洗的基本理论知识，熟悉数据清洗流程。5.熟悉一种计算机语言r,python,sql以及tableau，spss，sas等数据分析软件优先。
",1,1,1,1,1
1691,数据分析师,万数光合,成都,15-50人,大专,天使轮,数据服务,6.0,1-3年,,[],"
负责数据的统计，分析及图表制作；负责相关数据分析报告的编制；协助进行餐饮数据分析模型的研发；岗位要求统计学，数学或计算机专业熟练使用spss, excel, sql等软件
",0,1,0,1,1
1692,数据分析经理,橙心优选,成都,50-150人,大专,天使轮,消费生活,45.0,3-5年,,[],"
岗位职责
1、负责商品定价策略的建立和优化，为运营决策和销售策略提供数据支持
2、根据行业经验、历史数据分析，形成定价模型；
3、综合考虑业务场景、商户/用户分层，实现定价策略精细化。
4.衔接数据分析结论与业务目标达成的工作
5.建立用户、商户、物流、市场各环节关键数据节点的设计，用数据驱动增长
 
岗位要求：
1、五年以上工作经验，有生鲜、策略、商业分析相关工作经验者优先；
2、具有良好的业务敏感度和数据敏感度，逻辑性强，能够在复杂的业务场景和大量数据中完成数据分析工作；
3、具备数理统计知识，熟练掌握sql查询语言，了解r或phython等数据分析语言；
4、有强烈的责任心，强劲的执行能力，良好的自驱力和抗压力；
5、自我学习能力强，能够不断的进行自我迭代。
 
 
",0,1,0,0,0
1693,案件调查高级经理（懂数据分析）,新网银行,成都,150-500人,本科,不需要融资,金融,15.0,3-5年,,"[""带薪年假"",""交通补助"",""通讯津贴"",""美女多""]","
职责描述：
1. 负责全行欺诈案件的各项贷前贷后调查，并汇总分析调查结果，出具欺诈报告；
2. 组织对重大案件的专项深度挖掘及分析，总结欺诈特征和作案链路，优化现有策略和流程;
3. 持续研究各类新型的欺诈技术手段，通过各种技术工具进行案件模拟重演，并提出相应的防范方法和策略；
4. 深入研究线上各种欺诈模式，通过监控舆情等手段，跟踪了解黑产行业最新动态；
5. 对调查团队进行管理和定期培训，确保团队成员具备充分的能力和工具完成日常工作任务；

任职要求：
1. 全日制本科及以上学历，统计学、经济学、数学、刑侦、法律专业优先；
2. 5年以上欺诈案件调查经验， 有银行案件调查经验者优先；
3. 能熟练运用反欺诈调查方法进行资料防伪鉴别以及信息交叉验证；
4. 具备良好的逻辑分析、风险识别能力、沟通表达能力、分析判断能力、书面表达能力;
5. 具备熟练的数据分析技能者优先。
",0,0,0,0,0
1695,数据分析工程师（实习生）,捷泰天域,成都,50-150人,硕士,不需要融资,数据服务,2.5,应届毕业生,,[],"
职位描述：1) 负责街区及其附属产品的生产；2) 负责项目中可能会用到的数据抓取、数据整理工作；3)负责街区及其附属产品的生产；4）解决数据生产中的难点问题。能运用python进行数据分析与处理，有良好的写作能力或对写作、自媒体有浓厚的兴趣爱好，能将行业数据汇编成自媒体式的文章。
",1,0,0,0,0
1696,税务数据分析师,恩阶魔数据,成都,15-50人,本科,不需要融资,数据服务,11.5,3-5年,,[],"
岗位职责：1、负责税务数据字典整理；2、了解用户需求，协助构建平台级数据产品，生成数据分析报告，具有一定的美学基础和搭配；3、负责构建模型，实现算法，在具体数据分析项目中分析数据，挖掘规律；熟练使用spss、eviews、sas、stata等计量统计学工具中的一个或几个，有一定的工作经验。精通python、r等数据科学工具，有一定应用经验；4、对公司产品的数据支持。5、熟练掌握sql语法，包括sql2003，oracle语法，还能自定义函数。 岗位要求：1、本科及以上学历,统计学、计量经济学等数理分析专业，有很强的数据处理及数理统计分析能力，对数字敏感；2、具备良好的逻辑思维能力，良好的业务解读能力，能够从海量数据中发现有价值的规律。3、具备算法模型、机器学习、自然语言等领域知识体系；4、有将问题抽象为数据模型的能力；有利用数据独立说明与推理问题的习惯；5、熟悉数据挖掘方向，了解聚类、分类、预测等算法；6、具有较强的业务需求分析能力、问题定位和沟通表达能力;7、具备较强的学习能力和主动性，有良好的时间和流程意识。8、熟练使用spss、eviews、sas、stata等计量统计学工具中的一个或几个，有一定的工作经验。9、精通python、r等数据科学工具，有一定应用经验；10、熟练使用sql、excel、ppt、i2等工作。优先录取：熟悉金税三期税务业务优先;具有岗位要求第8、9条使用经验者优先;福利待遇：年终奖、生日礼物、体检、团队建设、五险一金、重大节日慰问、****
",1,1,0,1,1
1697,数据分析师(成都),浩瀚深度,成都,150-500人,本科,上市公司,硬件,15.0,3-5年,,"[""绩效奖金"",""年底双薪"",""五险一金"",""通讯津贴""]","
岗位职责：1、负责区域内数据分析服务项目的运营规划及管理工作；2、负责项目内容的实施，数据分析和解读，服务产品推广等；3、负责把控项目进度和服务质量，提供各类分析服务咨询，并定期进行项目总结，促进项目总体向上发展；4、负责大数据平台基础架构，以及数据挖掘处理算法、模型、脚本的维护、监控、优化和升级；5、通过建立业务的数据分析模型来指导业务发展，对数据库信息进行深度挖掘和有效利用，充分实现数据的内在价值，构建产品核心竞争力；6、根据客户需求和产品发展趋势，研究和开发新的数据分析服务场景，促进产品的不断创新和迭代；7、培训客户及驻办人员处理日常需求和基础运营服务。岗位要求：1、计算机、通信等相关专业本科及以上学历；2、具备2年以上大数据处理、挖掘、建模和分析方面的经验，以及1年以上项目管理或团队管理经验；3、熟练掌握c++、java、python等至少一种代码开发能力；4、熟知通信运营商网络架构、信号、信令及业务流程，有核心网、数据网、传输网、无线网和互联网等网络维护经验优先；5、熟知互联网公司系统架构、业务及调度流程并有相关经验优先；6、具备良好的沟通和理解能力，擅长与客户进行面对面的需求挖掘、引导和项目实施相关事宜的商讨；7、具备良好的报告演讲能力，能充分的向客户进行数据的解读，清晰的传递数据价值；8、有通信行业或者互联网企业相关经验优先，有软考、思科、华为等方面的证书优先；9、本岗位有出差以及高原地区工作的需求。
",1,0,0,0,0
1698,数据分析工程师,四川宏大,成都,150-500人,本科,不需要融资,信息安全、数据服务,15.0,3-5年,,"[""专项奖金"",""带薪年假"",""定期体检"",""单位食堂""]","
岗位职责：
1、负责公司已建数据分析平台的管理与维护，制定数据分析平台的管理、运维制度规范，保障系统有效运行；
2、基于公司已建数据分析平台的bi分析模块开展数据统计分析和可视化场景搭建；基于公司已建数据分析平台的ai分析模块，组织开展数据分析、挖掘项目的实施；
3、负责基于业务主题建立数据分析指标体系、数据模型；
4、参与梳理业务需求关键点及业务痛点，对业务问题进行分析并形成结论，编写数据分析报告，提供数据支持和建议；
5、参与持续优化已有的企业数据资源规划，数据分析平台的完善方案评估和技术选型；参与公司数据治理、数据产品开发等项目，提出数据分析对数据质量的要求。协助数据产品经理完成数据产品开发，参与数据产品的运营；
6、配合参与相关科研工作。
职位要求：
1、熟练掌握至少一种通用编程语言，如python、r或java；
2、熟练掌握至少一种数据库通用语言，如sql
3、有机器学习方法学或大数据分析经验优先，如回归分析、分类算法、聚类分析等；
4、具2年以上的数据分析及相关工作经验，具备数据需求分析和数据建模的能力；对数据敏感， 具有缜密的逻辑思维能力及较强的学习能力；
5、本科及以上学历，计算机、数学、统计学、物理学等相关专业背景。
工作地点：成都或者广汉。
",1,1,0,0,0
1699,水务工程大数据分析师,哈工大大数据,成都,15-50人,本科,未融资,数据服务,8.0,3-5年,,[],"
        任职要求:

1、学历要求:统招本科以上（硬性条件）,环境工程、水处理、分析化学等相关专业;

2、 熟悉水质检测或者水环境治理相关工作;

3、对水质情况能够分析并编制详细的实验报告;

4、撰写能力突出，擅长实验报告、分析报告的编制和撰写。

岗位职责
1、负责水务项目分析工作；

2、配合项目经理完成项目需求调研，编制需求说明书和工作方案;

3、按要求完成数据分析报告、建模报告、数据报表等;

4、沟通客户实际分析需求，完成相关数据探索、数据建模分析等工作;
        ",0,0,0,0,0
1700,初级数据分析师,万选通,成都,150-500人,本科,未融资,电商,6.0,1-3年,,[],"
工作职责：
1、负责客户的对接以及按客户要求作出相应的数据接口和报告
2、深度挖掘内部数据，对业务流程深入理解。
3、对于部门内产品、需求提供数据支持，对于数据配置提供建议；
4、协助部门建立数据仓库，参与基于数据平台的数据etl以及数据平台搭建；
5、完成领导交办的其他工作；

任职要求：
1、能接受中长期到上海出差，出差时有相应的补贴；
2、本科及以上学历，数学、统计学、数量经济学、计量经济学、运筹学、计算机，生物等专业优先
3、熟悉数据统计过程，必须熟练使用sql等语言对数据进行处理；
4、sas、spss、r、matlab、excel至少精通1-2种，熟悉sas的优先；
5、有独立的专题分析能力，良好的书面表达能力，组织协调及沟通能力强，抗压能力强。
",0,1,0,1,1
1701,初级数据分析师,神州信息,成都,2000人以上,本科,上市公司,数据服务,10.0,3-5年,,[],"
        岗位职责：
1、协调梳理业务需求，整理业务逻辑
2、参与搭建数据分析模型，通过数据挖掘、文本挖掘，对海量用户数据进行挖掘与分析，不断评估和优化业务分析模型


岗位要求：
1、本科及以上学历，研究生优先，数学、统计学、计算机相关专业优先，对数据分析有强烈兴趣者优先
2、有it大数据分析经验，有大型互联网公司数据分析经验、互联网数据建模分析经验者优先
3、能快速理解业务，梳理业务需求，发掘业务细节和数据之间的联系
4、熟悉 sql，熟练使用 r/python 进行数据清洗、统计、分析
5、具备数据产品原型设计能力，了解 axure等原型设计工具
6、较好的总结和报告撰写能力，熟练使用word,excel,ppt等office软件
7、工作积极主动，细心踏实，具备高度的工作责任心，能接受出差，逻辑清晰，思维缜密，数据敏感度高
        ",1,1,0,1,0
1702,数据分析助理,铭讫聚富,成都,50-150人,大专,不需要融资,电子商务 移动互联网,9.0,1-3年,,"[""绩效奖金"",""专项奖金"",""帅哥多"",""美女多""]","
岗位职责：
(1)协助分析师分析市场需求，编制需求说明书和工作方案；
(2)协助分析师进行项目相关资料搜集和研究；
(3)协助分析师进行数据抽取、数据探索、数据报表分析等工作；
(4)协助分析师完成数据分析报告、建模报告、数据报表项目相关文档工作；
(5)其他日常支持工作。
任职条件：
1、具备良好的协调能力、沟通能力，负有责任心，性格活泼开朗，具有亲和力；2.性别不限、专业不限，退伍军人均可3.性格开朗，诚实守信、踏实勤奋，工作积极主动；4.沟通表达能力强，较强的团队意识和协作精神；5.能承受较强的工作压力,且有强烈的上进心。
福利待遇：
1.底薪6000+满勤奖+交通补助
2.上岗后缴纳五险一金
3.周末双休
4.每年一次员工旅游
",0,0,0,0,0
1703,金融数据分析,科创成业商务咨询服务,成都,150-500人,不限,不需要融资,金融,8.0,1-3年,,[],"
1、协助分析师搜集行业相关信息，为相关需求者提供更准确的数据信息；
2、协助部门经理完善部门管理制度；
3、协助分析师对基本面、技术面进行分析研究，给出行情走势分析和判断，撰写研究报告上交公司；
4、协助分析师分析大盘行情走势，为相关部门提供有价值的行情信息；
5、协助分析师定期为公司提供金融二级市场最新趋势；
薪资待遇：
无责底薪：6k-15k+盈利分红 20%-40% 
员工福利：
1、六险一金 朝九晚五 六日双休
2、每月享有带薪病假，休息时也会有工资拿；
3、弹性的工作时间，让你工作自由安排；
",0,0,0,0,0
1704,数据分析助理,中证投资管理,成都,50-150人,大专,未融资,金融,7.0,不限,,[],"
1、主要配合分析老师工作，负责收集整理资讯，做好留存和分析2、对盘面进行初步判断撰写早中晚评论3、撰写行业报告部分内容，结合图形对个股进行判断
",0,0,0,0,0
1705,python数据分析工程师,博创时空,成都,少于15人,本科,未融资,信息安全,11.5,1-3年,,[],"
        岗位职责：
1.接口自动化和ui自动化
2.数据爬虫
3.编写部分桌面应用。

岗位要求：
1.熟悉python，有良好的编程习惯；
2 具有接口自动化、ui（web、android和ios）自动化测试经验，熟悉selenium 、appium框架\会elk\
3.熟悉python多线程、多进程、协程的实现原理；
4.熟悉tcp/ip, http等网络协议，会数据爬虫者优先
        ",1,0,0,0,0
1706,医疗数据分析师,成都启迪,成都,15-50人,本科,不需要融资,医疗丨健康,12.0,3-5年,,[],"
岗位描述：高级职位

1.从实际医疗应用场景出发分析原始数据的模型结构、关联关系、变化流转等；

2.基于医疗大数据平台将医院业务数据按进行标准化梳理清洗；

3.输出原始数据表结构、映射关系、清洗规则等文档；

岗位要求：

1.全日制本科及以上学历，计算机、统计学、医学相关专业优先，1年以上工作经验；

2.熟悉医疗信息数据库，良好的数据敏感性，熟悉sql server、oracle等主流数据库，熟练编写sql语句；

3.本职位需要懂医院的his系统,有这方面的设计或者数据分析的背景，这是必须条件；

4.具备良好的逻辑分析能力，对健康大数据有强烈兴趣，乐于接收挑战，自学和独立工作能力强，勤奋肯干，有责任心；

4.了解his、emr、cdr、pacs等医疗系统相关业务优先；

5.有主流医疗信息化厂商工作相关经验优先；
",0,1,0,0,0
1707,数据分析/数据挖掘,无糖信息,成都,50-150人,本科,A轮,信息安全,8.0,1-3年,,"[""带薪年假"",""五险一金"",""弹性工作"",""领导好""]","
        岗位职责：
1、参与各类文本数据的算法研发，包括但不限于：新词发现，命名实体识别、关系抽取等
2、针对海量非结构化文本，进行数据特征挖掘，聚类分类，相似性计算，关联挖掘和语义分析等
3、能够根据业务需求，结合相关技术给出解决方案，并负责相关模块的工程实现

任职要求：
1、在机器学习、数据挖掘等相关方向拥有扎实的理论基础
2、精通python， 熟悉linux、常用数据结构，具有良好的编码能力
3、熟悉nlp领域当前热点和前沿技术，对nlp有完整的、系统的认识，对深度学习有一定的了解
4、具有词性标注、实体识别、句法分析、文本分类、信息抽取、知识图谱、自动摘要等项目经验者优先
5、良好的沟通和团队协作能力，较强的动手与逻辑分析能力，对解决具有挑战性问题充满激情
        ",1,0,0,0,0
1708,初级数据分析师,无糖信息,成都,50-150人,本科,A轮,信息安全,6.5,1-3年,,"[""带薪年假"",""五险一金"",""弹性工作"",""领导好""]","
岗位职责：1、对业务数据进行数据分析或数据挖掘；2、负责研究领域相关周期性的报告输出和决策支撑；任职要求：
1、本科及以上学历2、需熟练使用sql和 python(r)；
3、对涉网犯罪领域有了解者优先；
4、有nlp/机器学习/舆情分析者优先；
",1,1,0,0,0
1709,数据分析师/数据挖掘,无糖信息,成都,50-150人,本科,A轮,信息安全,8.0,1-3年,,"[""带薪年假"",""五险一金"",""弹性工作"",""领导好""]","
        岗位职责：
1、参与各类文本数据的算法研发，包括但不限于：新词发现，命名实体识别、关系抽取等
2、针对海量非结构化文本，进行数据特征挖掘，聚类分类，相似性计算，关联挖掘和语义分析等
3、能够根据业务需求，结合相关技术给出解决方案，并负责相关模块的工程实现

任职要求：
1、在机器学习、数据挖掘等相关方向拥有扎实的理论基础
2、精通python， 熟悉linux、常用数据结构，具有良好的编码能力
3、熟悉nlp领域当前热点和前沿技术，对nlp有完整的、系统的认识，对深度学习有一定的了解
4、具有词性标注、实体识别、句法分析、文本分类、信息抽取、知识图谱、自动摘要等项目经验者优先
5、良好的沟通和团队协作能力，较强的动手与逻辑分析能力，对解决具有挑战性问题充满激情
        ",1,0,0,0,0
1710,初级数据分析师,无糖信息,成都,50-150人,大专,A轮,信息安全,6.5,1-3年,,"[""带薪年假"",""五险一金"",""弹性工作"",""领导好""]","
        岗位职责：
1.根据客户、其他部门需求进行数据分析，并编制分析报告。
2. 不定期的对于公司的数据进行分析和挖掘，并编制相关分析报告。

职位要求:
1.熟练掌握python或r
2.熟练掌握sql以及主流数据库，需具有数据清洗的能力
3.有编制相关长篇分析报告者优先
4. 能够独立思考、分析问题、思维敏捷，良好的沟通能力和团队合作精神，和较强的责任心。
        ",1,1,0,0,0
1711,反洗钱数据分析师（成都）,腾讯,成都,2000人以上,本科,上市公司,社交,30.0,3-5年,"[""免费班车"",""年轻团队"",""学习机会"",""mac办公"",""定期团建"",""开工利是红包""]","[""免费班车"",""成长空间"",""年度旅游"",""岗位晋升""]","
        岗位职责： 
利用数据技术，沉淀审理经验，与产品、技术配合，实现智能审理，提高审理效率； 基于已有的案例和特征，利用算法进行拓展分析，更加精准的获取更多的额风险群体； 
利用历史黑样本和自己对业务的理解，优化完善规则防控体系，提高命中率、覆盖率； 
利用数据技术，对运营审理人员的效能进行监控和优化。

岗位要求： 
本科及以上学历，数学、统计学、计量经济学、计算机等专业，有金融、互联网支付、风控等行业经验者优先，2年以上数据分析、算法工作经验； 
熟练mysql数据库，熟练使用python、r等进行数据提取和处理工作，熟悉业界主流bi产品（如powerbi、tableau等），熟悉hadoop/spark/hive/hbase等大数据技术； 
敏锐的数据洞察力、严谨的逻辑思维能力，善于分析、归纳、解决问题，并能量化数据建模； 
有较好的报告撰写能力，良好的沟通，人际交往能力，以及出色的团队合作精神。
        ",1,1,1,0,0
1712,数据分析主管,成都方源房地产咨询服务有限公司,成都,2000人以上,本科,D轮及以上,房产家居,7.0,1-3年,,[],"
        岗位职责:
1、负责年度预算、预测数据的制定及执行情况的统计、分析和汇报;对预算及预测执行情况进行跟踪落实，参与检查和监督;
2、负责目标制定拆解:包含但不限于业务目标设定&拆分、资源分配、激励政策制定、业务过程&结果达成和复盘、薪酬与绩效考核;
3、负责业务跟踪:对经营性、业务性kpi进行监控、追踪及复盘;
4、负责跨多部门沟通: (如业务侧、 财务侧、研发侧 等)，负责所需数据的提取、查询、处理、分析等工作，以 解决需求方所提出的数据问题与需求;
5、经营分析及表现预测:业务线经营及财务数据分析，建立分析模型，进行收入、成本、利润分析，辅助支持业务决策，并进行后期动态预测，并及时将财务状况反馈给管理层;
6、业务指标体系搭建及监控:各业务线流程梳理，搭建各业务线指标监控体系，对业务指标(房源端、客源端、经营结果等)起到事前预警、事中监控、事后分析，驱动业务发展及风险预警。
任职要求:
1、本科及以上学历，3年及以上相关工作经历，有优秀的数据敏感度及分析能力，会使用熟练使用sql、power bi 等数据分析工具;
2、思维敏感，良好的逻辑分析能力及问题解决能力;
3、良好的跨团队、部门沟通及推动能力；
4、有极强的自我驱动力、较强的提炼能力/组织能力/沟通能力与情绪管理能力，乐于分享、合作。
        ",0,1,0,0,0
1713,游戏客服-数据分析师,腾讯,成都,2000人以上,本科,上市公司,社交,8.5,1-3年,"[""免费班车"",""年轻团队"",""学习机会"",""mac办公"",""定期团建"",""开工利是红包""]","[""免费班车"",""成长空间"",""年度旅游"",""岗位晋升""]","
岗位职责：1、负责客户服务质量以及指标体系的建设，进行系统性的服务质量监控；2、基于数据驱动的分析，推动业务策略、产品，流程等持续改进，促进用户全链路体验提升；3、基于有效的问题和数据分析，及时发现业务问题及客户障碍，进行异动指标分析或深度专题分析定位问题并寻求解决方案，为服务决策提供评价和数据支持。岗位要求：1、全日制本科及以上学历，统计学、数学专业优先，熟悉腾讯游戏且有一定游戏体验基础；2、熟练使用excel，ppt等办公软件，有较强的数据敏感度和数据分析能力； 3、具备出色的沟通能力，有团队合作精神，善于协调、调度资源解决问题，保证跟团队的良好配合；4、具有严谨的逻辑思维、较强的学习能力，有一定文案功底，能够将报表及邮件进行有效呈现；5、具备一年以电信运营商、银行、互联网企业大型呼叫中心从事数据工作经验。
",0,0,0,1,0
1714,数据分析(业务运营),腾讯,成都,2000人以上,本科,上市公司,社交,10.0,1-3年,"[""免费班车"",""年轻团队"",""学习机会"",""mac办公"",""定期团建"",""开工利是红包""]","[""免费班车"",""成长空间"",""年度旅游"",""岗位晋升""]","
        岗位职责：
1、承接所负责业务模块的运营指标，通过数据分析定位问题并制定优化方案推进问题解决，驱动业务达成目标；
2、自主进行业务数据挖掘与分析，准确定位业务矛盾，建立完善的业务运营机制流程；
3、联动业务上下游，通过现有资源的整合，制定有效运营方案，确保达成运营效果。
岗位要求：
1、全日制本科以上学历，具备成熟业务运营相关工作经验；
2、有统计算法基础，熟悉分类、聚类、回归、关联分析等算法原理的优先；
3、熟悉sql，能够达到熟练使用；
4、抽象及逻辑能力强，有系统思考能力，具备策略技术理解能力；
5、沟通、驱动能力强，善用资源，具备项目参与经验；
        ",0,1,0,0,0
1715,数据分析岗,安讯科技,南京,150-500人,本科,B轮,金融,16.0,不限,,"[""年底双薪"",""专项奖金"",""股票期权"",""绩效奖金""]","
        岗位职责：
1、负责通用分析挖掘型项目的需求调研、数据分析、商业分析和数据挖掘模型等；
2、整理编写商业数据分析报告，及时发现和分析其中隐含的变化和问题，为业务发展提供决策支持；
3、参与业务部门临时数据分析需求的调研、分析及实现；
4、参与数据挖掘模型的构建、维护、部署和评估。
任职资格：
1、本科及以上统计学（公共卫生\流行病学\生物统计）、数学或其他相关专业，优秀的硕士应届毕业生优先考虑；
2、对数据有良好的敏感性，能够通过数据察觉到背后的业务变化和潜在问题；
3、拥有较强的学习能力，具有一定的建模、写作功底，较强逻辑思维能力，沟通能力强；
4、掌握一种及以上数据挖掘工具（python\r等）。
        ",1,0,0,0,0
1716,数据分析师,安讯科技,南京,150-500人,本科,B轮,金融,10.0,应届毕业生,,"[""年底双薪"",""专项奖金"",""股票期权"",""绩效奖金""]","
        岗位职责：
1、负责银行信用贷项目的运营数据分析。分析产品和用户，优化产品和项目的指标体系，用数据分析的方式跟踪和优化运营；
2、对接需求部门的数据分析需求，提供运营数据的整理、输出与分享，并根据数据变化与业务关联方沟通，提供相应支撑与建议；
3、独立完成后台相关数据分析报告及个性化需求数据分析，完善数据报表体系，及时准确监控运营状况，并提供专业分析报告；
4、完善部门日常数据报表与分析指标。
任职要求：
1、本科及以上统计学、数学或其他相关专业，优秀的硕士应届毕业生优先考虑；
2、熟悉常用的数据分析方法，1年以上相关项目经验；
3、对数据有良好的敏感性，能够通过数据察觉到背后的业务变化和潜在问题，有银行驻场分析经验者优先；
4、熟练掌握基于mysql的sql编程，具有海量数据分析相关项目实施经验，参加过完整的数据挖掘项目并有成功案例尤佳；
5、熟练掌握ppt和excel制作。
        ",0,1,0,1,0
1717,医药数据分析师(疫苗方向),医药魔方,南京,15-50人,硕士,天使轮,医疗丨健康,12.0,1-3年,,"[""股票期权"",""带薪年假"",""领导好"",""帅哥多""]","
        o 密切关注行业内疫苗类产品的临床开发、注册、以及市场销售情况，根据数据产品或项目需求，负责疫苗类药物信息调研和梳理，支持数据产品维护和更新； 
o 深入理解医药魔方数据产品，主导疫苗类药物数据标准的优化，支持数据迭代升级或项目咨询服务，主导部门学习&研究、行业研究报告以及项目咨询服务； 

任职条件 
o 药学、生物类等相关专业硕士及以上学历，具有扎实的理论基础 
o 理解疫苗主要品类、开发技术和以及相关疾病领域，能够熟悉全球重要疫苗类产品的开发进展和市场情况 
o 理解全球主要国家地区疫苗开发的关键政策，明确中国生物批签发政策和流程 
o 优异的文献调研和分析能力，精通药物信息调研，能快速读写中英文资料 
o 有疫苗类药品研发、立项调研工作经历者优先考虑 
o 工作态度积极认真，具有良好的团队协作、沟通表达和写作能力，较强的excel数据处理和ppt制作能力。
        ",0,0,0,1,0
1718,数据分析师,浦和数据,南京,50-150人,本科,A轮,数据服务,11.5,1-3年,,"[""五险一金"",""绩效奖金"",""带薪年假"",""法定节假""]","
        职位描述：

1. 调研行业客户的业务逻辑、信息系统与数据架构；

2. 分解客户问题，对具体问题设计数据处理、数据统计、机器学习的概要算法方案并优化；

3. 与由数据开发工程师、数据分析师组成的团队协作，最终实现能够解决客户问题的认知智能解决方案。



任职要求：

1. 统计学、数学、计算机或相关专业优先；

2. 对数据挖掘和机器学习等算法有思想理解或实战经验者优先；

3. 熟悉任意 python/r/matlab/spss/sas 等数据分析工具，熟悉sql者优先；

4. 关注大数据、机器学习、人工智能前沿领域，保持好奇心和求知热情；

5. 具有较强的思维能力，以及良好的沟通与表达能力。

",1,1,0,0,1
1719,数据分析师,普元,南京,500-2000人,本科,不需要融资,企业服务,11.5,3-5年,,"[""绩效奖金"",""年底双薪"",""五险一金"",""带薪年假""]","
        1.负责内容运营、用户运营、产品运营领域相关分析报告专题洞察、设计、开发、交付；
2.理解典型数据分析方法（描述性分析、诊断性分析、预测性分析、指导性分析）及实践步骤，有互联网数据分析实战经验，能从分析故事逻辑设计、分析方法、分析落地全流程完成复杂数据分析场景能力；
3.熟悉业界主流数据分析工具（如tableau、finebi、olikview等），有通过分析工具落地数据分析报告经验。
        ",0,0,1,0,0
1720,数据分析师（股票方向）,通联数据,南京,500-2000人,本科,不需要融资,金融,10.5,3-5年,,"[""五险一金"",""通讯津贴"",""带薪年假"",""节日礼物""]","
岗位职责： 1、输出规划文档，设计表结构，确定数据加工规则，对已有表结构结构优化整合；2、收集用户反馈，实时跟踪数据披露变化情况，制定数据优化要求 ；3、负责内部产品和外部客户需求对接 。任职要求：1、本科及以上学历，金融学或经济学等相关专业，具有cfa从业资格者优先； 2、2年以上相关工作经验，具有股票、基金、债券、理财相关工作经验者优先； 3、熟悉国内和国际金融数据库系统，有相关产品开发工作经验者优先；4、对a股、港股、新三板市场情况所了解 ；5、具有基本的数据库技能，对数据库表结构设计有一定了解； 6、具有较强的逻辑思维、归纳总结和文档编写能力，良好的沟通协调和团队合作精神。
",0,0,0,0,0
1721,数据分析（广告优化） (MJ002029),SHEIN,南京,2000人以上,本科,C轮,电商,6.5,1-3年,,[],"
岗位职责：
1、负责公司产品的平台广告投放，操作广告投放及优化，针对不同产品制定广告投放机制和策略。
2、对广告数据进行实时监控，从各维度对广告数据进行归纳分析，根据分析结果给出优化建议，并不断优化推广效果。
3、负责平台广告投放策略的制定与实施，以达到公司制定的kpi目标；
岗位要求：
1、 本科以上学历，英语六级及以上， 对数字敏感，数据分析能力强；
2、 逻辑性强，能够熟练运用excel、word等办公软件，具有高度的责任心、有耐心；
3、对广告图片有敏锐的触觉，有较强的沟通能力与表达能力，能够准确传达图片创意与想法；
4、有google，bing，facebook广告投放后台经验优先考虑；
5、对广告优化感兴趣或优秀的应届生可定向培养。
",0,0,0,1,0
1722,数据分析师实习生,奈园信息,南京,少于15人,本科,未融资,企业服务,7.5,应届毕业生,,"[""年终分红"",""股票期权"",""弹性工作"",""领导好""]","
        职位描述：

技能要求：

需求分析，数据挖掘，数据采集，数据建模，商业分析，sql

岗位描述：

1、 根据公司安排进行学术科研、高等教育相关数据的采集、清理、整理、分析；

2、 具备对数据进行挖掘及建模分析的能力，能提炼数据背后的价值；

3、 参与公司学术科研、高等教育相关的大数据平台的数据运维与更新；

4、 能够进行学术科研、高等教育领域数据分析报告的撰写。

岗位要求：

1、 数学、统计学、教育学、图书情报学、心理学等相关专业本科以上学历，硕博学历优先；

2、 对学术科研和高等教育等领域数据分析感兴趣；

3、 逻辑分析能力较强，有一定的数据意识；

4、 英语阅读能力优秀，能够理解英文教育资讯和数据。

5、 责任心强，踏实认真，具有较强的自我驱动力，能适应创业公司文化，接受创业公司高强度工作。

6、 加分项：熟练使用excel、sql等工具进行数据处理

7、2021年毕业，能快速到岗，每周至少4天出勤，至少实习6个月以上，表现优异者可转正。

",0,1,0,1,0
1723,数据分析,联童,南京,500-2000人,本科,天使轮,消费生活,12.5,3-5年,,[],"
岗位职责：
1、构建并完善平台运营数据分析体系，建立业务数据模型；
2、负责平台商户的分析工作，通过对数据的收集、统计分析与利用，编制分析报告，提出业务管理的改进建议；
3、针对内容用户进行专项数据分析，包括但不限于用户生命周期价值、留存、流水、用户画像分析等，为运营决策提供数据支持；
任职要求：
1、3年以上互联网数据分析经验；
2、良好的数据敏感度，对全生命周期的数据工作有深刻理解，包括：埋点、数据提取、数据处理、可视化、分析与建模；
3、能独立完成数据提取与清洗，分析业务问题，并能够基于分析结论提出改进方向；
4、精通excel、ppt，至少熟悉一种bi工具，熟悉sql数据库等软件。
",0,1,0,1,0
1724,数据分析师,联童,南京,500-2000人,本科,天使轮,消费生活,19.0,5-10年,,[],"
岗位职责：
1.  负责公司商业洞察数据分析，协助管理层的商业决策。
2.  通过对数据的敏锐洞察,深入挖掘产品潜在价值和需求,进而提供更有价值的产品和服务,通过技术创新推动产品成长。
3.  负责在线电商系统的统计分析机制，包括但不限于，商业指标统计，a/b test 算法和流程 等。
4.  在机器学习和统计算法领域协助软件技术团队的产品研发。
必要条件：
1.  统计学本科以上学历，或等效的知识，方法技能和经验。
2.  精通r 或 python语言 （python 优先）。
3.  熟悉 sql，能独立提取分析所需数据。
4.  优秀的业务理解能力和沟通能力，能跨部门合作沟通。
其它条件：
1.  相关工作经验；
2.  工作细致、责任心强，具备较强的学习能力及理解能力。
",1,1,0,0,0
1725,数据分析师,vivo,南京,2000人以上,本科,不需要融资,硬件,37.5,3-5年,,"[""年终分红"",""带薪年假"",""年度旅游"",""岗位晋升""]","
        岗位职责：
1、负责互联网业务（官网app、商城运营、账号、积分、会员、v粉卡、海外浏览器等）业务的运营数据分析工作；
2、配合产品运营和上线需求，完成数据分析需求工作的支撑；
3、帮助产品完成例行数据分析工作，跟踪业务发展状况，及时反映业务问题；
4、结合业务发展目标，梳理运营数据体系，推动大数据bi建设；
5、主动规划数据分析工作，通过数据分析实现业务增长目标；
岗位要求;
1、本科及以上学历，统计学、计算机、经济学、数学等相关专业；
2、至少3年以上运营数据分析、数据挖掘等大数据相关岗位的经验； 
3、具备优秀的数据分析能力，掌握常用算法，能通过数据分析、模型构建、数据预测等方式解决业务问题
4、具备优秀的业务理解能力、逻辑思考能力和问题解决能力，能够对产品的运营问题进行系统化的思考和分析，能独立承担复杂的数据分析任务；
5、熟练使用excel，具备优秀的ppt撰写和汇报能力；
6、掌握sql语言、r语言、hive、python、shell脚本等数据分析相关语言工具；
7、沟通能力良好，富有团队精神，敢于承担，乐于分享，具有优秀的目标管理能力和自我驱动力；
8、有跨部门、公司级项目主导经验者优先；有互联网业务相关从业经验者优先；
        ",1,1,0,1,0
1726,数据分析师（风控模型 偏算法）,冰鉴科技,南京,150-500人,本科,C轮,信息安全,16.5,1-3年,,"[""福利关怀丰厚"",""组织管理扁平"",""年终奖金丰厚"",""技术实力强大""]","
        1. 负责金融风险管理相关的数据分析，对风险预警异常情况进行深入分析，对业务风险指标进行跟踪分析及优化；
2. 负责机器学习模型的构建、维护、和评估；
3. 参与公司征信评分模型和征信系统的研发，包括但不局限于反欺诈模型、申请评分、行为评分、催收评分等模型设计开发；
4. 对于部门内产品、需求提供数据支持，对于风险规则策略提供建议；
5. 配合项目计划，负责建模驻场项目，完成客户需求的任务。
职位要求：
1) 统计、数学、计算机等理工科相关专业本科及以上学历，有金融业相关工作经验为佳，做过个人风控和企业风控最佳；
2) 熟悉常用数据挖掘算法与模型，熟悉逻辑回归、神经网络、决策树、聚类等建模方法；
3) 熟练使用python、r等数据处理工具，熟悉sql、hive、spark，hadoop，了解mapreduce分布式计算，具备扎实的数据分析功底；
4）对数据敏感且对处理大量数据有强烈兴趣，喜欢探索钻研，有独立思考的能力；
5) 思维活跃，有创新思考能力，具有良好的逻辑分析能力，能够快速学习新方法，责任心强；
6) 注重团队协作，有独立承担项目的经验和能力，具有优秀的职业素养和抗压能力；
7）具有良好的编码能力，具备产品思维，可适应短期出差者优先考虑。
        ",1,1,0,0,0
1727,数据分析师（2020应届）,冰鉴科技,南京,150-500人,本科,C轮,信息安全,12.5,1年以下,,"[""福利关怀丰厚"",""组织管理扁平"",""年终奖金丰厚"",""技术实力强大""]","
        1. 负责金融风险管理相关的数据分析，对风险预警异常情况进行深入分析，对业务风险指标进行跟踪分析及优化；
2. 负责机器学习模型的构建、维护、和评估；
3. 参与公司征信评分模型和征信系统的研发，包括但不局限于反欺诈模型、申请评分、行为评分、催收评分等模型设计开发；
4. 对于部门内产品、需求提供数据支持，对于风险规则策略提供建议；
5. 配合项目计划，负责建模驻场项目，完成客户需求的任务。
职位要求：
1) 统计、数学、计算机等理工科相关专业本科及以上学历，有金融业相关工作经验为佳，做过个人风控和企业风控最佳；
2) 熟悉常用数据挖掘算法与模型，熟悉逻辑回归、神经网络、决策树、聚类等建模方法；
3) 熟练使用python、r等数据处理工具，熟悉sql、hive、spark，hadoop，了解mapreduce分布式计算，具备扎实的数据分析功底；
4）对数据敏感且对处理大量数据有强烈兴趣，喜欢探索钻研，有独立思考的能力；
5) 思维活跃，有创新思考能力，具有良好的逻辑分析能力，能够快速学习新方法，责任心强；
6) 注重团队协作，有独立承担项目的经验和能力，具有优秀的职业素养和抗压能力；
7）具有良好的编码能力，具备产品思维，可适应短期出差者优先考虑。
        ",1,1,0,0,0
1728,大数据分析师 Big Data Analyst,B/S/H/ Group,南京,2000人以上,本科,不需要融资,其他,22.5,5-10年,,"[""德资企业"",""外企氛围"",""管理规范"",""弹性工作""]","
岗位职责 job description:
1.理解公司现有b2c、b2b业务模式及相关消费者触点数据，售后数据，零售数据，iot产品数据现状，制定公司的数据战略并交付实施。
comprehend corporate b2c & b2b business model, understand the as-is status of consumer touch points data, customer service data, retail data, iot product data etc. define digital strategy of big data analysis and take lead of solution delivery.

2.主导构建并维护全面的、准确的、能反映服务业务特征的整体指标体系，并基于日常指标监控，及时发现并定位业务问题；
construct and maintain the business data index and measure system which could fully, accurately reflect the whole business model. monitoring the data index to find and locate business issue in time.

3.通过专题分析，对业务问题进行深入分析，为公司运营决策、产品方向、销售策略提供数据支持
provide data support for corporate operation decision, product strategy and sales strategy though deep dive data analysis in to business issues

4.与行业内核心玩家建立有效的大数据的合作伙伴关系（阿里，腾讯），共同预测商品趋势，媒体趋势等
develop big data partnerships with key digital & ecommerce players (alibaba, tencent etc.), identify commonality forecast, media forecast etc.

5.与相关团队协作进行数据建模与快速迭代，推动业务部门的数据化运营
collaboration with relevant team to deliver data modelling with quick iteration, push data driven operation in business units.

6.与相关团队协作组织数据技术与产品相关理念、技能、工具的培训
collaboration with relevant team to deliver trainings for data technology and product, including theory, skills and tools etc.

岗位要求 requirements：

1.本科及以上学历，计算机、数学等相关专业优先;
bachelor degree and above, majoring in computer science, mathematics is preferred.

2.熟练运用sql、excel、sas/r/python（可选）、etl/hive/hql（可选）等工具，有丰富的数据分析、挖掘、清洗和建模的经验，能高效的与数据技术团队进行沟通；
experienced with tools like sql, excel, sas/r/python (optional), etl/hive/hql (optional); rich experience in data analysis, data mining, data cleaning and data modelling. work with data tech team efficiently.

3.良好的数据敏感度，能从海量数据，包括外部数据和定性数据中，提炼核心结果，解决实际问题，创造实际价值；
good data sensitivity, able to refining core result through massive data (including external data and qualitative data). real world problem solving ability.

4.熟练独立编写商业数据分析报告，能高效的与业务和运营团队进行沟通；
experienced in writing business data analysis report individually, able to communicate with business and operation team efficiently.

5.大项目的经验，有丰富的跨团队，部门的项目资源整合能力，能够独立开展研究项目；
big project experience, rich experience in project resource integration cross teams and departments. and lead the project and research individually.

6.有客户数据模型建立和运营经验、数据化运营经验、数据类产品类规划经验优先；
consumer data modelling experience, operation experience, data operation experience and data product design experience is a plus.
",1,1,0,1,1
1729,数据分析师,SHEIN,南京,2000人以上,本科,C轮,电商,8.0,1-3年,,[],"
        岗位职责：
1、了解业务体系，为业务部门提供各维度数据分析支持；
2、针对业务部门提出的各维度数据问题，进行数据获取，整理和分析，得出合理的结论，并以报告的形式呈现；
3、深入发掘运营业务中的异常数据，主动分析并提供结论，推进业务部门调整及优化；
4、处理领导交代的其他工作。

任职要求：
1、本科及以上学历，数学，统计，电商或相关专业优先；
2、熟悉电商、零售、快消、快时尚行业运营工作；
3、一年以上数据分析工作经验，独立完成过商业数据分析项目；
4、熟练使用一种及以上专业数据分析工具，熟练使用ga者优先；
5、有责任心、主动性强，有良好的沟通能力和团队合作精神；
6、大学英语四级以上，熟练使用office等办公软件。
        ",0,0,0,0,0
1730,资深数据分析师,vivo,南京,2000人以上,本科,不需要融资,硬件,45.0,5-10年,,"[""年终分红"",""带薪年假"",""年度旅游"",""岗位晋升""]","
岗位职责：
1. 负责公司内部业务及公司层面的数据分析与挖掘，以数据驱动产品改进；
2. 利用各种数据源，并采用合理的数据分析方法，对产品数据及趋势进行分析，为产品及公司战略决策提供决策支持；
3. 将数据可视化、分析结论、产品建议等汇总形成报告，及时发现产品的风险点与机会。

岗位要求：
1. 全日制本科及以上学历，计算机、数学、统计、金融等相关专业，3年以上数据分析、bi、或算法经验；
2. 熟悉sql，熟悉shell、matlab、r、python等至少一种语言；
3. 熟悉数据分析的基本概念和方法，熟练使用技术手段进行数据分析和挖掘，并通过数据解决问题和辅助决策；
4. 能够以客观的数据和严谨的分析过程，形成可靠的分析结论及建议，推动产品进行优化调整；
5. 对数据敏感且执着，有敏锐的市场洞察力，有很强的逻辑思维能力和推理能力；
6. 有良好的产品意识，保持对行业趋势、产品的好奇心，具备一定的产品设计能力；
7. 具备优秀的沟通协调能力和团队合作精神，有高度的责任感，有上进心和主动性，有较强的抗压能力。
",1,1,0,0,0
1731,数据分析专家,技整机电,南京,500-2000人,本科,未融资,通讯电子,17.5,1-3年,,[],"
格1. 深入理解典型数据分析方法（描述性分析、诊断性分析、预测性分析、指导性分析）及实践步骤，有互联网数据分析实战经验，能从分析故事逻辑设计、分析方法、分析落地全流程完成复杂数据分析场景能力；2. 有sql海量数据处理经验；3.工作职责为负责内容运营、用户运营、产品运营领域相关分析报告专题洞察、设计、开发、交付；开发的数据分析产品能有效发现问题、探索问题，支撑业务实际运营动作；4.要求：统招本科及以上学历，1年以上相关工作经验，骨干3年以上相关工作经验，熟悉sql数据开发，熟悉业界主流数据分析工具（如tableau、finebi、qlikview等）， 有通过分析工具落地数据分析报告经验。
",0,1,1,0,0
1732,数据分析专员,雨润集团,南京,2000人以上,不限,不需要融资,其他,9.5,不限,,"[""带薪年假"",""午餐补助"",""绩效奖金"",""专项奖金""]","

负责生产、采购、销售、财务等报表数据的核对
负责报表数据出具和分析。

岗位要求
1. 本科及以上学历，会计相关专业；2. 熟悉食品或快消品行业业务流程，有数据分析岗位工作经验；3. 熟悉sap\bw系统；4.熟练操作office者优先
",0,0,0,0,0
1733,数据分析师（股债基）NJ,通联数据,南京,500-2000人,本科,不需要融资,金融,6.0,1-3年,,"[""五险一金"",""通讯津贴"",""带薪年假"",""节日礼物""]","
岗位职责：
1、对股票、债券、基金等数据进行采集、挖掘与清洗；
2、负责对数据加工规则的设计、实施、完善，并保证数据及时性与完整性；
3、不断优化数据生产方式，并创新数据处理的工具改进与优化；
4、针对行业情况进行分析，协助或撰写行业研究报告；
5、及时与大客户沟通，了解客户需求，提供数据解决方案。

任职要求：
1，本科及以上学历，金融学、经济学、统计学、会计学、数学等金融统计相关专业毕业；                         
2，1—5年相关工作经验；                                                                                                           
3，具有一定的金融基础知识，对数据处理有一定经验；                                                           
4，对sql语句了解，能熟练书写数据库查询语句；                                                                      
5，能够熟练使用excel等office办公软件，对数字敏感 ；                                                                                    
6，具有较强的思维逻辑，语言表达清晰，善于沟通，反应灵活。
",0,1,0,1,0
1734,高级数据分析师,五星电器,南京,2000人以上,本科,不需要融资,电商,20.0,3-5年,,"[""节日礼物"",""带薪年假"",""绩效奖金"",""年度旅游""]","
        工作职责:
1) 负责项目实施中的需求分析工作，承担需求调研、撰写需求分析报告及需求变更确认相关任务，可独立编写业务调研问卷、业务需求分析、蓝图解决方案并确保项目及时交付； 
2) 规划bi产品线的发展路线图，组织/参与业务bi需求相关会议，负责公司所有部门的业务需求框架梳理需求引导，提供业务分析支持，并对需求进行可行性分析，提出合理的bi解决方案； 
3) 负责数据分析类业务框架设计、业务模型设计，对进、销、存、页面、顾客、订单、购买等数据报表产品进行专项分析，优化现有报表、规划新报表产品； 
4) 负责数据报表的可视化展现，包括web端和移动端，指导关键用户进行报表配置；关注数据报表产品线日常运营情况，持续优化产品； 
5) 负责数据应用的方案规划、内部数据服务提供，负责数据中台的规划的建设推进；
6) 负责建设和优化集团主数据标准，完善数据维护流程和质量管理机制，提升数据质量。 
任职资格:
1) 全日制本科或以上学历，计算机、数学相关专业，5年以上集团型企业数据分析管理经验，有零售行业从业经验，能独立完成bi项目从需求调研到系统上线全过程的所有事项。 
2) 熟悉数据模型、数据标准、数据质量、元数据、主数据等数据治理相关领域的知识，具备较强的需求分析能力、数据分析能力、逻辑思维能力； 
3) 具备较强的分析和解决问题的能力，能解决用户在数据相关方面的相关问题和疑问，提出合理的方案； 
4) 熟悉oracle、mysql、sqlserver等至少一种大型数据库，精通sql； 
5) 较好的沟通能力、语言表达能力、协作能力，能承受工作压力；较好的文件编写能力，熟练操作word、excel、ppt等文档编辑工具； 
6) 有相关互联网项目、电商类项目、全渠道项目经验者优先；有成熟品牌产品经验者优先（例如sap/oracle/ibm等）；有人工智能、机器学习、数据挖掘经验或具备大型零售企业整体数据架构设计经验者优先。
        ",0,1,0,1,0
1735,数据分析,南京万得资讯科技有限公司,南京,2000人以上,大专,不需要融资,医疗丨健康,5.0,应届毕业生,,[],"
职位描述：
从事国内股票、基金、银行理财、保险等金融相关数据的收集、整理、录入、加工处理工作；
负责数据核查及修复，确保数据处理的质量及效率；
确保新增数据的及时入库，按时完成每日安排的数据处理工作；

任职要求：
大专及以上学历，金融、数学、财务、经济、统计、计算机等相关专业优先；
能熟练使用excel和office办公软件，对数字敏感；
具有较强的学习能力，有责任心和上进心，逻辑清晰、善于沟通。
",0,0,0,1,0
1736,数据分析师,华商天诚,南京,500-2000人,本科,不需要融资,金融、电商,160.0,5-10年,,[],"
岗位职责：1. 从事大数据系统数据分析挖掘相关算法设计和开发；
2. 从事数据分析产品的开发工作；
3.  持续跟踪人工智能、知识库领域的技术发展动态、行业技术热点，结合业务的特点对人工智能技术制订发展蓝图和路标。

胜任要求：
1、具有业界数据挖掘工具、或者人工智能平台的设计、开发经验；
2、熟悉业界主流数据分析工具、人工智能平台的架构、能力差异，了解开源社区的相关技术的发展动向；
3、具有数据分析实战经历，熟悉 python、r等数据分析语言。
加分项：
1、至少熟练掌握python、r语言中的一种，熟悉开源数据分析框架；
2、熟悉决策树、聚类、逻辑回归，关联分析、svm，贝叶斯等数据挖掘算法
3、对深度学习、知识推理、nlp、序列分析等人工智能算法有深入理解，能够指导他人基于这些算法完成人工智能专题；
",1,0,0,0,0
1737,数据分析师,阿博茨德科技,南京,150-500人,大专,B轮,数据服务,11.5,不限,,[],"
1、具有1年以上的债券数据处理经验，精通债券相关知识；2、有股票、基金、债券等金融投资经验者优先，获得证券从业资格证书者优先；3、精通使用mysql和oracle数据库，精通sql编写；4、较强的快速学习能力，关注市场同类数据产品动态，能够按照要求完成竞品分析和数据规划；5、具有良好的逻辑分析能力和沟通表达能力，能快速和团队达成共识推动项目执行落地；6、具有良好的责任心和执行力，赋有创新精神，能承受一定强度的工作压力；
",0,1,0,0,0
1738,金融数据分析师,汇秉鑫,南京,15-50人,大专,天使轮,金融,4.5,不限,,[],"
1、大专以上学历。
2、懂一点金融期货股票。
3、金融专业的应届生优先。
5、工作内容是：采集期货交易数据及期货交易数据分析与整理。
",0,0,0,0,0
1739,数据分析助理,南京万得资讯科技有限公司,南京,2000人以上,本科,不需要融资,医疗丨健康,5.0,应届毕业生,,[],"
1、具备简单的sql 和相关工作经验者优先
2、英文水平较好者优先
3、具有一定的数据处理与分析能力
4、具有较好的金融基础
",0,1,0,0,0
1830,电商数据分析专员 (MJ002278),SHEIN,南京,2000人以上,本科,C轮,电商,7.0,不限,,[],"
        岗位职责：
1、了解业务体系，对业务数据进行监控及管理，及时发现异常情况，能快速定位问题并给出改进策略；
2、针对业务部门提出的各维度数据问题，进行数据获取，整理和分析，得出合理的结论，并以报告的形式呈现；
3、深入发掘运营业务中的异常数据，主动分析并提供结论，推进业务部门调整及优化；
4、处理领导交代的其他工作。


任职要求：
1、本科及以上学历，数学，统计，电商或相关专业优先；
2、掌握数据报表处理工具，如：excel、sql、tableau、spss等优先；
3、掌握数据分析工具，如：ga，神策等优先；
4、熟悉电商、零售、快消、快时尚行业运营工作优先；
5、良好的逻辑思考能力、学习能力、沟通协作能力，责任心强；
6、大学英语四级以上，熟练使用office等办公软件。
        ",0,1,1,1,1
1831,数据分析师NJ,通联数据,南京,500-2000人,本科,不需要融资,金融,5.0,1-3年,,"[""五险一金"",""通讯津贴"",""带薪年假"",""节日礼物""]","
岗位职责：
1、负责金融数据日常加工生产,对数据进行及时跟进处理入库;                                                      
2、对自己负责数据的正确率及准确性负责，及时的添加校验，梳理数据逻辑；                                
3、保证新增数据的及时入库，每月完成组内安排的修复任务；                                                       
4、针对负责的数据表，完善加工规则，追踪数据源，对数据进行深度挖掘。

任职要求：
1，本科及以上学历，金融学、经济学、统计学、会计学、数学等金融统计相关专业毕业；                         
2，1—2年相关工作经验；                                                                                                           
3，具有一定的金融基础知识，对数据处理有一定经验；                                                          
4，对sql语句了解，能熟练书写数据库查询语句；                                                                      
5，能够熟练使用excel等office办公软件，对数字敏感 ；                                                                                    
6，具有较强的思维逻辑，语言表达清晰，善于沟通，反应灵活。
",0,1,0,1,0
2029,SQL数据分析专员 (MJ002162),SHEIN,南京,2000人以上,本科,C轮,电商,7.0,1-3年,,[],"
        岗位职责：
1.负责面向业务的数据取数需求；
2.负责深层次数据挖掘分析需求；
3.负责数据库基础指标和逻辑梳理。

职位要求：
1.统招本科以上学历，1年以上sql开发经验；
2.熟悉mysql、presto，精通sql语言以及相关sql优化；
3.熟悉电商指标和电商取数逻辑、有电商公司经验者优先；
4.了解数据建模者优先；
5.工作认真负责、具备良好的逻辑分析能力、组织沟通能力和团队精神。
        ",0,1,0,0,0
2030,Tableau数据分析 (MJ002280),SHEIN,南京,2000人以上,本科,C轮,电商,7.0,不限,,[],"
        岗位职责：
1.负责可视化报表的制作，包括设计、开发、报表制作、测试、验证和维护等工作，确保需求按计划上线；
2.负责报表可视化的需求分析，与业务沟通评估需求，对接数仓完成建表和数据核对；
3.领导安排的其他工作。


任职要求：
1、本科及以上学历，计算机、信息系统、统计分析等专业优先；
2、熟练掌握数据报表处理工具，如：excel、sql、tableau、spss、python等优先；
3、有报表开发或ui经验的优先考虑；
4、良好的逻辑思考能力、学习能力、沟通协作能力，责任心强。
        ",1,1,1,1,1
2031,用户数据分析 (MJ002281),SHEIN,南京,2000人以上,本科,C轮,电商,12.0,1-3年,,[],"
        岗位职责：
1、了解用户运营体系，为业务部门提供各维度数据分析支持；
2、结合用户运营渠道特性及站内用户行为，建立用户运营的数据指标体系，沉淀分析思路；
3、深入发掘用户相关数据，结合现状制定数据分析的方向，推动用户生命周期不同阶段实验测试，通过数据分析帮助实现业务增长目标；
4、负责对会员进行漏斗分析，完成会员分层，利用数据提出运营及营销建议；
5、处理领导交代的其他工作。


任职要求：
1、2年以上数据分析经验，丰富的电商行业数据分析、数据产品经验；
2、具备良好的分析总结和数据报告呈现能力，能够系统性的思考和分析问题；
3、熟悉电商相关的数据产品，了解电商相关各维度指标及提升方法；
4、善于沟通，工作细心，执行能力强；
5、熟悉电商、零售、快消、快时尚行业运营工作。
        ",0,0,0,0,0
2032,电商数据分析师 (MJ002279),SHEIN,南京,2000人以上,本科,C轮,电商,12.0,3-5年,,[],"
        岗位职责：
1、了解业务体系，为日常运营活动提供数据支持，能够基于数据分析，给业务发展提供策略和建议；
2、负责对网站各类活动进行复盘数据分析，定期提供运营分析报告，给到各部门分析结论和运营建议；
3、负责对网站用户、交易、商品等维度数据监控跟踪与分析，建立数据汇报模板；
4、负责对会员进行漏斗分析，完成会员分层，利用数据提出运营及营销建议；
5、处理领导交代的其他工作。


任职要求：
1、2年以上数据分析经验，丰富的电商行业数据分析、数据产品经验；
2、具备良好的分析总结和数据报告呈现能力，能够系统性的思考和分析问题；
3、熟悉电商相关的数据产品，了解电商相关各维度指标及提升方法；
4、善于沟通，工作细心，执行能力强；
5、熟悉电商、零售、快消、快时尚行业运营工作。
        ",0,0,0,0,0
2033,数据分析专员（2021届） (MJ002322),SHEIN,南京,2000人以上,本科,C轮,电商,6.5,应届毕业生,,[],"
        岗位职责：
1、了解业务体系，对业务数据进行监控及管理，及时发现异常情况，能快速定位问题并给出改进策略；
2、针对业务部门提出的各维度数据问题，进行数据获取，整理和分析，得出合理的结论，并以报告的形式呈现；
3、深入发掘运营业务中的异常数据，主动分析并提供结论，推进业务部门调整及优化；
4、处理领导交代的其他工作。

任职要求：
1、2021届毕业生，本科及以上学历，数学，统计学，电商或相关专业优先；
2、大学英语四级以上，熟练使用office等办公软件；
3、掌握数据报表处理工具，如：excel、sql、tableau、spss等优先；
4、对电商、零售、快消、快时尚行业有一定了解者优先；
5、良好的逻辑思考能力、学习能力、沟通协作能力，责任心强。
        ",0,1,1,1,1
2034,游戏数据分析师 (MJ002282),SHEIN,南京,2000人以上,本科,C轮,电商,12.0,1-3年,,[],"
        岗位职责：
1、负责小游戏基础框架的数学模型搭建和公式设计工作；
2、根据游戏的开发要求跟运营现状，维护和建立游戏的数值框架规划；
3、不断优化游戏数值体系的平衡性，并随着版本的推进保持可持续发展；
4、针对游戏活动进行深入分析及数据挖掘，并提出改进及优化方向。

任职要求：
1、本科及以上学历；
2、2年以上工作经验，至少有一款及以上已上线运营项目的完整数值设计经验；
3、逻辑思维能力强，对数据敏感，强大的数据分析能力及数值框架设计能力；
4、具备良好的沟通能力，执行力，以目标为导向，能承担较大的工作压力；
5、熟悉互联网产品知识，能与产品经理共同推进活动的开发与功能迭代；
6、大学英语四级以上，熟练使用office等办公软件。
        ",0,0,0,0,0
2058,数据分析专家,跟谁学,武汉,2000人以上,本科,上市公司,教育,40.0,5-10年,,"[""节日礼物"",""技能培训"",""股票期权"",""精英团队""]","
岗位职责：
1、针对公司产品，通过数据分析进行数据价值挖掘，提供产品和运营策略支持；
2、完善和优化数据分析体系和数据报表体系，及时准确监控运营状况。
通过对部门运营数据研究，提出改善运营质量的方法和建议，为部门决策提供支持;
岗位要求：
1、计算机/数学/统计学等相关专业，本科及以上学历
2、从事数据岗位5年以上工作经验；
3、精通一门或多门开发语言（python、java等）
4、对算法、数据挖掘有实践经验，熟悉机器学习、数据挖掘方法优先考虑；
5、善于独立思考，逻辑清晰，热爱挑战，具备快速学习能力；
6、良好的沟通能力、学习能力及团队协作能力。
",1,0,0,0,0
2059,资深数据分析师,跟谁学,武汉,2000人以上,本科,上市公司,教育,24.0,3-5年,,"[""节日礼物"",""技能培训"",""股票期权"",""精英团队""]","
岗位职责：
1、针对公司产品，通过数据分析进行数据价值挖掘，提供产品和运营策略支持；
2、完善和优化数据分析体系和数据报表体系，及时准确监控运营状况。
通过对部门运营数据研究，提出改善运营质量的方法和建议，为部门决策提供支持;
岗位要求：
1、计算机/数学/统计学等相关专业，本科及以上学历
2、从事数据岗位3年或以上工作经验；
3、熟练掌握一门或多门开发语言（python、java等）
4、对算法、数据挖掘有实践经验，熟悉机器学习、数据挖掘方法优先考虑；
5、善于独立思考，逻辑清晰，热爱挑战，具备快速学习能力；
6、良好的沟通能力、学习能力及团队协作能力。
",1,0,0,0,0
2060,数据分析师,轻度科技,武汉,50-150人,本科,不需要融资,人工智能,8.0,不限,,[],"
        岗位职责：
1、负责利用powerbi、excel等数据处理工具建立交易平台日常分析体系，包括核心指标体系、报表体系，专题活动分析等；
2、与投放、产品、技术的同事沟通协作，负责数据需求落地，推动评估模型在具体业务层面和风控系统中的落地使用；
3、负责监控产品运营各数据指标，分析数据变动原因，对产品进行数据化运营；
4、定期输出分析报告，为产品方向、增长策略提供数据支持。

任职要求：
1、 本科及以上学历，计算机、数学、统计学等理工科专业优先；
2、能深刻理解业务，对数据分析、用户增长、数据化运营有一定了解；
3、有数据思维，对数字敏感，优秀的定性、定量分析能力，以及严密的逻辑思维，熟练使用数据分析工具；
4、良好的抗压能力，能适应快节奏的工作方式；
5、强烈的责任心和执行力，能跨部门协作沟通，足够细致和敏锐。
ps：此岗位可接受应届生。
        ",0,0,0,1,0
2061,资深数据分析师,微派,武汉,150-500人,本科,B轮,社交,18.0,3-5年,,"[""年底双薪"",""股票期权"",""扁平管理"",""弹性工作""]","
        岗位职责：
1、负责产品日常数据分析，包括广告投放效果分析，用户行为数据分析，用户付费数据分析；
2、参与构建用户增长预测模型，建设用户数据分析预测体系，推进数据分析产品落地。
任职资格:
1、本科及以上学历，对数学统计学感兴趣，有一定的计算机或者数学基础，数理统计相关专业优先，
2、熟悉常用的数据分析工具和语言：如excel、spss、r、python、sql，
3、具有良好的逻辑思维能力与沟通表达能力，认真靠谱，有较强自驱能力、好奇心，对互联网感兴趣，对数据分析感兴趣者优先，
4、要求有参与kaggle竞赛经验，如果没有，可以先了解一下kaggle。
        ",1,1,0,1,1
2062,数据分析实习生,易久批,武汉,2000人以上,本科,D轮及以上,电商,3.5,应届毕业生,,"[""带薪年假"",""绩效奖金"",""管理规范"",""岗位晋升""]","
        职位详情：
 
1、基于大数据数仓及数据可视化工具，负责公司各业务系统的数据统计分析及数据可视化。
2、建设和管理公司数据服务平台，实现高质量的数据共享和互通。
3、沉淀总结公司业务模型，扩充数据地图。
4、对业务系统、流量数据等进行数据挖掘和风险预警，助力业务数据化运营。
 
任职要求：
 
1、计算机或者相关专业本科及以上学历。
2、了解数据仓库各类模型设计理论、数据仓库层级关系、维度模型设计方法论。
3、熟练使用sql，熟悉sql的调优，熟悉javascript，具备良好的coding习惯和编码风格。
4、具备数据可视化工具使用经验，包括但不限于ssrs、mstr、powerbi、帆软、qv、tableau等。
5、具备较强的逻辑思维能力和业务需求分析能力，有较强的数据敏感度和数据抽象能力。
6、勤奋好学，习惯总结归纳，具备良好的表达能力和团队意识。
7、具备一定java基础或python基础优先。
        ",1,1,1,0,0
2063,风控数据分析师 (MJ000520),斗鱼直播,武汉,2000人以上,本科,上市公司,文娱丨内容,22.5,1-3年,,"[""技能培训"",""绩效奖金"",""年度旅游"",""管理规范""]","
        工作职责：
1. 深入理解斗鱼的业务模式、交易流程和系统架构，发现潜在的作弊风险点，和产品技术、业务运营高效沟通，设计合理的风控策略架构。
2. 平衡用户体验的便捷和风险控制，设计、实施、监控风险、收益最优化的安全策略，保障业务健康发展；
3. 与数据、产品、技术团队深度合作，建设风险引擎中台能力。


任职要求：
1.计算机、数学、统计学、管理科学等相关专业；
2.有一年以上数据挖掘/机器学习/数据分析相关工作经验，有互联网风控、反欺诈、反作弊经验优先；
3.熟练使用至少一种分析工具，如sql、sas、python、r等，熟练掌握数据挖掘/机器学习算法者尤佳；
4.对业务和数据敏感，能独立解决业务问题，自我驱动，并且具备较强的学习能力、创新应用能力及沟通协调能力；
        ",1,1,0,0,1
2064,【2021秋招】数据分析师（武汉） (MJ000605),斗鱼直播,武汉,2000人以上,本科,上市公司,文娱丨内容,15.0,应届毕业生,,"[""技能培训"",""绩效奖金"",""年度旅游"",""管理规范""]","
        工作职责：
1、基于业务监控指标体系，对运营数据进行实时监控及管理，及时发现运营异常情况，能快速定位问题；
2、通过专题分析，对业务问题进行深入分析，为公司运营决策、产品方向、营销策略提供数据支持；
3、沉淀分析思路与框架， 提炼数据产品需求，与相关团队（如技术开发团队） 协作并推动数据产品的落地； 
4、与相关团队协作进行数据建模工作，推动业务部门的数据化运营 。
任职资格：
1、2021届本科以上学历，数学、统计、社会学等专业优先；
2、有一定的sql查询经验，较熟练的进行数据基础查询；
3、对数据库，数据分析模型有一定的了解，具备数据处理的基本技能；
4、熟悉使用r或python，有数学建模比赛奖项者更佳；
5、有强烈的好奇心，敢于尝试和挑战；能高效进行沟通协作；
6、有互联网商业分析、数据分析、数据挖掘、数据清洗和建模实习经验者优先；
        ",1,1,0,0,0
2065,产品助理-数据分析专员实习生,武汉政通,武汉,500-2000人,本科,上市公司,移动互联网,2.5,不限,,"[""技能培训"",""年底双薪"",""节日礼物"",""休假灵活""]","
1、本科及以上学历，统计学、数学、计算机、数理统计、数据挖掘等相关专业；2、有扎实的数据统计和数据挖掘专业知识，具备利用数据分析解决业务问题的能力，善于分析业务，能将复杂的业务需求转化为适合的数学模型，并从中找到规律，提供相关的决策依据；3、熟悉matlab、sas、spss等统计工具，熟悉r、python等统计语言；4、能熟练使用hadoop，mysql读取数据。
",1,1,0,0,1
2066,总监助理（数据分析师）,卓尔数科,武汉,150-500人,本科,不需要融资,广告营销,6.0,不限,,"[""绩效奖金"",""扁平管理"",""领导好"",""管理规范""]","
        岗位职责：
1.负责研究抖音、快手、小红书、微博等媒体平台的营销数据分析，并输出相关的研究成果报告等。
2.根据业务需求，给出数据支持方案和策略建议。
3.负责公司业务的数据管理、业务分析工作，对各类分析任务中发现的问题，进行跟踪、定位、分析工作，定期输出分析报告，对服务客户和业务部门给出有价值建议。
任职要求
1. 本科及以上学历，具备一定的应用数学、统计学、经济学、信息管理与计算机科学等相关专业基础知识；
2. 有过数据分析项目经验，有主导过问卷调查或分析调研项目，数据化运营经验，互联网广告优先；
3.良好的数据敏感度，能从海量数据中提炼核心结果，有一定的数据挖掘，信息采集整理，分析能力 ；
4.具备良好的逻辑思维能力，沟通理解能力，统筹协调能力；具备较强执行能力，抗压能力和学习能力。
        ",0,0,0,0,0
2067,数据分析师,金山办公软件,武汉,2000人以上,本科,上市公司,移动互联网,20.0,3-5年,,"[""年底双薪"",""节日礼物"",""技能培训"",""绩效奖金""]","
        数据分析师(bi)
岗位职责:
1. 负责wps海外版的数据分析工作
2、结合业务的发展目标，建立用户全生命周期分析，追踪分析用户行为，最大化用户价值；
3、通过数据分析挖掘和研究用户需求，产出分析成果为产品改进提供数据支持，帮助完成产品优化；
4、优化和改进完善现有的数据统计和报表系统，提升分析效率；
5. 负责业务上各类a/b实验设计与分析，产品优化效果评估，核心指标异动分析，产品版本效果评估等工作；

任职资格：
1.统计学、数学等相关专业，3年及以上工作经验，有工具类、内容类产品相关分析工作经验者优先
2.具备优秀的数据分析能力，掌握sql，独立高效完成业务策略；
3.具备较强独立思考能力和逻辑思维能力，沟通表达能力强

加分项：
1.有丰富的a/b测试项目经验，掌握常用统计分析方法
2.有代码能力，掌握python/ruby等数据科学常用语言
3.对国内外数据产品有了解
4.较好的英文能力和阅读技术文档能力
5.有用户增长相关项目分析经验
        ",1,1,0,0,0
2068,数据分析师,悦然心动,武汉,150-500人,本科,上市公司,社交,15.0,不限,,"[""带薪年假"",""年度出国旅游"",""扁平管理"",""午餐补助""]","
岗位要求：
1、 搭建常用数据框架模板并进行数据的维护和提取 
2、 数据深入研究，对课题性问题进行数据的挖掘及分析 
3、 产品发行推广效果分析，以及提出效果优化改进方案 
4、 数据报告的汇报（日报、月报、年报）以及针对性报告的数据分析产出 
5、 数据模型、策略选型、算法设计及数据预测，深度挖掘产品及用户价值 

任职要求：
1、 数学/统计学专业优先 
2、 有移动互联网行业数据分析经验优先，了解手游相关数据结构 
3、 熟悉oracle、hive等主流数据库，熟练掌握sql 
4、 负责并参与互联网产品上线、推广、资料片的全程数据分析者优先 
5、 熟练掌握可视化相关工具，并有可视化图表开发经验的优先 

福利待遇：1、六险一金，公积金按照8%来缴纳2、项目专项奖，年度奖金，涨薪、晋升快3、年度全员带薪出国旅游4、弹性工作，免费体检、免费下午茶，扁平管理
",0,1,0,0,0
2069,运营数据分析,建信金科,武汉,2000人以上,硕士,不需要融资,金融,30.0,3-5年,,"[""绩效奖金"",""带薪年假"",""交通补助"",""通讯津贴""]","
        1.负责提供平台数据运营服务，包括制定数据运营方案，参与落实数据运营各事项；
2.负责平台数据分析指标的制定和挖掘，熟悉各业务关键指标的内在关联；
3.负责对接运营业务和产品设计需求，使用大数据平台和bi分析工具对指标进行提取并拆分，输出数据分析报告；
4.负责实时监控关键数据指标，主动对运营业务问题进行深度分析，并给出可行性建议。1.负责提供平台数据运营服务，包括制定数据运营方案，参与落实数据运营各事项；
2.负责平台数据分析指标的制定和挖掘，熟悉各业务关键指标的内在关联；
3.负责对接运营业务和产品设计需求，使用大数据平台和bi分析工具对指标进行提取并拆分，输出数据分析报告；
4.负责实时监控关键数据指标，主动对运营业务问题进行深度分析，并给出可行性建议。1.熟练掌握使用python、java、r语言中的一种，熟练掌握sql；
2.镜头excle、ppt，熟悉主流的bi分析工具，掌握常用的数据挖掘和机器学习的算法原理，有数据建模经验者优先；
3.有较好的产品思维及数据分析能力，能根据数据和用户反馈给出解决方案；
4.优秀的商业分析能力、敏锐的数据洞察力、结构化思维能力，沟通和理解能力强，严谨细致有责任心。
年龄35岁以下（1985年1月1日以后出生）
全日制本科及以上学历，计算机、数学、统计等相关专业优先；
3年以上互联网数据运营或项目分析经验，大型互联网、知名媒体从业工作经验优先；
抗压能力强，能适应一定程度的出差。
        ",1,1,0,0,0
2070,数据分析师,盈增智能,武汉,少于15人,本科,未融资,数据服务、人工智能,12.0,不限,,[],"
        【岗位职责】 
1. 搭建数据模型，准确描述产品的线上运行状态。
2. 能够对数据深入研究解析，来解决课题性问题。
3. 设计数据埋点，以便更全面分析产品效果。
4. 通过数据了解产品和业务，不断优化改进。

【职位要求】 
1. 本科及以上学历，不限工作经验。 
2. 逻辑能力强，客观、务实。
3. 优秀的沟通能力和团队协作能力。
4. 性格开朗，工作积极，有较强的责任心。
5. 有一定的抗压能力。

【加分项】
1. 数学/统计学/计算机相关专业。
2. 有互联网或者移动互联网行业数据分析经验。
3. 参与过整个互联网产品的埋点设计、线上数据分析、优化改进跟踪等完整周期。
4. 能够使用程序方式获取并初步清洗数据源。
5. 熟练掌握tableau/power bi等可视化工具。

【福利待遇】
1. 五险一金
2. 双休、法定节假日
3. 弹性工作，不打卡，不考勤
4. 免费体检
5. 扁平化管理
6. 带薪旅游
        ",0,0,1,0,0
2071,数据分析师（新零售业务）,良品铺子,武汉,2000人以上,本科,不需要融资,电商,27.5,5-10年,,"[""生日趴"",""技能培训"",""节日礼物"",""绩效奖金""]","
        工作职责:
1、负责公司社群用户运营策略制定，包括但不限于企业微信、小程序、公众号等微信生态；
2、通过数据分析等方式，深入洞察市场变化、挖掘平台机制问题，通过创新业务、构建/调优机制的方式，引领业务变革及发展。

任职资格:
1、5年以上互联网工作经验，拥有数学、统计学、运筹学、金融学等相关专业背景；
2、优秀的分析能力和建模思维，能够将复杂业务问题抽提成分析模型，将分析模型转化业务策略，有数据驱动业务的案例；
3、优秀的跨团队合作和沟通能力，自我驱动力强，以结果为导向 ；
4、熟悉微信生态，有微商操盘手履历。
        ",0,0,0,0,0
2072,数据分析工程师,武汉楚烟信息,武汉,50-150人,本科,不需要融资,企业服务,8.0,1-3年,,[],"
        岗位职责：
1、负责产品业务数据统计分析挖掘、发现问题以提供策略建议、有效支持市场运营和产品规划；
2、理解产品业务，确定分析指标，产出有效的数据模型，形成分析报告/报表，提供数据支持；
3、规划数据分析应用项目，开展并推动项目应用和发展；
4、负责与产品团队/市场团队沟通优化和完善公司的数据分析体系。

任职要求：
1、本科及以上学历，统计学、数学、计算机等相关专业，1年以上etl和报表开发经验；
2、熟练掌握oracle、db2、mysql等1-2种主流数据库，熟练使用sql语句；
3、熟悉linux/unix系统环境下的操作；
4、具备良好的商业直觉和数据敏感度，能够捕获数据价值；具有较强的逻辑分析和判断能力；
5、责任心强、诚信敬业、善于沟通，具有良好的团队合作精神。
        ",0,1,0,0,0
2073,数据分析助理,数字智通,武汉,50-150人,本科,不需要融资,企业服务,3.5,应届毕业生,,[],"
        岗位：数据专员
岗位职责
1、图像数据的分类、整理、标注；
2、统计各种数据及制作相应的统计报告。
岗位要求
1、理工类专科及以上学历；计算机相关专业优先
2、必须熟练掌握word、excel、ppt等办公软件；
3、具备良好的责任心、耐心；踏实好学、活泼开朗；
职能类别：数据专员
        ",0,0,0,1,0
2074,数据分析专员,海月电子商务,武汉,50-150人,大专,未融资,电商,5.5,1-3年,,[],"
岗位职责：1、每日、周、月、季对销售及库存数据进行分析;2、完成公司日常业务报表的编制、维护和优化;3、理解公司数据和业务逻辑，通过报表工具和数据分析监控公司业务和发现问题，为业务管理和优化提供数据支持和合理的方案建议;4、参与各种与数据分析相关的项目工作。

任职要求：1、专科及以上学历，计算机、数学、统计学等相关等专业优先;2、有两年以上数据分析相关岗位经验者优先3、具备良好的数据敏感性，逻辑清晰，善于分析，学习能力强，工作认真，有责任心;4、精通excel;

薪资福利：1.双休,7.5小时制,带薪年假、带薪病假及法定假期；2.入职即购买养老保险、医疗保险、生育保险、工伤保险、失业保险3.员工聚餐、生日福利,节假日福利4.带薪岗前培训，在职个人提升计划

请看清职位说明再投递，非诚勿扰。
",0,0,0,1,0
2075,数据分析经理,安居客,武汉,500-2000人,本科,上市公司,消费生活,16.5,5-10年,,"[""技能培训"",""绩效奖金"",""岗位晋升"",""管理规范""]","
岗位描述：
主要围绕互联网房产业务策略、代理商业绩提升及渠道业务管理效率而开展的一系列运营、规划、管理等工作，具体包含业绩经营分析、渠道策略规划、项目规划及落地、系统需求梳理与落地推广、代理商销售运营组织与管理等（要求80后，数据分析及应用经验丰富）。具体工作表现如下：
 
1、负责全国代理商管理运营，作为储备部门负责人培养；
2、负责产品政策数据分析及政策组管理，制定团队工作方向，并对工作结果负责；
3、根据业务经营数据，对渠道业务开展情况进行数据分析与挖掘，并对全国代理商合作情况进行管控和预警，定期出具各类渠道业务数据经营报表/报告；
4、应用日常数据分析结果，为销售管理者提供业务运营分析报告，并提出策略建议，同时落地推动与跟进管理；
5、对接各大区业务总监，并负责各区域数据运营师工作的组织、沟通、协调等，以及协助领导处理渠道管理类的工作；
6、梳理代理商作业流程，提升业务管理效率；
7、协助公司各类产品、系统等项目在代理商落地与执行。
 
 
任职资格：
要求有团队管理经验、数据分析与挖掘能力、懂业务管理，沟通表达能力强，善于发现问题、分析问题以及解决问题，思考问题能举一反三，最好是懂代理商模式和数据分析复合型人才（策略运营管理非业务人员）。具体要求如下：
 
1、本科或以上学历，统计、数学专业优先，6年以上工作经验。
2、至少2年以上专职数据分析相关经验，对数字敏感，有较强的数据分析与应用能力，有代理商管理相关经验优先；
3、要求有数据分析、营销/业务策略、团队管理经验；
4、思维清晰有条理，较好的沟通表达和协调能力，有一定的创新意识；
5、精通office相关软件，能够用word、excel、ppt实现工作所需；
6、有互联网或房地产行业行业经验优先；
7、能短期出差，出差范围为全国。
本岗位入职58总部部门，要求较高，长期招募直至招到为止！期待优秀运营管理人才加入！
",0,0,0,1,0
2076,数据分析师,中国平安,武汉,500-2000人,本科,上市公司,金融,9.0,1-3年,,[],"
        岗位职责：1.依据当前报表制作智能报表系统；2.对当前市场及客户进行数据分析；3.其他项目性工作。岗位要求：1.1-3年工作经验；2.擅长建模，熟练掌握sql、python等数据分析工具。
        ",1,1,0,0,0
2077,数据分析专家,跟谁学,武汉,2000人以上,本科,上市公司,教育,32.5,5-10年,,"[""节日礼物"",""技能培训"",""股票期权"",""精英团队""]","
职责描述：
1、针对公司产品，通过数据分析进行数据价值挖掘，提供产品和运营策略支持；
2、完善和优化数据分析体系和数据报表体系，及时准确监控运营状况。
通过对部门运营数据研究，提出改善运营质量的方法和建议，为部门决策提供支持;
任职要求：
1、计算机/数学/统计学等相关专业，本科及以上学历
2、从事数据岗位5年以上工作经验；
3、精通一门或多门开发语言（python、java等）
4、对算法、数据挖掘有实践经验，熟悉机器学习、数据挖掘方法优先考虑；
5、善于独立思考，逻辑清晰，热爱挑战，具备快速学习能力；
6、良好的沟通能力、学习能力及团队协作能力。
",1,0,0,0,0
2078,数据分析师,颐和一品文化,武汉,500-2000人,大专,上市公司,电商,5.0,应届毕业生,,[],"
1.负责日常基础数据的收集整理.维护以及处理，能够发现异常值，及时准确汇报；
2.建立业务指标报表监控体系，发现业务问题，并给出行动建议；
3.利用数学.统计类工具或理论模型对各种数据以及信息进行深层次分析，形成报告和成熟模型；
4.参与建立考核体系，制定考核方案和考核细则；
5.根据业务发展情况，做话务.人力预测并要求进行合理的排班；
上班时间9:00-18:00   周末双休  法定节假日正常休
",0,0,0,0,0
2079,商业数据分析师,武汉蜡烛,武汉,50-150人,本科,不需要融资,金融,5.5,1-3年,,[],"
岗位职责：1、对公司内部系统的运营数据采集、统计、汇总、分析并制作数据报表；2、公司热线、网络及线下的销售数据的提取、监控、分析并提出解决方案；3、与各部门进行数据对接，核实反馈工作，制作周报表、月报表，对部门的数据进行评估；4、每月底和财务核实所有部门的出入账；岗位要求：1. 本科及以上学历，金融、财会相关专业优先，保险行业工作经验优先；2. 对数据敏感，熟练运用excel表格及函数；3. 具有良好的沟通、表达能力及亲和力；4. 熟练操作电脑,熟悉word/excel/ppt等办公软件，会使用cdr和ps设计软件；福利待遇：1、综合薪资4k-6k，购买五险一金，年终奖1-3个月；2、 法定带薪年假（5- 15天）事假、婚假、产假、陪产假、哺乳假、带薪病假、丧假；3、你的午饭晚饭我包了！工作日每天提供2顿免费的工作餐及水果、饮料、咖啡等等；4、带薪年假、团建活动、节日福利，生活工作两不误，听说大家一起过生日更嗨皮哦；5. 台球桌、乒乓球桌、羽毛球馆、电动按摩椅、图书一角，想承包你的生活不只是说说而已！
",0,0,0,1,0
2080,数据分析工程师,榆钱数科,武汉,50-150人,硕士,不需要融资,数据服务,15.0,1-3年,,[],"
1）负责业务数据加工，清洗、建模等工作；
2）推动模型在具体风控系统中的落地；
3）跟踪、监控，优化评估模型体系，确保模型稳定有效；
4）根据业务波动，给出合理解释并且相应的解决方案
任职要求：
1）1年以上建模，算法相关经验；
2）熟悉金融行业的建模流程，算法；
3）熟练使用r/python/sql等工具中一种或多种；
4）具有对大数据集合进行数据处理的能力
5）硕士及以上学历，数学、统计、计算机等。
",1,1,0,0,0
2508,数据分析师,字节跳动,西安,2000人以上,本科,C轮,文娱丨内容,5.5,1-3年,,"[""扁平管理"",""弹性工作"",""大厨定制三餐"",""就近租房补贴""]","
        职位职责：
1、负责对业务日常业务数据进行分析、挖掘潜在隐患风险、提出风险报告；
2、负责负日常管理数据进行分析，就影响的关键因素进入深入挖掘，提出整改建议；
3、负责对部门内部重大业务问题、项目进行专项分析，提供分析报告；
4、负责内部数据技术相关的培训，及时迭代数据相关工具；
5、按时保质地完成公司交办的各项工作任务，确保工作质量和进度达到目标要求；

职位要求：
1、熟练使用一种或几种分析统计及数据挖掘工具，会使用数据透视表或tableau、gephi、e-charts等数据可视化工具；
2、良好的沟通能力和产品思维、执行能力，有极强的数据分析能力和逻辑判断能力；
3、能熟练编写各类业务需求分析、数据分析文档，文档的样式整洁、描述清晰、完整的覆盖分析要求 ；
4、熟悉行业技术发展方向及技术动向，有较全面的技术知识面，能迅速掌握不同行业的技术要领；
5、统计学、数学、心理学等相关专业大学本科（含）以上学历，1年以上数据分析相关工作；
        ",0,0,1,0,0
2509,数据分析师,字节跳动,西安,2000人以上,本科,C轮,文娱丨内容,8.5,3-5年,,"[""扁平管理"",""弹性工作"",""大厨定制三餐"",""就近租房补贴""]","
        职位职责：
1、负责对业务日常业务数据进行分析、挖掘潜在隐患风险、提出风险报告；
2、负责负日常管理数据进行分析，就影响的关键因素进入深入挖掘，提出整改建议；
3、负责对部门内部重大业务问题、项目进行专项分析，提供分析报告；
4、负责内部数据技术相关的培训，及时迭代数据相关工具；
5、按时保质地完成公司交办的各项工作任务，确保工作质量和进度达到目标要求；

职位要求：
1、熟练使用一种或几种分析统计及数据挖掘工具，会使用数据透视表或tableau、gephi、e-charts等数据可视化工具；
2、良好的沟通能力和产品思维、执行能力，有极强的数据分析能力和逻辑判断能力；
3、能熟练编写各类业务需求分析、数据分析文档，文档的样式整洁、描述清晰、完整的覆盖分析要求 ；
4、熟悉行业技术发展方向及技术动向，有较全面的技术知识面，能迅速掌握不同行业的技术要领；
5、统计学、数学、心理学等相关专业大学本科（含）以上学历，3年以上数据分析相关工作；
        ",0,0,1,0,0
2510,数据分析/挖掘（表现优异可留用）,云积互动,西安,150-500人,本科,天使轮,企业服务,11.5,应届毕业生,,"[""带薪年假"",""年轻团队"",""股票期权"",""下午茶""]","
        1、能辅助进行数据清洗、数据加工处理、数据特征分析；
2、能辅助进行数据智能方法的相关研究和探索；
【岗位要求】
1、具有良好的编程能力和编程经验，熟悉至少一门开发语言，包括但不限于python、java；
2、熟悉常用的开发工具，熟悉常用的linux命令；
3、扎实的关系数据库基础，熟练使用sql，会使用hql进行数据处理的优先；
4、具有电商数据处理和分析经验优先；有hadoop、spark、hive、impala等大数据组
件使用经历优先；
        ",1,1,0,0,0
2511,数据分析师,蝉鸣,西安,150-500人,本科,A轮,教育,14.0,5-10年,,"[""股票期权"",""绩效奖金"",""带薪年假"",""六险一金""]","
        职责描述：1.构建全面的、准确的、能反映产品健康发展和增长潜力点的整体指标体系, 并基于产品现状监控指标体系2.对数据进行实时监控及管理，及时发现异常情况，能快速定位问题并给出改进策略3.针对产品专项问题，展开主题分析，挖掘数据背后的产品及运营问题，最终为产品和销售业绩负责4.从数据中挖掘和总结规律，以数据驱动产品迭代和运营方案的优化任职要求：1. 有五年以上互联网行业和产品数据分析经验，有教育行业从业经验者优先2. 有完整的项目数据分析/数据挖掘经验，有驱动业务拓展经验3. 精通sql，熟练使用excel，能够使用python、r语言、spss等工具优先4. 逻辑严谨、沟通力强、擅长跨部门协作，有较强的稳定性和自我驱动能力

",1,1,0,1,1
2512,数据分析专员,全通实业集团,西安,2000人以上,大专,未融资,其他,6.0,1-3年,,[],"
        岗位职责：
1、根据部门领导要求，从后台拉取对应数据并汇总；
2、负责各项业务数据的整理和收集，制成数据报表；
3、定期进行数据对比和分析，及时解决相应问题；
4、数据统计资料的整理、存档。

任职要求：
1、大专及以上学历，数学、统计等相关专业；
2、熟练操作office软件，精通excel、word，有金融行业数据分析经验者优先；
3、数据敏感度高，良好的数据收集、分析和整理归纳能力；
4、工作认真负责，人品端正，具备良好的职业素养，保守商业秘密。

",0,0,0,1,0
2513,BI数据分析师,Huatek,西安,150-500人,本科,未融资,电商,11.5,3-5年,,[],"
工作职责：
•实施数据访问方法，并与数据访问和可视化工具集成，在数据治理模型中实现自助数据访问。
•定义和构建数据提取、集成和报告解决方案，以支持cim项目的制造厂软件系统需求。
•与最终用户协作，收集需求，设计和构建从概念到实施的技术解决方案。
•在软件项目中创建、记录和实施架构设计。
 
教育和经验：
•计算机相关专业两年以上工作经验。
•有半导体/fpd/led相关行业经验优先。
 
要求：
•基本原则、理论和概念的有限使用和/或应用。
•统计和数据分析技术的基本知识。
•熟悉asp.net或angularjs软件编码优先。
•熟悉html5、css3和javascript软件语言。
•熟悉sql server和oracle数据库。
•熟悉web服务和restful api开发。
•在数据建模、etl开发和数据仓库方面的经验。
•有使用tableau和/或power bi和/或finereport（finebi）构建工具的经验。
",0,1,1,0,0
2514,数据分析师,哈啰出行,西安,2000人以上,本科,D轮及以上,硬件,10.0,3-5年,"[""购买社保"",""一年调薪2次"",""5险1金""]","[""绩效奖金"",""年底双薪"",""股票期权"",""交通补助""]","
        工作职责：1、完成具体指定的数据统计分析工作;

2、对数据指标进行解读，深入分析，并负责数据采集和分析方案的设计；

3、完成调研问卷的设计、整理以及数据统计分析工作；

4、用数理统计工具、方法分析问题、解决问题，并撰写报告；

5、完成主管交代的其他问题；任职资格：1、专业不限，数学、统计、金融、经济或计算机相关专业优先考虑；

2、本科及以上学历，研究生优先考虑，经验不限；

3、擅长常用的数据挖掘算法，如分类、回归、聚类、预测等；

4、熟练掌握数据分析工具；

5、分析判断及逻辑思维能力强，良好的文字功底，有较强的团队精神和协作能力；
        ",0,0,0,0,0
2515,数据分析专家,海内教育,西安,15-50人,硕士,不需要融资,教育,9.0,3-5年,,[],"
1.分析采集回来的高校的学生的相关的学习及就业的相关信息，需要建模来处理，得出给高校可参考的数据结论。
",0,0,0,0,0
2516,数据分析师(西安),浩瀚深度,西安,150-500人,本科,上市公司,硬件,15.0,3-5年,,"[""绩效奖金"",""年底双薪"",""五险一金"",""通讯津贴""]","
岗位职责：1、负责区域内数据分析服务项目的运营规划及管理工作；2、负责项目内容的实施，数据分析和解读，服务产品推广等；3、负责把控项目进度和服务质量，提供各类分析服务咨询，并定期进行项目总结，促进项目总体向上发展；4、负责大数据平台基础架构，以及数据挖掘处理算法、模型、脚本的维护、监控、优化和升级；5、通过建立业务的数据分析模型来指导业务发展，对数据库信息进行深度挖掘和有效利用，充分实现数据的内在价值，构建产品核心竞争力；6、根据客户需求和产品发展趋势，研究和开发新的数据分析服务场景，促进产品的不断创新和迭代；7、培训客户及驻办人员处理日常需求和基础运营服务。岗位要求：1、计算机、通信等相关专业本科及以上学历；2、具备2年以上大数据处理、挖掘、建模和分析方面的经验，以及1年以上项目管理或团队管理经验；3、熟练掌握c++、java、python等至少一种代码开发能力；4、熟知通信运营商网络架构、信号、信令及业务流程，有核心网、数据网、传输网、无线网和互联网等网络维护经验优先；5、熟知互联网公司系统架构、业务及调度流程并有相关经验优先；6、具备良好的沟通和理解能力，擅长与客户进行面对面的需求挖掘、引导和项目实施相关事宜的商讨；7、具备良好的报告演讲能力，能充分的向客户进行数据的解读，清晰的传递数据价值；8、有通信行业或者互联网企业相关经验优先，有软考、思科、华为等方面的证书优先；9、本岗位有出差需求。
",1,0,0,0,0
2517,数据分析负责人,跟谁学-高途课堂,西安,2000人以上,本科,不需要融资,教育,30.0,不限,,"[""绩效奖金"",""午餐补助"",""弹性工作"",""领导好""]","
        、根据总部需求制定业务目标并监控进度，并与业务负责组沟通优化改进提升方案；
2、基于业务逻辑，梳理指标体系，建立业务数据模型，为团队提供反映产品和运营状况的数据报表；
3、根据业务中的关键流程或节点进行数据分析，得出有实际意义的分析结论，并撰写数据报告；
4、根据业务目标和策略导向，辅助业务团队制定绩效方案；
任职要求：
1、统招本科及以上学历，专业不限，计算机、统计、数学、信息技术等相关专业优先，3年以上互联网相关数据分析工作经历；
2、具备大数据处理能力，精通sql，熟练使用r/python进行数据清洗、分析，熟练操作excel、ppt等工具；
3、良好的数据敏感度，能从海量数据提炼核心结果，具备一定业务敏感度，能深入了解业务动态及项目目标；
4、具备良好的抗压能力、沟通能力和团队精神，有独立开展分析研究项目经验。
        ",1,1,0,1,0
2518,数据分析师,美林数据,西安,500-2000人,本科,C轮,数据服务,18.0,3-5年,,[],"
技能要求：
数据挖掘，python，r语言，数据建模
数据分析师
岗位职责:
1、深入了解业务，挖掘业务问题和痛点，通过分析提供数据和运营策略支持；
2、规范常规数据报表，提供业务重点的数据视角，辅助业务管理深入；
3、善于整理数据和分析数据，总结数据的波动情况，对异常数据进行及时预警，定期形成相关的报表；
4、结合业务需求，进行相关数据的提取、过滤和分析；
任职要求:
1、本科以上学历，3年以上数据运营经验；
2、有学习能力、执行能力强、抗压性强，良好的沟通及表达能力、较好的运营思维、善于从复杂数据中找重点；
3、熟练使用sql语句、精通excel等，会建数据模型，较高的数据敏感度；
4、有责任心、团队合作精神、敬业精神，灵活性及坚韧性；
5、懂数据挖掘算法优先；
",1,1,0,1,0
2763,高级数据分析师,SAS,厦门,2000人以上,硕士,不需要融资,人工智能,32.5,3-5年,,[],"
工作职责：1、参与银行相关数据分析和挖掘建模工作2、参与分析挖掘项目所有过程：建模方案、需求访谈、数据探索、数据建模、专题汇报和模型效果监控和评估3、基于海量数据，应用统计建模、数据挖掘、机器学习、深度学习等方法建立模型，持续优化模型和代码实现4、把握建模整体思路和方案，指导团队工作5、协助负责日常项目管理工作技能要求：1、对大数据分析，数据挖掘，机器学习建模有强烈的兴趣；2、深刻理解统计建模概念，机器学习算法，能够根据实际需求选择适合的算法3、计算机、统计学、数学等相关专业硕士及以上学历4、掌握数据库相关知识和sql语言5、掌握sas/r/python其中一种工具，sas语言优先6、有较强的ppt写作能力和演讲能力7、具有风控建模经验优先
",1,1,0,0,1
2764,数据分析,咪咕,厦门,2000人以上,本科,不需要融资,文娱丨内容,15.0,3-5年,,"[""定期体检"",""带薪年假"",""绩效奖金"",""专项奖金""]","
        岗位职责：
1、负责公司旗下产品的各项用户数据分析及挖掘，输出相关专题分析报告，促进运营改进；
2、对产品数据进行综合分析，及时调整留存策略，提升留存转化，必要时对产品功能提出优化需求；
3、分析市场情况，对竞品数据及动态进行监控，并提出相应对策；
4、进行产品体验对标分析，提出产品优化建议，促进产品用户体验提升。

任职要求：
1、本科及以上学历；
2、3年以上大型知名企业数据分析经验；
3、有丰富的用户运营经验，能独立完成业务和任务目标
4、掌握数据分析软件，具备较强的数据分析能力，认同以数据为导向的工作方式；
5、逻辑清晰、有较强的判断力。具备抽象思维能力，能将繁琐重复的工作自动化。
6、能理解产品定位，有产品方面工作经验者优先。
        ",0,0,0,0,0
2765,商业化产品数据分析师,美图公司,厦门,2000人以上,本科,上市公司,硬件,22.5,3-5年,,"[""节日礼物"",""与大牛共事"",""福利健全"",""五险一金""]","
        工作职责：
1、监控各类数据，分析比对数据变动；
2、定期分析各维度数据，提炼核心要点并制定建议；
3、了解各位广告产品特点及对应售卖情况，建议较优产品组合；
4、定期输出优秀案例及行业投放通案，指导广告主/代理商更好投放广告；
5、充分利用多维数据（销售、客户、变现、流量等），高效完成专题研究报告；
6、拆解、判断客户需求，并提出数据支撑之解决方案，并提供预估成效；
7、结构化与非结构化资料之萃取、清理、探勘与分析，洞察客户行为/属性，描绘客户画像与客群标签建立；
8、建置机器学习预测模型，预测趋势或客户行为，协助达成商业决策或风险识别。

任职要求：
1、本科及以上学历，3年以上数据分析经验，5年为佳，互联网广告相关行业者优先；
2、熟悉互联网广告业务流程，具备一定数据挖掘能力，能熟练使用excel、sql，至少熟悉r、sas、matlab、python中的一种，熟悉常用的数据统计和分析方法；
3、具备优秀数据分析能力，能够在多维度数据中提取核心有价值的结论；有优秀分析案例者优先；
4、学习能力强，具有较强的独立思考能力和自我驱动力；
5、逻辑清晰，具有良好的团队意识和责任心，上进心强，能承受一定的工作压力。
        ",1,1,0,1,1
2766,数据分析师,大道同行,厦门,50-150人,大专,不需要融资,游戏,16.0,1-3年,,"[""弹性工作"",""领导好"",""五险一金""]","
        岗位职责：
1、负责进行游戏数据的采集 行业数据采集、监控、分析。
2、负责相关数据文档的编写。
3、定期梳理提数需求，整理分析需求并推动数据产品改善或升级。

任职要求：
1、统计学、应用数学、计算机相关专业，专科及以上学历，有过实际工作经验。
2、有参与过至少一款游戏的数据分析，最好是端游。
3、会使用python爬虫、sql等。
4、良好的业务能力、沟通表达能力和数据分析能力。
        ",1,1,0,0,0
2767,数据分析岗,厦门银行,厦门,2000人以上,本科,不需要融资,金融,15.0,3-5年,,[],"
1． 与业务部门协作开展数据分析及数据挖掘，与业务部门合作开展业务专题分析；2． 撰写数据分析和业务分析报告，为业务发展提供决策支持；3． 搭建业务主题分析模型，维护业务数据源，支持业务人员开展自助数据分析；4． 负责整合业务部门数据需求，提出数据产品和数据应用建议；5． 负责为业务部门提供数据分析工具、数据分析方法方面的咨询建议。任职资格：1． 知名院校统招全日制本科及以上学历，数学、统计学等相关专业；2． 具备3年以上金融行业相关经验或数据分析相关经验，熟悉银行业务及金融知识；3． 熟练使用tableau、excel等数据分析工具及sql语言，熟悉python、r等数据挖掘工具；4． 具有较强的表达能力及沟通协调能力，对银行产品、客户、业务流程、营销有深刻了解。
",1,1,1,1,0
2768,数据分析师,美柚,厦门,500-2000人,本科,D轮及以上,移动互联网,12.0,1-3年,,"[""绩效奖金"",""股票期权"",""年底双薪"",""专项奖金""]","
岗位职责
1、独立对接业务，负责业务日常数据支持和分析
2、基于现有数据进行挖掘探索影响业务增长的核心因素，结合业务方向，制定优化策略并协同推进落地
3、深入业务，围绕dau、转化、lt等问题，设计搭建完善的数据体系，驱动业务的发展。
4、负责数据可视化平台产品设计，为业务提供对应数据产品

任职要求：
1、本科及以上学历，理工类相关专业，统计、数学、计算机、经济等专业，；
2、2年以上互联网用户数据分析/产品相关经验，能快速理解业务
3、有强烈的好奇心与求知欲，对数据敏感，善于从数据中发现疑点，深入理解用户产品的数据指标体系
4、熟练使用excel、精通sql，至少可以熟练使用一种数据可视化分析工具，有python等脚本开发经验者优先。
5、有良好的沟通与团队合作能力，具有开放，求进的互联网精神。
",1,1,0,1,0
2769,数据分析师,盐课堂,厦门,500-2000人,本科,A轮,教育,7.5,1-3年,,"[""专项奖金"",""带薪年假"",""弹性工作"",""年度旅游""]","
        工作职责:
1、根据业务流程搭建数据监控体系，搭建常规报表，日常数据监控；
2、根据业务中的关键流程或节点进行数据分析，得出有实际意义的分析结论；
3、定期迭代数据模型，保障业务健康度。""

任职资格:
1、本科及以上学历，2年以上数据运营工作经验，互联网教育行业优先；
2、熟悉使用sql、execl和ppt，具备优秀的数据处理及产出报告能力；
3、拥有强烈的责任心、好奇心、自驱力和抗压能力，有良好的团队协作能力；
4、具备突出的项目管理能力，时间管理能力，独立思考能力和沟通表达能力""

",0,1,0,0,0
2770,数据分析专家,百威投资（中国）有限公司,厦门,2000人以上,本科,上市公司,文娱丨内容,9.0,不限,,[],"
岗位职责：
1） 管理在bi系统上的关于运输及仓储的所有报表及kpi
2） 深入分析未达成的kpi的根本原因并将建议的行动计划给到当地操作团队
3） 预测kpi可能未达成的的风险并将降低风险的建议给到管理团队
4） 在bi系统或者大型数据分析工具建立分析模型及相关报表

任职要求：
1） 本科或以上学历
2） 良好的英文读写能力
3） 了解物流的基本业务
4） 擅长大数据分析工具
5） 良好的协调/沟通/执行能力
6） 做事认真，抗压，且有责任心
7） 良好的时间管理能力备注：百威第三方岗位
",0,0,0,0,0
2771,商务数据分析专家,百威投资（中国）有限公司,厦门,2000人以上,本科,上市公司,文娱丨内容,12.5,1-3年,,[],"
        岗位职责：
1.通过数据分析等方法协助处理商务投入真实性问题，协助经理处理日常风险问题，包括提供数据支持，撰写分析报告，对外沟通或汇报等。
2.运用专业知识识别业务流程中的风险，通过项目发起、运作和执行来深入分析商务费用投入合理性及合规性。
3.处理复杂的业务流程,并在流程优化和改造中扮演关键角色。
4. 确保适当的内部控制以确认流程无实质性过失以及符合最小内部控制的合规性。
5.保证与全球bsc的宏观流程、风险管理、日常业务管理保持一致。



任职要求：
1.本科及以上学历，英语读写良好者优先。
2. 能够很好的理解快消行业，能够很好的了解快消产品商务流程，能够与关键客户发展良好有效的工作关系并保持业务接触，良好的沟通和变革管理技能。
3.技术能力（岗位相关的）:优秀的数据分析能力，熟练操作 sql, power bi者优先。良好的服务意识，优秀的理解及调整安排日常工作管理的能力，熟悉会计财务流程者优先。
        ",0,1,0,0,0
2772,数据产品数据分析岗,建信金科,厦门,2000人以上,本科,不需要融资,金融,23.5,3-5年,,"[""绩效奖金"",""带薪年假"",""交通补助"",""通讯津贴""]","
        根据不同业务场景，应用数据挖掘、机器学习等方法，开展多领域的数据分析和建模工作，构建相应的数据体系与数据模型，并负责对数据模型进行优化、迭代和提升。
        ",0,0,0,0,0
2773,数据分析与建模岗,建信金科,厦门,2000人以上,本科,不需要融资,金融,24.0,1-3年,,"[""绩效奖金"",""带薪年假"",""交通补助"",""通讯津贴""]","
        1、按商业银行各业务领域，分析数据应用需求，包括数据指标、数据标签、知识图谱分析等的分析和横向纵向分解及设计。
2、以各领域大数据为基础，负责构建相应的数据体系与数据模型；
3、根据不同业务场景，应用数据挖掘、机器学习等方法，开展多领域的数据分析和建模工作，构建业务模型；
4、建立并完善模型效果评估体系。""
        ",0,0,0,0,0
2774,高级数据分析师,瑞幸咖啡,厦门,2000人以上,本科,上市公司,消费生活,16.0,3-5年,,"[""带薪年假"",""午餐补助"",""领导好"",""扁平管理""]","
        工作内容： 
1.基于业务逻辑，建立业务数据模型，根据业务运营指标体系，提供运营状况的数据报表；
2.根据数据分析结果，撰写周期性及专项分析报告，为管理层决策提供有质量的分析支持；
3.负责各类数据提取、统计、分析支持，以及相关数据产品管理工作；
4. 监控日常数据变化，及时对数据波动给予总结归纳，对数据异常进行预警；

任职资格：
1. 计算机相关、数学/统计学、相关的专业本科及以上学历，至少2年以上互联网工作经验，有大数据经验的优先考虑；
2.熟练掌握sql、excel、ppt；
3.精通数据分析工具（python、r、matlab等）者优先；
4.具有良好的团队协作能力、语言表达能力。
        ",1,1,0,1,0
2775,数据分析师,稿定科技,厦门,150-500人,本科,不需要融资,电商,22.5,不限,,"[""免费班车"",""绩效奖金"",""岗位晋升"",""定期体检""]","
        岗位职责：
1、跟踪业务数据需求，构建完整数据链路；
2、参与大数据平台相关开发和架构工作；
3、不断总结、优化数据收集策略，适应业务发展的变化；
4、对数据进行治理，构建数据仓库，保障数据完整性和准确性；
5、参与日常运营数据分析工作，协同团队完成基本的分析任务；


任职要求：
1、熟练掌握hive、spark等相关大数据组件，熟练掌握 java / python 中至少一种编程语言
2、熟练数据仓库基础架构，具备数据模型构建能力；
3、对数据敏感，敬畏数据；
4、具备良好的交流沟通能力、逻辑思维能力、创新能力；
5、具有主动积极性，勇于承担，具有较强的学习能力、分析和规划能力，注重团队协作。


加分项:
1、针对业务特性推动并设计数据产品。
2、了解常用的数据统计方法，有数据挖掘经验。
        ",1,1,0,0,0
2776,数据分析师,云企动力,厦门,15-50人,本科,未融资,企业服务,30.0,5-10年,,[],"
岗位职责：
 -基于业务逻辑，建立业务分析模型，为业务运营优化提供数据依据； 
-持续跟踪业务数据，监测业务发展态势，为业务指标异常提供预警、监测和解读； 
-深入理解产品细节，参与推动基于对照试验的产品快速迭代； 

岗位要求： 
-本科及以上学历，数学、统计相关专业优先； 
-对数据敏感，逻辑严谨，责任心强，工作主动性好； 
-有一定的互联网工作经验优先，对互联网产品和服务兴趣浓厚； 
-有一定的数据库语言基础（如mysql、sql server等）； 
-熟练使用excel、spss或类似的数据分析和统计分析工具，会一门脚本语言。
",0,1,0,1,1
2777,开发经理（数据分析）,福建天闻,厦门,15-50人,本科,未融资,数据服务,12.5,3-5年,,[],"
职位职责:1. 负责公司教育大数据平台的技术管理和开发工作，包括技术工作的组织、控制、实施以及和其他相关团队的沟通，对团队提供技术上的指导和支持等，对整个技术团队的工作结果负完全责任；2、参与教育大数据平台产品的需求分析、数据模型设计及开发工作；3.负责技术解决方案的编制工作，并能够将解决方案清晰的传达给客户和项目组成员。职位要求:1、计算机及相关专业本科以上学历，英语四级及以上水平；　2、从事java开发工作5年以上，2年以上独立带开发团队的技术管理经验；3、熟悉数据分析及数据模型设计；4、掌握oracle、sql server、mysql等至少一种数据库的应用开发与管理，有struts/spring/hibernate/ mybatis开发经验；　5.要求有扎实的基本功，严谨的逻辑思维，独立思考和开发能力，良好的协作意识及团队精神；　　6.具备良好的沟通能力，文字撰写能力，执行能力，良好的技术分析能力，能把握技术关键点并拿出相应的技术方案；　7、有数据分析系统开发经验者优先。
",0,1,0,0,0
2778,数据分析师,品尚征信,厦门,50-150人,本科,不需要融资,数据服务,12.5,3-5年,,[],"
岗位职责：1、分析客户需求，理解客户业务；                   2、负责对数据进行深度分析和挖掘，创建大数据分析流程，进行数据探索分析，构建分析模型，为优化产品提供数据支持；                                    3、探索金融征信行业发展趋势，跟踪数据挖掘和数据分析领域的技术发展方向，熟悉信用风险建模者优先；                          4、与业务团队紧密沟通和联系，解决部门数据统计和分析需求。任职要求：1、本科及以上学历，计算机、数学、统计、金融等相关专业，3年及以上相关开发经验；2、熟悉oracle，db2、mysql中至少一种主流数据库软件；3、统计学知识和python建模使用经验优先；4、具有极强的学习能力和业务理解能力，良好的沟通和团队合作能力；5、有银行、信贷、互联网金融等行业经验优先。
",1,1,0,0,0
2779,【21届校招】数据分析师 （产品运营）,网宿科技,厦门,2000人以上,本科,上市公司,移动互联网,18.0,应届毕业生,,"[""年底双薪"",""五险一金"",""交通补助"",""带薪年假""]","
        职位描述：
1. 深入分析业务问题并设计相关数据采集，算法模型及策略，包括业务分析、算法建模、效果评估、工程实现等
2. 负责采用机器学习、深度学习、文本挖掘等算法模型解决实际数据挖掘问题
3. 根据分析的结果，定制对用的技术解决方案，推进落地后进一步确认，优化效果。
4. 分析内部的架构实现，挖掘不合理的环节，提出优化思路

职位要求：
1.2021年毕业，本科及以上学历，计算机相关专业。
2.计算机软件/电子/数学/统计/计算金融/物理等相关理工专业本科以上学历。
3.掌握至少一门脚本语言，能够进行数据的统计分析处理
4.逻辑思维能力强，善于独立思考，打破常规
5.熟悉tcp，http，音视频编解码相关内容更佳
        ",0,0,0,0,0
2988,数据分析与建模岗,建信金科,厦门,2000人以上,本科,不需要融资,金融,22.5,3-5年,,"[""绩效奖金"",""带薪年假"",""交通补助"",""通讯津贴""]","
        1、负责构建系统相应的数据体系与数据模型；
2、根据不同业务场景，应用数据挖掘、机器学习等方法，开展多领域的数据分析和建模工作，构建业务模型；
3、建立并完善模型效果评估体系。
        ",0,0,0,0,0
2989,商务数据分析专家,百威投资（中国）有限公司,厦门,2000人以上,本科,上市公司,文娱丨内容,9.0,1-3年,,[],"

岗位职责：
1.通过数据分析等方法协助处理商务投入真实性问题，协助经理处理日常风险问题，包括提供数据支持，撰写分析报告，对外沟通或汇报等。2.运用专业知识识别业务流程中的风险，通过项目发起、运作和执行来深入分析商务费用投入合理性及合规性。3.处理复杂的业务流程,并在流程优化和改造中扮演关键角色。4. 确保适当的内部控制以确认流程无实质性过失以及符合最小内部控制的合规性。
5.保证与全球bsc的宏观流程、风险管理、日常业务管理保持一致。

任职要求：
1.本科及以上学历，英语读写良好者优先。2. 能够很好的理解快消行业，能够很好的了解快消产品商务流程，能够与关键客户发展良好有效的工作关系并保持业务接触，良好的沟通和变革管理技能。3.技术能力（岗位相关的）:优秀的数据分析能力，熟练操作 sql, power bi者优先。良好的服务意识，优秀的理解及调整安排日常工作管理的能力，熟悉会计财务流程者优先。


",0,1,0,0,0
2990,数据产品数据分析岗,建信金科,厦门,2000人以上,本科,不需要融资,金融,30.0,5-10年,,"[""绩效奖金"",""带薪年假"",""交通补助"",""通讯津贴""]","
        1、编制完整的行业经营和监管、法规等文件汇编。
2、形成对监管指标体系和数据接口标准的权威解读。
3、提供对某行业监管整体解决方案的设计和咨询能力。
        ",0,0,0,0,0
2991,零售风险计量产品数据分析岗,建信金科,厦门,2000人以上,本科,不需要融资,金融,24.5,5-10年,,"[""绩效奖金"",""带薪年假"",""交通补助"",""通讯津贴""]","
        1.基于风险计量产品实施经验与多维度数据资源，建立大数据指标库，对于有数据条件的以数据库形式沉淀，对于无数据条件的以产品化代码逻辑形式沉淀；
2.具备快速对接市场主流数据源、标准化特征工程的能力，提高风险计量产品研发效率；
3.为数据建模、咨询服务、产品输出提供中台工具支持。
        ",0,0,0,0,0
2992,大数据分析岗,建信金科,厦门,2000人以上,本科,不需要融资,金融,26.5,3-5年,,"[""绩效奖金"",""带薪年假"",""交通补助"",""通讯津贴""]","
        根据不同业务场景，应用数据挖掘、机器学习等方法，开展多领域的数据分析和建模工作，构建相应的数据体系与数据模型，并负责对数据模型进行优化、迭代和提升。根据不同业务场景，应用数据挖掘、机器学习等方法，开展多领域的数据分析和建模工作，构建相应的数据体系与数据模型，并负责对数据模型进行优化、迭代和提升。""1、年龄在35周岁以下；本科及以上学历，金融、统计、计算机等相关专业； 
2、3年以上互联网、金融或其他行业垂直领域的工作经验；
3、扎实的数据分析与数据挖掘基础，熟练使用sas、python等分析工具，熟悉mysql、gp等主流数据库技术； 
4、良好的团队合作意识、较强学习创新能力。
5、在知名刊物发表过相关论文，或参与过相关专利/软件著作权的研发，或有银行、保险、证券、知名财务公司等的数据分析岗位经历者优先。""
        ",1,1,0,0,1
3047,手游数据分析师,草花互动,长沙,150-500人,本科,不需要融资,游戏,11.5,1-3年,,"[""专项奖金"",""股票期权"",""五险一金"",""年终分红""]","
岗位职责：
1、构建并完善游戏项目运营数据分析体系，提供日常游戏业务相关的数据支持；
2、针对游戏项目进行专项数据分析，包括并不限于用户价值、流失、游戏生态、活动效果等；
3、通过数据挖掘和探索分析用户行为数据、游戏数值设计合理性等信息，为游戏设计和产品设计提供指导；
4、研究游戏的用户精细化运营，如用户画像分析、用户偏好等；
5、推进现有数据后台的优化及新功能的搭建。

任职要求：
1、本科及以上学历要求，一年及以上游戏数据分析相关经验，能够独产承担数据后台和数据分析报表规划工作；
2、具备良好的数据敏感度和商业敏感性，能够敏锐的捕获数据价值和产品机会；
3、对产品有很好的组织规划能力，具有较强的文档撰写能力与经验，精通各种产品原型设计工具；
4、根据产品特点构建相关数据分析模型，帮助项目优化游戏核心玩法；
5、了解底层数据的架构以及应用层数据分析和算法，对大数据分析和数据挖掘有一定认知，具有产品创新精神；
6、具备游戏数据产品设计、客户画像方面的数据建模经验者优先。
",0,0,0,0,0
3048,数据分析工程师,牛感科技,长沙,15-50人,硕士,天使轮,物联网,15.0,应届毕业生,,"[""定期体检"",""专项奖金"",""绩效奖金"",""交通补助""]","
岗位职责：1、负责企业大数据平台数据模型设计已经数据仓库的建立，根据数据仓库及bi项目的需求，制定etl相关的设计方案和开发计划，并进行后续的设计、实施、维护；2、负责整个数据仓库数据模型的管理工作（建模，设计，实施）；3、负责沟通需求，将需求转化为模型及mapping；4、负责数据源调研、入库、开发的全流程工作，并保证数据质量；5、负责数据仓库的模型的标准制定，实施，监督工作；6、承担数据抽取、清洗、转化等数据处理程序开发。7、日常数据异常排查及分析。 任职要求：1、三年以上bi工作经验，至少一年以上数据建模工作， 能够熟练运用erwin、powerdesigner等至少一种建模工具； 2、精通java、python语言，两年以上开发经验；3、精通hadoop，hive，spark，sqoop等；4、精通oracle、sql server、mysql等主流数据库的应用设计、性能调优及存储过程的开发具有2年以上etl相关开发经验；5、对etl有较深刻的认识，对于数据的定义有独到理解，熟悉至少一种etl工具；6、有较强的沟通能力，能够将需求转化为模型，能够独立编写mapping设计；7、拥有良好的代码习惯，要求结构清晰，注释清晰，命名规范，逻辑性强，代码冗余率低，尤其是习惯写开发文档。
",1,1,0,0,0
3049,数据分析师,绝味食品,长沙,2000人以上,本科,上市公司,电商,10.5,3-5年,,[],"
        岗位职责：
1、负责品牌中心日常管理数据清洗与维护；
2、负责按实际业务需求进行数据挖掘、分析，并形成可视化结果；
3、通过理解业务对全国市场活动执行情况进行建模分析，并形成相关总结；
4、与产品经理对接，优化运营端工作效率并不断优化数据传输效率；
5、与各分公司对接，通过数据共享协助终端提升销售业绩。

任职要求：
1、大学本科及以上学历，统计学、市场营销专业为佳，三年以上销售管理/销售支持/数据分析工作经验；
2、精通excel/ppt等办公软件，熟练使用tableau/powerbi数据统计工具，熟悉spss/sas数据挖掘工具；
3、对于数据库软件access/mysql有基本的认知，能够搭建基础的数据库平台；
4、具备良好的沟通协调能力，熟悉连锁餐饮行业、快消行业业务特点者优先考虑。
        ",0,1,1,1,1
3050,数据产品经理（数据分析方向）,纬度科技,长沙,15-50人,硕士,不需要融资,教育,15.0,1-3年,,"[""年底双薪"",""带薪年假"",""绩效奖金"",""年度旅游""]","
        岗位职责：
1. 负责公司数据产品的需求管理、产品研发、横向纵向沟通、产品落地、产品创新等工作，完成数据产品的设计、研发和运营使用。
2. 通过数据洞察业务特征和潜在机会，给出有效的行动建议，从数据的角度推动公司运营决策、产品方向
3. 制定相关数据流程标准和规范，与业务产品、后台开发、数据采集密切协作，保证数据的生产、采集、加工及使用各环节高效有序。
任职要求：
1.研究生及以上学历，数学、统计学、计算机相关专业，有良好的英语读写能力；
2.有应用于中大型公司的数据产品、大数据产品经验优先；
3.熟练使用excel进行数据分析，有python和sql基础，能从数据库提取数据，并做基本的数据预处理；
4.具备很强的沟通、协调能力；具备优秀的独立解决问题能力；
5.对数据敏感，能够通过数据形成清晰的产品观点和一些前瞻判断
6.做事有条理、有想法，注重细节，有责任心，喜欢思考和总结
        ",1,1,0,1,0
3051,数据分析师,58到家,长沙,2000人以上,本科,D轮及以上,消费生活,15.0,5-10年,"[""试用期上社保"",""试用期上公积金"",""免费健身房"",""免费下午茶"",""公司氛围好"",""15薪"",""免费体检"",""地铁周边"",""5险1金"",""6险1金""]","[""节日礼物"",""技能培训"",""股票期权"",""免费班车""]","
        岗位职责：
1，负责家政业务的数据整合，数据指标体系，数据标签体系，数据平台建设
2，深入业务，洞察数据应用场景，通过但不限于分析报告，可视化，用户画像，客情洞察，自助分析，接口服务等满足业务需求，发挥数据价值
3，与需求方，研发，设计，测试等紧密合作，挖掘数据的商业价值，参与数据产品的研发，丰富数据产品形态
4，负责业务建设和分析，包括用户生命周期、用户行为分析、活动转化漏斗、埋点日志数据维护等。

岗位要求:
1, 3年及以上的数据相关工作经验，有搭建指标体系，标签体系，bi系统经验尤佳，生活服务行业加分
2, 本科及以上学历，要求统计学功底，有数据建模经验加分，有hadoop,hive应用经验，hql精通,熟练使用python，r等分析工具，掌握主要原型设计工具
3, 有一定的数据体系建设方法论及分析框架沉淀，较强的商业sense，能够条理说明清晰业务关键点，各业务流程节点的问题，管控指标及方法
4，静得心，坐得住，耐得烦，我们希望是一个自驱力强的，学者型的，跨部门协作的问题解决者
5，有从需求调研，方案设计，原型设计，研发测试，上线运营完整的数据产品设计经验优先
        ",1,1,0,0,0
3052,高级数据分析师,中和农信,长沙,2000人以上,本科,不需要融资,金融,14.5,不限,,"[""绩效奖金"",""五险一金"",""带薪年假"",""定期体检""]","
        岗位职责：
1、深入理解业务，分析业务驱动因素，结合业务经营分析体系，寻找挖掘业务机会点；
2、快速理解业务需求，准确高效获取，清洗数据源，结合专业分析方法，产出高质量分析报告，沉淀分析思路与框架，并结合实际策略输出；
3、负责日常监控体系建设，对核心数据/关键指标监控，对于每日/每周/每月的波动能快速定位到原因；
4、负责运营复盘，深入挖掘运营活动的效果，对客户数量/质量/画像/匹配进行分析。

任职资格：
1.大学本科以上学历，统计、数学、计算机，信息管理等相关专业；
2.有互联网数据分析工作经验3年以上，工作思路清晰，能独立承担数据分析工作；
3..精通hive/sql数据查询语言，有很好数据报表以及报告呈现能力；熟练掌握python或r，并有使用经验者优；
4.有较强的商业sense,较强的分析和结论输出能力，能够独立开展完成数据分析和报告，学习意愿和能力强，沟通协调能力强；
5.有金融行业、信贷从业经验者优先。
        ",1,1,0,0,0
3053,数据分析专员,华澜环保,长沙,15-50人,硕士,A轮,数据服务,5.0,不限,,[],"
岗位职责：
1、数据搜集、整理、规律和挖掘分析；
2、根据大数据拟合研判，编辑微信推送，指导各级客户措施落实。
3、负责环境监测数据的分析和污染防治方案编制，如汇报材料、微信、日报、周报、月报、季报、特殊污染事件、重污染过程分析及协助项目经理准备调度会等；
4、负责研判会商、应急启动、现场咨询，做好统筹分析，科学指导；
5、根据数据分析结果，指导日常污染源督察工作；
6、日常分析工作的优化完善；
7、上级交代的其他临时性工作。
任职要求：
1、硕士毕业，环境工程专业、数学专业、统计专业，有相关数据分析经验优先，熟练运用office常用办公软件（掌握数据透视表的制作），可操作spss，origin，surfer，matlab等数据分析软件者优先；
2、具有良好的知识学习能力，愿意从事环保行业，深入了解环保专业知识；
3.具有良好的书面报告，沟通交流能力，能够与各级领导沟通
4.具备良好的沟通能力和团队精神。服从领导安排；
5.富有创新精神，充满激情，乐于接受挑战，做事认真，责任心强；
7.能适应出差，服从调度
",0,0,0,0,1
3054,数据分析师,宇信科技集团,长沙,2000人以上,本科,上市公司,金融,13.0,1-3年,,[],"
        岗位职责：
1. 围绕银行业务目标进行数据分析、模型设计。
2. 业务分析报告编写与解释。
3. 技术方案调研、设计与撰写。
4. 协助领导完成其他工作
岗位要求：
1. 本科及以上学历，统计学/计算机/数学/信息技术/统计/金融等相关专业。
2. 至少1年金融行业相关数据分析、数据建模工作经验。
3. 熟悉主流数据库，有hive、impala使用经验优先，熟练掌握sql语句。
4. 掌握python语言，对数据科学库例如：numpy，pandas等有一定的使用经验。
4. 掌握数据建模流程及方法，熟练进行数据治理、特征工程，熟悉常见机器学习算法及其调优，对自然语言处理、推荐系统等有了解者更佳。
5. 独立的中英文文献搜索和阅读理解能力，较好的文档编写水平。
6. 较强学习能力、独立思考与完成任务能力。
8. 能够适应短期出差。
        ",1,1,0,0,0
3055,数据分析师（食宿+五险）,潭州教育,长沙,2000人以上,大专,B轮,教育,4.5,1-3年,,[],"
        岗位职责：
1.负责部门推广运营及多渠道业务数据的整理和分析，制作数据报表，固化常规数据报表，提升数据价值；

2.负责部门数据报表使用培训，推进报表模板的使用；

3.为其他相关部门提供数据分析支持、报表分析支持、报表模型支持等；

4.熟悉公司知识、公司业务及流程，有自己的独特见解，为公司运营提供决策依据。

5.能够运用图表有效表达数据分析师的分析观点，使分析结果一目了然。

任职要求：

1、大专及以上学历，年龄28岁以下，有数据分析从业经验优先；

2、数学、统计学、计算机专业优先；

3、逻辑思维能力强、数据分析能力强、数据敏感度强；

4、熟练使用excel中的函数以及透视表，对bi及数据可视化感兴趣，熟悉各类数据分析方法；

5、细心严谨、有责任感、善于思考，熟悉互联网行业商业模式者优先1.负责部门推广运营及多渠道业务数据的整理和分析，制作数据报表，固化常规数据报表，提升数据价值；

2.负责部门数据报表使用培训，推进报表模板的使用；

3.为其他相关部门提供数据分析支持、报表分析支持、报表模型支持等；

4.熟悉公司知识、公司业务及流程，有自己的独特见解，为付费广告投放提供决策依据。

5.能够运用图表有效表达数据分析师的分析观点，使分析结果一目了然。

任职要求：

1、大专及以上学历，年龄28岁以下，有数据分析从业经验优先；

2、数学、统计学、计算机专业优先；

3、逻辑思维能力强、数据分析能力强、数据敏感度强；

4、熟练使用excel中的函数以及透视表，对bi及数据可视化感兴趣，熟悉各类数据分析方法；

5、细心严谨、有责任感、善于思考，熟悉互联网行业商业模式者优先

福利待遇：
1、公司提供工作餐和六个月住宿;
2、养老保险、医疗保险、失业保险、工伤保险和生育保险;
3、节假日礼品;
4、带薪年假;
5、一年数次加薪机会;
6、提供专业相关知识技能培训
        ",0,0,0,1,0
3056,数据分析实习生(J10694),树根互联技术有限公司,长沙,150-500人,不限,A轮,企业服务,4.0,应届毕业生,,"[""专项奖金"",""帅哥多"",""领导好"",""美女多""]","
        工作职责:
(1)协助项业务需求和文档梳理工作；
(2)协助算法工程师python、matlab、r至少一种脚本开发，实现数据清洗、特征提取等工作；
(3)最新算法、成熟软件调研工作
任职资格:
(1) 研究生或以上学历，数学、物理、机械、自动化等相关专业
(2)熟练使用python、matlab、r中一种，有一定数据分析基础和数据处理能力
(3)熟悉机器基本算法，对常见聚类、分类、回归算法有深入的理解和实践经验
(4)有较强的数学功底，缜密的逻辑思维能力，数据分析能力，善于思考和总结
(5)未来规划从事工业大数据方向
(6)可接受适当程度的出差
        ",1,0,0,0,0
3057,数据分析师,数魔,长沙,50-150人,本科,天使轮,电商,15.0,3-5年,,"[""年底双薪"",""带薪年假"",""年度旅游"",""领导好""]","
        位职责：
1、完成因项目需要而开展的数据处理、整合，参与算法模型的开发、设计等工作；
2、敏锐地发现行业数据变化趋势，并输出分析报告；
3、负责深度的专题分析，主动挖掘和探索业务趋势，形成专题分析研究报告；
4、结合业务发展需求，定期进行数据分析复盘机制及数据汇报工作；
任职要求：
1.数学、计算机、统计学、经济学、国际贸易、电商等相关专业本科以上学历；
2.熟练运用excel，熟悉 tableau、echarts、sql、python 等数据分析、可视化工具;
3.对大数据分析、机器学习有浓厚兴趣。
        ",1,1,1,1,0
3058,数据分析主管,益丰大药房,长沙,2000人以上,大专,上市公司,电商,7.5,3-5年,,"[""年底双薪"",""绩效奖金"",""五险一金"",""免费午餐""]","
        岗位职责：
1、提取商品销售等数据，进行数据分析，制作数据报表及数据可视化看板；
2、根据数据报表分析数据体现的问题，给前端做业务支持；
3、通过数据分析，为商品规划及商品销售等做指引；
4、上级交代的数据分析和跟进其他事项。
招聘要求：
1、大专以上学历，有大数据分析，可视化样板制作经验优先。
        ",0,0,0,0,0
3059,数据分析,南京汇龙,长沙,150-500人,本科,未融资,移动互联网,6.0,1-3年,,[],"
数据岗位要求：（工作地点：长沙 ）
工作要求
1、电信移动用户维系相关数据统计及分析。
2、完成移动用户的各类预警模型搭配。
3、根据各维度的数据分析，提供用户维系营销建议。
技能要求
1、全日制大学本科及以上学历，有2年以上电信业务数据分析和业务分析工作经验优先。
2、能熟练使用sql分析数据，熟练使用数理统计、数据分析、数据挖掘工具软件（sas、r、python、tableau等的一种或多种）
3、了解数据仓库理论，熟悉数据统计和数据挖掘专业知识
4、参与过数据挖掘项目，使用过逻辑回归、神经网络、决策树、聚类等的一种或多种建模方法，对数据埋点、处理、建模和应用有一定了解者优先
5、学习能力强，擅长沟通、责任心强，有团队合作精神。善于表述，抗压能力强。
",1,1,1,0,1
3060,数据分析师,233网校,长沙,150-500人,本科,天使轮,教育,9.0,3-5年,,"[""节日礼物"",""年底双薪"",""技能培训"",""岗位晋升""]","
岗位职责： 1、优化运营数据分析体系，帮助确定各项运营数据指标； 2、配合业务部门给予数据支持，形成专项分析报告，为产品设计及运营提供数据支持； 3、负责用户行为数据采集分析，通过监控及分析，为营销、产品改进、运营调整提供策略建议； 4、负责根据产品需求进行数据矫正和测试，并产生相应的统计报表； 5、定期对行业环境输出分析报告，对整体行业及细分市场研究，供决策参考。 任职要求： 1、本科及以上学历，数学、统计、计算机等相关专业； 2、统计基础知识扎实，至少能够熟练掌握一种分析工具语言，例如：sas、python或熟练掌握sql语言； 3、有2年以上的数据分析工作经验，有教育类或知识付费型项目经验的优先； 4、良好的数据敏感度，能从海量数据提炼核心结果；有丰富的数据分析、挖掘、清洗和建模的经验； 5、具备良好的抗压能力、沟通及团队协作能力、逻辑思维能力，有独立开展分析研究项目经验； 6、熟悉了解运营知识，用过growing io 或神策数据平台的优先。 

其他薪资福利：绩效奖金+季度奖金+项目奖金+年底双薪+年终奖金+五险一金+周末双休+节日周年福利+员工旅游 
",1,1,0,0,1
3061,数据分析,北京天意飞扬科技,长沙,少于15人,不限,未融资,电商,10.0,1-3年,,[],"
1、能熟练使用sql分析数据，熟练使用数理统计、数据分析、数据挖掘工具软件（sas、r、python、tableau等的一种或多种）
3、熟悉数据统计和数据挖掘专业知识
4、学习能力强，擅长沟通、责任心强，有团队合作精神。善于表述，抗压能力强。
 
",1,1,1,0,1
3062,数据分析,蜜獾律师事务所,长沙,50-150人,本科,未融资,其他,10.5,3-5年,,[],"
岗位职责： 1.负责业务相关数据的获取、清洗、分析、挖掘和可视化，从数据收集/准备到模型实现和商业洞察，开展端到端数据管理和分析； 2.通过数据分析，设计和建立相关业务场景的业务指标体系（比如转化率、留存率等），并构建天级别、月度和实时报表； 3.协同产品经理与业务开发，主导产品方案和策略迭代的效果数据回收和数据分析，不断优化业务迭代效果； 4.针对用户生命周期建模，构建和优化用户标签体系、用户画像以及营销领域业务模型。   岗位要求： 1.本科以上学历，数学、计算机等相关专业，做事仔细认真； 2.良好的数据敏感度，能从海量数据提炼核心结果，有丰富的数据分析、挖掘、清洗和建模的经验； 3.熟悉多项大数据领域的开源框架，比如hadoop, hive, presto, storm, spark, kafka, hbase, redis, rocksdb, elasticsearch, druid等； 4.熟悉python/go/java其中至少一个语言，熟练shell操作； 5.熟练掌握sql开发，熟悉数据仓库系统，有推荐、机器学习算法基础者加分； 6.有大型互联网公司分布式数据仓库和数据产品开发经验者优先。工作时间： 1、五天七小时制，2、上午9:00-12:00，下午14:00-18:00，3、法定节假日全部放假
",1,1,0,0,0
3063,数据分析师,蜜獾信息,长沙,150-500人,本科,不需要融资,移动互联网,6.0,1-3年,,"[""年底双薪"",""技能培训"",""绩效奖金"",""年度旅游""]","
岗位职责：
1． 熟悉公司产品，对公司产品相关的业务数据进行分析、整理，产出基于数据的有价值的结论或报表
2． 维护并管理公司产品数据点，撰写数据维护报表和报告
3． 与国外团队紧密合作，共同支撑产品持续研发的数据服务
4． 与研发团队紧密合作，共同保障产品持续研发的数据质量
 
任职要求：
1． 计算机或者统计学专业背景
2． 有较好的逻辑思维能力和分析能力，对数据有一定敏感度
3． 熟练使用excel工具（包括公式计算）以及sql语言搜索数据
4． 能用英文简单编写文档和邮件
5． 团队协作能力好，善于沟通
",0,1,0,1,0
3064,bi数据分析师,武汉盛博汇,长沙,150-500人,大专,不需要融资,医疗丨健康,8.5,1-3年,,[],"
        岗位职责：
1、正确理解业务，完成数据仓库主题设计，核心表设计，各类源数据的整合；
2、数据抽取etl工作，使用存储过程进行数据的萃取和整理，为数据报表和数据仓库提供简易的数据视图；
3、负责项目平台的bi系统具体实施；
4、负责数据的报表展现。
5、和用户进行需求沟通，提供良好的数据分析与反馈。

任职要求：
1、大专及以上学历，两年以上的数据处理（etl）领域开发经验，能独立完成数据处理开发工作；
2、熟悉主流数据库(mysql、sqlserver，oracle)开发，独立编写高质量的后台实现脚本，如复杂的存储过程；
3、熟悉数据仓库架构和数据建模，了解数据仓库和模型设计基础和背后原理；
4、具备etl开发能力，熟练使用至少一种etl工具；
5、熟悉java数据开发技能；
6、有医疗行业系统开发经验者／数据仓库开发经验者更佳。
        ",0,1,0,0,0
3065,数据分析师中级（SC0902）,蜜獾信息,长沙,150-500人,本科,不需要融资,移动互联网,8.0,1-3年,,"[""年底双薪"",""技能培训"",""绩效奖金"",""年度旅游""]","
工作职责:1.与中国及美国总部的it部门，和业务部门紧密协作，搜集专业的房产及交易市场信息，建立维护公司业务数据库。2.确认数据流程的正确性和高效性，使数据保持高标准的可靠性及一致性。3.维护房产交易，管理及数据产品的信息更新。4.跟踪、监控并完善数据的缺陷。5.协助产品经理完成房产相关的任职资格:1.计算机或统计学背景，有会计或金融相关知识者优先;2.有良好的计算机、数据库知识基础，熟练掌握sql查询语言者优先;3.能处理英文的逻辑计算和文档处理,对计算生成的数据进行qa，有效提供反馈;4.协助企业数据产品的功能实现和数据质量把控，支持相关的数据报告、项目的业务报表生成;5.团队协作能力好，沟通交流能力强。
",0,1,0,0,0
3066,大数据分析师,政法频道,长沙,150-500人,硕士,不需要融资,其他,22.5,5-10年,,[],"
岗位职责：
负责新闻资讯、用户行为数据等海量数据采集、处理、存储，应用方案的技术选型及架构实现，负责大据平台的架构规划，根据业务需求持续优化数据架构、保证产品的可靠性、稳定性，指导开发人员完成数据模型规划建设，分析模型构建及分析呈现。
任职要求：
1、计算机相关专业，硕士学历以上，具备5年以上大型项目大数据建模、架构设计分析开发经验。
2、熟悉hadoop、spark、strom、深度学习、神经网络等。掌握hadoop ha集群的搭建，熟悉mapreduce、spark、hive、hbase的原理和流程，能进行性能调优。
3、熟悉kylin等olap引擎，熟悉大数据仓库维度建模。
4、熟悉python或scala编程。
5、具备媒体行业大数据建模经验者优先。
",1,1,0,0,0
3339,数据分析工程师,中地行,苏州,50-150人,本科,不需要融资,数据服务,11.5,1-3年,"[""免费下午茶"",""免费体检"",""5险1金"",""地铁周边""]","[""带薪年假"",""定期体检"",""专项奖金"",""年底双薪""]","
岗位描述：1、负责银行数据分析模型的建立、调优和迭代；2、负责银行数据的清洗加工；3、负责各类数据指标加工处理；任职资格:1、大学本科及以上学历，金融、经济、数学、统计、计算机等相关专业优先；2、熟练使用一种统计软件(sas/spss等)；3、会编写sql查询语句，掌握python语言；4、思路敏捷，有较强的文字表达能力、沟通能力和调研分析能力；5、有较强的学习能力、工作规划能力，能够承受较大的工作压力，适应多任务工作；6、能够接受外派。
",1,1,0,0,1
3340,数据分析工程师,神彩科技,苏州,150-500人,本科,不需要融资,数据服务,10.0,1-3年,,"[""带薪年假"",""管吃"",""领导好"",""全额五险一金""]","
岗位要求：
本科及以上学历，计算机、数学、统计学；
1.具有丰富的sql经验；
2.数据分析能力，2年以上数据分析经验，熟练使用excel和sql,熟悉r、python、spss之一;有风险分析、预警分析等经验。
3.优秀的模型构建能力，精通常见算法，良好的编程能力。
4.具备良好的逻辑思维能力，善于分析问题，能高效解决问题，沟通交流能力强。
5.有使用数据可视化软件的经验，如jupyter、tableau、永洪bi、datav等；
加分项：
有服务政府端，对环境信息化有所了解。
有服务企业客户，对企业经营有所了解。
",1,1,1,1,1
3341,数据分析师,同程旅行,苏州,2000人以上,本科,上市公司,旅游,22.5,3-5年,,"[""绩效奖金"",""股票期权"",""年底双薪"",""五险一金""]","
工作职责：
1、本地生活业务数据分析，订单、营收、用户分级、留存、运营等策略方向分析；
2、推进产品运营落地；
3、快速定位数据问题，并提出改进意见；
4、配合产品、运营、商务定制数据报表，提高工作效率，节省业务时间。

任职要求
1、本科及以上学历，计算机、统计学等相关专业优先，了解餐饮、电商行业优先；
2、有2年及以上数据相关工作岗位的工作经验；
3、具备出色的逻辑思维能力和沟通能力，抗压能力和学习能力强；
4、对业务逻辑有良好的数据敏感度，将数据灵活运用支持产品运营决策；
5、精通excel、ppt，熟练sql，具有良好分析报告撰写能力。
        ",0,1,0,1,0
3342,高级数据分析师,K2DATA,苏州,150-500人,本科,B轮,数据服务,22.5,3-5年,,"[""风口行业"",""顶尖团队"",""扁平管理"",""学习型组织""]","
岗位说明：
1. 针对重点工业行业（能源，石化，汽车，钢铁、轮胎等）的智能制造与工业互联网的需求，深入了解业务需求，运用数据分析/数据挖掘技术解决客户的实际问题。
2. 基于数据平台产品，建立数据标准、进行数据清洗、建立数据分析、预测或优化模型、并负责与团队一起负责数据分析应用的开发和落地实施。
3. 对具有共性的数据分析模型和行业应用进行抽象与研究，支撑数据分析产品的开发和在数据平台的应用。
 
岗位要求：
1. 独立定义和解决工业行业相关的数据分析/数据挖掘问题的能力，具有清晰的系统思维逻辑和共性抽象能力
2. 精通数据清洗、统计分析和常用数据挖掘/机器学习算法，有丰富的工业数据分析相关的实际项目经验
3. 至少精通一种数据分析语言（如python, r, matlab等），及其相应的算法包（如python的numpy, pandas, sklearn, tsfresh, matplotlib, seaborn, pyecharts等）
4. 有良好的客户沟通、业务咨询、团队合作与项目管理能力
5. 有一定程序开发经验（如python, web, java等），熟悉面向对象的设计
6. 熟悉常用数据库、大数据、并行化计算等相关技术和工具，如spark, hadoop等
7. 熟悉信号处理、优化算法、时序数据分析、深度学习等算法
8. 3年以上工作经验

优先条件：
1. 工业专业教育背景或者工作经历（如自动化、机械、电气、石化、能动、电子等）
2. 熟悉工业流程、工业通信协议，scada/mes/plm等工业软件
3. 了解精益生产、六西格玛等概念及相应数据分析工具
",1,0,0,0,0
3343,数据分析助理,美能华智能科技,苏州,15-50人,大专,A轮,企业服务,5.0,不限,,[],"
        岗位职责：
1、负责数据的整理和分析、为人工智能模型提供文字的标注数据集支持；
2、与算法工程师，产品经理进行协作，对数据分析和标注过程中遇到的问题进行答疑、总结，保证项目高质量交付；
3、参与项目标准的制定及迭代；
4、协调把控项目工作进度，并定期汇报。

岗位要求：
1、专科及以上；
2、有数据标注行业背景最佳；
3、沟通能力强，能与协作方高效沟通；
4、有强烈的责任心，有一定的总结能力和推动问题解决能力；
5、愿意接受新鲜事物，思维敏捷，能适应快节奏高标准的工作要求。

",0,0,0,0,0
3344,数据分析工程师（银行）,中地行,苏州,50-150人,本科,不需要融资,数据服务,18.0,不限,"[""免费下午茶"",""免费体检"",""5险1金"",""地铁周边""]","[""带薪年假"",""定期体检"",""专项奖金"",""年底双薪""]","
        岗位职责：
1、负责银行数据分析模型的建立、调优和迭代；
2、负责银行数据的清洗加工；
3、负责各类数据指标加工处理；

任职要求:
1、大学本科及以上学历，金融、经济、数学、统计、计算机等相关专业优先；
2、熟练使用sas统计软件；
3、会编写sql查询语句，掌握python语言；
4、思路敏捷，有较强的文字表达能力、沟通能力和调研分析能力；
5、有较强的学习能力、工作规划能力，能够承受较大的工作压力，适应多任务工作；
6、能够接受外派；
7、有软件工程师证书、sas证书、ocp证书、pmp证书者优先。
        ",1,1,0,0,1
3345,数据分析岗,昆山农商银行,苏州,500-2000人,本科,未融资,金融,18.0,1-3年,,"[""专项奖金"",""午餐补助"",""节日礼物"",""技能培训""]","
        工作职责:
1、根据业务进行数据集市与主维度模型的设计与建设，规范数据治理体系；
2、数据研发和数据仓库建模工作，助力数据驱动决策；
3、etl 、数据处理、数据建模、数据分析及挖掘等工作；
4、业务数据埋点、指标体系建设、报表建设等工作；
5、参与海量数据存储、计算、查询等系统构建相关工作；
6、领导交办的其他事项。
任职资格:
1、学历要求：全国普通高等院校或国际院校全日制本科及以上学历（附件请上传有效期内的学信网注册备案表）；
2、专业要求：计算机、电子信息、财经类相关专业；
3、年龄要求：年龄不超过35周岁（1985年1月1日以后出生）；
4、工作经验：3年以上大数据开发经验；熟悉数据仓库/数据集市建模方法论，有相关项目经验；有过图数据开发，有分布式图数据库实战经验者优先；有过数据挖掘场景实战经验者优先；
5、能力素质：熟悉linux操作，精通sql与调优，熟练python/java/shell其中一项；熟悉常用开源分布式系统，对hadoop/hive/spark/hbase中的一项或多项有一定了解；
6、综合素质：良好的团队精神和合作意识，强烈的责任心，能吃苦耐劳，有一定的文档能力。
7、其他：品行端正，诚实守信，遵纪守法，身心健康，无不良行为记录。具有良好的个人品质和职业操守，认同银行企业文化和价值观，愿意履行银行员工的义务和岗位职责。 
应聘人员应同时具备以上条件，对于工作能力及工作业绩特别优秀的，可适当放宽条件。
        ",1,1,0,0,0
3346,数据分析师,苏州瑞鹏信息技术有限公司,苏州,50-150人,硕士,不需要融资,数据服务,18.0,1-3年,,[],"
        1、日常数据监控，包括日报设计、开发、维护等，完善数据报表体系，及时准确监控运营状况，并提供专业分析报告； 2、针对运营环节中的问题、薄弱环节和漏洞，做详细分析报告以及优化方案的推进执行； 3、参与数据挖掘模型的构建、维护、部署和评估，构建用户数据模型，挖掘用户属性及用户喜好等需求，为业务运营提供支持； 4、数据驱动运营，通过业务数据分析得到有价值的信息，为公司运营决策、产品方向、运营策略提供数据支持。 任职要求： 1、硕士及以上学历，统计、数学等专业背景优先； 2、一年（含）以上数据分析或运营管理的相关工作经验； 3、对数据驱动业务有深入理解，有很强的数据处理及数理统计分析能力，对数据与业务方面有足够敏感性，有较强的逻辑分析能力，有较强的独立思考能力； 4、有数据统计和数据挖掘专业知识，具备利用数据分析问题、解决问题的能力；使用过逻辑回归、神经网络、决策树、聚类等的一种或多种建模方法； 5、精通使用数理统计、数据分析、数据挖掘工具软件（sas、spss、eviews、r、python等的一种或多种），精通sql，熟悉数据采集，具备大数据处理能力，掌握hive等相关数据工具； 6、熟悉报表工具，并可以熟练设计并开发报表，精通powerbi等bi报表工具优先； 7、具有大数据行业项目经验的相关经验者优先考虑，有用户行为数据分析经验者优先； 8、强烈的责任心及抗压能力，工作细致有条理，善于学习； 9、能够参与团队合作，积极进取，踏实勤奋。
        ",1,1,0,0,1
3347,数据分析师,同程艺龙,苏州,2000人以上,本科,上市公司,旅游,5.5,应届毕业生,,"[""最佳雇主"",""爱旅游"",""免息贷款"",""年底双薪""]","
数据分析实习生职位要求：1）计算机、统计学、数学等相关专业，要求实习时间不短于6个月2）掌握常用的数据统计及分析方法，具备spss、sas等统计分析工具优先考虑；3）具备较强得数据敏感度、逻辑分析能力；4）精通excel、ppt，熟练使用sql，具有良好分析报告撰写能力；岗位职责：1、app/微信业务数据分析，订单、营收、用户分层、运营等策略方向分析；2、监测数据指标进度，快速定位数据问题，并能提出改进意见，助推指标提升；3、配合渠道、运营相关同事定制数据报表，提升工作效率；
",0,1,0,1,1
3348,专利数据分析师,智慧芽,苏州,150-500人,本科,D轮及以上,移动互联网,20.0,不限,,"[""技能培训"",""年底双薪"",""节日礼物"",""绩效奖金""]","
        工作职责： 
1. 深度分析专利文本，定出专利文本加工（抽取，分析） 的方法，规则； 
2. 了解并深刻理解各国专利，对专利基础字段和各个维度的字段深刻了解，负责撰写专利文本加工的需求文档； 
3. 配合数据开发团队和数据质量团队对专利文本结构化的结果进行校验。 
任职要求： 
1、全日制本科及以上学历，985/211优先；计算机、统计、经济和数学等相关专业； 
2、本科2年以上工作经验，硕士1年以上工作经验； 
3、熟练使用sql等分析工具，python、r、机器学习算法等是加分项； 
4、对文本数据的结构化有一定了解； 
5、专利行业从业经验； 
6、具备优秀的业务理解能力、良好沟通能力、学习能力和团队协作精神，工作细致认真； 
7、具备积极解决各种难题的能力，能承受较大的工作压力。
        ",1,1,0,0,0
3349,游戏数据分析师,友谊时光,苏州,500-2000人,本科,上市公司,游戏,11.5,1-3年,,"[""技能培训"",""年底双薪"",""节日礼物"",""绩效奖金""]","
        岗位职责：
1、协助产品监控和跟踪游戏数据，出具敏捷报告；
2、对游戏内行为，特征等进行专题分析，了解用户行为规律，指导运营和产品调整；
3、产出高质量的分析报告，推进各环节的改进和完善。

任职条件：
1、丰富的游戏经历，至少深度体验过一款游戏，游戏类型没有强烈的偏好或否定；
2、熟练使用sql语言，熟练使用 hive、mysql等数据库；有r、python等数据分析工具使用经验的优先考虑；
3、逻辑思维能力强，有逻辑分析、数据分析能力、问题排查能力，沟通能力，对数据敏感，有较强的学习能力和创新思维；
4、优秀的ppt撰写和口头表达能力；
5、态度端正，主动积极，有强烈的进取心。
        ",1,1,0,0,0
3350,数据分析师,准雀Accunique,苏州,2000人以上,硕士,未融资,数据服务,15.0,不限,,"[""年终分红"",""绩效奖金"",""专项奖金"",""带薪年假""]","
客户需求：科研数据分析、程序设计、疑难专业问题解答等需求（包括但不限于经济、金融、心理、管理、临床、机械、电气、通信等专业）
工作内容：针对客户的需求提供定制化服务，如：问卷分析、仿真绘图、程序代写等
能力要求：能够熟练使用分析及编程软件（stata、eviews、spss、python、r、amos、matlab、simulink、java、c/c++等其中1个即可），擅长处理科研数据分析及编程等问题；在校硕士、博士优先，业余时间充裕者优先。
薪酬待遇：项目提成制，根据订单金额大小，单个订单可提成200-10000元，最快日结，月收入过万。
工作地点：没有要求，远程服务，在家里、宿舍、图书馆均可远程完成
",1,0,0,0,1
3351,数据分析师,瑞小云,苏州,15-50人,本科,不需要融资,移动互联网,15.0,3-5年,,"[""绩效奖金"",""专项奖金"",""股票期权"",""年度旅游""]","
职位描述1.用户运营数据分析支撑，通过用户特征、行为数据、产品转化数据等对业务进行挖掘和分析，挖掘数据并进行数据的统计建模分析；2.通过数据分析找出潜在趋势、特点、异常等，对精细化运营提供支持；3.结合业务特点，探索并建立分析主题，对数据进行深度分析和挖掘，输出可读性强的分析报告；针对不同产品出具分析报告，支持各产品的数据分析，并提出优化策略；4.针对产品、数据模型建立直观的评价指标体系，根据指标体系，指导运营和业务；5.将数据分析成果应用于实践，并持续进行跟踪与优化；6.制定数据分析的工作流程和规范，协助建立分析平台；7.根据业务要求，结合实际工作需要，协助挖掘新的数据沉淀机会，并据此产生创新应用价值。
任职要求1.统招211、985本科及以上学历，计算机或数理统计相关专业毕业；2.熟悉并掌握主流的数据统计与挖掘工具/语言，如python，sql，r等；3.熟悉常用算法和数据结构，有较强的实现能力；4.具有统计或数据挖掘背景者优先；5.熟悉数据挖掘相关算法（决策树、svm、聚类、逻辑回归、随机森林等），并具备实际落地工作经验；6.具有良好的学习能力、时间管理意识、沟通能力、团队合作能力。
",1,1,0,0,0
3352,数据分析师,华泛信息,苏州,2000人以上,大专,不需要融资,其他,12.5,1-3年,,"[""技能培训"",""节日礼物"",""带薪年假"",""绩效奖金""]","
岗位职责：
深入了解项目组的业务需求,在此基础上进行数据收集、数据分析、商业报告的撰写等；
日常报表制作与监控，当数据发生异动时能主动及时完成异动分析；负责提供准确的呼叫中心日报、月报以及运营数据的深入分析；
协助数据挖掘模型的构建、维护、部署和评估；
掌握一定的英语技能，擅长通过书面及口头英语进行数据分析的相关工作汇报；
 
任职资格：
本科及以上学历， 统计、经济、数学、计算机等相关专业毕业；
相关工作经验2年以上，有医疗行业或快消行业数据分析经验1年以上者优先；
能熟练应用excel，精通sql、python等工具，高效完成数据统计及分析及数据建模；
高度责任心，能承受较强的工作压力，具备较强的沟通表达能力，性格沉稳，考虑问题细致，执行力强；
热爱数据分析，具备良好的数据敏感度、较强的数据分析思维能力；能从海量数据提炼核心结果；
熟练使用excel、ppt等office办公工具。
优秀的英文书面和口语沟通能力，能用英文进行口头工作汇报；

",1,1,0,1,0
3353,大数据分析师,德融嘉信,苏州,50-150人,本科,不需要融资,移动互联网,9.0,1-3年,,[],"
岗位职责：
1. 开展业务专题分析，使用数据挖掘各类算法构建相关的业务模型，完成业务分析报告；
2. 善于分析业务，能将复杂的业务需求转化为适合的数学模型，并从中找到规律，并分析公司的数据信息，提出新业务产品研发、推广应用等方面的策略和建议；
3. 根据业务逻辑变化，设计相应分析模型并支持业务分析工作开展；
4. 设计数据展示界面，使用finereport进行报表开发；
5. 完成领导交办的其他工作。

 任职要求：
1.具备大数据的处理能力，熟练操作excel、ppt等工具，掌握hive、sql等相关数据提取工具优先
2.有数据分析、挖掘、清洗和建模的经验
3.良好的数据敏感度，能从海量数据提炼核心结果
4.熟悉python/spss/r等分析工具优先
5.沟通能力良好，自学能力、动手能力较强
6.计算机、数学等相关专业
",1,1,0,1,1
3580,ETL/大数据/数据分析/实施,格蒂电力,天津,500-2000人,大专,未融资,企业服务,9.0,3-5年,,"[""技能培训"",""带薪年假"",""绩效奖金"",""岗位晋升""]","
工作职责
1.   负责数据接入、数据整合中的链路配置与调度配置工作。
职位要求
1.   精通数据库产品，熟悉mysql、gbase、oracle、postgresql其中一种。
2.   了解etl数据清洗转换工具使用，熟悉ptyhon、shell、sql存储过程其中一种。
3.   有数据流转、清洗、转换、分析相关工作经验；
4.   具有数据仓库相关经验、大数据分析、国网物理模型相关经验者优先。
5.   2至3年数据相关工作经验。
",0,1,0,0,0
3581,数据分析师,吉城美家,天津,2000人以上,本科,未融资,移动互联网,10.5,1-3年,,"[""五险一金"",""岗位晋升""]","
负责站点日常数据分析、提前通过数据分析对业务有预测性、通过数据说话、解决站点管理问题、
",0,0,0,0,0
3582,数据分析支持,云链供应链,天津,15-50人,本科,未融资,金融,5.0,1-3年,,[],"
        岗位职责：
1、负责部门日常数据报表的制定、维护、优化；
2、支持运营相关业务数据分析和调取；
3、配合业务发展，挖掘数据背后的市场方向、规律、短板、为业务发展提供决策依据；
4、通过数据分析，对业务运营kpi提升提出可落地的方案，并协助业务提升指标；
5、满足部门对于运营数据的需求及其他领导安排的任务。
任职要求：
1、大学本科及以上学历，熟练使用office软件，及电脑办公；
2、工作细心，有责任心，具有良好的沟通和协调能力；
3、对于数据有敏锐的直觉，能够自主挖掘数据背后的市场方向、规律，为业务部门提供决策依据；
        ",0,0,0,0,0
